seed,alpha,item,depth,stem,correct,wrong,cold,warm,mismatched,coldB,warmB,mismB
0,1.0,0,0.0,The quartermaster's tally sheet uses form number,NP15,PB22,-1.5950465202331543,-0.8384096622467041,-1.633833646774292,18.50496676657349,20.600008636713028,19.991005345247686
0,1.0,1,0.0909,The diesel storage tank is stencilled vessel number,JS72,BU91,-0.3632068634033203,0.059273719787597656,-0.41290855407714844,16.25467875925824,17.051624113693833,15.89407145883888
0,1.0,2,0.1818,The harbour pilot's licence shows registration code,NK71,TV97,0.5309038162231445,0.7316641807556152,0.5395245552062988,18.13429274316877,18.834185503423214,17.430407533422112
0,1.0,3,0.2727,The eastern pumping station runs on circuit label,MU37,CA25,-0.20026516914367676,-1.1899020671844482,-1.1304855346679688,17.340350719634444,19.184921427979134,18.989605562062934
0,1.0,4,0.3636,The radio operator's logbook continues in volume,SE46,WG87,1.5560431480407715,1.4915928840637207,0.6984691619873047,16.813822189113125,17.870693205855787,17.048145320732147
0,1.0,5,0.4545,The survey team's theodolite bears serial number,ED89,UD60,1.4515595436096191,1.4247641563415527,1.8994841575622559,18.30434740241617,20.516189120244235,19.59716098429635
0,1.0,6,0.5455,The seismograph at Ridge Camp reports as instrument,JT87,CM24,0.7260069847106934,2.4230446815490723,1.6004953384399414,16.89835749519989,17.26147378771566,18.220261839102022
0,1.0,7,0.6364,The winter quarters roof panel came from batch,LR81,BV12,0.04145526885986328,-0.6629738807678223,-0.5393214225769043,16.646538101136684,16.05306659755297,15.818610728019848
0,1.0,8,0.7273,The customs declaration quotes reference code,DM65,GF25,0.7005805969238281,0.9465179443359375,0.9409327507019043,18.616102452739142,18.50296880386304,18.72621448728023
0,1.0,9,0.8182,The reserve fuel depot is listed at site code,LV91,RG17,0.509857177734375,-0.2095651626586914,-0.15021514892578125,18.909277947503142,19.840642674127594,19.6984872421599
0,1.0,10,0.9091,The ice core drilling rig was delivered as unit,GT71,PV22,0.5523252487182617,1.3096318244934082,0.21845293045043945,22.414652718347497,21.461647325195372,21.461461728438735
0,1.0,11,1.0,The mail packet from Vlissen came in pouch number,QS43,JC38,-0.371673583984375,-0.3920297622680664,-0.6463489532470703,18.077628926374018,17.56381542235613,16.78180406813044
0,3.0,0,0.0,The quartermaster's tally sheet uses form number,NP15,PB22,-1.5950465202331543,1.7551336288452148,-2.160212516784668,18.50496676657349,20.014916060492396,14.011006012558937
0,3.0,1,0.0909,The diesel storage tank is stencilled vessel number,JS72,BU91,-0.3632068634033203,3.7154738903045654,0.28504514694213867,16.25467875925824,16.72092329058796,16.509148811921477
0,3.0,2,0.1818,The harbour pilot's licence shows registration code,NK71,TV97,0.5309038162231445,2.5839881896972656,0.6453456878662109,18.13429274316877,18.30608861427754,17.494354291819036
0,3.0,3,0.2727,The eastern pumping station runs on circuit label,MU37,CA25,-0.20026516914367676,0.13339614868164062,-1.8659329414367676,17.340350719634444,15.705137863755226,15.495052525773644
0,3.0,4,0.3636,The radio operator's logbook continues in volume,SE46,WG87,1.5560431480407715,4.0571136474609375,-0.2062845230102539,16.813822189113125,13.6674003303051,13.708754980936646
0,3.0,5,0.4545,The survey team's theodolite bears serial number,ED89,UD60,1.4515595436096191,3.811770439147949,2.102039337158203,18.30434740241617,19.151734352111816,18.838954942300916
0,3.0,6,0.5455,The seismograph at Ridge Camp reports as instrument,JT87,CM24,0.7260069847106934,6.074492692947388,1.6585056781768799,16.89835749519989,13.671206580474973,15.267262250185013
0,3.0,7,0.6364,The winter quarters roof panel came from batch,LR81,BV12,0.04145526885986328,-0.05734848976135254,-0.310488224029541,16.646538101136684,15.478074112907052,13.653875228017569
0,3.0,8,0.7273,The customs declaration quotes reference code,DM65,GF25,0.7005805969238281,1.0992317199707031,0.09827232360839844,18.616102452739142,14.807342413812876,13.188587981276214
0,3.0,9,0.8182,The reserve fuel depot is listed at site code,LV91,RG17,0.509857177734375,1.594756841659546,0.14502668380737305,18.909277947503142,20.182562863919884,19.03823074931279
0,3.0,10,0.9091,The ice core drilling rig was delivered as unit,GT71,PV22,0.5523252487182617,3.061002016067505,0.7300357818603516,22.414652718347497,17.727928448468447,16.833231192082167
0,3.0,11,1.0,The mail packet from Vlissen came in pouch number,QS43,JC38,-0.371673583984375,0.5825295448303223,-0.1613173484802246,18.077628926374018,16.84688969142735,15.918103190138936
0,4.0,0,0.0,The quartermaster's tally sheet uses form number,NP15,PB22,-1.5950465202331543,1.5560359954833984,-2.3742361068725586,18.50496676657349,16.987999074161053,14.000390335917473
0,4.0,1,0.0909,The diesel storage tank is stencilled vessel number,JS72,BU91,-0.3632068634033203,3.3527350425720215,0.3603529930114746,16.25467875925824,16.827509574592113,17.38384029082954
0,4.0,2,0.1818,The harbour pilot's licence shows registration code,NK71,TV97,0.5309038162231445,3.141693115234375,0.5890750885009766,18.13429274316877,16.597776845097542,18.129266815260053
0,4.0,3,0.2727,The eastern pumping station runs on circuit label,MU37,CA25,-0.20026516914367676,0.9793014526367188,-2.025954246520996,17.340350719634444,14.468747850507498,14.891135280951858
0,4.0,4,0.3636,The radio operator's logbook continues in volume,SE46,WG87,1.5560431480407715,5.288033485412598,-1.1728901863098145,16.813822189113125,12.65669454075396,15.301187813282013
0,4.0,5,0.4545,The survey team's theodolite bears serial number,ED89,UD60,1.4515595436096191,4.45065975189209,2.577589988708496,18.30434740241617,19.069507889449596,18.794315034523606
0,4.0,6,0.5455,The seismograph at Ridge Camp reports as instrument,JT87,CM24,0.7260069847106934,5.232940673828125,2.012172222137451,16.89835749519989,14.38906876835972,16.249738837592304
0,4.0,7,0.6364,The winter quarters roof panel came from batch,LR81,BV12,0.04145526885986328,1.445023536682129,-0.733055591583252,16.646538101136684,15.00252978503704,14.861585197970271
0,4.0,8,0.7273,The customs declaration quotes reference code,DM65,GF25,0.7005805969238281,1.6845979690551758,0.3858213424682617,18.616102452739142,14.250227758660913,13.955031914636493
0,4.0,9,0.8182,The reserve fuel depot is listed at site code,LV91,RG17,0.509857177734375,2.043503522872925,-0.11456108093261719,18.909277947503142,19.159464988624677,18.336601509712636
0,4.0,10,0.9091,The ice core drilling rig was delivered as unit,GT71,PV22,0.5523252487182617,3.8303728103637695,0.7327060699462891,22.414652718347497,17.692776361480355,17.609290311113
0,4.0,11,1.0,The mail packet from Vlissen came in pouch number,QS43,JC38,-0.371673583984375,0.32608842849731445,-0.49593114852905273,18.077628926374018,17.985133968293667,17.69064308423549
0,6.0,0,0.0,The quartermaster's tally sheet uses form number,NP15,PB22,-1.5950465202331543,2.0177502632141113,-2.291581630706787,18.50496676657349,11.397364616394043,14.431868016719818
0,6.0,1,0.0909,The diesel storage tank is stencilled vessel number,JS72,BU91,-0.3632068634033203,0.8596086502075195,-1.118912696838379,16.25467875925824,17.18171437457204,16.7991941049695
0,6.0,2,0.1818,The harbour pilot's licence shows registration code,NK71,TV97,0.5309038162231445,1.1858062744140625,-0.3490610122680664,18.13429274316877,16.178483985364437,15.327959941700101
0,6.0,3,0.2727,The eastern pumping station runs on circuit label,MU37,CA25,-0.20026516914367676,1.3892576694488525,-0.4212491512298584,17.340350719634444,14.847570903599262,14.604288036003709
0,6.0,4,0.3636,The radio operator's logbook continues in volume,SE46,WG87,1.5560431480407715,4.597837448120117,0.5458493232727051,16.813822189113125,14.636435884982347,15.036740539595485
0,6.0,5,0.4545,The survey team's theodolite bears serial number,ED89,UD60,1.4515595436096191,3.795036792755127,2.1513876914978027,18.30434740241617,19.335612051188946,19.155309312045574
0,6.0,6,0.5455,The seismograph at Ridge Camp reports as instrument,JT87,CM24,0.7260069847106934,3.370731830596924,2.56095027923584,16.89835749519989,15.296393459662795,15.33473151922226
0,6.0,7,0.6364,The winter quarters roof panel came from batch,LR81,BV12,0.04145526885986328,1.496875286102295,-0.7911982536315918,16.646538101136684,15.546664990484715,15.381825072690845
0,6.0,8,0.7273,The customs declaration quotes reference code,DM65,GF25,0.7005805969238281,1.6161136627197266,-0.44820213317871094,18.616102452739142,15.102239340543747,13.327978078275919
0,6.0,9,0.8182,The reserve fuel depot is listed at site code,LV91,RG17,0.509857177734375,1.1708805561065674,-0.41707754135131836,18.909277947503142,17.70412152633071,16.566086375620216
0,6.0,10,0.9091,The ice core drilling rig was delivered as unit,GT71,PV22,0.5523252487182617,2.124504566192627,0.9885311126708984,22.414652718347497,17.26317422091961,16.395164718851447
0,6.0,11,1.0,The mail packet from Vlissen came in pouch number,QS43,JC38,-0.371673583984375,0.7643947601318359,0.4968078136444092,18.077628926374018,17.068559996783733,16.64992151595652
0,8.0,0,0.0,The quartermaster's tally sheet uses form number,NP15,PB22,-1.5950465202331543,-0.006108283996582031,-1.4335055351257324,18.50496676657349,12.565252661705017,13.779705286026001
0,8.0,1,0.0909,The diesel storage tank is stencilled vessel number,JS72,BU91,-0.3632068634033203,0.3530440330505371,0.2764730453491211,16.25467875925824,13.40469753742218,10.920188501477242
0,8.0,2,0.1818,The harbour pilot's licence shows registration code,NK71,TV97,0.5309038162231445,-1.0392284393310547,-1.3057036399841309,18.13429274316877,15.332665469497442,14.710679598152637
0,8.0,3,0.2727,The eastern pumping station runs on circuit label,MU37,CA25,-0.20026516914367676,0.21309328079223633,1.0461788177490234,17.340350719634444,15.08414439857006,15.16910163499415
0,8.0,4,0.3636,The radio operator's logbook continues in volume,SE46,WG87,1.5560431480407715,3.5451889038085938,1.972580909729004,16.813822189113125,16.74880771432072,16.263302540406585
0,8.0,5,0.4545,The survey team's theodolite bears serial number,ED89,UD60,1.4515595436096191,0.7396502494812012,1.5933752059936523,18.30434740241617,16.884516805410385,16.93249447643757
0,8.0,6,0.5455,The seismograph at Ridge Camp reports as instrument,JT87,CM24,0.7260069847106934,2.6178574562072754,1.7249326705932617,16.89835749519989,15.718881126493216,17.121638799086213
0,8.0,7,0.6364,The winter quarters roof panel came from batch,LR81,BV12,0.04145526885986328,1.0303683280944824,0.2351689338684082,16.646538101136684,14.57666777446866,14.712472660467029
0,8.0,8,0.7273,The customs declaration quotes reference code,DM65,GF25,0.7005805969238281,-1.965207576751709,-1.4650020599365234,18.616102452739142,14.666536029428244,13.64801974967122
0,8.0,9,0.8182,The reserve fuel depot is listed at site code,LV91,RG17,0.509857177734375,-0.7894322872161865,-1.0529580116271973,18.909277947503142,14.994038103148341,14.791174652054906
0,8.0,10,0.9091,The ice core drilling rig was delivered as unit,GT71,PV22,0.5523252487182617,1.0400829315185547,0.5095391273498535,22.414652718347497,17.016575951129198,16.37662698701024
0,8.0,11,1.0,The mail packet from Vlissen came in pouch number,QS43,JC38,-0.371673583984375,-1.5125746726989746,-0.07811498641967773,18.077628926374018,16.90295035392046,16.31830494478345
0,12.0,0,0.0,The quartermaster's tally sheet uses form number,NP15,PB22,-1.5950465202331543,-1.463925838470459,-2.774116039276123,18.50496676657349,12.217442393302917,11.449604272842407
0,12.0,1,0.0909,The diesel storage tank is stencilled vessel number,JS72,BU91,-0.3632068634033203,1.154764175415039,-0.005897998809814453,16.25467875925824,6.761250615119934,6.079551458358765
0,12.0,2,0.1818,The harbour pilot's licence shows registration code,NK71,TV97,0.5309038162231445,-2.636800765991211,-3.898123264312744,18.13429274316877,11.454810738563538,10.690221011638641
0,12.0,3,0.2727,The eastern pumping station runs on circuit label,MU37,CA25,-0.20026516914367676,-0.022367477416992188,1.215904712677002,17.340350719634444,10.449180006980896,12.884158678352833
0,12.0,4,0.3636,The radio operator's logbook continues in volume,SE46,WG87,1.5560431480407715,2.395634651184082,2.8563294410705566,16.813822189113125,12.899954430758953,12.489852517843246
0,12.0,5,0.4545,The survey team's theodolite bears serial number,ED89,UD60,1.4515595436096191,1.7776122093200684,2.0274558067321777,18.30434740241617,13.449263274669647,12.753032267093658
0,12.0,6,0.5455,The seismograph at Ridge Camp reports as instrument,JT87,CM24,0.7260069847106934,1.5469012260437012,1.8019905090332031,16.89835749519989,14.490252360701561,14.076340049505234
0,12.0,7,0.6364,The winter quarters roof panel came from batch,LR81,BV12,0.04145526885986328,0.8865666389465332,-0.42885303497314453,16.646538101136684,14.116010010242462,12.620214402675629
0,12.0,8,0.7273,The customs declaration quotes reference code,DM65,GF25,0.7005805969238281,-3.306828498840332,-3.7469563484191895,18.616102452739142,11.66914564371109,10.854577913880348
0,12.0,9,0.8182,The reserve fuel depot is listed at site code,LV91,RG17,0.509857177734375,-1.8015003204345703,-1.1501314640045166,18.909277947503142,11.546592444181442,11.281913563609123
0,12.0,10,0.9091,The ice core drilling rig was delivered as unit,GT71,PV22,0.5523252487182617,-0.04241037368774414,-0.6126279830932617,22.414652718347497,16.22875113785267,14.422241643071175
0,12.0,11,1.0,The mail packet from Vlissen came in pouch number,QS43,JC38,-0.371673583984375,-1.495544672012329,-1.3510141372680664,18.077628926374018,12.443043485283852,12.334469325840473
1,1.0,0,0.0,The cartography office safe opens with combination,EU18,TG74,-0.6536612510681152,-0.6380300521850586,-0.43334531784057617,14.673755765892565,15.590558053459972,16.34034638153389
1,1.0,1,0.0909,The lighthouse relief roster follows schedule,JD73,PR55,-1.2561802864074707,-1.6321372985839844,-1.9159951210021973,14.589113433496095,14.257428876124322,13.98741835867986
1,1.0,2,0.1818,The sealed crate in the annex is marked with inventory tag,QR93,PM10,0.9132909774780273,0.7359833717346191,0.6290717124938965,15.672262815292925,14.98678673664108,14.689297180622816
1,1.0,3,0.2727,The telegraph repeater hut answers to station code,NG22,TT89,-1.0507197380065918,-1.0233392715454102,-1.1721649169921875,16.080869935452938,15.351789304520935,16.054602341726422
1,1.0,4,0.3636,The customs declaration quotes reference code,RA59,VL68,0.07526922225952148,1.2567291259765625,1.4655451774597168,16.44226059690118,15.402071824064478,15.56220155255869
1,1.0,5,0.4545,The seismograph at Ridge Camp reports as instrument,PV10,VA39,0.15163087844848633,0.038416385650634766,0.11841440200805664,14.841443672776222,16.470495703164488,16.88141317013651
1,1.0,6,0.5455,The archive microfilm reel is filed under shelf mark,DL13,WF80,0.06898641586303711,-0.5942106246948242,-0.6847071647644043,16.607634558342397,19.316228195326403,18.779486551182345
1,1.0,7,0.6364,The radio operator's logbook continues in volume,AA93,UF21,0.23786067962646484,0.21020078659057617,-0.7901744842529297,17.38893332867883,17.45914682955481,17.311181130819023
1,1.0,8,0.7273,The expedition's spare sledge carries equipment tag,TA58,TJ14,-1.0355958938598633,-0.5042047500610352,-0.6443486213684082,15.462522234302014,18.26464576087892,18.672399709932506
1,1.0,9,0.8182,The quartermaster's tally sheet uses form number,HQ73,XC20,0.9205484390258789,1.588827133178711,1.4218320846557617,16.994442962342873,18.788733843015507,18.479391085449606
1,1.0,10,0.9091,The hydrographic chart set reached edition,TH54,AQ11,-1.487849235534668,0.6925191879272461,-0.10610628128051758,15.54888641834259,14.069364344934002,14.121948697371408
1,1.0,11,1.0,Feld's field notebook carries catalogue reference,HX38,DV33,-1.1089730262756348,-0.4931941032409668,-0.7877488136291504,17.841869805473834,18.61118291132152,18.130133592989296
1,3.0,0,0.0,The cartography office safe opens with combination,EU18,TG74,-0.6536612510681152,2.813314437866211,0.033280372619628906,14.673755765892565,16.691337602213025,16.660940827801824
1,3.0,1,0.0909,The lighthouse relief roster follows schedule,JD73,PR55,-1.2561802864074707,-1.9169626235961914,-4.864847660064697,14.589113433496095,14.015611393377185,13.950448020361364
1,3.0,2,0.1818,The sealed crate in the annex is marked with inventory tag,QR93,PM10,0.9132909774780273,2.9559881687164307,1.0609850883483887,15.672262815292925,13.007070017978549,11.478839449584484
1,3.0,3,0.2727,The telegraph repeater hut answers to station code,NG22,TT89,-1.0507197380065918,-0.8838248252868652,-2.690579414367676,16.080869935452938,11.276956595480442,12.835771288722754
1,3.0,4,0.3636,The customs declaration quotes reference code,RA59,VL68,0.07526922225952148,4.535937309265137,3.264564037322998,16.44226059690118,12.069551491178572,12.493836403591558
1,3.0,5,0.4545,The seismograph at Ridge Camp reports as instrument,PV10,VA39,0.15163087844848633,0.9787182807922363,0.15148687362670898,14.841443672776222,17.19900469109416,15.874685898423195
1,3.0,6,0.5455,The archive microfilm reel is filed under shelf mark,DL13,WF80,0.06898641586303711,1.2253665924072266,-0.19193029403686523,16.607634558342397,17.395258717238903,17.90775072015822
1,3.0,7,0.6364,The radio operator's logbook continues in volume,AA93,UF21,0.23786067962646484,-0.6369683742523193,-1.7431449890136719,17.38893332867883,15.515301971696317,14.594687661156058
1,3.0,8,0.7273,The expedition's spare sledge carries equipment tag,TA58,TJ14,-1.0355958938598633,1.6437945365905762,0.7664012908935547,15.462522234302014,18.778021145612,18.356776578351855
1,3.0,9,0.8182,The quartermaster's tally sheet uses form number,HQ73,XC20,0.9205484390258789,5.274099111557007,3.8100385665893555,16.994442962342873,17.88957002852112,15.87107725115493
1,3.0,10,0.9091,The hydrographic chart set reached edition,TH54,AQ11,-1.487849235534668,3.121716022491455,2.052216053009033,15.54888641834259,10.341188244288787,9.532242640620098
1,3.0,11,1.0,Feld's field notebook carries catalogue reference,HX38,DV33,-1.1089730262756348,-0.319303035736084,-0.39541196823120117,17.841869805473834,17.51476925238967,17.223551319912076
1,4.0,0,0.0,The cartography office safe opens with combination,EU18,TG74,-0.6536612510681152,2.9695591926574707,1.37117338180542,14.673755765892565,8.537487179040909,9.640157282352448
1,4.0,1,0.0909,The lighthouse relief roster follows schedule,JD73,PR55,-1.2561802864074707,-1.568213939666748,-4.592834949493408,14.589113433496095,12.413342125713825,13.26325261965394
1,4.0,2,0.1818,The sealed crate in the annex is marked with inventory tag,QR93,PM10,0.9132909774780273,3.9433624744415283,1.727247714996338,15.672262815292925,11.379029121249914,11.48759963363409
1,4.0,3,0.2727,The telegraph repeater hut answers to station code,NG22,TT89,-1.0507197380065918,-1.2409610748291016,-2.253765344619751,16.080869935452938,11.436252878978848,13.852388614788651
1,4.0,4,0.3636,The customs declaration quotes reference code,RA59,VL68,0.07526922225952148,5.434921741485596,3.2004480361938477,16.44226059690118,12.297991989180446,12.945250538177788
1,4.0,5,0.4545,The seismograph at Ridge Camp reports as instrument,PV10,VA39,0.15163087844848633,-0.11536979675292969,-0.7813220024108887,14.841443672776222,15.94053790718317,16.199966996908188
1,4.0,6,0.5455,The archive microfilm reel is filed under shelf mark,DL13,WF80,0.06898641586303711,1.0483379364013672,-0.9606344699859619,16.607634558342397,18.59623377583921,18.07528844475746
1,4.0,7,0.6364,The radio operator's logbook continues in volume,AA93,UF21,0.23786067962646484,1.1395671367645264,-0.9487833976745605,17.38893332867883,15.639114620164037,15.51196065172553
1,4.0,8,0.7273,The expedition's spare sledge carries equipment tag,TA58,TJ14,-1.0355958938598633,0.301790714263916,0.44933605194091797,15.462522234302014,18.505350589752197,18.958170271478593
1,4.0,9,0.8182,The quartermaster's tally sheet uses form number,HQ73,XC20,0.9205484390258789,5.854371070861816,3.3191423416137695,16.994442962342873,17.66194419655949,16.279942602850497
1,4.0,10,0.9091,The hydrographic chart set reached edition,TH54,AQ11,-1.487849235534668,2.911144733428955,1.705514907836914,15.54888641834259,9.715275114867836,11.758511166088283
1,4.0,11,1.0,Feld's field notebook carries catalogue reference,HX38,DV33,-1.1089730262756348,-0.6549859046936035,-0.4502243995666504,17.841869805473834,16.964295625686646,15.427091300487518
1,6.0,0,0.0,The cartography office safe opens with combination,EU18,TG74,-0.6536612510681152,2.4052939414978027,0.35186195373535156,14.673755765892565,6.279559135437012,6.692924201488495
1,6.0,1,0.0909,The lighthouse relief roster follows schedule,JD73,PR55,-1.2561802864074707,-4.201687812805176,-4.867788791656494,14.589113433496095,10.332372575998306,10.048943966627121
1,6.0,2,0.1818,The sealed crate in the annex is marked with inventory tag,QR93,PM10,0.9132909774780273,5.5108983516693115,2.9780311584472656,15.672262815292925,9.027696073055267,8.426490992307663
1,6.0,3,0.2727,The telegraph repeater hut answers to station code,NG22,TT89,-1.0507197380065918,-1.5164213180541992,-2.0776114463806152,16.080869935452938,10.628933876752853,12.788694575428963
1,6.0,4,0.3636,The customs declaration quotes reference code,RA59,VL68,0.07526922225952148,9.627315044403076,5.790393352508545,16.44226059690118,10.543210215866566,10.62897203862667
1,6.0,5,0.4545,The seismograph at Ridge Camp reports as instrument,PV10,VA39,0.15163087844848633,1.6028966903686523,0.6418275833129883,14.841443672776222,12.991875007748604,13.71891363710165
1,6.0,6,0.5455,The archive microfilm reel is filed under shelf mark,DL13,WF80,0.06898641586303711,0.7834429740905762,0.7250638008117676,16.607634558342397,15.255803853273392,15.845074117183685
1,6.0,7,0.6364,The radio operator's logbook continues in volume,AA93,UF21,0.23786067962646484,0.6286320686340332,-1.0369677543640137,17.38893332867883,14.725969552993774,13.28741455078125
1,6.0,8,0.7273,The expedition's spare sledge carries equipment tag,TA58,TJ14,-1.0355958938598633,0.14786195755004883,0.29057788848876953,15.462522234302014,16.884966634213924,15.567549761384726
1,6.0,9,0.8182,The quartermaster's tally sheet uses form number,HQ73,XC20,0.9205484390258789,4.242331504821777,3.8544058799743652,16.994442962342873,13.410332296043634,13.190389778465033
1,6.0,10,0.9091,The hydrographic chart set reached edition,TH54,AQ11,-1.487849235534668,0.6951942443847656,0.15273714065551758,15.54888641834259,9.726935155689716,11.671896778047085
1,6.0,11,1.0,Feld's field notebook carries catalogue reference,HX38,DV33,-1.1089730262756348,-0.00498199462890625,0.19966411590576172,17.841869805473834,13.51604500412941,11.383216857910156
1,8.0,0,0.0,The cartography office safe opens with combination,EU18,TG74,-0.6536612510681152,2.1678996086120605,-0.5737133026123047,14.673755765892565,8.042029619216919,10.665274202823639
1,8.0,1,0.0909,The lighthouse relief roster follows schedule,JD73,PR55,-1.2561802864074707,-4.435790538787842,-3.903864860534668,14.589113433496095,7.971622556447983,8.7029909491539
1,8.0,2,0.1818,The sealed crate in the annex is marked with inventory tag,QR93,PM10,0.9132909774780273,4.5460052490234375,4.456091403961182,15.672262815292925,8.021309316158295,6.204794883728027
1,8.0,3,0.2727,The telegraph repeater hut answers to station code,NG22,TT89,-1.0507197380065918,-0.16819429397583008,-2.5468592643737793,16.080869935452938,13.585444450378418,11.86474871635437
1,8.0,4,0.3636,The customs declaration quotes reference code,RA59,VL68,0.07526922225952148,7.120824813842773,8.075515747070312,16.44226059690118,11.405589431524277,10.630657702684402
1,8.0,5,0.4545,The seismograph at Ridge Camp reports as instrument,PV10,VA39,0.15163087844848633,2.601767063140869,0.8155989646911621,14.841443672776222,8.566413402557373,9.51798939704895
1,8.0,6,0.5455,The archive microfilm reel is filed under shelf mark,DL13,WF80,0.06898641586303711,0.9928069114685059,1.502009391784668,16.607634558342397,13.342419266700745,12.161594092845917
1,8.0,7,0.6364,The radio operator's logbook continues in volume,AA93,UF21,0.23786067962646484,-0.4744086265563965,1.357438564300537,17.38893332867883,16.25827742367983,12.539866745471954
1,8.0,8,0.7273,The expedition's spare sledge carries equipment tag,TA58,TJ14,-1.0355958938598633,0.3950791358947754,0.3000349998474121,15.462522234302014,17.487883634865284,16.437414556741714
1,8.0,9,0.8182,The quartermaster's tally sheet uses form number,HQ73,XC20,0.9205484390258789,3.6412739753723145,3.9749879837036133,16.994442962342873,12.675516195595264,14.027889166027308
1,8.0,10,0.9091,The hydrographic chart set reached edition,TH54,AQ11,-1.487849235534668,-1.5157437324523926,-2.113382339477539,15.54888641834259,13.861868970096111,14.501135766506195
1,8.0,11,1.0,Feld's field notebook carries catalogue reference,HX38,DV33,-1.1089730262756348,-0.8758640289306641,-1.1798744201660156,17.841869805473834,15.454656094312668,13.396252810955048
1,12.0,0,0.0,The cartography office safe opens with combination,EU18,TG74,-0.6536612510681152,2.3386406898498535,-0.011778831481933594,14.673755765892565,9.876789033412933,11.00230860710144
1,12.0,1,0.0909,The lighthouse relief roster follows schedule,JD73,PR55,-1.2561802864074707,-3.724513053894043,-3.918790340423584,14.589113433496095,5.2782591581344604,7.186107099056244
1,12.0,2,0.1818,The sealed crate in the annex is marked with inventory tag,QR93,PM10,0.9132909774780273,2.976184368133545,2.981405735015869,15.672262815292925,4.020215034484863,5.757275104522705
1,12.0,3,0.2727,The telegraph repeater hut answers to station code,NG22,TT89,-1.0507197380065918,1.1933975219726562,-1.5889577865600586,16.080869935452938,8.463682174682617,11.84248673915863
1,12.0,4,0.3636,The customs declaration quotes reference code,RA59,VL68,0.07526922225952148,4.138248920440674,3.9666290283203125,16.44226059690118,6.948511481285095,8.01141482591629
1,12.0,5,0.4545,The seismograph at Ridge Camp reports as instrument,PV10,VA39,0.15163087844848633,-1.0684881210327148,0.6937294006347656,14.841443672776222,7.519146680831909,5.3609408140182495
1,12.0,6,0.5455,The archive microfilm reel is filed under shelf mark,DL13,WF80,0.06898641586303711,1.908311367034912,1.8713407516479492,16.607634558342397,3.1639575958251953,4.710145473480225
1,12.0,7,0.6364,The radio operator's logbook continues in volume,AA93,UF21,0.23786067962646484,2.2517380714416504,4.977080345153809,17.38893332867883,9.616430103778839,12.969191193580627
1,12.0,8,0.7273,The expedition's spare sledge carries equipment tag,TA58,TJ14,-1.0355958938598633,1.582897663116455,2.0348124504089355,15.462522234302014,11.18613475561142,12.326016783714294
1,12.0,9,0.8182,The quartermaster's tally sheet uses form number,HQ73,XC20,0.9205484390258789,2.8444104194641113,1.8488335609436035,16.994442962342873,13.777620576322079,13.382789738476276
1,12.0,10,0.9091,The hydrographic chart set reached edition,TH54,AQ11,-1.487849235534668,-1.630549430847168,-1.4635953903198242,15.54888641834259,13.00882139801979,14.640047430992126
1,12.0,11,1.0,Feld's field notebook carries catalogue reference,HX38,DV33,-1.1089730262756348,-3.362572193145752,-1.9808430671691895,17.841869805473834,12.291162639856339,11.1406569480896
2,1.0,0,0.0,The meteorological buoy broadcasts on transponder code,BC20,AC24,-0.19817113876342773,0.37426042556762695,0.6746101379394531,14.601154256612062,15.167402940336615,14.604758846340701
2,1.0,1,0.0909,The salvage tender was registered with hull number,MF95,CA15,1.933924674987793,2.4374117851257324,2.7394394874572754,15.59655796084553,16.97258291579783,17.3480693269521
2,1.0,2,0.1818,The medical supply locker was closed with seal number,GV14,JE30,-0.8667831420898438,-0.9468250274658203,-1.4297208786010742,17.491273479070514,17.71401095960755,17.605556293041445
2,1.0,3,0.2727,The observatory's spare mirror was ordered as part number,UX30,ZF76,-1.094212532043457,-0.5034480094909668,-0.46823883056640625,15.246392050292343,18.73510995216202,17.73278887954075
2,1.0,4,0.3636,The cartography office safe opens with combination,PW60,YA59,1.712721824645996,2.231670379638672,1.7945561408996582,17.204792884062044,18.539317337214015,17.171471557579935
2,1.0,5,0.4545,Feld's field notebook carries catalogue reference,JB13,UB41,0.8467092514038086,0.24101543426513672,0.1002349853515625,18.23232137208106,18.563766875420697,20.13826639915351
2,1.0,6,0.5455,The reserve fuel depot is listed at site code,MQ50,EB10,2.3821587562561035,2.8314037322998047,3.186873435974121,15.885454774135724,16.245752245304175,15.969180600252002
2,1.0,7,0.6364,The telegraph repeater hut answers to station code,NP77,MV90,0.24480438232421875,0.5164141654968262,-0.23083734512329102,15.116557150147855,19.478718244237825,19.305852406832855
2,1.0,8,0.7273,The northern relay station operates under callsign,FT32,KL72,-0.9806108474731445,-1.4637343883514404,-1.4775285720825195,17.58632558619138,19.49876038893126,19.230774474679492
2,1.0,9,0.8182,The archive microfilm reel is filed under shelf mark,HH13,AK67,-1.2575874328613281,-1.7337656021118164,-1.4157042503356934,16.62976947129937,16.523345213907305,17.472846314427443
2,1.0,10,0.9091,The expedition's spare sledge carries equipment tag,FL32,TV15,-0.10525989532470703,0.8999924659729004,-0.0022406578063964844,20.890498908353038,23.65796364302514,23.07089445501333
2,1.0,11,1.0,The survey team's theodolite bears serial number,ES75,YE70,0.4954838752746582,1.6336045265197754,-0.16019296646118164,15.548797816270962,16.34919198951684,16.922112047905102
2,3.0,0,0.0,The meteorological buoy broadcasts on transponder code,BC20,AC24,-0.19817113876342773,4.011071681976318,2.24153470993042,14.601154256612062,14.642297741025686,13.557783260941505
2,3.0,1,0.0909,The salvage tender was registered with hull number,MF95,CA15,1.933924674987793,3.991795063018799,0.13001537322998047,15.59655796084553,16.75610091537237,15.15195158496499
2,3.0,2,0.1818,The medical supply locker was closed with seal number,GV14,JE30,-0.8667831420898438,-2.756319522857666,-2.051966667175293,17.491273479070514,16.673123352229595,16.777969864197075
2,3.0,3,0.2727,The observatory's spare mirror was ordered as part number,UX30,ZF76,-1.094212532043457,0.273906946182251,0.776801347732544,15.246392050292343,18.040902212727815,16.002755207940936
2,3.0,4,0.3636,The cartography office safe opens with combination,PW60,YA59,1.712721824645996,4.193778038024902,3.193718910217285,17.204792884062044,18.671221962198615,16.466492326930165
2,3.0,5,0.4545,Feld's field notebook carries catalogue reference,JB13,UB41,0.8467092514038086,-0.346524715423584,0.17507147789001465,18.23232137208106,17.14438935322687,16.998549290001392
2,3.0,6,0.5455,The reserve fuel depot is listed at site code,MQ50,EB10,2.3821587562561035,2.936224937438965,0.8837394714355469,15.885454774135724,14.736192266456783,12.675764452666044
2,3.0,7,0.6364,The telegraph repeater hut answers to station code,NP77,MV90,0.24480438232421875,1.9723381996154785,0.9716770648956299,15.116557150147855,17.88477769959718,16.470123782753944
2,3.0,8,0.7273,The northern relay station operates under callsign,FT32,KL72,-0.9806108474731445,-0.910872220993042,-2.8308663368225098,17.58632558619138,16.861348097678274,15.72338097449392
2,3.0,9,0.8182,The archive microfilm reel is filed under shelf mark,HH13,AK67,-1.2575874328613281,-0.7228240966796875,-1.5611882209777832,16.62976947129937,16.04316282318905,16.936936100013554
2,3.0,10,0.9091,The expedition's spare sledge carries equipment tag,FL32,TV15,-0.10525989532470703,1.7495732307434082,0.14192962646484375,20.890498908353038,22.53186706872657,21.43539101211354
2,3.0,11,1.0,The survey team's theodolite bears serial number,ES75,YE70,0.4954838752746582,4.681837797164917,1.0390195846557617,15.548797816270962,15.447222707793117,14.720234568230808
2,4.0,0,0.0,The meteorological buoy broadcasts on transponder code,BC20,AC24,-0.19817113876342773,4.144508361816406,1.8593297004699707,14.601154256612062,16.13843421638012,12.838815286755562
2,4.0,1,0.0909,The salvage tender was registered with hull number,MF95,CA15,1.933924674987793,4.594784498214722,0.5935029983520508,15.59655796084553,17.49867407232523,16.741592331789434
2,4.0,2,0.1818,The medical supply locker was closed with seal number,GV14,JE30,-0.8667831420898438,-2.7487802505493164,-3.4546852111816406,17.491273479070514,19.21274109557271,17.43748603016138
2,4.0,3,0.2727,The observatory's spare mirror was ordered as part number,UX30,ZF76,-1.094212532043457,2.230173349380493,2.3774893283843994,15.246392050292343,16.99911742657423,14.001548308879137
2,4.0,4,0.3636,The cartography office safe opens with combination,PW60,YA59,1.712721824645996,4.881542682647705,2.7438759803771973,17.204792884062044,19.82132059475407,15.320232085883617
2,4.0,5,0.4545,Feld's field notebook carries catalogue reference,JB13,UB41,0.8467092514038086,-0.16331052780151367,-0.048894405364990234,18.23232137208106,17.880923934280872,16.755873346701264
2,4.0,6,0.5455,The reserve fuel depot is listed at site code,MQ50,EB10,2.3821587562561035,2.3244714736938477,0.17345905303955078,15.885454774135724,14.709945496171713,11.522561339661479
2,4.0,7,0.6364,The telegraph repeater hut answers to station code,NP77,MV90,0.24480438232421875,1.8848185539245605,1.7402474880218506,15.116557150147855,20.2540597403422,17.07358717918396
2,4.0,8,0.7273,The northern relay station operates under callsign,FT32,KL72,-0.9806108474731445,-2.1474905014038086,-4.463672637939453,17.58632558619138,17.864829410798848,16.360309316776693
2,4.0,9,0.8182,The archive microfilm reel is filed under shelf mark,HH13,AK67,-1.2575874328613281,-1.1203083992004395,-3.5512306690216064,16.62976947129937,17.865272416733205,16.789404755458236
2,4.0,10,0.9091,The expedition's spare sledge carries equipment tag,FL32,TV15,-0.10525989532470703,1.9656295776367188,0.11795997619628906,20.890498908353038,23.6708429986611,20.860841128975153
2,4.0,11,1.0,The survey team's theodolite bears serial number,ES75,YE70,0.4954838752746582,5.878943204879761,1.497762680053711,15.548797816270962,15.151344151236117,13.21213611215353
2,6.0,0,0.0,The meteorological buoy broadcasts on transponder code,BC20,AC24,-0.19817113876342773,1.5224504470825195,-0.17886638641357422,14.601154256612062,12.795989483594894,12.475998759269714
2,6.0,1,0.0909,The salvage tender was registered with hull number,MF95,CA15,1.933924674987793,4.023488521575928,2.1633849143981934,15.59655796084553,17.762284338474274,17.90428544767201
2,6.0,2,0.1818,The medical supply locker was closed with seal number,GV14,JE30,-0.8667831420898438,-2.9694900512695312,-4.570767402648926,17.491273479070514,19.579089358448982,17.358501866459846
2,6.0,3,0.2727,The observatory's spare mirror was ordered as part number,UX30,ZF76,-1.094212532043457,0.5104098320007324,1.8156630992889404,15.246392050292343,15.804884700104594,15.625718276947737
2,6.0,4,0.3636,The cartography office safe opens with combination,PW60,YA59,1.712721824645996,2.1285953521728516,1.851294994354248,17.204792884062044,17.169208988547325,14.934884002432227
2,6.0,5,0.4545,Feld's field notebook carries catalogue reference,JB13,UB41,0.8467092514038086,1.2772917747497559,2.884753704071045,18.23232137208106,16.88371223770082,17.36961628124118
2,6.0,6,0.5455,The reserve fuel depot is listed at site code,MQ50,EB10,2.3821587562561035,1.249070167541504,-0.6469640731811523,15.885454774135724,16.374947449192405,14.7682372815907
2,6.0,7,0.6364,The telegraph repeater hut answers to station code,NP77,MV90,0.24480438232421875,3.033618688583374,3.646538257598877,15.116557150147855,18.7532471222803,19.959667295217514
2,6.0,8,0.7273,The northern relay station operates under callsign,FT32,KL72,-0.9806108474731445,-3.018486499786377,-7.119908332824707,17.58632558619138,17.510593969374895,17.34488857910037
2,6.0,9,0.8182,The archive microfilm reel is filed under shelf mark,HH13,AK67,-1.2575874328613281,-1.697850227355957,-3.365793228149414,16.62976947129937,17.434939619153738,19.137163124978542
2,6.0,10,0.9091,The expedition's spare sledge carries equipment tag,FL32,TV15,-0.10525989532470703,3.46791934967041,-1.3184947967529297,20.890498908353038,21.90383997373283,21.906166557222605
2,6.0,11,1.0,The survey team's theodolite bears serial number,ES75,YE70,0.4954838752746582,5.193667650222778,3.0252490043640137,15.548797816270962,14.786270063370466,13.650698851794004
2,8.0,0,0.0,The meteorological buoy broadcasts on transponder code,BC20,AC24,-0.19817113876342773,-0.9786481857299805,-4.474584579467773,14.601154256612062,8.409578323364258,10.077422738075256
2,8.0,1,0.0909,The salvage tender was registered with hull number,MF95,CA15,1.933924674987793,3.707230567932129,2.5587000846862793,15.59655796084553,16.51589957624674,17.050340693444014
2,8.0,2,0.1818,The medical supply locker was closed with seal number,GV14,JE30,-0.8667831420898438,-1.2114543914794922,-2.7172904014587402,17.491273479070514,13.758338809013367,13.087203025817871
2,8.0,3,0.2727,The observatory's spare mirror was ordered as part number,UX30,ZF76,-1.094212532043457,-0.9031105041503906,0.359616756439209,15.246392050292343,11.497944343835115,11.489201657474041
2,8.0,4,0.3636,The cartography office safe opens with combination,PW60,YA59,1.712721824645996,1.1043643951416016,0.9400887489318848,17.204792884062044,14.300575187429786,10.64773104339838
2,8.0,5,0.4545,Feld's field notebook carries catalogue reference,JB13,UB41,0.8467092514038086,0.6838836669921875,3.0485048294067383,18.23232137208106,17.146152798086405,16.402348905801773
2,8.0,6,0.5455,The reserve fuel depot is listed at site code,MQ50,EB10,2.3821587562561035,1.965284824371338,1.9081106185913086,15.885454774135724,15.700955983251333,14.078026115894318
2,8.0,7,0.6364,The telegraph repeater hut answers to station code,NP77,MV90,0.24480438232421875,1.9002149105072021,3.5962753295898438,15.116557150147855,16.455250250175595,13.614826872944832
2,8.0,8,0.7273,The northern relay station operates under callsign,FT32,KL72,-0.9806108474731445,-0.6474690437316895,-4.364588260650635,17.58632558619138,14.637080997228622,13.162769183516502
2,8.0,9,0.8182,The archive microfilm reel is filed under shelf mark,HH13,AK67,-1.2575874328613281,-4.915233135223389,-3.3926196098327637,16.62976947129937,15.086384618654847,16.089918971061707
2,8.0,10,0.9091,The expedition's spare sledge carries equipment tag,FL32,TV15,-0.10525989532470703,2.35969877243042,-1.2787528038024902,20.890498908353038,19.81167233362794,18.441358223557472
2,8.0,11,1.0,The survey team's theodolite bears serial number,ES75,YE70,0.4954838752746582,2.392749071121216,1.6997430324554443,15.548797816270962,15.247164223343134,14.153169944882393
2,12.0,0,0.0,The meteorological buoy broadcasts on transponder code,BC20,AC24,-0.19817113876342773,-1.4359712600708008,-2.3135929107666016,14.601154256612062,1.3162450790405273,9.033073902130127
2,12.0,1,0.0909,The salvage tender was registered with hull number,MF95,CA15,1.933924674987793,2.6237235069274902,3.182713031768799,15.59655796084553,6.441817998886108,12.141197264194489
2,12.0,2,0.1818,The medical supply locker was closed with seal number,GV14,JE30,-0.8667831420898438,1.0462093353271484,-0.13304710388183594,17.491273479070514,4.485074520111084,9.324043273925781
2,12.0,3,0.2727,The observatory's spare mirror was ordered as part number,UX30,ZF76,-1.094212532043457,-1.25071382522583,-1.9927258491516113,15.246392050292343,2.0972273349761963,6.099605083465576
2,12.0,4,0.3636,The cartography office safe opens with combination,PW60,YA59,1.712721824645996,-0.0015897750854492188,0.6596150398254395,17.204792884062044,9.855823278427124,7.947331443428993
2,12.0,5,0.4545,Feld's field notebook carries catalogue reference,JB13,UB41,0.8467092514038086,0.05829000473022461,1.6053848266601562,18.23232137208106,9.35614562034607,10.583234310150146
2,12.0,6,0.5455,The reserve fuel depot is listed at site code,MQ50,EB10,2.3821587562561035,0.5268592834472656,0.48258018493652344,15.885454774135724,9.04199504852295,11.518407836556435
2,12.0,7,0.6364,The telegraph repeater hut answers to station code,NP77,MV90,0.24480438232421875,2.128098487854004,0.9983758926391602,15.116557150147855,12.810714423656464,13.335765600204468
2,12.0,8,0.7273,The northern relay station operates under callsign,FT32,KL72,-0.9806108474731445,-0.13408708572387695,-2.099548816680908,17.58632558619138,10.234792083501816,12.754316926002502
2,12.0,9,0.8182,The archive microfilm reel is filed under shelf mark,HH13,AK67,-1.2575874328613281,-4.13025689125061,-4.747883319854736,16.62976947129937,10.343616485595703,15.573521435260773
2,12.0,10,0.9091,The expedition's spare sledge carries equipment tag,FL32,TV15,-0.10525989532470703,0.28252077102661133,-1.331071376800537,20.890498908353038,15.414293482899666,16.125450298190117
2,12.0,11,1.0,The survey team's theodolite bears serial number,ES75,YE70,0.4954838752746582,1.2740261554718018,-0.04851889610290527,15.548797816270962,12.053640604019165,13.915333487093449
3,1.0,0,0.0,The shipment of core samples travelled under consignment code,HU79,SN92,-1.4952850341796875,-1.0459294319152832,-1.5899415016174316,15.858280199114233,18.956995740765706,18.54397677187808
3,1.0,1,0.0909,The freight siding at Kelder appears on the plan as track,EM87,DV74,3.2234036922454834,2.2701778411865234,1.5294818878173828,13.456574373180047,13.490117055480368,12.641852564760484
3,1.0,2,0.1818,The signal lamp housing takes fitting code,RW84,JP91,0.5614356994628906,1.7787246704101562,1.071786880493164,16.314556170022115,17.4861410332378,16.797805070178583
3,1.0,3,0.2727,The coastal watchtower is designated post,CV11,KP43,-3.6178717613220215,-3.307786464691162,-4.472618579864502,17.584955881349742,19.804431525990367,19.656326117692515
3,1.0,4,0.3636,The winter supply manifest lists lot number,RJ80,SK80,0.20439720153808594,0.8370060920715332,0.7211833000183105,15.400217169895768,15.898768799612299,15.691243239329197
3,1.0,5,0.4545,The ice core drilling rig was delivered as unit,HG70,LA63,-0.4148874282836914,0.24155759811401367,-0.4881124496459961,17.34542323538335,20.04351767973276,17.356491584170726
3,1.0,6,0.5455,The lighthouse relief roster follows schedule,TT70,UL12,-1.0970635414123535,-0.1136016845703125,-0.8091192245483398,15.39691355789546,16.759285169740906,15.922894716262817
3,1.0,7,0.6364,The harbour pilot's licence shows registration code,NW29,NV85,0.12036371231079102,-0.1993708610534668,-0.12939691543579102,17.86741117760539,20.474144019419327,18.391355667612515
3,1.0,8,0.7273,The cartography office safe opens with combination,HW29,WE17,0.17244482040405273,0.3476395606994629,0.17833805084228516,17.268028857186437,19.244817312748637,18.870685561967548
3,1.0,9,0.8182,The reserve fuel depot is listed at site code,SN11,WW52,0.30921459197998047,0.5510611534118652,0.6241073608398438,18.591426964849234,20.933823561412282,19.159042412531562
3,1.0,10,0.9091,The medical supply locker was closed with seal number,XC30,QM96,-0.7571659088134766,-0.5979771614074707,-0.4629793167114258,17.19708473677747,17.264943612273782,17.7105051841354
3,1.0,11,1.0,The diesel storage tank is stencilled vessel number,UB48,MV45,0.5340404510498047,0.22273778915405273,0.26581382751464844,17.094907697290182,18.684637441532686,18.31620959728025
3,3.0,0,0.0,The shipment of core samples travelled under consignment code,HU79,SN92,-1.4952850341796875,0.4243431091308594,-0.614253044128418,15.858280199114233,15.150208808481693,16.59048855304718
3,3.0,1,0.0909,The freight siding at Kelder appears on the plan as track,EM87,DV74,3.2234036922454834,3.5874032974243164,2.83319091796875,13.456574373180047,12.58575811283663,11.344981144182384
3,3.0,2,0.1818,The signal lamp housing takes fitting code,RW84,JP91,0.5614356994628906,2.992288112640381,0.8748769760131836,16.314556170022115,15.863122663460672,15.312290916219354
3,3.0,3,0.2727,The coastal watchtower is designated post,CV11,KP43,-3.6178717613220215,-0.28163743019104004,-4.959893226623535,17.584955881349742,17.851402095984668,15.43830351345241
3,3.0,4,0.3636,The winter supply manifest lists lot number,RJ80,SK80,0.20439720153808594,3.346858263015747,1.610506534576416,15.400217169895768,16.27548244316131,14.563190908636898
3,3.0,5,0.4545,The ice core drilling rig was delivered as unit,HG70,LA63,-0.4148874282836914,4.170788049697876,-0.9629182815551758,17.34542323538335,15.088915191125125,15.161770672770217
3,3.0,6,0.5455,The lighthouse relief roster follows schedule,TT70,UL12,-1.0970635414123535,2.7269065380096436,-0.22948837280273438,15.39691355789546,12.620692857075483,14.18025745311752
3,3.0,7,0.6364,The harbour pilot's licence shows registration code,NW29,NV85,0.12036371231079102,-0.2913856506347656,-0.1649794578552246,17.86741117760539,17.249698816798627,15.283772177994251
3,3.0,8,0.7273,The cartography office safe opens with combination,HW29,WE17,0.17244482040405273,2.570906639099121,0.6067171096801758,17.268028857186437,18.636419246904552,16.59130980167538
3,3.0,9,0.8182,The reserve fuel depot is listed at site code,SN11,WW52,0.30921459197998047,5.710827350616455,1.5558648109436035,18.591426964849234,21.060633258661255,19.355660357978195
3,3.0,10,0.9091,The medical supply locker was closed with seal number,XC30,QM96,-0.7571659088134766,1.520380973815918,-3.5471973419189453,17.19708473677747,13.129309425130486,13.142778567038476
3,3.0,11,1.0,The diesel storage tank is stencilled vessel number,UB48,MV45,0.5340404510498047,1.4653172492980957,0.15613508224487305,17.094907697290182,14.8430877039209,14.193812272511423
3,4.0,0,0.0,The shipment of core samples travelled under consignment code,HU79,SN92,-1.4952850341796875,0.6155142784118652,-0.7132143974304199,15.858280199114233,11.843224793672562,12.866069197654724
3,4.0,1,0.0909,The freight siding at Kelder appears on the plan as track,EM87,DV74,3.2234036922454834,5.4779698848724365,1.4855408668518066,13.456574373180047,12.365145079791546,10.512606918811798
3,4.0,2,0.1818,The signal lamp housing takes fitting code,RW84,JP91,0.5614356994628906,3.0293936729431152,1.2105441093444824,16.314556170022115,16.674185359850526,14.7479088883847
3,4.0,3,0.2727,The coastal watchtower is designated post,CV11,KP43,-3.6178717613220215,-1.8244414329528809,-5.179902076721191,17.584955881349742,17.850409136153758,15.575817636214197
3,4.0,4,0.3636,The winter supply manifest lists lot number,RJ80,SK80,0.20439720153808594,2.9137253761291504,1.0040240287780762,15.400217169895768,16.640280830208212,14.584474529139698
3,4.0,5,0.4545,The ice core drilling rig was delivered as unit,HG70,LA63,-0.4148874282836914,3.0820765495300293,-0.5213894844055176,17.34542323538335,15.858901804778725,15.114084839820862
3,4.0,6,0.5455,The lighthouse relief roster follows schedule,TT70,UL12,-1.0970635414123535,1.89925217628479,-0.7567663192749023,15.39691355789546,14.937587401363999,14.808639803435653
3,4.0,7,0.6364,The harbour pilot's licence shows registration code,NW29,NV85,0.12036371231079102,1.0048432350158691,1.1883559226989746,17.86741117760539,17.28792917728424,15.342182319611311
3,4.0,8,0.7273,The cartography office safe opens with combination,HW29,WE17,0.17244482040405273,3.548935651779175,0.8907151222229004,17.268028857186437,19.042283047921956,16.479189736768603
3,4.0,9,0.8182,The reserve fuel depot is listed at site code,SN11,WW52,0.30921459197998047,5.261572360992432,0.9166154861450195,18.591426964849234,19.548933329060674,18.838926818221807
3,4.0,10,0.9091,The medical supply locker was closed with seal number,XC30,QM96,-0.7571659088134766,0.7585115432739258,-3.752896785736084,17.19708473677747,13.25287315621972,13.197698943316936
3,4.0,11,1.0,The diesel storage tank is stencilled vessel number,UB48,MV45,0.5340404510498047,1.8353238105773926,0.2675952911376953,17.094907697290182,14.243731527589262,13.776929419487715
3,6.0,0,0.0,The shipment of core samples travelled under consignment code,HU79,SN92,-1.4952850341796875,1.091404914855957,-0.33803606033325195,15.858280199114233,11.840330839157104,12.781064867973328
3,6.0,1,0.0909,The freight siding at Kelder appears on the plan as track,EM87,DV74,3.2234036922454834,6.074169397354126,2.4902586936950684,13.456574373180047,11.860421013087034,10.781549796462059
3,6.0,2,0.1818,The signal lamp housing takes fitting code,RW84,JP91,0.5614356994628906,4.319382429122925,1.3351449966430664,16.314556170022115,16.442632305435836,16.912083368748426
3,6.0,3,0.2727,The coastal watchtower is designated post,CV11,KP43,-3.6178717613220215,-3.159844398498535,-3.4494709968566895,17.584955881349742,18.064046138897538,17.46701331436634
3,6.0,4,0.3636,The winter supply manifest lists lot number,RJ80,SK80,0.20439720153808594,2.1859710216522217,-0.2346782684326172,15.400217169895768,17.275567893404514,16.79129322618246
3,6.0,5,0.4545,The ice core drilling rig was delivered as unit,HG70,LA63,-0.4148874282836914,3.379274845123291,0.241943359375,17.34542323538335,16.487273358739913,15.890744641423225
3,6.0,6,0.5455,The lighthouse relief roster follows schedule,TT70,UL12,-1.0970635414123535,-2.1298413276672363,-3.4333739280700684,15.39691355789546,16.227831649128348,15.939658782444894
3,6.0,7,0.6364,The harbour pilot's licence shows registration code,NW29,NV85,0.12036371231079102,2.265352964401245,2.5563230514526367,17.86741117760539,18.70421780832112,17.54076295159757
3,6.0,8,0.7273,The cartography office safe opens with combination,HW29,WE17,0.17244482040405273,4.646243572235107,1.1241073608398438,17.268028857186437,19.737910967320204,19.609100610017776
3,6.0,9,0.8182,The reserve fuel depot is listed at site code,SN11,WW52,0.30921459197998047,3.978686809539795,0.5229954719543457,18.591426964849234,20.954800814855844,18.778081293217838
3,6.0,10,0.9091,The medical supply locker was closed with seal number,XC30,QM96,-0.7571659088134766,2.5202484130859375,-2.6645398139953613,17.19708473677747,11.582841087132692,12.940511405467987
3,6.0,11,1.0,The diesel storage tank is stencilled vessel number,UB48,MV45,0.5340404510498047,1.1227102279663086,-1.3044562339782715,17.094907697290182,14.300428472459316,14.945334326475859
3,8.0,0,0.0,The shipment of core samples travelled under consignment code,HU79,SN92,-1.4952850341796875,-0.28231382369995117,0.15620732307434082,15.858280199114233,8.135133504867554,8.190982580184937
3,8.0,1,0.0909,The freight siding at Kelder appears on the plan as track,EM87,DV74,3.2234036922454834,3.611415386199951,1.8101592063903809,13.456574373180047,6.910609602928162,6.612043499946594
3,8.0,2,0.1818,The signal lamp housing takes fitting code,RW84,JP91,0.5614356994628906,0.6008381843566895,3.1877174377441406,16.314556170022115,10.521391570568085,13.553264319896698
3,8.0,3,0.2727,The coastal watchtower is designated post,CV11,KP43,-3.6178717613220215,-0.8237318992614746,-1.9691238403320312,17.584955881349742,11.6561658680439,12.475509107112885
3,8.0,4,0.3636,The winter supply manifest lists lot number,RJ80,SK80,0.20439720153808594,-0.7695937156677246,-0.7498040199279785,15.400217169895768,11.859404169023037,14.804768063127995
3,8.0,5,0.4545,The ice core drilling rig was delivered as unit,HG70,LA63,-0.4148874282836914,2.5055809020996094,1.873293399810791,17.34542323538335,14.375285357236862,13.132421180605888
3,8.0,6,0.5455,The lighthouse relief roster follows schedule,TT70,UL12,-1.0970635414123535,-1.0627732276916504,-1.505587100982666,15.39691355789546,12.737425059080124,14.385809045284986
3,8.0,7,0.6364,The harbour pilot's licence shows registration code,NW29,NV85,0.12036371231079102,1.184652328491211,3.359175205230713,17.86741117760539,13.449680432677269,12.398128345608711
3,8.0,8,0.7273,The cartography office safe opens with combination,HW29,WE17,0.17244482040405273,1.120114803314209,2.1209769248962402,17.268028857186437,15.894953198730946,16.260947838425636
3,8.0,9,0.8182,The reserve fuel depot is listed at site code,SN11,WW52,0.30921459197998047,3.817223072052002,0.8318052291870117,18.591426964849234,13.03986706584692,12.34296615049243
3,8.0,10,0.9091,The medical supply locker was closed with seal number,XC30,QM96,-0.7571659088134766,1.0330204963684082,0.7915327548980713,17.19708473677747,9.839177027344704,9.85520738363266
3,8.0,11,1.0,The diesel storage tank is stencilled vessel number,UB48,MV45,0.5340404510498047,1.0975399017333984,-1.1287927627563477,17.094907697290182,12.208258114755154,13.177021779119968
3,12.0,0,0.0,The shipment of core samples travelled under consignment code,HU79,SN92,-1.4952850341796875,1.4357504844665527,-0.26991868019104004,15.858280199114233,6.219843149185181,2.217914342880249
3,12.0,1,0.0909,The freight siding at Kelder appears on the plan as track,EM87,DV74,3.2234036922454834,2.009714126586914,-0.2199268341064453,13.456574373180047,3.3556100130081177,0.4357876777648926
3,12.0,2,0.1818,The signal lamp housing takes fitting code,RW84,JP91,0.5614356994628906,-0.33213376998901367,4.549678325653076,16.314556170022115,7.640113115310669,7.029427170753479
3,12.0,3,0.2727,The coastal watchtower is designated post,CV11,KP43,-3.6178717613220215,-0.6561112403869629,2.0572266578674316,17.584955881349742,4.025083541870117,4.0527567863464355
3,12.0,4,0.3636,The winter supply manifest lists lot number,RJ80,SK80,0.20439720153808594,-0.6775383949279785,-0.7795758247375488,15.400217169895768,7.2611188888549805,7.030007362365723
3,12.0,5,0.4545,The ice core drilling rig was delivered as unit,HG70,LA63,-0.4148874282836914,-2.167677879333496,0.354217529296875,17.34542323538335,7.768962502479553,9.034032702445984
3,12.0,6,0.5455,The lighthouse relief roster follows schedule,TT70,UL12,-1.0970635414123535,0.4519634246826172,0.582150936126709,15.39691355789546,5.651045322418213,4.617740631103516
3,12.0,7,0.6364,The harbour pilot's licence shows registration code,NW29,NV85,0.12036371231079102,1.851668357849121,4.116291046142578,17.86741117760539,5.063704013824463,8.482412219047546
3,12.0,8,0.7273,The cartography office safe opens with combination,HW29,WE17,0.17244482040405273,0.7341885566711426,1.2261924743652344,17.268028857186437,12.969847798347473,14.335172027349472
3,12.0,9,0.8182,The reserve fuel depot is listed at site code,SN11,WW52,0.30921459197998047,1.7076129913330078,1.7319798469543457,18.591426964849234,9.400940537452698,8.00094223022461
3,12.0,10,0.9091,The medical supply locker was closed with seal number,XC30,QM96,-0.7571659088134766,-3.0991458892822266,-0.30002784729003906,17.19708473677747,8.238748982548714,8.90076059103012
3,12.0,11,1.0,The diesel storage tank is stencilled vessel number,UB48,MV45,0.5340404510498047,2.5028066635131836,-0.09743070602416992,17.094907697290182,4.531444311141968,9.705993086099625
4,1.0,0,0.0,The survey team's theodolite bears serial number,HK23,DB17,0.17374205589294434,1.59983491897583,1.321676254272461,19.464147793594748,19.31978272087872,19.536973033100367
4,1.0,1,0.0909,The freight siding at Kelder appears on the plan as track,EC18,VB79,1.7838945388793945,2.1754980087280273,0.9183797836303711,19.967292599612847,18.106664443621412,17.464888627640903
4,1.0,2,0.1818,The meteorological buoy broadcasts on transponder code,AN80,LB25,-2.1207833290100098,-1.6318392753601074,-1.6589775085449219,18.437404210679233,21.8300629776204,21.621501278830692
4,1.0,3,0.2727,The customs declaration quotes reference code,KB38,SK62,-0.6520204544067383,-0.5233559608459473,-0.8666634559631348,16.40286220284179,15.956584430416115,15.851032657548785
4,1.0,4,0.3636,The hydrographic chart set reached edition,ST56,WG71,3.1505517959594727,5.520186901092529,4.688874244689941,19.594175429898314,21.83730404858943,22.734542079328094
4,1.0,5,0.4545,The coastal watchtower is designated post,GF49,GH66,1.0576233863830566,-0.17164325714111328,-0.8122997283935547,19.02044756920077,20.86525011761114,19.179984079208225
4,1.0,6,0.5455,The border checkpoint ledger opens at entry code,KW57,PR14,-1.5222058296203613,-1.0661602020263672,-1.1303315162658691,17.792717898031697,18.125170225976035,18.226307150442153
4,1.0,7,0.6364,The quartermaster's tally sheet uses form number,CV53,HP66,0.26186656951904297,-0.21779584884643555,-0.3874378204345703,22.802190229063854,23.27886964206118,22.962609028618317
4,1.0,8,0.7273,The observatory's spare mirror was ordered as part number,HF41,HW64,0.797762393951416,1.4383964538574219,1.2696599960327148,13.887897594366223,14.057358728023246,14.759584952145815
4,1.0,9,0.8182,The auxiliary generator was tagged asset number,RJ21,GR34,-1.8197112083435059,-2.1676840782165527,-1.725937843322754,15.969512674026191,18.252984317950904,18.370425002882257
4,1.0,10,0.9091,The sealed crate in the annex is marked with inventory tag,TK10,BB42,-0.3693385124206543,0.9888572692871094,0.4549431800842285,21.18983620358631,21.384448934579268,21.54859659029171
4,1.0,11,1.0,The northern relay station operates under callsign,SG62,GH63,0.4727764129638672,-0.19158601760864258,-0.27564048767089844,16.719759912695736,17.125093834241852,17.01557886635419
4,3.0,0,0.0,The survey team's theodolite bears serial number,HK23,DB17,0.17374205589294434,4.373856067657471,1.066723346710205,19.464147793594748,16.95580132259056,16.371610797941685
4,3.0,1,0.0909,The freight siding at Kelder appears on the plan as track,EC18,VB79,1.7838945388793945,5.15883731842041,-0.32369422912597656,19.967292599612847,18.905654654838145,17.732753394171596
4,3.0,2,0.1818,The meteorological buoy broadcasts on transponder code,AN80,LB25,-2.1207833290100098,0.40305471420288086,-2.00484561920166,18.437404210679233,20.424116181675345,20.603854928631335
4,3.0,3,0.2727,The customs declaration quotes reference code,KB38,SK62,-0.6520204544067383,-1.2909340858459473,-1.31156587600708,16.40286220284179,15.34022887982428,14.370086710900068
4,3.0,4,0.3636,The hydrographic chart set reached edition,ST56,WG71,3.1505517959594727,5.99857759475708,6.164218425750732,19.594175429898314,19.527260256931186,18.9765024734661
4,3.0,5,0.4545,The coastal watchtower is designated post,GF49,GH66,1.0576233863830566,0.4121546745300293,-0.24488353729248047,19.02044756920077,18.988908872473985,18.395143228117377
4,3.0,6,0.5455,The border checkpoint ledger opens at entry code,KW57,PR14,-1.5222058296203613,0.7031216621398926,-1.0736503601074219,17.792717898031697,17.046462066937238,15.945656816475093
4,3.0,7,0.6364,The quartermaster's tally sheet uses form number,CV53,HP66,0.26186656951904297,1.1081719398498535,0.17661237716674805,22.802190229063854,19.852362720062956,19.485398401506245
4,3.0,8,0.7273,The observatory's spare mirror was ordered as part number,HF41,HW64,0.797762393951416,1.5483360290527344,1.5180268287658691,13.887897594366223,15.058432911289856,14.460978519753553
4,3.0,9,0.8182,The auxiliary generator was tagged asset number,RJ21,GR34,-1.8197112083435059,-3.2283008098602295,-4.295449256896973,15.969512674026191,18.266788112930954,18.09236625302583
4,3.0,10,0.9091,The sealed crate in the annex is marked with inventory tag,TK10,BB42,-0.3693385124206543,0.9336080551147461,-0.21893024444580078,21.18983620358631,19.30761583475396,20.031692295800894
4,3.0,11,1.0,The northern relay station operates under callsign,SG62,GH63,0.4727764129638672,-0.8501396179199219,-1.456986427307129,16.719759912695736,14.700345733202994,15.08859343174845
4,4.0,0,0.0,The survey team's theodolite bears serial number,HK23,DB17,0.17374205589294434,5.90463924407959,1.6932764053344727,19.464147793594748,16.457153238356113,15.301863903179765
4,4.0,1,0.0909,The freight siding at Kelder appears on the plan as track,EC18,VB79,1.7838945388793945,7.33844518661499,0.5314469337463379,19.967292599612847,19.24858761113137,17.037984644062817
4,4.0,2,0.1818,The meteorological buoy broadcasts on transponder code,AN80,LB25,-2.1207833290100098,0.5994162559509277,-1.72963285446167,18.437404210679233,20.88432876393199,20.700134886428714
4,4.0,3,0.2727,The customs declaration quotes reference code,KB38,SK62,-0.6520204544067383,0.18761062622070312,-1.328195571899414,16.40286220284179,15.25088410358876,14.024754672311246
4,4.0,4,0.3636,The hydrographic chart set reached edition,ST56,WG71,3.1505517959594727,5.605863451957703,5.172800302505493,19.594175429898314,19.347115812357515,19.56273738015443
4,4.0,5,0.4545,The coastal watchtower is designated post,GF49,GH66,1.0576233863830566,0.9138879776000977,-0.22361183166503906,19.02044756920077,18.728401901898906,17.115940349642187
4,4.0,6,0.5455,The border checkpoint ledger opens at entry code,KW57,PR14,-1.5222058296203613,2.4709718227386475,-0.9250960350036621,17.792717898031697,17.68772247992456,16.38343545072712
4,4.0,7,0.6364,The quartermaster's tally sheet uses form number,CV53,HP66,0.26186656951904297,0.30037879943847656,-0.07592296600341797,22.802190229063854,19.897579696495086,18.757998856715858
4,4.0,8,0.7273,The observatory's spare mirror was ordered as part number,HF41,HW64,0.797762393951416,2.720158100128174,1.599881649017334,13.887897594366223,14.031308790668845,13.478954988066107
4,4.0,9,0.8182,The auxiliary generator was tagged asset number,RJ21,GR34,-1.8197112083435059,-2.7382092475891113,-4.28955340385437,15.969512674026191,17.474686942063272,17.58012684993446
4,4.0,10,0.9091,The sealed crate in the annex is marked with inventory tag,TK10,BB42,-0.3693385124206543,0.22029900550842285,-0.9584851264953613,21.18983620358631,19.63639095891267,19.772383846808225
4,4.0,11,1.0,The northern relay station operates under callsign,SG62,GH63,0.4727764129638672,-1.307607650756836,-1.806553840637207,16.719759912695736,14.844616886228323,14.805142560042441
4,6.0,0,0.0,The survey team's theodolite bears serial number,HK23,DB17,0.17374205589294434,7.323530435562134,3.1356749534606934,19.464147793594748,15.459255754947662,15.418971475213766
4,6.0,1,0.0909,The freight siding at Kelder appears on the plan as track,EC18,VB79,1.7838945388793945,5.4684906005859375,0.9612212181091309,19.967292599612847,17.53967945277691,17.159554342739284
4,6.0,2,0.1818,The meteorological buoy broadcasts on transponder code,AN80,LB25,-2.1207833290100098,-2.30989933013916,-2.418959140777588,18.437404210679233,20.907542458735406,18.63501775637269
4,6.0,3,0.2727,The customs declaration quotes reference code,KB38,SK62,-0.6520204544067383,-0.5444927215576172,-1.2481584548950195,16.40286220284179,12.721604488790035,11.253183845430613
4,6.0,4,0.3636,The hydrographic chart set reached edition,ST56,WG71,3.1505517959594727,2.4503095149993896,2.7785513401031494,19.594175429898314,20.660611684434116,19.564000986516476
4,6.0,5,0.4545,The coastal watchtower is designated post,GF49,GH66,1.0576233863830566,-2.011448383331299,-2.10606050491333,19.02044756920077,18.98976624617353,15.312387252226472
4,6.0,6,0.5455,The border checkpoint ledger opens at entry code,KW57,PR14,-1.5222058296203613,0.9582018852233887,-0.3526310920715332,17.792717898031697,19.328344587236643,17.306411288678646
4,6.0,7,0.6364,The quartermaster's tally sheet uses form number,CV53,HP66,0.26186656951904297,-1.8432235717773438,-1.2364788055419922,22.802190229063854,19.42846706137061,17.777509346604347
4,6.0,8,0.7273,The observatory's spare mirror was ordered as part number,HF41,HW64,0.797762393951416,1.5899052619934082,1.3645472526550293,13.887897594366223,13.319171393290162,11.70760977640748
4,6.0,9,0.8182,The auxiliary generator was tagged asset number,RJ21,GR34,-1.8197112083435059,-3.9892377853393555,-4.372854709625244,15.969512674026191,15.84834012738429,14.304200561717153
4,6.0,10,0.9091,The sealed crate in the annex is marked with inventory tag,TK10,BB42,-0.3693385124206543,-2.8295202255249023,-2.8903872966766357,21.18983620358631,20.673364629969,19.209884013980627
4,6.0,11,1.0,The northern relay station operates under callsign,SG62,GH63,0.4727764129638672,-1.3636178970336914,-1.6856679916381836,16.719759912695736,15.89380813576281,16.109846983104944
4,8.0,0,0.0,The survey team's theodolite bears serial number,HK23,DB17,0.17374205589294434,5.291482925415039,2.7749667167663574,19.464147793594748,16.568888559937477,14.187214687466621
4,8.0,1,0.0909,The freight siding at Kelder appears on the plan as track,EC18,VB79,1.7838945388793945,3.581021785736084,2.705911636352539,19.967292599612847,13.107071740552783,11.398595593869686
4,8.0,2,0.1818,The meteorological buoy broadcasts on transponder code,AN80,LB25,-2.1207833290100098,-1.3572421073913574,-0.8872461318969727,18.437404210679233,19.948359210044146,16.3708125539124
4,8.0,3,0.2727,The customs declaration quotes reference code,KB38,SK62,-0.6520204544067383,0.1744844913482666,-2.3770503997802734,16.40286220284179,12.452498245984316,14.392855728045106
4,8.0,4,0.3636,The hydrographic chart set reached edition,ST56,WG71,3.1505517959594727,0.3751864433288574,1.1931915283203125,19.594175429898314,18.671088758856058,16.650961481034756
4,8.0,5,0.4545,The coastal watchtower is designated post,GF49,GH66,1.0576233863830566,-1.8710122108459473,-3.4770240783691406,19.02044756920077,17.491452023386955,13.355164613574743
4,8.0,6,0.5455,The border checkpoint ledger opens at entry code,KW57,PR14,-1.5222058296203613,-0.1846141815185547,-1.1995620727539062,17.792717898031697,15.354632686823606,12.71290560439229
4,8.0,7,0.6364,The quartermaster's tally sheet uses form number,CV53,HP66,0.26186656951904297,-1.5966968536376953,-1.6069977283477783,22.802190229063854,18.187514474615455,17.334004485979676
4,8.0,8,0.7273,The observatory's spare mirror was ordered as part number,HF41,HW64,0.797762393951416,0.2693819999694824,0.5029573440551758,13.887897594366223,13.106798933818936,11.04401882365346
4,8.0,9,0.8182,The auxiliary generator was tagged asset number,RJ21,GR34,-1.8197112083435059,-4.0151567459106445,-3.483989953994751,15.969512674026191,12.109105190262198,12.631789712235332
4,8.0,10,0.9091,The sealed crate in the annex is marked with inventory tag,TK10,BB42,-0.3693385124206543,-4.722651958465576,-5.577303886413574,21.18983620358631,20.343292348086834,19.427154660224915
4,8.0,11,1.0,The northern relay station operates under callsign,SG62,GH63,0.4727764129638672,-0.7880940437316895,-1.5528717041015625,16.719759912695736,16.458787370473146,16.12087381631136
4,12.0,0,0.0,The survey team's theodolite bears serial number,HK23,DB17,0.17374205589294434,2.221601963043213,2.141968250274658,19.464147793594748,10.601137638092041,10.995927095413208
4,12.0,1,0.0909,The freight siding at Kelder appears on the plan as track,EC18,VB79,1.7838945388793945,1.865415096282959,0.959505558013916,19.967292599612847,4.664723634719849,4.052817940711975
4,12.0,2,0.1818,The meteorological buoy broadcasts on transponder code,AN80,LB25,-2.1207833290100098,0.7010717391967773,0.6041164398193359,18.437404210679233,14.012961983680725,8.902983903884888
4,12.0,3,0.2727,The customs declaration quotes reference code,KB38,SK62,-0.6520204544067383,0.5057621002197266,-1.0686686038970947,16.40286220284179,13.093772433698177,7.174863815307617
4,12.0,4,0.3636,The hydrographic chart set reached edition,ST56,WG71,3.1505517959594727,0.14678573608398438,1.3763656616210938,19.594175429898314,14.494277447462082,10.498480081558228
4,12.0,5,0.4545,The coastal watchtower is designated post,GF49,GH66,1.0576233863830566,-1.8482494354248047,-2.266352653503418,19.02044756920077,14.15871974825859,7.572488784790039
4,12.0,6,0.5455,The border checkpoint ledger opens at entry code,KW57,PR14,-1.5222058296203613,-1.616335391998291,-1.2688212394714355,17.792717898031697,11.654662892222404,5.763012051582336
4,12.0,7,0.6364,The quartermaster's tally sheet uses form number,CV53,HP66,0.26186656951904297,-1.252248764038086,-1.388028621673584,22.802190229063854,13.905421145260334,12.654704414308071
4,12.0,8,0.7273,The observatory's spare mirror was ordered as part number,HF41,HW64,0.797762393951416,-0.4897146224975586,-1.4320921897888184,13.887897594366223,10.00556717067957,8.959824472665787
4,12.0,9,0.8182,The auxiliary generator was tagged asset number,RJ21,GR34,-1.8197112083435059,-3.155435562133789,-3.289214611053467,15.969512674026191,7.61564202606678,7.4270172119140625
4,12.0,10,0.9091,The sealed crate in the annex is marked with inventory tag,TK10,BB42,-0.3693385124206543,-5.374770164489746,-5.066941499710083,21.18983620358631,16.741928212344646,12.071402966976166
4,12.0,11,1.0,The northern relay station operates under callsign,SG62,GH63,0.4727764129638672,0.9244194030761719,0.34607648849487305,16.719759912695736,13.725438244640827,12.379224136471748
5,1.0,0,0.0,The coastal watchtower is designated post,SA69,VT61,-0.6442947387695312,1.6545186042785645,-1.7146759033203125,15.725785925751552,18.628716303268448,18.374597399495542
5,1.0,1,0.0909,The cartography office safe opens with combination,HW16,BH86,-2.3786396980285645,-1.5970783233642578,-2.5297279357910156,19.91980125871487,19.895211243769154,19.647332127206028
5,1.0,2,0.1818,The quartermaster's tally sheet uses form number,FD57,MJ68,-0.6090230941772461,-0.1735668182373047,-0.38684940338134766,17.03518639021786,16.61092684941832,14.575719574466348
5,1.0,3,0.2727,The auxiliary generator was tagged asset number,RH58,WP28,0.5533895492553711,0.7766070365905762,0.7124414443969727,17.29019874241203,17.784362120670266,16.57026266050525
5,1.0,4,0.3636,The winter quarters roof panel came from batch,TD83,BW14,0.17235946655273438,1.0970940589904785,0.6519603729248047,14.560308784246445,15.914962597307749,15.3751337507274
5,1.0,5,0.4545,The seismograph at Ridge Camp reports as instrument,HA37,RL36,-0.907433032989502,-0.6257925033569336,-1.308943748474121,16.98813546751626,18.32716806040844,18.182031674077734
5,1.0,6,0.5455,The eastern pumping station runs on circuit label,PJ33,EZ82,1.4540481567382812,0.9027676582336426,0.6516222953796387,15.612824346404523,16.4720966166351,16.625857183826156
5,1.0,7,0.6364,The salvage tender was registered with hull number,NF19,EW62,0.1862492561340332,0.03874921798706055,-0.44234275817871094,13.113046802813187,14.813512432796415,13.862579455017112
5,1.0,8,0.7273,The radio operator's logbook continues in volume,EV89,DF65,-0.8144361972808838,-0.6580181121826172,-0.3035290241241455,20.676131008192897,20.356858924613334,20.140147962141782
5,1.0,9,0.8182,The reserve fuel depot is listed at site code,QE26,ME17,-0.6072158813476562,0.11362648010253906,0.31163644790649414,14.090161998290569,17.26059348776471,14.737734552007169
5,1.0,10,0.9091,The telegraph repeater hut answers to station code,AA36,PK28,-1.0235004425048828,-0.18879270553588867,-0.4362187385559082,15.731838565086946,18.16610981966369,17.13351327145938
5,1.0,11,1.0,The observatory's spare mirror was ordered as part number,GF31,SQ72,-0.5687551498413086,-0.4097309112548828,-0.3679697513580322,18.234485827910248,18.01243215613067,16.828635172219947
5,3.0,0,0.0,The coastal watchtower is designated post,SA69,VT61,-0.6442947387695312,5.2935075759887695,-1.1193256378173828,15.725785925751552,14.384655509144068,15.438288323581219
5,3.0,1,0.0909,The cartography office safe opens with combination,HW16,BH86,-2.3786396980285645,-1.1489653587341309,-2.3479461669921875,19.91980125871487,18.809796068817377,19.058249763213098
5,3.0,2,0.1818,The quartermaster's tally sheet uses form number,FD57,MJ68,-0.6090230941772461,0.4497990608215332,-0.23928260803222656,17.03518639021786,14.77307623391971,14.186770020984113
5,3.0,3,0.2727,The auxiliary generator was tagged asset number,RH58,WP28,0.5533895492553711,1.1818585395812988,-1.1912846565246582,17.29019874241203,14.196970132179558,13.806661338545382
5,3.0,4,0.3636,The winter quarters roof panel came from batch,TD83,BW14,0.17235946655273438,4.551575660705566,0.7307600975036621,14.560308784246445,14.497582675889134,14.962042482569814
5,3.0,5,0.4545,The seismograph at Ridge Camp reports as instrument,HA37,RL36,-0.907433032989502,1.8272705078125,-2.3739895820617676,16.98813546751626,15.306572689209133,15.56618760805577
5,3.0,6,0.5455,The eastern pumping station runs on circuit label,PJ33,EZ82,1.4540481567382812,3.1593594551086426,0.6673026084899902,15.612824346404523,13.628434590995312,15.825961014255881
5,3.0,7,0.6364,The salvage tender was registered with hull number,NF19,EW62,0.1862492561340332,0.5337848663330078,0.7220358848571777,13.113046802813187,10.63312117755413,10.655786448158324
5,3.0,8,0.7273,The radio operator's logbook continues in volume,EV89,DF65,-0.8144361972808838,0.3045623302459717,-0.8273487091064453,20.676131008192897,20.468699394725263,20.520883671939373
5,3.0,9,0.8182,The reserve fuel depot is listed at site code,QE26,ME17,-0.6072158813476562,-0.46183156967163086,-1.4172377586364746,14.090161998290569,15.851687737274915,13.746066400315613
5,3.0,10,0.9091,The telegraph repeater hut answers to station code,AA36,PK28,-1.0235004425048828,1.563117504119873,1.210000991821289,15.731838565086946,15.835995073895901,15.622916906606406
5,3.0,11,1.0,The observatory's spare mirror was ordered as part number,GF31,SQ72,-0.5687551498413086,1.4037699699401855,2.035696506500244,18.234485827910248,16.504299166612327,14.652749802917242
5,4.0,0,0.0,The coastal watchtower is designated post,SA69,VT61,-0.6442947387695312,6.789498805999756,0.012769222259521484,15.725785925751552,15.95241074822843,14.435218386352062
5,4.0,1,0.0909,The cartography office safe opens with combination,HW16,BH86,-2.3786396980285645,-1.4045867919921875,-3.2914185523986816,19.91980125871487,16.627200201153755,18.455316931009293
5,4.0,2,0.1818,The quartermaster's tally sheet uses form number,FD57,MJ68,-0.6090230941772461,1.0609383583068848,0.08121109008789062,17.03518639021786,14.435273448005319,14.781832905486226
5,4.0,3,0.2727,The auxiliary generator was tagged asset number,RH58,WP28,0.5533895492553711,2.2581820487976074,-0.47075986862182617,17.29019874241203,16.23127792403102,16.26732107438147
5,4.0,4,0.3636,The winter quarters roof panel came from batch,TD83,BW14,0.17235946655273438,5.314319133758545,1.5703620910644531,14.560308784246445,14.360045725945383,16.350631637498736
5,4.0,5,0.4545,The seismograph at Ridge Camp reports as instrument,HA37,RL36,-0.907433032989502,1.9532055854797363,-1.9167098999023438,16.98813546751626,15.771250152494758,15.464009246788919
5,4.0,6,0.5455,The eastern pumping station runs on circuit label,PJ33,EZ82,1.4540481567382812,1.0669384002685547,0.43045759201049805,15.612824346404523,14.51048065861687,16.884087431244552
5,4.0,7,0.6364,The salvage tender was registered with hull number,NF19,EW62,0.1862492561340332,0.4325594902038574,0.6086483001708984,13.113046802813187,10.52800832502544,11.168045425787568
5,4.0,8,0.7273,The radio operator's logbook continues in volume,EV89,DF65,-0.8144361972808838,-0.01854252815246582,-1.3302874565124512,20.676131008192897,22.355525513878092,21.670702265575528
5,4.0,9,0.8182,The reserve fuel depot is listed at site code,QE26,ME17,-0.6072158813476562,-0.7923612594604492,-2.013051986694336,14.090161998290569,15.842700524954125,14.761768681928515
5,4.0,10,0.9091,The telegraph repeater hut answers to station code,AA36,PK28,-1.0235004425048828,1.674607753753662,1.6609716415405273,15.731838565086946,15.695079785771668,16.948870881460607
5,4.0,11,1.0,The observatory's spare mirror was ordered as part number,GF31,SQ72,-0.5687551498413086,1.486520767211914,2.7073307037353516,18.234485827910248,15.857225480023772,14.820254034362733
5,6.0,0,0.0,The coastal watchtower is designated post,SA69,VT61,-0.6442947387695312,7.376700401306152,3.7383103370666504,15.725785925751552,12.64705502986908,11.921936243772507
5,6.0,1,0.0909,The cartography office safe opens with combination,HW16,BH86,-2.3786396980285645,-1.7783150672912598,-3.0322890281677246,19.91980125871487,15.698875615373254,11.833261460065842
5,6.0,2,0.1818,The quartermaster's tally sheet uses form number,FD57,MJ68,-0.6090230941772461,1.3996696472167969,0.5208859443664551,17.03518639021786,14.772477589547634,15.248598124831915
5,6.0,3,0.2727,The auxiliary generator was tagged asset number,RH58,WP28,0.5533895492553711,1.3485007286071777,-2.020020008087158,17.29019874241203,16.06398296356201,15.46556899882853
5,6.0,4,0.3636,The winter quarters roof panel came from batch,TD83,BW14,0.17235946655273438,5.423067569732666,2.2255470752716064,14.560308784246445,13.952842328697443,13.193330571055412
5,6.0,5,0.4545,The seismograph at Ridge Camp reports as instrument,HA37,RL36,-0.907433032989502,0.21834325790405273,-1.8134961128234863,16.98813546751626,16.279721349477768,14.493955355137587
5,6.0,6,0.5455,The eastern pumping station runs on circuit label,PJ33,EZ82,1.4540481567382812,-1.5900864601135254,-1.8436708450317383,15.612824346404523,14.117528848350048,16.272429700940847
5,6.0,7,0.6364,The salvage tender was registered with hull number,NF19,EW62,0.1862492561340332,-0.22237348556518555,-0.28485918045043945,13.113046802813187,10.195778831839561,9.70929715782404
5,6.0,8,0.7273,The radio operator's logbook continues in volume,EV89,DF65,-0.8144361972808838,0.06493759155273438,-1.1243367195129395,20.676131008192897,21.047002527164295,20.554718126542866
5,6.0,9,0.8182,The reserve fuel depot is listed at site code,QE26,ME17,-0.6072158813476562,-2.513392448425293,-4.914330005645752,14.090161998290569,13.109652571380138,13.720683813095093
5,6.0,10,0.9091,The telegraph repeater hut answers to station code,AA36,PK28,-1.0235004425048828,2.615703582763672,2.4737348556518555,15.731838565086946,15.162916231900454,17.388507739640772
5,6.0,11,1.0,The observatory's spare mirror was ordered as part number,GF31,SQ72,-0.5687551498413086,2.2756338119506836,3.3890881538391113,18.234485827910248,14.767560366541147,15.247082255780697
5,8.0,0,0.0,The coastal watchtower is designated post,SA69,VT61,-0.6442947387695312,7.218028545379639,3.9060463905334473,15.725785925751552,8.647385835647583,11.219020366668701
5,8.0,1,0.0909,The cartography office safe opens with combination,HW16,BH86,-2.3786396980285645,0.5914440155029297,0.4776639938354492,19.91980125871487,10.762188896536827,8.248848974704742
5,8.0,2,0.1818,The quartermaster's tally sheet uses form number,FD57,MJ68,-0.6090230941772461,1.309847354888916,2.0625648498535156,17.03518639021786,13.507247034460306,16.042286321520805
5,8.0,3,0.2727,The auxiliary generator was tagged asset number,RH58,WP28,0.5533895492553711,-1.387730598449707,-2.37369966506958,17.29019874241203,14.77618544921279,14.226354122161865
5,8.0,4,0.3636,The winter quarters roof panel came from batch,TD83,BW14,0.17235946655273438,3.5572991371154785,3.2023539543151855,14.560308784246445,9.78805024176836,9.37215318530798
5,8.0,5,0.4545,The seismograph at Ridge Camp reports as instrument,HA37,RL36,-0.907433032989502,-2.268461227416992,-2.762782096862793,16.98813546751626,16.03047178313136,16.283344261348248
5,8.0,6,0.5455,The eastern pumping station runs on circuit label,PJ33,EZ82,1.4540481567382812,-3.2483882904052734,-5.019363880157471,15.612824346404523,14.03010804578662,15.10522012412548
5,8.0,7,0.6364,The salvage tender was registered with hull number,NF19,EW62,0.1862492561340332,-0.4483327865600586,-0.19027280807495117,13.113046802813187,10.018641844391823,10.891667075455189
5,8.0,8,0.7273,The radio operator's logbook continues in volume,EV89,DF65,-0.8144361972808838,-0.4752812385559082,-0.7068538665771484,20.676131008192897,19.570158168207854,18.989801589399576
5,8.0,9,0.8182,The reserve fuel depot is listed at site code,QE26,ME17,-0.6072158813476562,-3.74168062210083,-4.374215602874756,14.090161998290569,10.658287070691586,11.86216513812542
5,8.0,10,0.9091,The telegraph repeater hut answers to station code,AA36,PK28,-1.0235004425048828,3.0402798652648926,1.0804634094238281,15.731838565086946,14.061869850382209,16.854678934440017
5,8.0,11,1.0,The observatory's spare mirror was ordered as part number,GF31,SQ72,-0.5687551498413086,4.27559232711792,4.345520496368408,18.234485827910248,15.104113074950874,15.412011351436377
5,12.0,0,0.0,The coastal watchtower is designated post,SA69,VT61,-0.6442947387695312,7.792931795120239,6.235578536987305,15.725785925751552,12.646656274795532,10.88114047050476
5,12.0,1,0.0909,The cartography office safe opens with combination,HW16,BH86,-2.3786396980285645,-2.033839225769043,-0.6229486465454102,19.91980125871487,8.15198278427124,5.015893459320068
5,12.0,2,0.1818,The quartermaster's tally sheet uses form number,FD57,MJ68,-0.6090230941772461,-0.7840757369995117,1.100353717803955,17.03518639021786,12.258093446493149,8.731106638908386
5,12.0,3,0.2727,The auxiliary generator was tagged asset number,RH58,WP28,0.5533895492553711,-2.2660655975341797,-1.7007770538330078,17.29019874241203,8.639092922210693,9.33173942565918
5,12.0,4,0.3636,The winter quarters roof panel came from batch,TD83,BW14,0.17235946655273438,3.227810859680176,2.2930421829223633,14.560308784246445,2.294243335723877,2.617340087890625
5,12.0,5,0.4545,The seismograph at Ridge Camp reports as instrument,HA37,RL36,-0.907433032989502,-2.0470757484436035,-0.9694442749023438,16.98813546751626,4.557555675506592,6.941537857055664
5,12.0,6,0.5455,The eastern pumping station runs on circuit label,PJ33,EZ82,1.4540481567382812,-2.665459632873535,-3.6241064071655273,15.612824346404523,10.66727089881897,8.146219253540039
5,12.0,7,0.6364,The salvage tender was registered with hull number,NF19,EW62,0.1862492561340332,0.1945490837097168,0.46074438095092773,13.113046802813187,4.481192588806152,7.888347029685974
5,12.0,8,0.7273,The radio operator's logbook continues in volume,EV89,DF65,-0.8144361972808838,0.3139920234680176,-0.3149909973144531,20.676131008192897,15.692582055926323,13.270775653421879
5,12.0,9,0.8182,The reserve fuel depot is listed at site code,QE26,ME17,-0.6072158813476562,-3.8681020736694336,-5.306171894073486,14.090161998290569,11.619153439998627,7.617873191833496
5,12.0,10,0.9091,The telegraph repeater hut answers to station code,AA36,PK28,-1.0235004425048828,0.21383285522460938,-0.7080316543579102,15.731838565086946,12.129951044917107,11.368954449892044
5,12.0,11,1.0,The observatory's spare mirror was ordered as part number,GF31,SQ72,-0.5687551498413086,3.1317801475524902,2.881770610809326,18.234485827910248,11.831156492233276,11.718260914087296
6,1.0,0,0.0,The radio operator's logbook continues in volume,UC72,CS64,0.11499500274658203,2.671921730041504,-0.5732705593109131,18.78655686764978,16.35778705077246,16.879877781495452
6,1.0,1,0.0909,The winter supply manifest lists lot number,JB10,RK62,-0.5391292572021484,0.23700857162475586,-0.1347198486328125,17.18519938364625,16.127584569272585,16.25239344406873
6,1.0,2,0.1818,The assay laboratory furnace is a model,EX85,CG97,-1.3245606422424316,0.4757347106933594,0.8551769256591797,16.969263047445565,18.265090577770025,17.75665588839911
6,1.0,3,0.2727,The expedition's spare sledge carries equipment tag,RZ57,ZF12,-1.5997676849365234,-0.7193293571472168,-1.5980582237243652,19.54309197817929,19.918889698019484,20.49152957939077
6,1.0,4,0.3636,The meteorological buoy broadcasts on transponder code,LA44,AT25,0.9451665878295898,1.0673565864562988,1.255453109741211,15.520343814161606,15.812600751698483,15.69416168302996
6,1.0,5,0.4545,The signal lamp housing takes fitting code,RG62,JP63,1.076481819152832,0.22522783279418945,0.026267051696777344,16.353629208286293,16.388060577446595,16.49207101063803
6,1.0,6,0.5455,The botanical specimen case holds accession number,TT97,VR44,-0.719301700592041,-1.170116901397705,-1.6227927207946777,17.811151663772762,21.167973299481673,20.72109397209715
6,1.0,7,0.6364,Ansel's transit permit was issued as document number,DG82,VR94,2.3774170875549316,2.3175048828125,2.167525291442871,18.07465877768118,18.009737124084495,18.027769783162512
6,1.0,8,0.7273,The mail packet from Vlissen came in pouch number,TY43,RR28,0.469789981842041,0.10225486755371094,-0.10567092895507812,18.602374125737697,18.371246200054884,17.76402909506578
6,1.0,9,0.8182,The lighthouse relief roster follows schedule,XV97,KW69,-0.39328956604003906,0.26381397247314453,-0.17707300186157227,19.047354731708765,18.836938348249532,17.938850694918074
6,1.0,10,0.9091,The harbour pilot's licence shows registration code,CP52,LM94,-0.35518503189086914,-0.7577905654907227,-0.06406784057617188,17.113451127544977,16.858367061824538,15.88681342243217
6,1.0,11,1.0,The hydrographic chart set reached edition,CM62,LW60,1.3566217422485352,3.432140827178955,2.1670308113098145,20.208042999729514,20.90909852925688,21.142180944094434
6,3.0,0,0.0,The radio operator's logbook continues in volume,UC72,CS64,0.11499500274658203,4.701807737350464,-1.1427297592163086,18.78655686764978,16.22355118766427,15.79678364098072
6,3.0,1,0.0909,The winter supply manifest lists lot number,JB10,RK62,-0.5391292572021484,-0.34606170654296875,0.59722900390625,17.18519938364625,16.571323961019516,15.185070098377764
6,3.0,2,0.1818,The assay laboratory furnace is a model,EX85,CG97,-1.3245606422424316,2.5719611644744873,2.3796215057373047,16.969263047445565,14.978166727349162,14.366730666719377
6,3.0,3,0.2727,The expedition's spare sledge carries equipment tag,RZ57,ZF12,-1.5997676849365234,1.3801469802856445,-2.247004508972168,19.54309197817929,16.25598281249404,18.95148270810023
6,3.0,4,0.3636,The meteorological buoy broadcasts on transponder code,LA44,AT25,0.9451665878295898,-0.10707569122314453,-0.9699931144714355,15.520343814161606,14.170511679258198,13.66936159436591
6,3.0,5,0.4545,The signal lamp housing takes fitting code,RG62,JP63,1.076481819152832,0.3809468746185303,-1.179222583770752,16.353629208286293,13.018133318051696,13.276270875241607
6,3.0,6,0.5455,The botanical specimen case holds accession number,TT97,VR44,-0.719301700592041,-1.9556655883789062,-2.429091453552246,17.811151663772762,18.61605383688584,19.047298586694524
6,3.0,7,0.6364,Ansel's transit permit was issued as document number,DG82,VR94,2.3774170875549316,3.3829758167266846,2.0653038024902344,18.07465877768118,15.535681528039277,16.6833956905175
6,3.0,8,0.7273,The mail packet from Vlissen came in pouch number,TY43,RR28,0.469789981842041,0.19016218185424805,-0.9814989566802979,18.602374125737697,17.04838735796511,16.766162771731615
6,3.0,9,0.8182,The lighthouse relief roster follows schedule,XV97,KW69,-0.39328956604003906,2.267211437225342,1.0368056297302246,19.047354731708765,18.522541983053088,16.475308981724083
6,3.0,10,0.9091,The harbour pilot's licence shows registration code,CP52,LM94,-0.35518503189086914,1.130258560180664,1.0120983123779297,17.113451127544977,17.01183759002015,17.185180547647178
6,3.0,11,1.0,The hydrographic chart set reached edition,CM62,LW60,1.3566217422485352,3.4425859451293945,2.9373302459716797,20.208042999729514,21.05126614216715,20.35894547915086
6,4.0,0,0.0,The radio operator's logbook continues in volume,UC72,CS64,0.11499500274658203,5.0544257164001465,-0.27617931365966797,18.78655686764978,16.182380706071854,18.232995189726353
6,4.0,1,0.0909,The winter supply manifest lists lot number,JB10,RK62,-0.5391292572021484,0.1964869499206543,-1.2034573554992676,17.18519938364625,17.22686107084155,16.764348067343235
6,4.0,2,0.1818,The assay laboratory furnace is a model,EX85,CG97,-1.3245606422424316,3.3228092193603516,3.6185245513916016,16.969263047445565,15.735648199915886,15.479494380764663
6,4.0,3,0.2727,The expedition's spare sledge carries equipment tag,RZ57,ZF12,-1.5997676849365234,1.9658784866333008,-1.8172450065612793,19.54309197817929,16.8177456301637,20.68243956193328
6,4.0,4,0.3636,The meteorological buoy broadcasts on transponder code,LA44,AT25,0.9451665878295898,-0.27896690368652344,-1.446415901184082,15.520343814161606,13.972238652408123,13.347942356718704
6,4.0,5,0.4545,The signal lamp housing takes fitting code,RG62,JP63,1.076481819152832,0.18578648567199707,-1.6582756042480469,16.353629208286293,15.767200485337526,14.786624568980187
6,4.0,6,0.5455,The botanical specimen case holds accession number,TT97,VR44,-0.719301700592041,-1.7589426040649414,-3.6129937171936035,17.811151663772762,20.138669193256646,18.40861080121249
6,4.0,7,0.6364,Ansel's transit permit was issued as document number,DG82,VR94,2.3774170875549316,1.356780767440796,0.580629825592041,18.07465877768118,17.928217094391584,18.076848686207086
6,4.0,8,0.7273,The mail packet from Vlissen came in pouch number,TY43,RR28,0.469789981842041,-0.5445232391357422,-1.6354022026062012,18.602374125737697,19.13157673133537,18.792059989646077
6,4.0,9,0.8182,The lighthouse relief roster follows schedule,XV97,KW69,-0.39328956604003906,1.2963848114013672,-0.40009021759033203,19.047354731708765,19.256030667573214,17.068337570875883
6,4.0,10,0.9091,The harbour pilot's licence shows registration code,CP52,LM94,-0.35518503189086914,-0.4106287956237793,0.7442927360534668,17.113451127544977,17.260511512402445,16.395759271923453
6,4.0,11,1.0,The hydrographic chart set reached edition,CM62,LW60,1.3566217422485352,3.0879950523376465,3.1481118202209473,20.208042999729514,21.068903035484254,20.095822097267956
6,6.0,0,0.0,The radio operator's logbook continues in volume,UC72,CS64,0.11499500274658203,2.7466392517089844,-2.422572612762451,18.78655686764978,9.643245935440063,12.599871695041656
6,6.0,1,0.0909,The winter supply manifest lists lot number,JB10,RK62,-0.5391292572021484,1.04315185546875,-1.7979326248168945,17.18519938364625,14.772111205384135,14.139262408018112
6,6.0,2,0.1818,The assay laboratory furnace is a model,EX85,CG97,-1.3245606422424316,1.971817970275879,2.714937686920166,16.969263047445565,15.000007182359695,15.87776448391378
6,6.0,3,0.2727,The expedition's spare sledge carries equipment tag,RZ57,ZF12,-1.5997676849365234,0.4904494285583496,-0.5873904228210449,19.54309197817929,15.655285827815533,19.199983805418015
6,6.0,4,0.3636,The meteorological buoy broadcasts on transponder code,LA44,AT25,0.9451665878295898,0.28715991973876953,-2.1724257469177246,15.520343814161606,14.043099291622639,13.323583284392953
6,6.0,5,0.4545,The signal lamp housing takes fitting code,RG62,JP63,1.076481819152832,0.2582235336303711,-1.6545019149780273,16.353629208286293,14.686765445396304,14.614517542067915
6,6.0,6,0.5455,The botanical specimen case holds accession number,TT97,VR44,-0.719301700592041,-2.1060304641723633,-3.42379093170166,17.811151663772762,18.75750830769539,17.94750905316323
6,6.0,7,0.6364,Ansel's transit permit was issued as document number,DG82,VR94,2.3774170875549316,-0.16011250019073486,0.11634349822998047,18.07465877768118,16.32102465815842,19.456860601902008
6,6.0,8,0.7273,The mail packet from Vlissen came in pouch number,TY43,RR28,0.469789981842041,-0.8296570777893066,-0.4894390106201172,18.602374125737697,17.371647279709578,19.76954645011574
6,6.0,9,0.8182,The lighthouse relief roster follows schedule,XV97,KW69,-0.39328956604003906,-0.5107264518737793,-2.5197629928588867,19.047354731708765,18.09818610548973,17.97526966361329
6,6.0,10,0.9091,The harbour pilot's licence shows registration code,CP52,LM94,-0.35518503189086914,-3.595858097076416,-2.4014320373535156,17.113451127544977,15.567371722310781,15.725226555485278
6,6.0,11,1.0,The hydrographic chart set reached edition,CM62,LW60,1.3566217422485352,2.6816301345825195,0.2631559371948242,20.208042999729514,18.36486797221005,18.724539193324745
6,8.0,0,0.0,The radio operator's logbook continues in volume,UC72,CS64,0.11499500274658203,2.719846248626709,-0.657811164855957,18.78655686764978,6.429938316345215,13.46257209032774
6,8.0,1,0.0909,The winter supply manifest lists lot number,JB10,RK62,-0.5391292572021484,0.11581134796142578,-0.5379486083984375,17.18519938364625,11.857652239501476,11.163959942758083
6,8.0,2,0.1818,The assay laboratory furnace is a model,EX85,CG97,-1.3245606422424316,2.638545036315918,2.273183822631836,16.969263047445565,14.230448096990585,14.288715332746506
6,8.0,3,0.2727,The expedition's spare sledge carries equipment tag,RZ57,ZF12,-1.5997676849365234,-1.351119041442871,-0.7123394012451172,19.54309197817929,12.373800188302994,13.828728269785643
6,8.0,4,0.3636,The meteorological buoy broadcasts on transponder code,LA44,AT25,0.9451665878295898,0.4488797187805176,-1.2535181045532227,15.520343814161606,11.854198131710291,11.973476506769657
6,8.0,5,0.4545,The signal lamp housing takes fitting code,RG62,JP63,1.076481819152832,-0.2803645133972168,-0.9477815628051758,16.353629208286293,11.128876961767673,12.057856146246195
6,8.0,6,0.5455,The botanical specimen case holds accession number,TT97,VR44,-0.719301700592041,-2.0605669021606445,-1.7669835090637207,17.811151663772762,16.608104892075062,15.045481342822313
6,8.0,7,0.6364,Ansel's transit permit was issued as document number,DG82,VR94,2.3774170875549316,-3.7563376426696777,-1.3595936298370361,18.07465877768118,15.570466503500938,13.963181555271149
6,8.0,8,0.7273,The mail packet from Vlissen came in pouch number,TY43,RR28,0.469789981842041,-2.448625087738037,-0.7867770195007324,18.602374125737697,18.21870951913297,18.484475412406027
6,8.0,9,0.8182,The lighthouse relief roster follows schedule,XV97,KW69,-0.39328956604003906,-2.6527528762817383,-2.7473058700561523,19.047354731708765,18.20700166001916,17.30337351653725
6,8.0,10,0.9091,The harbour pilot's licence shows registration code,CP52,LM94,-0.35518503189086914,-3.350543975830078,-2.3810017108917236,17.113451127544977,14.980869767256081,14.108146310783923
6,8.0,11,1.0,The hydrographic chart set reached edition,CM62,LW60,1.3566217422485352,0.8362631797790527,-0.5467486381530762,20.208042999729514,18.578293944709003,17.688169533386827
6,12.0,0,0.0,The radio operator's logbook continues in volume,UC72,CS64,0.11499500274658203,0.19736766815185547,0.591865062713623,18.78655686764978,5.836524963378906,8.472469806671143
6,12.0,1,0.0909,The winter supply manifest lists lot number,JB10,RK62,-0.5391292572021484,-2.4129819869995117,0.25410985946655273,17.18519938364625,6.946703195571899,11.383460342884064
6,12.0,2,0.1818,The assay laboratory furnace is a model,EX85,CG97,-1.3245606422424316,1.3503670692443848,-0.44258737564086914,16.969263047445565,10.493352711200714,14.288325935602188
6,12.0,3,0.2727,The expedition's spare sledge carries equipment tag,RZ57,ZF12,-1.5997676849365234,2.3335342407226562,-0.6367707252502441,19.54309197817929,7.849954307079315,6.661331415176392
6,12.0,4,0.3636,The meteorological buoy broadcasts on transponder code,LA44,AT25,0.9451665878295898,3.587669849395752,0.8392314910888672,15.520343814161606,8.419686198234558,5.796432971954346
6,12.0,5,0.4545,The signal lamp housing takes fitting code,RG62,JP63,1.076481819152832,-0.5022788047790527,1.748244285583496,16.353629208286293,0.8746929168701172,4.410537242889404
6,12.0,6,0.5455,The botanical specimen case holds accession number,TT97,VR44,-0.719301700592041,-4.488120079040527,-3.3665709495544434,17.811151663772762,10.461061090230942,6.993513584136963
6,12.0,7,0.6364,Ansel's transit permit was issued as document number,DG82,VR94,2.3774170875549316,-3.643942356109619,-0.21504974365234375,18.07465877768118,11.38416862487793,6.654537916183472
6,12.0,8,0.7273,The mail packet from Vlissen came in pouch number,TY43,RR28,0.469789981842041,-2.8814868927001953,-1.8546171188354492,18.602374125737697,13.56143905967474,14.286604829132557
6,12.0,9,0.8182,The lighthouse relief roster follows schedule,XV97,KW69,-0.39328956604003906,-6.055721282958984,-5.833349704742432,19.047354731708765,11.18870124220848,11.44106811285019
6,12.0,10,0.9091,The harbour pilot's licence shows registration code,CP52,LM94,-0.35518503189086914,-3.0754528045654297,0.5499110221862793,17.113451127544977,8.801790669560432,7.08002433180809
6,12.0,11,1.0,The hydrographic chart set reached edition,CM62,LW60,1.3566217422485352,-0.7543668746948242,-1.5073695182800293,20.208042999729514,12.66170346736908,12.899120092391968
7,1.0,0,0.0,The seismograph at Ridge Camp reports as instrument,LE60,DR17,-0.7547941207885742,-0.6610350608825684,-0.48636484146118164,20.45928585040383,19.092666832963005,17.441707289312035
7,1.0,1,0.0909,The winter supply manifest lists lot number,WB19,GK26,0.8090310096740723,1.8936610221862793,1.0031890869140625,16.483097544987686,19.055799591937102,18.341504321084358
7,1.0,2,0.1818,The border checkpoint ledger opens at entry code,TD56,NR20,0.5467877388000488,1.1273455619812012,0.8719196319580078,17.871858040220104,18.908853039029054,18.85575527709443
7,1.0,3,0.2727,The lighthouse relief roster follows schedule,UB74,TJ27,-0.3901553153991699,-0.8057870864868164,-1.4623198509216309,14.611996904946864,18.32338725234149,17.042164533108007
7,1.0,4,0.3636,Ansel's transit permit was issued as document number,GB21,PT45,-1.0793628692626953,-1.092470645904541,-1.5696992874145508,16.82238430180587,20.580967520014383,19.29712275264319
7,1.0,5,0.4545,The survey team's theodolite bears serial number,PP18,EC32,-0.3641676902770996,0.48880815505981445,0.04526948928833008,13.147744101355784,11.98253455304075,11.646262736059725
7,1.0,6,0.5455,The glacier survey stake is recorded as marker,HC80,EH94,-0.6877374649047852,0.1718459129333496,0.24738264083862305,18.003106490010396,18.634091162355617,18.44132489594631
7,1.0,7,0.6364,The sealed crate in the annex is marked with inventory tag,PB82,HA72,0.6389517784118652,1.0505647659301758,0.642204761505127,20.202558282297105,22.020421295776032,22.210836380370893
7,1.0,8,0.7273,The quartermaster's tally sheet uses form number,DH90,UF43,-0.9996275901794434,-0.4424734115600586,-0.9427189826965332,18.120861177623738,18.071934982552193,16.39071991376113
7,1.0,9,0.8182,The telegraph repeater hut answers to station code,BH15,PT57,-0.794703483581543,-1.4216718673706055,-2.3248846530914307,20.23217560799094,22.059620096639264,21.47640203323681
7,1.0,10,0.9091,The mail packet from Vlissen came in pouch number,TE47,VW96,1.1097240447998047,2.409534454345703,0.9405407905578613,18.33675458485959,20.058615365996957,19.343338682549074
7,1.0,11,1.0,The freight siding at Kelder appears on the plan as track,PE79,XT60,0.3421745300292969,1.3106193542480469,1.063180923461914,15.347091184579767,15.683981753420085,14.990936537389643
7,3.0,0,0.0,The seismograph at Ridge Camp reports as instrument,LE60,DR17,-0.7547941207885742,1.7155532836914062,0.6996822357177734,20.45928585040383,20.003541676327586,18.65858034044504
7,3.0,1,0.0909,The winter supply manifest lists lot number,WB19,GK26,0.8090310096740723,4.9887611865997314,2.6436514854431152,16.483097544987686,19.538409094326198,19.508940696017817
7,3.0,2,0.1818,The border checkpoint ledger opens at entry code,TD56,NR20,0.5467877388000488,3.3988990783691406,1.3669819831848145,17.871858040220104,16.407290906179696,18.425234600901604
7,3.0,3,0.2727,The lighthouse relief roster follows schedule,UB74,TJ27,-0.3901553153991699,-0.056937217712402344,-1.6044182777404785,14.611996904946864,13.947675446979702,14.34877806250006
7,3.0,4,0.3636,Ansel's transit permit was issued as document number,GB21,PT45,-1.0793628692626953,0.3113517761230469,-2.819014549255371,16.82238430180587,17.511328102089465,18.84171664295718
7,3.0,5,0.4545,The survey team's theodolite bears serial number,PP18,EC32,-0.3641676902770996,1.7697687149047852,-0.24770212173461914,13.147744101355784,12.49326788727194,14.895230208989233
7,3.0,6,0.5455,The glacier survey stake is recorded as marker,HC80,EH94,-0.6877374649047852,1.9084711074829102,0.5028181076049805,18.003106490010396,17.62477026693523,18.421665838221088
7,3.0,7,0.6364,The sealed crate in the annex is marked with inventory tag,PB82,HA72,0.6389517784118652,4.769599914550781,2.833311080932617,20.202558282297105,21.68876306898892,21.918779742904007
7,3.0,8,0.7273,The quartermaster's tally sheet uses form number,DH90,UF43,-0.9996275901794434,-0.1887226104736328,-1.9295191764831543,18.120861177623738,17.03177818097174,17.350048262625933
7,3.0,9,0.8182,The telegraph repeater hut answers to station code,BH15,PT57,-0.794703483581543,-2.3071985244750977,-3.9313852787017822,20.23217560799094,16.180027790367603,19.295602887053974
7,3.0,10,0.9091,The mail packet from Vlissen came in pouch number,TE47,VW96,1.1097240447998047,3.8491337299346924,-0.18979930877685547,18.33675458485959,18.056365725584328,18.11313079390675
7,3.0,11,1.0,The freight siding at Kelder appears on the plan as track,PE79,XT60,0.3421745300292969,5.472123384475708,2.8633580207824707,15.347091184579767,14.788422163575888,16.792354138568044
7,4.0,0,0.0,The seismograph at Ridge Camp reports as instrument,LE60,DR17,-0.7547941207885742,1.9172611236572266,0.5060062408447266,20.45928585040383,17.18207609653473,13.629043519496918
7,4.0,1,0.0909,The winter supply manifest lists lot number,WB19,GK26,0.8090310096740723,5.897475719451904,2.098240852355957,16.483097544987686,17.422631595283747,18.759762396570295
7,4.0,2,0.1818,The border checkpoint ledger opens at entry code,TD56,NR20,0.5467877388000488,2.8673110008239746,0.026105880737304688,17.871858040220104,15.678341496735811,19.40501985885203
7,4.0,3,0.2727,The lighthouse relief roster follows schedule,UB74,TJ27,-0.3901553153991699,0.9524688720703125,-2.5007529258728027,14.611996904946864,14.134570362046361,15.208322977181524
7,4.0,4,0.3636,Ansel's transit permit was issued as document number,GB21,PT45,-1.0793628692626953,0.8103318214416504,-2.429854393005371,16.82238430180587,16.36595296114683,16.97740631084889
7,4.0,5,0.4545,The survey team's theodolite bears serial number,PP18,EC32,-0.3641676902770996,2.9088330268859863,-0.060597896575927734,13.147744101355784,12.064361318945885,15.395115348510444
7,4.0,6,0.5455,The glacier survey stake is recorded as marker,HC80,EH94,-0.6877374649047852,1.862091064453125,0.9856052398681641,18.003106490010396,17.53550939913839,17.734632164705545
7,4.0,7,0.6364,The sealed crate in the annex is marked with inventory tag,PB82,HA72,0.6389517784118652,4.695570468902588,3.255131721496582,20.202558282297105,19.81329607591033,21.897972935345024
7,4.0,8,0.7273,The quartermaster's tally sheet uses form number,DH90,UF43,-0.9996275901794434,0.29096031188964844,-1.5397982597351074,18.120861177623738,16.537409766577184,17.844403989613056
7,4.0,9,0.8182,The telegraph repeater hut answers to station code,BH15,PT57,-0.794703483581543,-3.0856993198394775,-3.700801372528076,20.23217560799094,15.94222685135901,18.95125723304227
7,4.0,10,0.9091,The mail packet from Vlissen came in pouch number,TE47,VW96,1.1097240447998047,3.3817689418792725,-0.7902703285217285,18.33675458485959,18.41154979681596,17.475918683223426
7,4.0,11,1.0,The freight siding at Kelder appears on the plan as track,PE79,XT60,0.3421745300292969,5.733650207519531,3.2435522079467773,15.347091184579767,14.62880914658308,15.130933796986938
7,6.0,0,0.0,The seismograph at Ridge Camp reports as instrument,LE60,DR17,-0.7547941207885742,-2.8909032344818115,-2.3504457473754883,20.45928585040383,10.395342111587524,3.485875129699707
7,6.0,1,0.0909,The winter supply manifest lists lot number,WB19,GK26,0.8090310096740723,6.422780990600586,3.1932969093322754,16.483097544987686,15.77468662429601,12.997440800070763
7,6.0,2,0.1818,The border checkpoint ledger opens at entry code,TD56,NR20,0.5467877388000488,0.7346405982971191,-0.5383663177490234,17.871858040220104,16.381474766880274,13.041947454214096
7,6.0,3,0.2727,The lighthouse relief roster follows schedule,UB74,TJ27,-0.3901553153991699,-2.2956767082214355,-2.456940174102783,14.611996904946864,15.728649644181132,12.564542576670647
7,6.0,4,0.3636,Ansel's transit permit was issued as document number,GB21,PT45,-1.0793628692626953,1.1588635444641113,-2.142798900604248,16.82238430180587,17.21837855875492,15.859900442883372
7,6.0,5,0.4545,The survey team's theodolite bears serial number,PP18,EC32,-0.3641676902770996,1.574666976928711,1.2174291610717773,13.147744101355784,12.610826049000025,8.917597025632858
7,6.0,6,0.5455,The glacier survey stake is recorded as marker,HC80,EH94,-0.6877374649047852,2.4953460693359375,2.5100817680358887,18.003106490010396,20.097967756912112,16.1327909193933
7,6.0,7,0.6364,The sealed crate in the annex is marked with inventory tag,PB82,HA72,0.6389517784118652,3.0217905044555664,3.2954182624816895,20.202558282297105,20.20405738055706,15.055531933903694
7,6.0,8,0.7273,The quartermaster's tally sheet uses form number,DH90,UF43,-0.9996275901794434,-0.3171830177307129,-1.5865283012390137,18.120861177623738,15.212486408650875,11.959792628884315
7,6.0,9,0.8182,The telegraph repeater hut answers to station code,BH15,PT57,-0.794703483581543,-4.823350429534912,-5.3544957637786865,20.23217560799094,17.010871028527617,12.927046403288841
7,6.0,10,0.9091,The mail packet from Vlissen came in pouch number,TE47,VW96,1.1097240447998047,1.238546371459961,0.24881696701049805,18.33675458485959,18.330692849121988,12.320861101150513
7,6.0,11,1.0,The freight siding at Kelder appears on the plan as track,PE79,XT60,0.3421745300292969,1.3159923553466797,0.7454547882080078,15.347091184579767,15.687900096178055,13.257229421287775
7,8.0,0,0.0,The seismograph at Ridge Camp reports as instrument,LE60,DR17,-0.7547941207885742,-2.4905600547790527,-3.793574333190918,20.45928585040383,10.715506553649902,7.79895544052124
7,8.0,1,0.0909,The winter supply manifest lists lot number,WB19,GK26,0.8090310096740723,5.194389343261719,5.473155975341797,16.483097544987686,11.78137368708849,10.07877403497696
7,8.0,2,0.1818,The border checkpoint ledger opens at entry code,TD56,NR20,0.5467877388000488,-0.041936397552490234,1.0804948806762695,17.871858040220104,13.92144125699997,12.959490895271301
7,8.0,3,0.2727,The lighthouse relief roster follows schedule,UB74,TJ27,-0.3901553153991699,-0.973444938659668,-0.7932896614074707,14.611996904946864,13.744823530316353,9.260675638914108
7,8.0,4,0.3636,Ansel's transit permit was issued as document number,GB21,PT45,-1.0793628692626953,-0.6777548789978027,-0.3611011505126953,16.82238430180587,16.217795995995402,12.910875581204891
7,8.0,5,0.4545,The survey team's theodolite bears serial number,PP18,EC32,-0.3641676902770996,0.8031949996948242,-0.053874969482421875,13.147744101355784,13.081752594560385,9.096694201231003
7,8.0,6,0.5455,The glacier survey stake is recorded as marker,HC80,EH94,-0.6877374649047852,4.428953170776367,1.874481201171875,18.003106490010396,17.974500596523285,12.84595736861229
7,8.0,7,0.6364,The sealed crate in the annex is marked with inventory tag,PB82,HA72,0.6389517784118652,2.5368008613586426,0.9835624694824219,20.202558282297105,17.147162104025483,14.122538149356842
7,8.0,8,0.7273,The quartermaster's tally sheet uses form number,DH90,UF43,-0.9996275901794434,-0.3184986114501953,-0.6857080459594727,18.120861177623738,12.17103648930788,9.080219835042953
7,8.0,9,0.8182,The telegraph repeater hut answers to station code,BH15,PT57,-0.794703483581543,-4.298719882965088,-5.053343296051025,20.23217560799094,15.624172192066908,12.4045599848032
7,8.0,10,0.9091,The mail packet from Vlissen came in pouch number,TE47,VW96,1.1097240447998047,-0.5226497650146484,-1.6004247665405273,18.33675458485959,18.383912381716073,11.82540799677372
7,8.0,11,1.0,The freight siding at Kelder appears on the plan as track,PE79,XT60,0.3421745300292969,0.3929100036621094,-1.0812263488769531,15.347091184579767,16.294199081137776,11.975466512143612
7,12.0,0,0.0,The seismograph at Ridge Camp reports as instrument,LE60,DR17,-0.7547941207885742,-2.0545544624328613,-2.3673462867736816,20.45928585040383,12.2846999168396,5.806005954742432
7,12.0,1,0.0909,The winter supply manifest lists lot number,WB19,GK26,0.8090310096740723,2.3723864555358887,2.365262031555176,16.483097544987686,8.109531998634338,8.965710759162903
7,12.0,2,0.1818,The border checkpoint ledger opens at entry code,TD56,NR20,0.5467877388000488,-2.379950523376465,-0.749882698059082,17.871858040220104,9.25123143196106,11.18412160873413
7,12.0,3,0.2727,The lighthouse relief roster follows schedule,UB74,TJ27,-0.3901553153991699,0.4387702941894531,0.49996328353881836,14.611996904946864,5.70745325088501,6.417739629745483
7,12.0,4,0.3636,Ansel's transit permit was issued as document number,GB21,PT45,-1.0793628692626953,-0.24181747436523438,-0.4701099395751953,16.82238430180587,12.458211660385132,12.680566556751728
7,12.0,5,0.4545,The survey team's theodolite bears serial number,PP18,EC32,-0.3641676902770996,-0.6451311111450195,0.09262323379516602,13.147744101355784,7.1839956641197205,11.639967862516642
7,12.0,6,0.5455,The glacier survey stake is recorded as marker,HC80,EH94,-0.6877374649047852,2.8232717514038086,4.27897310256958,18.003106490010396,7.679762840270996,8.529428362846375
7,12.0,7,0.6364,The sealed crate in the annex is marked with inventory tag,PB82,HA72,0.6389517784118652,1.1803183555603027,0.2407383918762207,20.202558282297105,12.649914115667343,14.102056622505188
7,12.0,8,0.7273,The quartermaster's tally sheet uses form number,DH90,UF43,-0.9996275901794434,-0.9087662696838379,-0.5026860237121582,18.120861177623738,7.614395976066589,9.847921542823315
7,12.0,9,0.8182,The telegraph repeater hut answers to station code,BH15,PT57,-0.794703483581543,-2.635704517364502,-3.071415901184082,20.23217560799094,14.754544258117676,10.62278163433075
7,12.0,10,0.9091,The mail packet from Vlissen came in pouch number,TE47,VW96,1.1097240447998047,1.6794743537902832,1.8193187713623047,18.33675458485959,9.88656622171402,12.404923371970654
7,12.0,11,1.0,The freight siding at Kelder appears on the plan as track,PE79,XT60,0.3421745300292969,2.2601675987243652,0.4905819892883301,15.347091184579767,12.660332567989826,11.154377952218056
8,1.0,0,0.0,The quartermaster's tally sheet uses form number,HM58,SS56,-0.26960277557373047,0.6320400238037109,-0.007540702819824219,17.69144124025479,18.12710733478889,16.82904105965281
8,1.0,1,0.0909,The harbour pilot's licence shows registration code,EG15,ES72,-1.0364723205566406,-0.6049847602844238,-0.7148666381835938,18.70935458090389,19.099302684888244,17.389855023415294
8,1.0,2,0.1818,The reserve fuel depot is listed at site code,CE41,YE87,-2.7574002742767334,0.03182053565979004,-0.5324516296386719,17.159796276828274,17.074430878506973,16.76406727056019
8,1.0,3,0.2727,The auxiliary generator was tagged asset number,SG61,CG12,0.034277915954589844,-0.026189327239990234,-0.40206193923950195,18.215972680714913,18.42283354338724,17.482657988526626
8,1.0,4,0.3636,The observatory's spare mirror was ordered as part number,WA68,EL59,1.649489402770996,0.9124469757080078,0.8384242057800293,17.229821428423747,17.19911169738043,17.40669924172107
8,1.0,5,0.4545,The signal lamp housing takes fitting code,NC72,LM10,0.7945690155029297,0.0721898078918457,-0.4039015769958496,18.23096108424943,17.473624214762822,17.47834624472307
8,1.0,6,0.5455,The archive microfilm reel is filed under shelf mark,HA99,WR36,-3.0063674449920654,-0.446789026260376,-1.015821933746338,17.02806379715912,18.91587137640454,18.923898368375376
8,1.0,7,0.6364,The telegraph repeater hut answers to station code,JS62,BV14,0.7089519500732422,1.4343476295471191,0.8912248611450195,13.557355348952115,14.243025433039293,14.095674344338477
8,1.0,8,0.7273,The border checkpoint ledger opens at entry code,RN24,UF32,-0.014607429504394531,0.15177583694458008,-0.9657011032104492,19.812246670015156,20.478879543603398,19.752201625553425
8,1.0,9,0.8182,The ice core drilling rig was delivered as unit,CN89,LP66,1.399897575378418,1.4740567207336426,0.3989272117614746,18.087931296613533,18.513232714583864,18.89335030806251
8,1.0,10,0.9091,The meteorological buoy broadcasts on transponder code,ND94,DC35,-0.3374762535095215,-0.871708869934082,-0.9437751770019531,12.367805629619397,13.070981405500788,12.771500484202988
8,1.0,11,1.0,The customs declaration quotes reference code,BL40,VH73,-1.804093360900879,-0.39540958404541016,-0.8827991485595703,17.90443402295932,18.687100445269607,17.73713850718923
8,3.0,0,0.0,The quartermaster's tally sheet uses form number,HM58,SS56,-0.26960277557373047,2.4636154174804688,1.17423677444458,17.69144124025479,15.313230176689103,15.000394401140511
8,3.0,1,0.0909,The harbour pilot's licence shows registration code,EG15,ES72,-1.0364723205566406,-0.8850088119506836,-1.0618658065795898,18.70935458090389,15.878032946959138,16.498456227593124
8,3.0,2,0.1818,The reserve fuel depot is listed at site code,CE41,YE87,-2.7574002742767334,0.4517042636871338,-0.7676997184753418,17.159796276828274,15.424652098678052,16.03145557967946
8,3.0,3,0.2727,The auxiliary generator was tagged asset number,SG61,CG12,0.034277915954589844,-0.899630069732666,0.08414793014526367,18.215972680714913,18.620618876069784,17.36026509408839
8,3.0,4,0.3636,The observatory's spare mirror was ordered as part number,WA68,EL59,1.649489402770996,1.588855266571045,1.6550335884094238,17.229821428423747,15.811157905962318,17.8871649177745
8,3.0,5,0.4545,The signal lamp housing takes fitting code,NC72,LM10,0.7945690155029297,6.509048700332642,1.1909031867980957,18.23096108424943,15.481599729857408,17.34458694618661
8,3.0,6,0.5455,The archive microfilm reel is filed under shelf mark,HA99,WR36,-3.0063674449920654,-0.857600212097168,-1.2661657333374023,17.02806379715912,17.229676430113614,17.60554964398034
8,3.0,7,0.6364,The telegraph repeater hut answers to station code,JS62,BV14,0.7089519500732422,2.6459789276123047,1.6778841018676758,13.557355348952115,14.072491850703955,14.156735185766593
8,3.0,8,0.7273,The border checkpoint ledger opens at entry code,RN24,UF32,-0.014607429504394531,2.231661796569824,-1.6752815246582031,19.812246670015156,20.044050261145458,19.201579709304497
8,3.0,9,0.8182,The ice core drilling rig was delivered as unit,CN89,LP66,1.399897575378418,5.482999801635742,1.7028794288635254,18.087931296613533,16.016992012038827,16.480759824626148
8,3.0,10,0.9091,The meteorological buoy broadcasts on transponder code,ND94,DC35,-0.3374762535095215,1.5592589378356934,-0.786344051361084,12.367805629619397,12.40902554616332,14.416299925651401
8,3.0,11,1.0,The customs declaration quotes reference code,BL40,VH73,-1.804093360900879,-0.7741990089416504,-2.1514251232147217,17.90443402295932,16.090480574406683,17.05280609149486
8,4.0,0,0.0,The quartermaster's tally sheet uses form number,HM58,SS56,-0.26960277557373047,3.749342203140259,0.8993749618530273,17.69144124025479,13.66451346874237,15.408087465912104
8,4.0,1,0.0909,The harbour pilot's licence shows registration code,EG15,ES72,-1.0364723205566406,-0.8867731094360352,-1.2557778358459473,18.70935458090389,15.673841398209333,15.366223599761724
8,4.0,2,0.1818,The reserve fuel depot is listed at site code,CE41,YE87,-2.7574002742767334,0.8165223598480225,0.022030115127563477,17.159796276828274,14.943675749003887,15.91879807645455
8,4.0,3,0.2727,The auxiliary generator was tagged asset number,SG61,CG12,0.034277915954589844,-1.0281791687011719,-0.7619037628173828,18.215972680714913,18.797451939433813,17.98494096752256
8,4.0,4,0.3636,The observatory's spare mirror was ordered as part number,WA68,EL59,1.649489402770996,1.8818559646606445,2.253901481628418,17.229821428423747,15.981927021406591,18.37872770242393
8,4.0,5,0.4545,The signal lamp housing takes fitting code,NC72,LM10,0.7945690155029297,5.539348125457764,1.2241406440734863,18.23096108424943,14.519758400507271,16.222264680080116
8,4.0,6,0.5455,The archive microfilm reel is filed under shelf mark,HA99,WR36,-3.0063674449920654,1.053614616394043,-2.5971527099609375,17.02806379715912,17.339772017672658,16.865419924259186
8,4.0,7,0.6364,The telegraph repeater hut answers to station code,JS62,BV14,0.7089519500732422,1.3713254928588867,0.41881465911865234,13.557355348952115,14.274303958751261,14.750025209505111
8,4.0,8,0.7273,The border checkpoint ledger opens at entry code,RN24,UF32,-0.014607429504394531,2.0806798934936523,-2.465121269226074,19.812246670015156,19.69582832744345,18.333555903751403
8,4.0,9,0.8182,The ice core drilling rig was delivered as unit,CN89,LP66,1.399897575378418,6.511048316955566,2.2962374687194824,18.087931296613533,15.289431511424482,16.486092587932944
8,4.0,10,0.9091,The meteorological buoy broadcasts on transponder code,ND94,DC35,-0.3374762535095215,1.2290644645690918,-1.0426406860351562,12.367805629619397,12.093776152003556,12.723102330695838
8,4.0,11,1.0,The customs declaration quotes reference code,BL40,VH73,-1.804093360900879,-3.9418694972991943,-3.9094491004943848,17.90443402295932,16.309056580998003,17.205423971638083
8,6.0,0,0.0,The quartermaster's tally sheet uses form number,HM58,SS56,-0.26960277557373047,2.730254650115967,-1.1192636489868164,17.69144124025479,9.052838921546936,12.443155571818352
8,6.0,1,0.0909,The harbour pilot's licence shows registration code,EG15,ES72,-1.0364723205566406,-1.0513496398925781,-1.290313720703125,18.70935458090389,14.035524874925613,13.128589041531086
8,6.0,2,0.1818,The reserve fuel depot is listed at site code,CE41,YE87,-2.7574002742767334,1.4126052856445312,0.42730140686035156,17.159796276828274,14.598700551316142,14.27284898981452
8,6.0,3,0.2727,The auxiliary generator was tagged asset number,SG61,CG12,0.034277915954589844,0.6160759925842285,0.33341169357299805,18.215972680714913,20.834723103791475,20.97927589248866
8,6.0,4,0.3636,The observatory's spare mirror was ordered as part number,WA68,EL59,1.649489402770996,4.917499303817749,2.5349926948547363,17.229821428423747,15.734763774089515,17.427021936513484
8,6.0,5,0.4545,The signal lamp housing takes fitting code,NC72,LM10,0.7945690155029297,4.936268329620361,2.4880619049072266,18.23096108424943,14.677493360824883,16.14558781683445
8,6.0,6,0.5455,The archive microfilm reel is filed under shelf mark,HA99,WR36,-3.0063674449920654,-2.8550267219543457,-3.7168893814086914,17.02806379715912,16.38142268359661,17.727186396718025
8,6.0,7,0.6364,The telegraph repeater hut answers to station code,JS62,BV14,0.7089519500732422,1.6185259819030762,1.500619888305664,13.557355348952115,14.70557683892548,15.464557931758463
8,6.0,8,0.7273,The border checkpoint ledger opens at entry code,RN24,UF32,-0.014607429504394531,1.8554067611694336,-2.3649415969848633,19.812246670015156,17.192349143326283,18.16495514009148
8,6.0,9,0.8182,The ice core drilling rig was delivered as unit,CN89,LP66,1.399897575378418,3.12880802154541,0.8975086212158203,18.087931296613533,16.248830654658377,16.676143838092685
8,6.0,10,0.9091,The meteorological buoy broadcasts on transponder code,ND94,DC35,-0.3374762535095215,-0.5041351318359375,-0.79345703125,12.367805629619397,11.750318205915391,12.530333956703544
8,6.0,11,1.0,The customs declaration quotes reference code,BL40,VH73,-1.804093360900879,-4.9870285987854,-6.275008916854858,17.90443402295932,16.36879337206483,17.049501534551382
8,8.0,0,0.0,The quartermaster's tally sheet uses form number,HM58,SS56,-0.26960277557373047,1.497556209564209,-2.18532133102417,17.69144124025479,3.589648962020874,3.9541971683502197
8,8.0,1,0.0909,The harbour pilot's licence shows registration code,EG15,ES72,-1.0364723205566406,-1.446730136871338,-2.3425192832946777,18.70935458090389,7.880899488925934,9.78470766544342
8,8.0,2,0.1818,The reserve fuel depot is listed at site code,CE41,YE87,-2.7574002742767334,1.115304946899414,1.6362247467041016,17.159796276828274,13.279110498726368,13.540560439229012
8,8.0,3,0.2727,The auxiliary generator was tagged asset number,SG61,CG12,0.034277915954589844,2.0724382400512695,0.8541769981384277,18.215972680714913,16.38769292086363,18.652820533141494
8,8.0,4,0.3636,The observatory's spare mirror was ordered as part number,WA68,EL59,1.649489402770996,4.006267786026001,2.5865583419799805,17.229821428423747,12.457480888813734,15.08132960088551
8,8.0,5,0.4545,The signal lamp housing takes fitting code,NC72,LM10,0.7945690155029297,2.425434112548828,2.848939895629883,18.23096108424943,13.584261156618595,15.334404598921537
8,8.0,6,0.5455,The archive microfilm reel is filed under shelf mark,HA99,WR36,-3.0063674449920654,-4.616903781890869,-3.59232234954834,17.02806379715912,12.456730213016272,14.36880149319768
8,8.0,7,0.6364,The telegraph repeater hut answers to station code,JS62,BV14,0.7089519500732422,1.013265609741211,0.9842128753662109,13.557355348952115,14.152776785194874,15.382147653028369
8,8.0,8,0.7273,The border checkpoint ledger opens at entry code,RN24,UF32,-0.014607429504394531,1.6195473670959473,-0.3667635917663574,19.812246670015156,15.99380188062787,18.31805614940822
8,8.0,9,0.8182,The ice core drilling rig was delivered as unit,CN89,LP66,1.399897575378418,0.12105846405029297,-0.20793390274047852,18.087931296613533,14.442663498222828,15.232180224731565
8,8.0,10,0.9091,The meteorological buoy broadcasts on transponder code,ND94,DC35,-0.3374762535095215,-1.0082478523254395,-1.008744239807129,12.367805629619397,11.805267987772822,13.17721728142351
8,8.0,11,1.0,The customs declaration quotes reference code,BL40,VH73,-1.804093360900879,-3.765232563018799,-5.478305101394653,17.90443402295932,14.321283716708422,15.716552097350359
8,12.0,0,0.0,The quartermaster's tally sheet uses form number,HM58,SS56,-0.26960277557373047,0.013896465301513672,-1.797154426574707,17.69144124025479,0.2709941864013672,1.596212387084961
8,12.0,1,0.0909,The harbour pilot's licence shows registration code,EG15,ES72,-1.0364723205566406,-1.106593132019043,-1.7901101112365723,18.70935458090389,5.58309006690979,4.386892557144165
8,12.0,2,0.1818,The reserve fuel depot is listed at site code,CE41,YE87,-2.7574002742767334,0.7136931419372559,1.2705435752868652,17.159796276828274,9.838286638259888,10.142941027879715
8,12.0,3,0.2727,The auxiliary generator was tagged asset number,SG61,CG12,0.034277915954589844,1.9264111518859863,0.29207468032836914,18.215972680714913,8.48086428642273,11.780178010463715
8,12.0,4,0.3636,The observatory's spare mirror was ordered as part number,WA68,EL59,1.649489402770996,3.882680892944336,3.3124136924743652,17.229821428423747,6.095428824424744,10.128365874290466
8,12.0,5,0.4545,The signal lamp housing takes fitting code,NC72,LM10,0.7945690155029297,3.3953981399536133,4.995022773742676,18.23096108424943,12.471592426300049,10.931866884231567
8,12.0,6,0.5455,The archive microfilm reel is filed under shelf mark,HA99,WR36,-3.0063674449920654,-3.3784685134887695,-3.4177165031433105,17.02806379715912,10.921182930469513,13.388458423316479
8,12.0,7,0.6364,The telegraph repeater hut answers to station code,JS62,BV14,0.7089519500732422,1.6721792221069336,3.0670199394226074,13.557355348952115,10.292062610387802,11.907947048544884
8,12.0,8,0.7273,The border checkpoint ledger opens at entry code,RN24,UF32,-0.014607429504394531,3.4763684272766113,0.6637229919433594,19.812246670015156,13.294320404529572,16.010932728648186
8,12.0,9,0.8182,The ice core drilling rig was delivered as unit,CN89,LP66,1.399897575378418,-0.32402515411376953,0.7654972076416016,18.087931296613533,12.483784586191177,13.383674994111061
8,12.0,10,0.9091,The meteorological buoy broadcasts on transponder code,ND94,DC35,-0.3374762535095215,-0.29448795318603516,-0.6039261817932129,12.367805629619397,6.544988706707954,9.265699412673712
8,12.0,11,1.0,The customs declaration quotes reference code,BL40,VH73,-1.804093360900879,-2.5334863662719727,-4.784437656402588,17.90443402295932,12.042810961604118,12.012539893388748
9,1.0,0,0.0,The winter supply manifest lists lot number,JE33,RM41,-0.11084175109863281,0.9582419395446777,0.40824174880981445,15.228557718917727,18.2215959567111,18.639131844509393
9,1.0,1,0.0909,The medical supply locker was closed with seal number,SQ87,PW39,0.2475743293762207,0.13890743255615234,-0.1004490852355957,20.454390061087906,20.776472626952454,21.00935006234795
9,1.0,2,0.1818,Feld's field notebook carries catalogue reference,CL80,DN75,0.7710504531860352,1.6648645401000977,1.1609153747558594,17.231460362672806,19.85182956967037,20.013418244139757
9,1.0,3,0.2727,The northern relay station operates under callsign,FF40,MT57,-0.9720067977905273,-0.48534584045410156,-0.740105152130127,20.406173152150586,22.803007140406407,21.581039222422987
9,1.0,4,0.3636,The archive microfilm reel is filed under shelf mark,BD26,EX47,-0.19030094146728516,0.19867467880249023,0.30647993087768555,17.260281790513545,20.871025925327558,19.64618933503516
9,1.0,5,0.4545,The expedition's spare sledge carries equipment tag,SU18,FY43,1.3350839614868164,1.2389230728149414,1.5377421379089355,16.0393720488064,17.190247737104073,17.352794955018908
9,1.0,6,0.5455,The survey team's theodolite bears serial number,KG96,AB32,-1.1385879516601562,-1.4574193954467773,-1.3727326393127441,17.702470279764384,18.787120205000974,18.534556002588943
9,1.0,7,0.6364,The border checkpoint ledger opens at entry code,HZ63,VE11,-1.0838699340820312,-1.1202664375305176,-1.3149497509002686,18.840495937503874,18.983489180915058,19.247669167118147
9,1.0,8,0.7273,The radio operator's logbook continues in volume,CJ36,BB67,-1.1749029159545898,0.2012476921081543,-0.9862313270568848,16.16889924230054,18.83571869158186,18.19578457181342
9,1.0,9,0.8182,The lighthouse relief roster follows schedule,NJ53,GN47,-2.9924912452697754,-1.5951886177062988,-1.06341552734375,17.13774937018752,19.49778430245351,19.82018423092086
9,1.0,10,0.9091,The observatory's spare mirror was ordered as part number,BG10,VA55,-0.36109447479248047,-1.6665654182434082,-1.4737563133239746,20.279073770623654,20.494306748500094,19.36907806294039
9,1.0,11,1.0,The ice core drilling rig was delivered as unit,PB58,KE71,-0.575164794921875,0.37691688537597656,1.1915011405944824,20.012503592297435,21.275163694750518,19.997802416794002
9,3.0,0,0.0,The winter supply manifest lists lot number,JE33,RM41,-0.11084175109863281,4.55328369140625,0.5956668853759766,15.228557718917727,16.094823291525245,16.19394045509398
9,3.0,1,0.0909,The medical supply locker was closed with seal number,SQ87,PW39,0.2475743293762207,1.6947453022003174,1.1933166980743408,20.454390061087906,15.23596806731075,14.008235046640038
9,3.0,2,0.1818,Feld's field notebook carries catalogue reference,CL80,DN75,0.7710504531860352,6.497529983520508,2.0654783248901367,17.231460362672806,18.584075649268925,17.54709126893431
9,3.0,3,0.2727,The northern relay station operates under callsign,FF40,MT57,-0.9720067977905273,1.5491085052490234,-1.5014395713806152,20.406173152150586,18.917834591586143,17.46848498331383
9,3.0,4,0.3636,The archive microfilm reel is filed under shelf mark,BD26,EX47,-0.19030094146728516,1.8896279335021973,1.411527156829834,17.260281790513545,17.328298978041857,16.896820013644174
9,3.0,5,0.4545,The expedition's spare sledge carries equipment tag,SU18,FY43,1.3350839614868164,2.6070079803466797,1.135328769683838,16.0393720488064,16.152991669252515,16.008891127072275
9,3.0,6,0.5455,The survey team's theodolite bears serial number,KG96,AB32,-1.1385879516601562,0.35391807556152344,-1.3761730194091797,17.702470279764384,15.580759346019477,16.974175444804132
9,3.0,7,0.6364,The border checkpoint ledger opens at entry code,HZ63,VE11,-1.0838699340820312,-0.9146575927734375,-2.434757709503174,18.840495937503874,16.267049693036824,17.07563910773024
9,3.0,8,0.7273,The radio operator's logbook continues in volume,CJ36,BB67,-1.1749029159545898,1.963979721069336,-0.810126781463623,16.16889924230054,15.800289988517761,15.873722787364386
9,3.0,9,0.8182,The lighthouse relief roster follows schedule,NJ53,GN47,-2.9924912452697754,2.067613124847412,-0.9391946792602539,17.13774937018752,15.352937137242407,17.50003063119948
9,3.0,10,0.9091,The observatory's spare mirror was ordered as part number,BG10,VA55,-0.36109447479248047,1.4652504920959473,-0.020051956176757812,20.279073770623654,19.63217947818339,19.28368498850614
9,3.0,11,1.0,The ice core drilling rig was delivered as unit,PB58,KE71,-0.575164794921875,1.759927749633789,2.8645315170288086,20.012503592297435,18.38395557552576,17.91988901561126
9,4.0,0,0.0,The winter supply manifest lists lot number,JE33,RM41,-0.11084175109863281,6.2757298946380615,1.1072921752929688,15.228557718917727,14.88573932275176,14.582780100405216
9,4.0,1,0.0909,The medical supply locker was closed with seal number,SQ87,PW39,0.2475743293762207,3.3072221279144287,2.4460768699645996,20.454390061087906,15.607239305973053,14.691029727458954
9,4.0,2,0.1818,Feld's field notebook carries catalogue reference,CL80,DN75,0.7710504531860352,6.5401692390441895,2.689208984375,17.231460362672806,17.538846330717206,17.59733409807086
9,4.0,3,0.2727,The northern relay station operates under callsign,FF40,MT57,-0.9720067977905273,0.8105621337890625,-2.3744421005249023,20.406173152150586,18.87609279784374,17.13452337682247
9,4.0,4,0.3636,The archive microfilm reel is filed under shelf mark,BD26,EX47,-0.19030094146728516,1.5677080154418945,1.059689998626709,17.260281790513545,17.240298327058554,16.817610312253237
9,4.0,5,0.4545,The expedition's spare sledge carries equipment tag,SU18,FY43,1.3350839614868164,3.435950756072998,1.7550373077392578,16.0393720488064,17.38234996702522,15.498872959986329
9,4.0,6,0.5455,The survey team's theodolite bears serial number,KG96,AB32,-1.1385879516601562,0.20208501815795898,-1.721484661102295,17.702470279764384,15.791953361593187,16.28549522906542
9,4.0,7,0.6364,The border checkpoint ledger opens at entry code,HZ63,VE11,-1.0838699340820312,-0.5053365230560303,-1.9907517433166504,18.840495937503874,16.952615296235308,17.2801350094378
9,4.0,8,0.7273,The radio operator's logbook continues in volume,CJ36,BB67,-1.1749029159545898,1.3776240348815918,-1.0661201477050781,16.16889924230054,16.77602805267088,16.267690791049972
9,4.0,9,0.8182,The lighthouse relief roster follows schedule,NJ53,GN47,-2.9924912452697754,1.9894328117370605,-0.9541993141174316,17.13774937018752,15.55313425231725,17.56111430283636
9,4.0,10,0.9091,The observatory's spare mirror was ordered as part number,BG10,VA55,-0.36109447479248047,1.6883769035339355,0.5389566421508789,20.279073770623654,18.593018360435963,17.77544160746038
9,4.0,11,1.0,The ice core drilling rig was delivered as unit,PB58,KE71,-0.575164794921875,3.315725326538086,3.464993953704834,20.012503592297435,18.2473985273391,17.596636324189603
9,6.0,0,0.0,The winter supply manifest lists lot number,JE33,RM41,-0.11084175109863281,3.5728650093078613,0.2501974105834961,15.228557718917727,9.778908431529999,12.754586398601532
9,6.0,1,0.0909,The medical supply locker was closed with seal number,SQ87,PW39,0.2475743293762207,2.5757150650024414,2.243743896484375,20.454390061087906,12.285059928894043,14.0690982863307
9,6.0,2,0.1818,Feld's field notebook carries catalogue reference,CL80,DN75,0.7710504531860352,3.206035614013672,2.281198024749756,17.231460362672806,15.361304173246026,16.498468147590756
9,6.0,3,0.2727,The northern relay station operates under callsign,FF40,MT57,-0.9720067977905273,-1.1074395179748535,-3.6653308868408203,20.406173152150586,14.370495437644422,15.258559161797166
9,6.0,4,0.3636,The archive microfilm reel is filed under shelf mark,BD26,EX47,-0.19030094146728516,0.43187475204467773,0.9203553199768066,17.260281790513545,18.018347873352468,16.319432824850082
9,6.0,5,0.4545,The expedition's spare sledge carries equipment tag,SU18,FY43,1.3350839614868164,4.041722297668457,2.0605835914611816,16.0393720488064,17.44051779806614,13.955511562526226
9,6.0,6,0.5455,The survey team's theodolite bears serial number,KG96,AB32,-1.1385879516601562,-0.5621318817138672,-1.8116965293884277,17.702470279764384,17.01959055941552,16.323932752013206
9,6.0,7,0.6364,The border checkpoint ledger opens at entry code,HZ63,VE11,-1.0838699340820312,-0.5843510627746582,-1.1700491905212402,18.840495937503874,17.147781617939472,19.15667052101344
9,6.0,8,0.7273,The radio operator's logbook continues in volume,CJ36,BB67,-1.1749029159545898,-1.573990821838379,-3.50205135345459,16.16889924230054,17.798901497386396,15.82395733334124
9,6.0,9,0.8182,The lighthouse relief roster follows schedule,NJ53,GN47,-2.9924912452697754,0.8112611770629883,0.9576177597045898,17.13774937018752,16.804094878956676,16.438914492726326
9,6.0,10,0.9091,The observatory's spare mirror was ordered as part number,BG10,VA55,-0.36109447479248047,1.3696093559265137,0.4727511405944824,20.279073770623654,16.2917826641351,17.0523898396641
9,6.0,11,1.0,The ice core drilling rig was delivered as unit,PB58,KE71,-0.575164794921875,4.137043476104736,6.0680623054504395,20.012503592297435,16.100962469354272,16.89706076309085
9,8.0,0,0.0,The winter supply manifest lists lot number,JE33,RM41,-0.11084175109863281,1.044179916381836,0.993950366973877,15.228557718917727,9.124594688415527,12.803292691707611
9,8.0,1,0.0909,The medical supply locker was closed with seal number,SQ87,PW39,0.2475743293762207,-1.378100872039795,1.0280234813690186,20.454390061087906,7.722025036811829,11.432335704565048
9,8.0,2,0.1818,Feld's field notebook carries catalogue reference,CL80,DN75,0.7710504531860352,3.280391216278076,0.9188423156738281,17.231460362672806,15.234267994761467,16.14625383168459
9,8.0,3,0.2727,The northern relay station operates under callsign,FF40,MT57,-0.9720067977905273,-1.1796374320983887,-2.563504695892334,20.406173152150586,8.866081923246384,12.596308927983046
9,8.0,4,0.3636,The archive microfilm reel is filed under shelf mark,BD26,EX47,-0.19030094146728516,0.7500104904174805,0.9044923782348633,17.260281790513545,16.281670600175858,15.87059573829174
9,8.0,5,0.4545,The expedition's spare sledge carries equipment tag,SU18,FY43,1.3350839614868164,2.5382437705993652,1.9486565589904785,16.0393720488064,15.382144540548325,15.397833693772554
9,8.0,6,0.5455,The survey team's theodolite bears serial number,KG96,AB32,-1.1385879516601562,-0.32265138626098633,-1.8976712226867676,17.702470279764384,16.874516248703003,15.542582416906953
9,8.0,7,0.6364,The border checkpoint ledger opens at entry code,HZ63,VE11,-1.0838699340820312,-0.11425638198852539,1.5126934051513672,18.840495937503874,16.702763959765434,15.996664430946112
9,8.0,8,0.7273,The radio operator's logbook continues in volume,CJ36,BB67,-1.1749029159545898,-3.607576370239258,-3.8385729789733887,16.16889924230054,16.70252406038344,17.54404972307384
9,8.0,9,0.8182,The lighthouse relief roster follows schedule,NJ53,GN47,-2.9924912452697754,-0.551386833190918,1.0293540954589844,17.13774937018752,14.330674989148974,15.396035546436906
9,8.0,10,0.9091,The observatory's spare mirror was ordered as part number,BG10,VA55,-0.36109447479248047,-0.28560781478881836,-0.07140016555786133,20.279073770623654,17.22620278224349,17.94324373267591
9,8.0,11,1.0,The ice core drilling rig was delivered as unit,PB58,KE71,-0.575164794921875,5.61307954788208,6.196375370025635,20.012503592297435,14.6288226172328,18.171188462525606
9,12.0,0,0.0,The winter supply manifest lists lot number,JE33,RM41,-0.11084175109863281,-0.5364048480987549,-1.7698030471801758,15.228557718917727,7.875889301300049,6.390371561050415
9,12.0,1,0.0909,The medical supply locker was closed with seal number,SQ87,PW39,0.2475743293762207,-3.893763303756714,-0.5052413940429688,20.454390061087906,5.91299045085907,1.7693490982055664
9,12.0,2,0.1818,Feld's field notebook carries catalogue reference,CL80,DN75,0.7710504531860352,2.223217487335205,1.6608004570007324,17.231460362672806,10.2657550573349,10.040733814239502
9,12.0,3,0.2727,The northern relay station operates under callsign,FF40,MT57,-0.9720067977905273,0.08698463439941406,-0.8115320205688477,20.406173152150586,4.093726396560669,10.907331109046936
9,12.0,4,0.3636,The archive microfilm reel is filed under shelf mark,BD26,EX47,-0.19030094146728516,1.7887053489685059,1.1519522666931152,17.260281790513545,4.215462684631348,11.304429173469543
9,12.0,5,0.4545,The expedition's spare sledge carries equipment tag,SU18,FY43,1.3350839614868164,0.8310337066650391,2.0504980087280273,16.0393720488064,9.957723140716553,10.972976803779602
9,12.0,6,0.5455,The survey team's theodolite bears serial number,KG96,AB32,-1.1385879516601562,-2.20365571975708,-2.7047319412231445,17.702470279764384,11.700025081634521,12.359516024589539
9,12.0,7,0.6364,The border checkpoint ledger opens at entry code,HZ63,VE11,-1.0838699340820312,-2.001128673553467,0.39457130432128906,18.840495937503874,10.380161672830582,14.79298733919859
9,12.0,8,0.7273,The radio operator's logbook continues in volume,CJ36,BB67,-1.1749029159545898,-1.8431754112243652,-4.476449966430664,16.16889924230054,9.45776878297329,16.73681004345417
9,12.0,9,0.8182,The lighthouse relief roster follows schedule,NJ53,GN47,-2.9924912452697754,-0.0148162841796875,-1.373525619506836,17.13774937018752,10.969081193208694,10.58847587928176
9,12.0,10,0.9091,The observatory's spare mirror was ordered as part number,BG10,VA55,-0.36109447479248047,-0.27228593826293945,-0.9592695236206055,20.279073770623654,11.911349803209305,13.377254962921143
9,12.0,11,1.0,The ice core drilling rig was delivered as unit,PB58,KE71,-0.575164794921875,4.320565223693848,4.180051326751709,20.012503592297435,13.07893654704094,11.920126676559448
10,1.0,0,0.0,Ansel's transit permit was issued as document number,UB64,BA66,0.0364537239074707,-0.1665363311767578,-0.25824451446533203,19.309165545622818,17.577611825196072,17.88685820205137
10,1.0,1,0.0909,The reserve fuel depot is listed at site code,JW30,TC16,-1.0790514945983887,-0.7555718421936035,-1.18119478225708,19.981068196007982,18.899550270172767,19.368091549840756
10,1.0,2,0.1818,The harbour pilot's licence shows registration code,BS72,MC29,-0.6164641380310059,-0.3505697250366211,-0.7463107109069824,20.849369981326163,20.799566126195714,22.377761755138636
10,1.0,3,0.2727,The medical supply locker was closed with seal number,LC41,DV68,0.6119928359985352,0.43413877487182617,0.5891995429992676,18.32738754991442,16.486797616817057,16.29513651318848
10,1.0,4,0.3636,The mail packet from Vlissen came in pouch number,PE87,RE68,0.1805572509765625,1.4650042057037354,0.6310520172119141,21.736809897702187,22.204231321054976,22.729995785979554
10,1.0,5,0.4545,The lighthouse relief roster follows schedule,MN63,PS67,-0.11454057693481445,0.6415822505950928,0.7238988876342773,14.446055314620025,15.744709100225009,15.254961718572304
10,1.0,6,0.5455,The salvage tender was registered with hull number,EQ40,LZ43,-1.592104434967041,-0.403317928314209,-0.6032171249389648,16.16298642626498,17.396274058235576,18.02623354527168
10,1.0,7,0.6364,The winter quarters roof panel came from batch,BU10,LW76,-3.2050251960754395,-2.08010196685791,-2.4641733169555664,15.11814601905644,16.899853837909177,17.25759521475993
10,1.0,8,0.7273,The hydrographic chart set reached edition,HE34,SE40,0.23398971557617188,1.5159263610839844,-0.022948265075683594,16.796446870896034,17.07564465131145,16.905058819800615
10,1.0,9,0.8182,The customs declaration quotes reference code,KT56,LV14,0.6221861839294434,0.30573463439941406,0.34523487091064453,19.886712642852217,19.183059381088242,19.898637191974558
10,1.0,10,0.9091,The eastern pumping station runs on circuit label,HL95,RA24,-0.03444099426269531,0.026800155639648438,-0.6139030456542969,18.056963361334056,17.350125103490427,17.754763879347593
10,1.0,11,1.0,The seismograph at Ridge Camp reports as instrument,RC93,KP41,2.6894450187683105,5.179880619049072,4.005685806274414,18.361706377007067,16.486027768580243,16.759929353371263
10,3.0,0,0.0,Ansel's transit permit was issued as document number,UB64,BA66,0.0364537239074707,0.9175801277160645,-0.5210170745849609,19.309165545622818,15.266798950731754,15.11478990316391
10,3.0,1,0.0909,The reserve fuel depot is listed at site code,JW30,TC16,-1.0790514945983887,0.20419836044311523,-2.7769908905029297,19.981068196007982,17.27143924194388,15.69731882866472
10,3.0,2,0.1818,The harbour pilot's licence shows registration code,BS72,MC29,-0.6164641380310059,0.6021151542663574,-1.1584548950195312,20.849369981326163,19.560715371742845,17.95082465186715
10,3.0,3,0.2727,The medical supply locker was closed with seal number,LC41,DV68,0.6119928359985352,1.4062161445617676,0.050337791442871094,18.32738754991442,13.299161450006068,13.155586678534746
10,3.0,4,0.3636,The mail packet from Vlissen came in pouch number,PE87,RE68,0.1805572509765625,5.037208318710327,1.0548768043518066,21.736809897702187,17.092524906620383,17.083899026736617
10,3.0,5,0.4545,The lighthouse relief roster follows schedule,MN63,PS67,-0.11454057693481445,-0.3340635299682617,-0.10416150093078613,14.446055314620025,12.753612337633967,11.99547953531146
10,3.0,6,0.5455,The salvage tender was registered with hull number,EQ40,LZ43,-1.592104434967041,-1.7224550247192383,-1.0188722610473633,16.16298642626498,15.225511092692614,14.631564678158611
10,3.0,7,0.6364,The winter quarters roof panel came from batch,BU10,LW76,-3.2050251960754395,-1.4121003150939941,-1.4953193664550781,15.11814601905644,17.64827980287373,16.326618590392172
10,3.0,8,0.7273,The hydrographic chart set reached edition,HE34,SE40,0.23398971557617188,1.4498291015625,-0.09195899963378906,16.796446870896034,17.27304747654125,16.655135336332023
10,3.0,9,0.8182,The customs declaration quotes reference code,KT56,LV14,0.6221861839294434,1.2043285369873047,0.7253804206848145,19.886712642852217,18.12137177027762,18.74456597585231
10,3.0,10,0.9091,The eastern pumping station runs on circuit label,HL95,RA24,-0.03444099426269531,1.0908775329589844,0.6374478340148926,18.056963361334056,14.428486137185246,13.423552648164332
10,3.0,11,1.0,The seismograph at Ridge Camp reports as instrument,RC93,KP41,2.6894450187683105,7.735799312591553,6.416130065917969,18.361706377007067,18.088926666416228,18.270014982670546
10,4.0,0,0.0,Ansel's transit permit was issued as document number,UB64,BA66,0.0364537239074707,0.7653799057006836,-1.3079895973205566,19.309165545622818,10.360169053077698,17.211680740118027
10,4.0,1,0.0909,The reserve fuel depot is listed at site code,JW30,TC16,-1.0790514945983887,0.6108675003051758,-2.220107078552246,19.981068196007982,18.77988861128688,14.86744038015604
10,4.0,2,0.1818,The harbour pilot's licence shows registration code,BS72,MC29,-0.6164641380310059,0.9092297554016113,-1.1666297912597656,20.849369981326163,20.35793481953442,17.39444086328149
10,4.0,3,0.2727,The medical supply locker was closed with seal number,LC41,DV68,0.6119928359985352,1.9137334823608398,0.057659149169921875,18.32738754991442,15.245758245699108,14.732874889858067
10,4.0,4,0.3636,The mail packet from Vlissen came in pouch number,PE87,RE68,0.1805572509765625,5.177816867828369,1.4457340240478516,21.736809897702187,19.065902301110327,19.788103446364403
10,4.0,5,0.4545,The lighthouse relief roster follows schedule,MN63,PS67,-0.11454057693481445,0.9060420989990234,0.9980878829956055,14.446055314620025,13.29146136622876,13.388312170282006
10,4.0,6,0.5455,The salvage tender was registered with hull number,EQ40,LZ43,-1.592104434967041,-0.33042144775390625,-0.8800578117370605,16.16298642626498,17.342147438554093,15.679931228980422
10,4.0,7,0.6364,The winter quarters roof panel came from batch,BU10,LW76,-3.2050251960754395,-0.15382146835327148,-1.6423406600952148,15.11814601905644,16.989421513862908,16.542291706427932
10,4.0,8,0.7273,The hydrographic chart set reached edition,HE34,SE40,0.23398971557617188,2.1889047622680664,0.6395525932312012,16.796446870896034,17.78952295705676,17.263437024783343
10,4.0,9,0.8182,The customs declaration quotes reference code,KT56,LV14,0.6221861839294434,1.4862723350524902,-0.20383071899414062,19.886712642852217,19.28200815897435,18.872853385284543
10,4.0,10,0.9091,The eastern pumping station runs on circuit label,HL95,RA24,-0.03444099426269531,1.7402238845825195,-0.4192781448364258,18.056963361334056,14.844564655330032,13.871622046455741
10,4.0,11,1.0,The seismograph at Ridge Camp reports as instrument,RC93,KP41,2.6894450187683105,7.669943332672119,7.083556652069092,18.361706377007067,18.760244881734252,17.913562543690205
10,6.0,0,0.0,Ansel's transit permit was issued as document number,UB64,BA66,0.0364537239074707,1.211641788482666,-0.9863061904907227,19.309165545622818,16.128545314073563,14.180139884352684
10,6.0,1,0.0909,The reserve fuel depot is listed at site code,JW30,TC16,-1.0790514945983887,-0.46588802337646484,-2.2673377990722656,19.981068196007982,17.980939332395792,17.4664758015424
10,6.0,2,0.1818,The harbour pilot's licence shows registration code,BS72,MC29,-0.6164641380310059,-1.3706493377685547,-1.846951961517334,20.849369981326163,17.86527369171381,16.843663692474365
10,6.0,3,0.2727,The medical supply locker was closed with seal number,LC41,DV68,0.6119928359985352,0.39423084259033203,0.24191856384277344,18.32738754991442,16.26528772711754,16.23957697302103
10,6.0,4,0.3636,The mail packet from Vlissen came in pouch number,PE87,RE68,0.1805572509765625,2.5952208042144775,0.08146119117736816,21.736809897702187,19.41164447553456,19.833925874903798
10,6.0,5,0.4545,The lighthouse relief roster follows schedule,MN63,PS67,-0.11454057693481445,2.4302103519439697,2.6418933868408203,14.446055314620025,14.584759160876274,13.120663551613688
10,6.0,6,0.5455,The salvage tender was registered with hull number,EQ40,LZ43,-1.592104434967041,-0.018548011779785156,0.0817880630493164,16.16298642626498,18.018818764016032,17.163529719226062
10,6.0,7,0.6364,The winter quarters roof panel came from batch,BU10,LW76,-3.2050251960754395,-0.635955810546875,-1.5240554809570312,15.11814601905644,16.119520584121346,15.563055165112019
10,6.0,8,0.7273,The hydrographic chart set reached edition,HE34,SE40,0.23398971557617188,0.03095865249633789,1.667647361755371,16.796446870896034,19.41583149973303,17.66540030017495
10,6.0,9,0.8182,The customs declaration quotes reference code,KT56,LV14,0.6221861839294434,-0.5118615627288818,-0.8454780578613281,19.886712642852217,19.16195895895362,17.748577367514372
10,6.0,10,0.9091,The eastern pumping station runs on circuit label,HL95,RA24,-0.03444099426269531,0.8647785186767578,0.0739290714263916,18.056963361334056,15.368825852870941,15.413467379286885
10,6.0,11,1.0,The seismograph at Ridge Camp reports as instrument,RC93,KP41,2.6894450187683105,4.505425214767456,4.784438133239746,18.361706377007067,18.409304711967707,17.085714176297188
10,8.0,0,0.0,Ansel's transit permit was issued as document number,UB64,BA66,0.0364537239074707,0.12017965316772461,-1.6272449493408203,19.309165545622818,13.971405625343323,4.637394189834595
10,8.0,1,0.0909,The reserve fuel depot is listed at site code,JW30,TC16,-1.0790514945983887,-2.566185474395752,-2.1403770446777344,19.981068196007982,13.927691772580147,13.94407568871975
10,8.0,2,0.1818,The harbour pilot's licence shows registration code,BS72,MC29,-0.6164641380310059,-1.3895072937011719,-2.828807830810547,20.849369981326163,15.685566902160645,15.881521444767714
10,8.0,3,0.2727,The medical supply locker was closed with seal number,LC41,DV68,0.6119928359985352,0.8872008323669434,-0.961937427520752,18.32738754991442,14.181397266685963,14.319319479167461
10,8.0,4,0.3636,The mail packet from Vlissen came in pouch number,PE87,RE68,0.1805572509765625,0.36434316635131836,-1.1396117210388184,21.736809897702187,16.038147993385792,15.965815417468548
10,8.0,5,0.4545,The lighthouse relief roster follows schedule,MN63,PS67,-0.11454057693481445,1.2974276542663574,1.4884796142578125,14.446055314620025,11.047804441303015,12.095341183245182
10,8.0,6,0.5455,The salvage tender was registered with hull number,EQ40,LZ43,-1.592104434967041,-0.40195703506469727,0.2144765853881836,16.16298642626498,14.612473294138908,14.588514406234026
10,8.0,7,0.6364,The winter quarters roof panel came from batch,BU10,LW76,-3.2050251960754395,-0.5300512313842773,-0.5681767463684082,15.11814601905644,12.334766767919064,11.6952486038208
10,8.0,8,0.7273,The hydrographic chart set reached edition,HE34,SE40,0.23398971557617188,-1.568108081817627,1.6402125358581543,16.796446870896034,15.579848762601614,16.76451601460576
10,8.0,9,0.8182,The customs declaration quotes reference code,KT56,LV14,0.6221861839294434,-1.4781312942504883,-0.11241292953491211,19.886712642852217,16.312350414693356,15.963138960301876
10,8.0,10,0.9091,The eastern pumping station runs on circuit label,HL95,RA24,-0.03444099426269531,1.3006277084350586,1.2477655410766602,18.056963361334056,14.17111399769783,14.226283602416515
10,8.0,11,1.0,The seismograph at Ridge Camp reports as instrument,RC93,KP41,2.6894450187683105,5.644407510757446,4.053341627120972,18.361706377007067,18.697348456829786,15.534511931240559
10,12.0,0,0.0,Ansel's transit permit was issued as document number,UB64,BA66,0.0364537239074707,-2.0530967712402344,-1.9167537689208984,19.309165545622818,1.3845281600952148,1.659733772277832
10,12.0,1,0.0909,The reserve fuel depot is listed at site code,JW30,TC16,-1.0790514945983887,-0.5138835906982422,-2.605238914489746,19.981068196007982,7.709995985031128,5.916282415390015
10,12.0,2,0.1818,The harbour pilot's licence shows registration code,BS72,MC29,-0.6164641380310059,-2.915414333343506,-4.610014915466309,20.849369981326163,11.739506185054779,9.161161184310913
10,12.0,3,0.2727,The medical supply locker was closed with seal number,LC41,DV68,0.6119928359985352,-0.35346364974975586,-0.5505251884460449,18.32738754991442,11.041455566883087,9.784566879272461
10,12.0,4,0.3636,The mail packet from Vlissen came in pouch number,PE87,RE68,0.1805572509765625,-1.0639066696166992,-2.3983030319213867,21.736809897702187,8.793487310409546,12.065258890390396
10,12.0,5,0.4545,The lighthouse relief roster follows schedule,MN63,PS67,-0.11454057693481445,1.6353058815002441,3.4908957481384277,14.446055314620025,9.277661919593811,10.88791099190712
10,12.0,6,0.5455,The salvage tender was registered with hull number,EQ40,LZ43,-1.592104434967041,-0.38132476806640625,0.02106475830078125,16.16298642626498,11.097203984856606,13.408070519566536
10,12.0,7,0.6364,The winter quarters roof panel came from batch,BU10,LW76,-3.2050251960754395,-1.1744685173034668,0.03018808364868164,15.11814601905644,6.121682733297348,8.698271244764328
10,12.0,8,0.7273,The hydrographic chart set reached edition,HE34,SE40,0.23398971557617188,-0.9601540565490723,0.1429448127746582,16.796446870896034,14.584219083189964,15.11828888952732
10,12.0,9,0.8182,The customs declaration quotes reference code,KT56,LV14,0.6221861839294434,-2.8852925300598145,-0.3879055976867676,19.886712642852217,6.890632510185242,7.122974872589111
10,12.0,10,0.9091,The eastern pumping station runs on circuit label,HL95,RA24,-0.03444099426269531,1.7187070846557617,1.2371082305908203,18.056963361334056,13.54393495619297,13.746235102415085
10,12.0,11,1.0,The seismograph at Ridge Camp reports as instrument,RC93,KP41,2.6894450187683105,3.62569522857666,4.537294864654541,18.361706377007067,14.89342613518238,13.939777858555317
11,1.0,0,0.0,The signal lamp housing takes fitting code,QT69,AV52,-0.1855010986328125,-0.045501708984375,-1.209749698638916,20.932701452402398,23.171313266735524,22.559662847430445
11,1.0,1,0.0909,The radio operator's logbook continues in volume,QS85,KN19,1.0259056091308594,1.2272553443908691,0.6582045555114746,16.398711415939033,20.299609290086664,17.514421537402086
11,1.0,2,0.1818,The medical supply locker was closed with seal number,GF75,CC36,0.2912898063659668,1.5921483039855957,1.1646647453308105,22.161518706474453,23.101707213791087,22.084106043505017
11,1.0,3,0.2727,The harbour pilot's licence shows registration code,RW88,UW41,0.7411620616912842,0.4251720905303955,-0.3872346878051758,8.49798650573939,9.750012954580598,9.000055419281125
11,1.0,4,0.3636,The archive microfilm reel is filed under shelf mark,FD67,AV57,0.5968523025512695,-1.4302000999450684,-0.6128840446472168,14.895571929169819,19.452073308231775,17.547503516077995
11,1.0,5,0.4545,The ice core drilling rig was delivered as unit,KE21,MV68,1.1145129203796387,0.027202129364013672,0.3032259941101074,13.456670126877725,16.176794778439216,15.021295052865753
11,1.0,6,0.5455,The sealed crate in the annex is marked with inventory tag,TY91,EU71,1.4099862575531006,2.156442165374756,1.159276008605957,17.2834931218531,18.540412334376015,18.309299462591298
11,1.0,7,0.6364,The telegraph repeater hut answers to station code,BV60,UE59,1.3541898727416992,3.7426230907440186,3.3715381622314453,15.794078584760427,17.947012595366687,17.485431685694493
11,1.0,8,0.7273,The shipment of core samples travelled under consignment code,WF89,FW29,1.1813716888427734,1.848820686340332,1.4379432201385498,15.152534360997379,19.21105456224177,18.77698825194966
11,1.0,9,0.8182,The winter supply manifest lists lot number,AS18,HZ34,-0.06798458099365234,-0.2792959213256836,-0.5777502059936523,15.633609339478426,18.245700152387144,17.185935068438994
11,1.0,10,0.9091,Ansel's transit permit was issued as document number,BB34,TG97,1.4885740280151367,-0.36966609954833984,0.027874469757080078,14.187591633410193,15.190955314901657,15.083446482312866
11,1.0,11,1.0,The seismograph at Ridge Camp reports as instrument,HV13,NR87,-1.6334400177001953,-1.182373046875,-1.4312987327575684,16.430641181534156,19.125476192566566,18.82015287876129
11,3.0,0,0.0,The signal lamp housing takes fitting code,QT69,AV52,-0.1855010986328125,2.6351611614227295,-0.4749946594238281,20.932701452402398,18.181383650749922,17.189993523061275
11,3.0,1,0.0909,The radio operator's logbook continues in volume,QS85,KN19,1.0259056091308594,2.150742530822754,-1.0581631660461426,16.398711415939033,20.352167395874858,19.666906774044037
11,3.0,2,0.1818,The medical supply locker was closed with seal number,GF75,CC36,0.2912898063659668,1.1741862297058105,0.759124755859375,22.161518706474453,22.81568092899397,19.01543125277385
11,3.0,3,0.2727,The harbour pilot's licence shows registration code,RW88,UW41,0.7411620616912842,1.3146114349365234,-1.1615839004516602,8.49798650573939,8.125904042739421,8.312507486902177
11,3.0,4,0.3636,The archive microfilm reel is filed under shelf mark,FD67,AV57,0.5968523025512695,-2.251451015472412,-0.5764508247375488,14.895571929169819,17.534787978976965,18.253150770789944
11,3.0,5,0.4545,The ice core drilling rig was delivered as unit,KE21,MV68,1.1145129203796387,3.0943899154663086,2.835458755493164,13.456670126877725,13.922301310289185,12.681731377728283
11,3.0,6,0.5455,The sealed crate in the annex is marked with inventory tag,TY91,EU71,1.4099862575531006,0.5392141342163086,-1.7787060737609863,17.2834931218531,17.722623801324517,17.121214762562886
11,3.0,7,0.6364,The telegraph repeater hut answers to station code,BV60,UE59,1.3541898727416992,1.265106439590454,0.09580779075622559,15.794078584760427,16.12954454869032,14.533034696243703
11,3.0,8,0.7273,The shipment of core samples travelled under consignment code,WF89,FW29,1.1813716888427734,2.4946951866149902,0.004940986633300781,15.152534360997379,18.28606995008886,16.069978781975806
11,3.0,9,0.8182,The winter supply manifest lists lot number,AS18,HZ34,-0.06798458099365234,1.3205742835998535,0.11531686782836914,15.633609339478426,16.9045133596519,15.231397991301492
11,3.0,10,0.9091,Ansel's transit permit was issued as document number,BB34,TG97,1.4885740280151367,1.245007038116455,1.0269427299499512,14.187591633410193,12.54853937169537,11.888070914894342
11,3.0,11,1.0,The seismograph at Ridge Camp reports as instrument,HV13,NR87,-1.6334400177001953,0.09102249145507812,-2.784132957458496,16.430641181534156,16.815983658656478,16.36284900829196
11,4.0,0,0.0,The signal lamp housing takes fitting code,QT69,AV52,-0.1855010986328125,3.635281562805176,-0.5885393619537354,20.932701452402398,16.816844757646322,16.330894324928522
11,4.0,1,0.0909,The radio operator's logbook continues in volume,QS85,KN19,1.0259056091308594,2.609926223754883,-0.7030143737792969,16.398711415939033,20.673308241181076,19.579575642943382
11,4.0,2,0.1818,The medical supply locker was closed with seal number,GF75,CC36,0.2912898063659668,0.5622339248657227,-0.5155863761901855,22.161518706474453,21.54714060947299,18.86132068745792
11,4.0,3,0.2727,The harbour pilot's licence shows registration code,RW88,UW41,0.7411620616912842,1.7818279266357422,0.2538156509399414,8.49798650573939,8.128838342614472,8.624897144269198
11,4.0,4,0.3636,The archive microfilm reel is filed under shelf mark,FD67,AV57,0.5968523025512695,-1.65256929397583,-1.1244087219238281,14.895571929169819,17.416032555978745,18.661459083668888
11,4.0,5,0.4545,The ice core drilling rig was delivered as unit,KE21,MV68,1.1145129203796387,3.7413854598999023,2.3263907432556152,13.456670126877725,12.495837366208434,11.964872368145734
11,4.0,6,0.5455,The sealed crate in the annex is marked with inventory tag,TY91,EU71,1.4099862575531006,0.1795487403869629,-1.5729923248291016,17.2834931218531,17.18256178079173,16.831726727075875
11,4.0,7,0.6364,The telegraph repeater hut answers to station code,BV60,UE59,1.3541898727416992,0.7114760875701904,0.25847697257995605,15.794078584760427,16.13699195161462,15.464695617556572
11,4.0,8,0.7273,The shipment of core samples travelled under consignment code,WF89,FW29,1.1813716888427734,2.301140308380127,0.49048805236816406,15.152534360997379,18.57665021251887,16.398835969157517
11,4.0,9,0.8182,The winter supply manifest lists lot number,AS18,HZ34,-0.06798458099365234,1.9975652694702148,0.6018733978271484,15.633609339478426,17.33706998685375,17.217046359553933
11,4.0,10,0.9091,Ansel's transit permit was issued as document number,BB34,TG97,1.4885740280151367,1.2620797157287598,-0.4240531921386719,14.187591633410193,12.70845391927287,12.628374087391421
11,4.0,11,1.0,The seismograph at Ridge Camp reports as instrument,HV13,NR87,-1.6334400177001953,-1.823087215423584,-2.57612943649292,16.430641181534156,16.45774578815326,16.210219397209585
11,6.0,0,0.0,The signal lamp housing takes fitting code,QT69,AV52,-0.1855010986328125,3.101071357727051,0.08462715148925781,20.932701452402398,6.489295929670334,5.27742600440979
11,6.0,1,0.0909,The radio operator's logbook continues in volume,QS85,KN19,1.0259056091308594,2.26106595993042,0.8810219764709473,16.398711415939033,16.726604133844376,16.03683547861874
11,6.0,2,0.1818,The medical supply locker was closed with seal number,GF75,CC36,0.2912898063659668,-2.2545528411865234,-2.7777047157287598,22.161518706474453,20.44554597325623,19.57580596394837
11,6.0,3,0.2727,The harbour pilot's licence shows registration code,RW88,UW41,0.7411620616912842,1.196549892425537,0.16794300079345703,8.49798650573939,7.063385765999556,6.467411741614342
11,6.0,4,0.3636,The archive microfilm reel is filed under shelf mark,FD67,AV57,0.5968523025512695,-0.6611733436584473,-0.950373649597168,14.895571929169819,17.400381356477737,17.17835227586329
11,6.0,5,0.4545,The ice core drilling rig was delivered as unit,KE21,MV68,1.1145129203796387,2.6270480155944824,1.2103185653686523,13.456670126877725,12.307092112489045,11.62589906156063
11,6.0,6,0.5455,The sealed crate in the annex is marked with inventory tag,TY91,EU71,1.4099862575531006,-1.1862893104553223,-2.2301502227783203,17.2834931218531,16.253090512007475,15.551301935687661
11,6.0,7,0.6364,The telegraph repeater hut answers to station code,BV60,UE59,1.3541898727416992,-0.3933076858520508,-1.46763277053833,15.794078584760427,17.420111825689673,15.18894436582923
11,6.0,8,0.7273,The shipment of core samples travelled under consignment code,WF89,FW29,1.1813716888427734,1.9196560382843018,1.3129515647888184,15.152534360997379,17.785096522420645,14.803390100598335
11,6.0,9,0.8182,The winter supply manifest lists lot number,AS18,HZ34,-0.06798458099365234,2.1012463569641113,2.4439697265625,15.633609339478426,18.04536130465567,17.524427390657365
11,6.0,10,0.9091,Ansel's transit permit was issued as document number,BB34,TG97,1.4885740280151367,-0.12066507339477539,-2.428709030151367,14.187591633410193,13.640393799170852,13.852584769017994
11,6.0,11,1.0,The seismograph at Ridge Camp reports as instrument,HV13,NR87,-1.6334400177001953,-3.390026092529297,-2.5196752548217773,16.430641181534156,16.594714084640145,15.415434647351503
11,8.0,0,0.0,The signal lamp housing takes fitting code,QT69,AV52,-0.1855010986328125,1.9652738571166992,1.1847238540649414,20.932701452402398,6.917141973972321,8.454690933227539
11,8.0,1,0.0909,The radio operator's logbook continues in volume,QS85,KN19,1.0259056091308594,1.718480110168457,0.8370599746704102,16.398711415939033,13.757419347763062,12.083868131041527
11,8.0,2,0.1818,The medical supply locker was closed with seal number,GF75,CC36,0.2912898063659668,-1.804502010345459,-4.632046222686768,22.161518706474453,17.76354155316949,14.74673706293106
11,8.0,3,0.2727,The harbour pilot's licence shows registration code,RW88,UW41,0.7411620616912842,1.258209228515625,0.6830735206604004,8.49798650573939,6.5919278264045715,2.0226244926452637
11,8.0,4,0.3636,The archive microfilm reel is filed under shelf mark,FD67,AV57,0.5968523025512695,-0.5740890502929688,-1.4726948738098145,14.895571929169819,18.28567981161177,11.794351637363434
11,8.0,5,0.4545,The ice core drilling rig was delivered as unit,KE21,MV68,1.1145129203796387,2.040999412536621,3.3683700561523438,13.456670126877725,13.810393612831831,8.700742021203041
11,8.0,6,0.5455,The sealed crate in the annex is marked with inventory tag,TY91,EU71,1.4099862575531006,0.024244308471679688,-1.9104924201965332,17.2834931218531,14.511629790067673,12.782260537147522
11,8.0,7,0.6364,The telegraph repeater hut answers to station code,BV60,UE59,1.3541898727416992,-2.9890682697296143,-3.1624808311462402,15.794078584760427,18.28802978247404,14.907038420438766
11,8.0,8,0.7273,The shipment of core samples travelled under consignment code,WF89,FW29,1.1813716888427734,2.6435115337371826,1.2552495002746582,15.152534360997379,16.941563989967108,15.139285862445831
11,8.0,9,0.8182,The winter supply manifest lists lot number,AS18,HZ34,-0.06798458099365234,3.880448818206787,3.173402786254883,15.633609339478426,14.92184441909194,14.699435025453568
11,8.0,10,0.9091,Ansel's transit permit was issued as document number,BB34,TG97,1.4885740280151367,0.8078007698059082,-1.1602082252502441,14.187591633410193,15.41987987421453,13.380583845078945
11,8.0,11,1.0,The seismograph at Ridge Camp reports as instrument,HV13,NR87,-1.6334400177001953,-3.3744068145751953,-4.963959693908691,16.430641181534156,16.32913804985583,15.420359291136265
11,12.0,0,0.0,The signal lamp housing takes fitting code,QT69,AV52,-0.1855010986328125,-0.33377885818481445,0.5479741096496582,20.932701452402398,2.8686962127685547,13.66159737110138
11,12.0,1,0.0909,The radio operator's logbook continues in volume,QS85,KN19,1.0259056091308594,1.7795119285583496,1.764932632446289,16.398711415939033,8.776989698410034,14.735370546579361
11,12.0,2,0.1818,The medical supply locker was closed with seal number,GF75,CC36,0.2912898063659668,0.238311767578125,0.491178035736084,22.161518706474453,14.592524707317352,14.469307966530323
11,12.0,3,0.2727,The harbour pilot's licence shows registration code,RW88,UW41,0.7411620616912842,1.8937726020812988,1.34434175491333,8.49798650573939,5.189887762069702,4.842572212219238
11,12.0,4,0.3636,The archive microfilm reel is filed under shelf mark,FD67,AV57,0.5968523025512695,-0.9501996040344238,0.5234818458557129,14.895571929169819,6.920366048812866,16.407334595918655
11,12.0,5,0.4545,The ice core drilling rig was delivered as unit,KE21,MV68,1.1145129203796387,-2.52833890914917,1.6419038772583008,13.456670126877725,9.399621337652206,12.42867061495781
11,12.0,6,0.5455,The sealed crate in the annex is marked with inventory tag,TY91,EU71,1.4099862575531006,0.24850082397460938,0.8725991249084473,17.2834931218531,10.749474495649338,8.4832923412323
11,12.0,7,0.6364,The telegraph repeater hut answers to station code,BV60,UE59,1.3541898727416992,0.2150559425354004,-1.020289421081543,15.794078584760427,17.693149723112583,14.405541956424713
11,12.0,8,0.7273,The shipment of core samples travelled under consignment code,WF89,FW29,1.1813716888427734,1.7086782455444336,-0.8830270767211914,15.152534360997379,15.661179423332214,10.274800568819046
11,12.0,9,0.8182,The winter supply manifest lists lot number,AS18,HZ34,-0.06798458099365234,4.998480319976807,5.038168430328369,15.633609339478426,16.153893530368805,12.267307355999947
11,12.0,10,0.9091,Ansel's transit permit was issued as document number,BB34,TG97,1.4885740280151367,1.1667776107788086,0.083099365234375,14.187591633410193,14.42259956151247,9.903170503675938
11,12.0,11,1.0,The seismograph at Ridge Camp reports as instrument,HV13,NR87,-1.6334400177001953,-4.687704086303711,-1.586099624633789,16.430641181534156,14.195021159946918,15.171308033168316
12,1.0,0,0.0,The survey team's theodolite bears serial number,RJ94,VA44,-1.350754737854004,-0.601325511932373,-2.0964255332946777,15.15404408145696,15.774739313172176,15.596234758151695
12,1.0,1,0.0909,The quartermaster's tally sheet uses form number,SX54,LF40,0.002079486846923828,0.5519871711730957,0.508976936340332,14.763174165971577,15.413005740381777,15.26339443877805
12,1.0,2,0.1818,The medical supply locker was closed with seal number,EN11,AS15,-1.5015974044799805,-1.5391802787780762,-1.9756951332092285,16.239148599328473,16.764355990453623,17.11271353031043
12,1.0,3,0.2727,The coastal watchtower is designated post,MR45,HV24,0.1865091323852539,0.7872629165649414,-1.8442106246948242,16.188548722770065,17.75315946689807,18.19748239754699
12,1.0,4,0.3636,The signal lamp housing takes fitting code,VH81,MT74,-1.388805866241455,-1.3698854446411133,-1.065114974975586,19.49448062805459,20.48512517171912,21.010055836173706
12,1.0,5,0.4545,The winter quarters roof panel came from batch,AX89,EA51,1.230313777923584,0.5106973648071289,0.47136640548706055,19.156578878173605,17.799387240840588,19.359706380637363
12,1.0,6,0.5455,The hydrographic chart set reached edition,EQ57,DH77,-5.765329360961914,-2.248628616333008,-2.4633989334106445,16.84189820487518,16.833690999657847,18.65100243978668
12,1.0,7,0.6364,The winter supply manifest lists lot number,FL36,SR72,-0.8595147132873535,-1.2163200378417969,-0.7131795883178711,16.66357989795506,18.50166735285893,18.30066489597084
12,1.0,8,0.7273,Feld's field notebook carries catalogue reference,BU35,WM43,-0.7323246002197266,-0.25881433486938477,-0.5414471626281738,18.186560408677906,18.60790599207394,18.998767783865333
12,1.0,9,0.8182,The botanical specimen case holds accession number,CS97,SW99,0.4367094039916992,-0.14920711517333984,0.8940873146057129,18.50087391049601,19.32670014561154,19.171370512223803
12,1.0,10,0.9091,The lighthouse relief roster follows schedule,LX61,JA97,3.6450774669647217,1.8399443626403809,3.081543445587158,18.96812634449452,17.04685630532913,19.273111805086955
12,1.0,11,1.0,The eastern pumping station runs on circuit label,CA17,ET44,-0.8522686958312988,-1.2613153457641602,-0.8430352210998535,18.831488478695974,18.66480289970059,17.906051935860887
12,3.0,0,0.0,The survey team's theodolite bears serial number,RJ94,VA44,-1.350754737854004,-2.2708888053894043,-3.1884384155273438,15.15404408145696,12.989752762019634,11.842892274260521
12,3.0,1,0.0909,The quartermaster's tally sheet uses form number,SX54,LF40,0.002079486846923828,3.4696288108825684,0.45013999938964844,14.763174165971577,15.08513347292319,14.266385656781495
12,3.0,2,0.1818,The medical supply locker was closed with seal number,EN11,AS15,-1.5015974044799805,-1.0061845779418945,-3.926161289215088,16.239148599328473,18.69830965483561,16.373860540334135
12,3.0,3,0.2727,The coastal watchtower is designated post,MR45,HV24,0.1865091323852539,3.0037851333618164,0.7525625228881836,16.188548722770065,18.66785475006327,15.68735321983695
12,3.0,4,0.3636,The signal lamp housing takes fitting code,VH81,MT74,-1.388805866241455,-2.687446355819702,-1.7016520500183105,19.49448062805459,17.91374634159729,17.42906555067748
12,3.0,5,0.4545,The winter quarters roof panel came from batch,AX89,EA51,1.230313777923584,0.9261431694030762,2.1673126220703125,19.156578878173605,17.704246543929912,17.788989074062556
12,3.0,6,0.5455,The hydrographic chart set reached edition,EQ57,DH77,-5.765329360961914,0.13714599609375,-2.085622787475586,16.84189820487518,19.557096507167444,18.34040009137243
12,3.0,7,0.6364,The winter supply manifest lists lot number,FL36,SR72,-0.8595147132873535,0.16479730606079102,0.10335636138916016,16.66357989795506,16.907357960939407,16.875179635360837
12,3.0,8,0.7273,Feld's field notebook carries catalogue reference,BU35,WM43,-0.7323246002197266,1.5967631340026855,0.7664484977722168,18.186560408677906,19.287642932496965,18.520042419433594
12,3.0,9,0.8182,The botanical specimen case holds accession number,CS97,SW99,0.4367094039916992,3.3435728549957275,2.1960110664367676,18.50087391049601,17.019859072286636,16.135053111240268
12,3.0,10,0.9091,The lighthouse relief roster follows schedule,LX61,JA97,3.6450774669647217,3.8934102058410645,3.9182562828063965,18.96812634449452,14.998711644671857,15.338852381333709
12,3.0,11,1.0,The eastern pumping station runs on circuit label,CA17,ET44,-0.8522686958312988,-3.0686097145080566,-2.4434080123901367,18.831488478695974,17.681055567692965,17.649874449707568
12,4.0,0,0.0,The survey team's theodolite bears serial number,RJ94,VA44,-1.350754737854004,-3.2478041648864746,-4.327376365661621,15.15404408145696,12.772306613624096,14.621738970279694
12,4.0,1,0.0909,The quartermaster's tally sheet uses form number,SX54,LF40,0.002079486846923828,4.452489376068115,2.1119322776794434,14.763174165971577,14.732637635897845,13.867165116593242
12,4.0,2,0.1818,The medical supply locker was closed with seal number,EN11,AS15,-1.5015974044799805,-2.005436897277832,-4.340158939361572,16.239148599328473,18.20404581190087,16.7487899097614
12,4.0,3,0.2727,The coastal watchtower is designated post,MR45,HV24,0.1865091323852539,3.53481388092041,0.667543888092041,16.188548722770065,17.616955771576613,14.973242487758398
12,4.0,4,0.3636,The signal lamp housing takes fitting code,VH81,MT74,-1.388805866241455,-3.275494337081909,-1.4465746879577637,19.49448062805459,17.799719650298357,17.520660451613367
12,4.0,5,0.4545,The winter quarters roof panel came from batch,AX89,EA51,1.230313777923584,0.3366093635559082,1.0639429092407227,19.156578878173605,17.908167796907946,18.545048005413264
12,4.0,6,0.5455,The hydrographic chart set reached edition,EQ57,DH77,-5.765329360961914,-0.7633423805236816,-2.4086976051330566,16.84189820487518,18.95544206025079,18.56922929175198
12,4.0,7,0.6364,The winter supply manifest lists lot number,FL36,SR72,-0.8595147132873535,0.3573184013366699,-0.9579257965087891,16.66357989795506,17.628140922635794,17.31427395902574
12,4.0,8,0.7273,Feld's field notebook carries catalogue reference,BU35,WM43,-0.7323246002197266,2.35520601272583,1.8684134483337402,18.186560408677906,20.916915622074157,19.382801996544003
12,4.0,9,0.8182,The botanical specimen case holds accession number,CS97,SW99,0.4367094039916992,4.746804475784302,2.755256175994873,18.50087391049601,18.609394539147615,17.006641565822065
12,4.0,10,0.9091,The lighthouse relief roster follows schedule,LX61,JA97,3.6450774669647217,3.9925856590270996,4.577981948852539,18.96812634449452,16.279956792946905,16.679206491447985
12,4.0,11,1.0,The eastern pumping station runs on circuit label,CA17,ET44,-0.8522686958312988,-1.3936657905578613,-2.0161147117614746,18.831488478695974,19.373915277887136,18.891000249423087
12,6.0,0,0.0,The survey team's theodolite bears serial number,RJ94,VA44,-1.350754737854004,-2.157576084136963,-3.1713523864746094,15.15404408145696,4.9297034740448,5.3401570320129395
12,6.0,1,0.0909,The quartermaster's tally sheet uses form number,SX54,LF40,0.002079486846923828,5.039238452911377,3.167178153991699,14.763174165971577,13.649702213704586,13.208585176616907
12,6.0,2,0.1818,The medical supply locker was closed with seal number,EN11,AS15,-1.5015974044799805,-3.1269421577453613,-4.572883129119873,16.239148599328473,16.577084908261895,16.029638544656336
12,6.0,3,0.2727,The coastal watchtower is designated post,MR45,HV24,0.1865091323852539,1.3280186653137207,-0.14473438262939453,16.188548722770065,15.496523572131991,14.881542605347931
12,6.0,4,0.3636,The signal lamp housing takes fitting code,VH81,MT74,-1.388805866241455,-3.4255735874176025,-3.236433506011963,19.49448062805459,14.575804695487022,15.909060310572386
12,6.0,5,0.4545,The winter quarters roof panel came from batch,AX89,EA51,1.230313777923584,-0.5132079124450684,-0.10584259033203125,19.156578878173605,18.884290765505284,18.527047717012465
12,6.0,6,0.5455,The hydrographic chart set reached edition,EQ57,DH77,-5.765329360961914,-1.6527299880981445,-3.4123058319091797,16.84189820487518,15.997370130382478,14.576383678242564
12,6.0,7,0.6364,The winter supply manifest lists lot number,FL36,SR72,-0.8595147132873535,-1.3953185081481934,-2.4670166969299316,16.66357989795506,15.625683554448187,18.53075012937188
12,6.0,8,0.7273,Feld's field notebook carries catalogue reference,BU35,WM43,-0.7323246002197266,2.1154232025146484,1.44500732421875,18.186560408677906,18.788454670459032,20.473580641672015
12,6.0,9,0.8182,The botanical specimen case holds accession number,CS97,SW99,0.4367094039916992,4.132284641265869,2.0536580085754395,18.50087391049601,17.84812786243856,15.878151685930789
12,6.0,10,0.9091,The lighthouse relief roster follows schedule,LX61,JA97,3.6450774669647217,2.223599433898926,3.614283561706543,18.96812634449452,14.700201535597444,17.326303385198116
12,6.0,11,1.0,The eastern pumping station runs on circuit label,CA17,ET44,-0.8522686958312988,0.3277778625488281,-0.5613846778869629,18.831488478695974,20.49721399694681,19.72210206463933
12,8.0,0,0.0,The survey team's theodolite bears serial number,RJ94,VA44,-1.350754737854004,-3.7919411659240723,-2.056321620941162,15.15404408145696,1.1931819915771484,3.7552623748779297
12,8.0,1,0.0909,The quartermaster's tally sheet uses form number,SX54,LF40,0.002079486846923828,2.3483147621154785,3.806373119354248,14.763174165971577,10.92512358725071,10.672339715063572
12,8.0,2,0.1818,The medical supply locker was closed with seal number,EN11,AS15,-1.5015974044799805,-3.517861843109131,-4.630718231201172,16.239148599328473,15.357695519924164,15.262014903128147
12,8.0,3,0.2727,The coastal watchtower is designated post,MR45,HV24,0.1865091323852539,1.1710824966430664,2.194003105163574,16.188548722770065,8.922179877758026,11.508045062422752
12,8.0,4,0.3636,The signal lamp housing takes fitting code,VH81,MT74,-1.388805866241455,-5.701700687408447,-4.783034801483154,19.49448062805459,10.718176484107971,10.167811393737793
12,8.0,5,0.4545,The winter quarters roof panel came from batch,AX89,EA51,1.230313777923584,-1.7722015380859375,1.8772039413452148,19.156578878173605,17.337488715536892,15.410341829061508
12,8.0,6,0.5455,The hydrographic chart set reached edition,EQ57,DH77,-5.765329360961914,-2.0981149673461914,-3.296024799346924,16.84189820487518,9.471605747938156,9.257736593484879
12,8.0,7,0.6364,The winter supply manifest lists lot number,FL36,SR72,-0.8595147132873535,-2.5587692260742188,-4.024742126464844,16.66357989795506,10.482518754899502,12.388247534632683
12,8.0,8,0.7273,Feld's field notebook carries catalogue reference,BU35,WM43,-0.7323246002197266,0.3382110595703125,-0.4463033676147461,18.186560408677906,18.293025448918343,18.636475175619125
12,8.0,9,0.8182,The botanical specimen case holds accession number,CS97,SW99,0.4367094039916992,1.2001566886901855,1.1015172004699707,18.50087391049601,13.603105694055557,14.089239049702883
12,8.0,10,0.9091,The lighthouse relief roster follows schedule,LX61,JA97,3.6450774669647217,-0.6804354190826416,2.131621837615967,18.96812634449452,12.188505861908197,14.04561672732234
12,8.0,11,1.0,The eastern pumping station runs on circuit label,CA17,ET44,-0.8522686958312988,1.2728948593139648,0.4197211265563965,18.831488478695974,19.552095599472523,20.727080212906003
12,12.0,0,0.0,The survey team's theodolite bears serial number,RJ94,VA44,-1.350754737854004,-4.101752281188965,-2.201017379760742,15.15404408145696,1.6557021141052246,5.311419486999512
12,12.0,1,0.0909,The quartermaster's tally sheet uses form number,SX54,LF40,0.002079486846923828,2.2257723808288574,3.4231748580932617,14.763174165971577,5.239490181207657,6.5899205803871155
12,12.0,2,0.1818,The medical supply locker was closed with seal number,EN11,AS15,-1.5015974044799805,-2.752865791320801,-2.372797966003418,16.239148599328473,12.482220530509949,11.212016642093658
12,12.0,3,0.2727,The coastal watchtower is designated post,MR45,HV24,0.1865091323852539,3.3008651733398438,2.7203831672668457,16.188548722770065,3.8916537761688232,0.7065689563751221
12,12.0,4,0.3636,The signal lamp housing takes fitting code,VH81,MT74,-1.388805866241455,-3.9968137741088867,-4.6910319328308105,19.49448062805459,10.136223554611206,7.249225616455078
12,12.0,5,0.4545,The winter quarters roof panel came from batch,AX89,EA51,1.230313777923584,-0.17148685455322266,0.4191908836364746,19.156578878173605,13.243517510592937,10.384715899825096
12,12.0,6,0.5455,The hydrographic chart set reached edition,EQ57,DH77,-5.765329360961914,-2.6171112060546875,-0.4172358512878418,16.84189820487518,4.126631736755371,3.7598623037338257
12,12.0,7,0.6364,The winter supply manifest lists lot number,FL36,SR72,-0.8595147132873535,-2.078535556793213,-2.0672788619995117,16.66357989795506,7.380962744355202,7.050105333328247
12,12.0,8,0.7273,Feld's field notebook carries catalogue reference,BU35,WM43,-0.7323246002197266,1.2217226028442383,-0.1446094512939453,18.186560408677906,13.42305663228035,14.886338107287884
12,12.0,9,0.8182,The botanical specimen case holds accession number,CS97,SW99,0.4367094039916992,-2.9645590782165527,-1.2952728271484375,18.50087391049601,9.65669721364975,8.694956183433533
12,12.0,10,0.9091,The lighthouse relief roster follows schedule,LX61,JA97,3.6450774669647217,2.4481143951416016,2.4277591705322266,18.96812634449452,10.124787017703056,9.847072094678879
12,12.0,11,1.0,The eastern pumping station runs on circuit label,CA17,ET44,-0.8522686958312988,0.12219095230102539,0.2241072654724121,18.831488478695974,18.26239400357008,15.322455644607544
13,1.0,0,0.0,The hydrographic chart set reached edition,JK97,BA50,0.3864588737487793,1.1409387588500977,-0.1832590103149414,17.02494455059059,16.61222274415195,18.207100230501965
13,1.0,1,0.0909,The telegraph repeater hut answers to station code,HX28,LE73,-0.39421939849853516,1.363370418548584,0.5107455253601074,16.583911647088826,16.692411521216854,17.58193428372033
13,1.0,2,0.1818,The sealed crate in the annex is marked with inventory tag,HW33,TT76,-1.0193753242492676,-0.33290529251098633,-0.6747879981994629,20.414657487301156,20.038233396830037,21.396741504082456
13,1.0,3,0.2727,The archive microfilm reel is filed under shelf mark,EC78,RH95,0.4750044345855713,0.43413472175598145,0.8627824783325195,16.47332354215905,17.5640794436913,19.074417147086933
13,1.0,4,0.3636,The expedition's spare sledge carries equipment tag,AP26,GK14,0.10253381729125977,0.716771125793457,0.06863260269165039,16.043704718817025,16.27119828830473,17.09507244103588
13,1.0,5,0.4545,Ansel's transit permit was issued as document number,XV11,NS30,-0.3514523506164551,-0.918393611907959,-1.4148120880126953,15.871900273952633,17.96152045042254,17.030826435424387
13,1.0,6,0.5455,The customs declaration quotes reference code,JE20,PX37,-1.500687599182129,-0.8406567573547363,-1.6359257698059082,15.632023721700534,18.673461489379406,18.5901980525814
13,1.0,7,0.6364,The northern relay station operates under callsign,HR80,JP85,-0.0060024261474609375,0.3356800079345703,0.5606265068054199,16.79076212423388,16.014786795014516,17.288991799228825
13,1.0,8,0.7273,The reserve fuel depot is listed at site code,UP95,HM41,-0.10589170455932617,-0.6331453323364258,-0.43745994567871094,15.094873572117649,16.184893453493714,17.87126976507716
13,1.0,9,0.8182,The harbour pilot's licence shows registration code,MP91,UK64,1.1731367111206055,0.4904518127441406,0.46619081497192383,13.236452882178128,18.33216548251221,18.563893922255374
13,1.0,10,0.9091,The radio operator's logbook continues in volume,LW25,GW54,-0.13116455078125,0.6972517967224121,0.162445068359375,17.0599059574306,19.63220299826935,20.645048992941156
13,1.0,11,1.0,The ice core drilling rig was delivered as unit,MV91,PB50,0.579042911529541,0.6337428092956543,0.46463632583618164,13.468135103117675,15.280945364618674,15.636320949997753
13,3.0,0,0.0,The hydrographic chart set reached edition,JK97,BA50,0.3864588737487793,2.094996452331543,-1.3313031196594238,17.02494455059059,16.312551424838603,14.003266483545303
13,3.0,1,0.0909,The telegraph repeater hut answers to station code,HX28,LE73,-0.39421939849853516,5.236330509185791,1.4089984893798828,16.583911647088826,14.13959608413279,14.98545755725354
13,3.0,2,0.1818,The sealed crate in the annex is marked with inventory tag,HW33,TT76,-1.0193753242492676,3.476215362548828,-0.368344783782959,20.414657487301156,18.1752768214792,16.344785576686263
13,3.0,3,0.2727,The archive microfilm reel is filed under shelf mark,EC78,RH95,0.4750044345855713,1.2938313484191895,-0.9645414352416992,16.47332354215905,16.695523648988456,14.294529777951539
13,3.0,4,0.3636,The expedition's spare sledge carries equipment tag,AP26,GK14,0.10253381729125977,3.814176082611084,0.2540731430053711,16.043704718817025,16.081480029970407,13.46696990262717
13,3.0,5,0.4545,Ansel's transit permit was issued as document number,XV11,NS30,-0.3514523506164551,-1.4887371063232422,-2.9036617279052734,15.871900273952633,17.402768628671765,14.673705954104662
13,3.0,6,0.5455,The customs declaration quotes reference code,JE20,PX37,-1.500687599182129,2.5444650650024414,-0.7311711311340332,15.632023721700534,19.98910300852731,16.08424737956375
13,3.0,7,0.6364,The northern relay station operates under callsign,HR80,JP85,-0.0060024261474609375,3.131150245666504,3.3510358333587646,16.79076212423388,15.852896048687398,13.970139948651195
13,3.0,8,0.7273,The reserve fuel depot is listed at site code,UP95,HM41,-0.10589170455932617,-2.66586971282959,-2.4764537811279297,15.094873572117649,15.207011922262609,13.967910875566304
13,3.0,9,0.8182,The harbour pilot's licence shows registration code,MP91,UK64,1.1731367111206055,1.5137953758239746,0.7789359092712402,13.236452882178128,17.975534914061427,17.54378229100257
13,3.0,10,0.9091,The radio operator's logbook continues in volume,LW25,GW54,-0.13116455078125,3.6326303482055664,1.6394414901733398,17.0599059574306,15.941218276508152,16.297537622973323
13,3.0,11,1.0,The ice core drilling rig was delivered as unit,MV91,PB50,0.579042911529541,4.3659987449646,2.5739569664001465,13.468135103117675,13.209239915478975,11.594858318567276
13,4.0,0,0.0,The hydrographic chart set reached edition,JK97,BA50,0.3864588737487793,1.703343391418457,-1.6701574325561523,17.02494455059059,15.70764652825892,13.629800658673048
13,4.0,1,0.0909,The telegraph repeater hut answers to station code,HX28,LE73,-0.39421939849853516,6.028789043426514,2.1332645416259766,16.583911647088826,13.958088266663253,13.179381232708693
13,4.0,2,0.1818,The sealed crate in the annex is marked with inventory tag,HW33,TT76,-1.0193753242492676,2.1906819343566895,0.854377269744873,20.414657487301156,18.501479803584516,17.234493689611554
13,4.0,3,0.2727,The archive microfilm reel is filed under shelf mark,EC78,RH95,0.4750044345855713,0.9944319725036621,-0.8795933723449707,16.47332354215905,16.819812590256333,14.53040435956791
13,4.0,4,0.3636,The expedition's spare sledge carries equipment tag,AP26,GK14,0.10253381729125977,5.152767181396484,0.11542940139770508,16.043704718817025,16.014847991988063,13.504165867343545
13,4.0,5,0.4545,Ansel's transit permit was issued as document number,XV11,NS30,-0.3514523506164551,-1.9955182075500488,-3.6442627906799316,15.871900273952633,17.251012744382024,15.06305750273168
13,4.0,6,0.5455,The customs declaration quotes reference code,JE20,PX37,-1.500687599182129,2.433701515197754,-0.021579265594482422,15.632023721700534,19.218316031619906,15.874970056582242
13,4.0,7,0.6364,The northern relay station operates under callsign,HR80,JP85,-0.0060024261474609375,3.0859012603759766,3.1500790119171143,16.79076212423388,16.310489873867482,15.857826760504395
13,4.0,8,0.7273,The reserve fuel depot is listed at site code,UP95,HM41,-0.10589170455932617,-2.2146668434143066,-2.504281997680664,15.094873572117649,15.881552043836564,13.927591165993363
13,4.0,9,0.8182,The harbour pilot's licence shows registration code,MP91,UK64,1.1731367111206055,1.1701278686523438,0.09055185317993164,13.236452882178128,17.747969252057374,17.448477923404425
13,4.0,10,0.9091,The radio operator's logbook continues in volume,LW25,GW54,-0.13116455078125,3.3237032890319824,1.1056914329528809,17.0599059574306,15.655945829115808,17.045174706727266
13,4.0,11,1.0,The ice core drilling rig was delivered as unit,MV91,PB50,0.579042911529541,3.9716320037841797,1.706301212310791,13.468135103117675,12.275302881374955,11.455253645777702
13,6.0,0,0.0,The hydrographic chart set reached edition,JK97,BA50,0.3864588737487793,-0.8288059234619141,-3.6700406074523926,17.02494455059059,4.57054591178894,4.072612076997757
13,6.0,1,0.0909,The telegraph repeater hut answers to station code,HX28,LE73,-0.39421939849853516,5.526791095733643,4.9449782371521,16.583911647088826,14.40326795913279,15.78311238065362
13,6.0,2,0.1818,The sealed crate in the annex is marked with inventory tag,HW33,TT76,-1.0193753242492676,-0.252793550491333,1.394437313079834,20.414657487301156,18.28739775530994,19.954658031463623
13,6.0,3,0.2727,The archive microfilm reel is filed under shelf mark,EC78,RH95,0.4750044345855713,0.16161203384399414,0.2189316749572754,16.47332354215905,14.77433205395937,14.710630118846893
13,6.0,4,0.3636,The expedition's spare sledge carries equipment tag,AP26,GK14,0.10253381729125977,2.669755458831787,1.5856256484985352,16.043704718817025,12.900488937273622,10.120685229077935
13,6.0,5,0.4545,Ansel's transit permit was issued as document number,XV11,NS30,-0.3514523506164551,-5.680462837219238,-4.950611591339111,15.871900273952633,16.63549500051886,16.5875607393682
13,6.0,6,0.5455,The customs declaration quotes reference code,JE20,PX37,-1.500687599182129,0.9887495040893555,0.7744450569152832,15.632023721700534,18.230224495753646,17.21157731860876
13,6.0,7,0.6364,The northern relay station operates under callsign,HR80,JP85,-0.0060024261474609375,5.292396783828735,4.6244659423828125,16.79076212423388,16.597067173570395,16.512915514409542
13,6.0,8,0.7273,The reserve fuel depot is listed at site code,UP95,HM41,-0.10589170455932617,-2.897615432739258,-3.8141674995422363,15.094873572117649,15.134426837787032,14.974492356181145
13,6.0,9,0.8182,The harbour pilot's licence shows registration code,MP91,UK64,1.1731367111206055,0.5551958084106445,-1.2749168872833252,13.236452882178128,16.317864390090108,16.56665655039251
13,6.0,10,0.9091,The radio operator's logbook continues in volume,LW25,GW54,-0.13116455078125,-0.8457584381103516,-0.0691227912902832,17.0599059574306,15.887886103242636,16.775443268939853
13,6.0,11,1.0,The ice core drilling rig was delivered as unit,MV91,PB50,0.579042911529541,0.8299989700317383,3.226010322570801,13.468135103117675,10.911072559654713,13.163740018382668
13,8.0,0,0.0,The hydrographic chart set reached edition,JK97,BA50,0.3864588737487793,-2.2359070777893066,-1.7482175827026367,17.02494455059059,2.6049106121063232,5.500120997428894
13,8.0,1,0.0909,The telegraph repeater hut answers to station code,HX28,LE73,-0.39421939849853516,5.810578107833862,5.945181608200073,16.583911647088826,14.947756830602884,16.28280257433653
13,8.0,2,0.1818,The sealed crate in the annex is marked with inventory tag,HW33,TT76,-1.0193753242492676,-0.8847885131835938,0.23645877838134766,20.414657487301156,18.248539116233587,17.47879857197404
13,8.0,3,0.2727,The archive microfilm reel is filed under shelf mark,EC78,RH95,0.4750044345855713,1.281606674194336,0.78057861328125,16.47332354215905,13.3540463373065,14.632319577038288
13,8.0,4,0.3636,The expedition's spare sledge carries equipment tag,AP26,GK14,0.10253381729125977,-0.06627178192138672,0.7976217269897461,16.043704718817025,10.70445154979825,9.780047349631786
13,8.0,5,0.4545,Ansel's transit permit was issued as document number,XV11,NS30,-0.3514523506164551,-6.725245952606201,-6.356481552124023,15.871900273952633,15.883798908442259,15.77123910933733
13,8.0,6,0.5455,The customs declaration quotes reference code,JE20,PX37,-1.500687599182129,-0.15892696380615234,2.559770107269287,15.632023721700534,17.908950474113226,16.83873937651515
13,8.0,7,0.6364,The northern relay station operates under callsign,HR80,JP85,-0.0060024261474609375,7.191811561584473,4.419042587280273,16.79076212423388,17.836935225874186,18.14496129564941
13,8.0,8,0.7273,The reserve fuel depot is listed at site code,UP95,HM41,-0.10589170455932617,-4.523238658905029,-3.0345749855041504,15.094873572117649,15.453288700431585,15.847712062299252
13,8.0,9,0.8182,The harbour pilot's licence shows registration code,MP91,UK64,1.1731367111206055,-0.13684320449829102,-1.0142908096313477,13.236452882178128,16.79794035665691,15.246959611773491
13,8.0,10,0.9091,The radio operator's logbook continues in volume,LW25,GW54,-0.13116455078125,-2.862109661102295,-2.657778263092041,17.0599059574306,18.086452670395374,17.461037158966064
13,8.0,11,1.0,The ice core drilling rig was delivered as unit,MV91,PB50,0.579042911529541,2.0764122009277344,3.367187976837158,13.468135103117675,10.349347963929176,12.902300152927637
13,12.0,0,0.0,The hydrographic chart set reached edition,JK97,BA50,0.3864588737487793,-1.795499324798584,-3.1293749809265137,17.02494455059059,1.6946110725402832,4.430709600448608
13,12.0,1,0.0909,The telegraph repeater hut answers to station code,HX28,LE73,-0.39421939849853516,2.4237656593322754,1.7442009449005127,16.583911647088826,15.610259614884853,7.5043253898620605
13,12.0,2,0.1818,The sealed crate in the annex is marked with inventory tag,HW33,TT76,-1.0193753242492676,-3.5000510215759277,1.7394194602966309,20.414657487301156,17.444064795970917,9.35809588432312
13,12.0,3,0.2727,The archive microfilm reel is filed under shelf mark,EC78,RH95,0.4750044345855713,0.14340591430664062,0.24318313598632812,16.47332354215905,12.664235070347786,7.354312896728516
13,12.0,4,0.3636,The expedition's spare sledge carries equipment tag,AP26,GK14,0.10253381729125977,1.0037016868591309,2.2915377616882324,16.043704718817025,9.771621972322464,5.971383690834045
13,12.0,5,0.4545,Ansel's transit permit was issued as document number,XV11,NS30,-0.3514523506164551,-3.5346407890319824,-5.779841899871826,15.871900273952633,12.890516683459282,4.068105101585388
13,12.0,6,0.5455,The customs declaration quotes reference code,JE20,PX37,-1.500687599182129,-0.6566953659057617,0.3378152847290039,15.632023721700534,10.960282683372498,8.521638870239258
13,12.0,7,0.6364,The northern relay station operates under callsign,HR80,JP85,-0.0060024261474609375,6.822137832641602,7.152368068695068,16.79076212423388,14.197685353457928,12.361936569213867
13,12.0,8,0.7273,The reserve fuel depot is listed at site code,UP95,HM41,-0.10589170455932617,-1.9398083686828613,-0.11554718017578125,15.094873572117649,13.823866754770279,7.343316316604614
13,12.0,9,0.8182,The harbour pilot's licence shows registration code,MP91,UK64,1.1731367111206055,-0.151153564453125,-0.766963005065918,13.236452882178128,15.683764904737473,9.659964501857758
13,12.0,10,0.9091,The radio operator's logbook continues in volume,LW25,GW54,-0.13116455078125,-2.4888758659362793,0.37122440338134766,17.0599059574306,16.272578164935112,13.290972620248795
13,12.0,11,1.0,The ice core drilling rig was delivered as unit,MV91,PB50,0.579042911529541,3.3123579025268555,1.4481110572814941,13.468135103117675,9.697742909193039,9.487785458564758
14,1.0,0,0.0,The reserve fuel depot is listed at site code,DV99,ND14,0.25450563430786133,2.081601619720459,0.6587586402893066,15.150023874361068,17.227355196722783,16.413832089980133
14,1.0,1,0.0909,The lighthouse relief roster follows schedule,WS41,GK13,2.163752555847168,2.1333281993865967,1.308009386062622,17.77892014430836,19.378482203639578,18.29346891795285
14,1.0,2,0.1818,Ansel's transit permit was issued as document number,ND43,AU74,-0.4996347427368164,0.14173030853271484,-0.4594240188598633,16.738673723244574,16.778442695562262,15.917362546315417
14,1.0,3,0.2727,The diesel storage tank is stencilled vessel number,HL55,KS55,-0.7901506423950195,-0.42816925048828125,-0.7148795127868652,17.202374870423228,18.384607373271137,17.64954983117059
14,1.0,4,0.3636,The medical supply locker was closed with seal number,JM90,JD14,-2.767918825149536,-3.8220348358154297,-3.9584527015686035,15.223456329200417,16.922424541437067,16.91028212092351
14,1.0,5,0.4545,The border checkpoint ledger opens at entry code,WS29,EG10,0.3236370086669922,1.7692756652832031,0.1495504379272461,15.815412676893175,17.710231213248335,17.357559147523716
14,1.0,6,0.5455,The glacier survey stake is recorded as marker,FT95,GV97,-0.4042167663574219,0.1230020523071289,0.24787139892578125,15.891056276392192,17.83458303217776,17.106049246387556
14,1.0,7,0.6364,The archive microfilm reel is filed under shelf mark,AW18,BT86,0.6593294143676758,1.3778676986694336,0.44796228408813477,17.640110562555492,20.191012560157105,20.064685337943956
14,1.0,8,0.7273,The observatory's spare mirror was ordered as part number,DV53,ZF75,0.8802919387817383,2.172114849090576,1.4799575805664062,16.68476306894445,19.732012314896565,19.353669223142788
14,1.0,9,0.8182,The meteorological buoy broadcasts on transponder code,AC45,WG56,0.14957904815673828,-0.16248655319213867,-0.30840158462524414,17.78956217097584,18.839492503291694,16.61293447893695
14,1.0,10,0.9091,The freight siding at Kelder appears on the plan as track,GN61,RN41,-2.0102992057800293,-0.4422125816345215,-0.9992885589599609,14.635618810541928,16.995281534269452,15.819428448332474
14,1.0,11,1.0,The survey team's theodolite bears serial number,DW97,NT80,2.4815850257873535,2.0365676879882812,1.6610107421875,17.838533289032057,18.092645501717925,17.97992918745149
14,3.0,0,0.0,The reserve fuel depot is listed at site code,DV99,ND14,0.25450563430786133,1.184758186340332,-0.1544175148010254,15.150023874361068,17.845935229212046,14.791829861700535
14,3.0,1,0.0909,The lighthouse relief roster follows schedule,WS41,GK13,2.163752555847168,5.065991401672363,1.9833250045776367,17.77892014430836,18.130150122800842,16.690307330340147
14,3.0,2,0.1818,Ansel's transit permit was issued as document number,ND43,AU74,-0.4996347427368164,0.02095198631286621,-1.1526079177856445,16.738673723244574,15.85334254859481,13.569924261420965
14,3.0,3,0.2727,The diesel storage tank is stencilled vessel number,HL55,KS55,-0.7901506423950195,-2.6997499465942383,-3.077749729156494,17.202374870423228,14.806688716169447,14.86718032322824
14,3.0,4,0.3636,The medical supply locker was closed with seal number,JM90,JD14,-2.767918825149536,-2.0381546020507812,-2.86124587059021,15.223456329200417,16.437549196882173,15.274706069380045
14,3.0,5,0.4545,The border checkpoint ledger opens at entry code,WS29,EG10,0.3236370086669922,3.5198683738708496,-0.5053715705871582,15.815412676893175,17.4924103054218,15.970421932637691
14,3.0,6,0.5455,The glacier survey stake is recorded as marker,FT95,GV97,-0.4042167663574219,-0.9601011276245117,-1.7309646606445312,15.891056276392192,16.439596665091813,18.633975118398666
14,3.0,7,0.6364,The archive microfilm reel is filed under shelf mark,AW18,BT86,0.6593294143676758,3.841637134552002,0.1368083953857422,17.640110562555492,18.21773235150613,17.947235367493704
14,3.0,8,0.7273,The observatory's spare mirror was ordered as part number,DV53,ZF75,0.8802919387817383,7.239171266555786,2.8205480575561523,16.68476306894445,17.882617541588843,17.965933907427825
14,3.0,9,0.8182,The meteorological buoy broadcasts on transponder code,AC45,WG56,0.14957904815673828,3.8403513431549072,0.9345085620880127,17.78956217097584,16.06561128492467,14.962834280682728
14,3.0,10,0.9091,The freight siding at Kelder appears on the plan as track,GN61,RN41,-2.0102992057800293,0.8901228904724121,-0.9040517807006836,14.635618810541928,13.055093287490308,14.276731738820672
14,3.0,11,1.0,The survey team's theodolite bears serial number,DW97,NT80,2.4815850257873535,3.0083889961242676,0.44052648544311523,17.838533289032057,17.104750812985003,16.84140864526853
14,4.0,0,0.0,The reserve fuel depot is listed at site code,DV99,ND14,0.25450563430786133,1.5906527042388916,-0.3173532485961914,15.150023874361068,18.86541952751577,15.18191134184599
14,4.0,1,0.0909,The lighthouse relief roster follows schedule,WS41,GK13,2.163752555847168,4.3466572761535645,1.1017341613769531,17.77892014430836,18.3573183438275,16.461955102160573
14,4.0,2,0.1818,Ansel's transit permit was issued as document number,ND43,AU74,-0.4996347427368164,1.7033777236938477,-0.16737699508666992,16.738673723244574,16.48914243048057,14.405552433338016
14,4.0,3,0.2727,The diesel storage tank is stencilled vessel number,HL55,KS55,-0.7901506423950195,-3.1667661666870117,-4.149603843688965,17.202374870423228,14.083529458381236,14.368652280420065
14,4.0,4,0.3636,The medical supply locker was closed with seal number,JM90,JD14,-2.767918825149536,-3.806959629058838,-4.7757182121276855,15.223456329200417,16.1559701920487,14.64415831444785
14,4.0,5,0.4545,The border checkpoint ledger opens at entry code,WS29,EG10,0.3236370086669922,4.176171779632568,-0.04239797592163086,15.815412676893175,17.53494165185839,16.428220374509692
14,4.0,6,0.5455,The glacier survey stake is recorded as marker,FT95,GV97,-0.4042167663574219,-1.0934514999389648,-2.1566710472106934,15.891056276392192,17.97097415640019,17.538241755217314
14,4.0,7,0.6364,The archive microfilm reel is filed under shelf mark,AW18,BT86,0.6593294143676758,4.26600980758667,0.49091196060180664,17.640110562555492,18.762263890821487,18.613424135139212
14,4.0,8,0.7273,The observatory's spare mirror was ordered as part number,DV53,ZF75,0.8802919387817383,6.737747430801392,3.229649066925049,16.68476306894445,18.490989023819566,18.51991120679304
14,4.0,9,0.8182,The meteorological buoy broadcasts on transponder code,AC45,WG56,0.14957904815673828,5.860666275024414,1.2278356552124023,17.78956217097584,17.358241520589218,16.901699256151915
14,4.0,10,0.9091,The freight siding at Kelder appears on the plan as track,GN61,RN41,-2.0102992057800293,0.8804283142089844,-1.5286478996276855,14.635618810541928,14.3905543461442,15.064382085110992
14,4.0,11,1.0,The survey team's theodolite bears serial number,DW97,NT80,2.4815850257873535,3.530941963195801,0.2886185646057129,17.838533289032057,17.93991842214018,17.791225374210626
14,6.0,0,0.0,The reserve fuel depot is listed at site code,DV99,ND14,0.25450563430786133,0.4594254493713379,-1.9536466598510742,15.150023874361068,10.401487022638321,8.059060990810394
14,6.0,1,0.0909,The lighthouse relief roster follows schedule,WS41,GK13,2.163752555847168,4.695958137512207,1.6849818229675293,17.77892014430836,16.689766351133585,16.08559887856245
14,6.0,2,0.1818,Ansel's transit permit was issued as document number,ND43,AU74,-0.4996347427368164,4.488497257232666,2.3061304092407227,16.738673723244574,15.05059976130724,16.316506065428257
14,6.0,3,0.2727,The diesel storage tank is stencilled vessel number,HL55,KS55,-0.7901506423950195,-1.4128270149230957,-2.691873550415039,17.202374870423228,15.148184522986412,15.862987158820033
14,6.0,4,0.3636,The medical supply locker was closed with seal number,JM90,JD14,-2.767918825149536,-5.528888940811157,-6.937208652496338,15.223456329200417,14.5489462018013,15.160192042589188
14,6.0,5,0.4545,The border checkpoint ledger opens at entry code,WS29,EG10,0.3236370086669922,3.6831326484680176,1.0309910774230957,15.815412676893175,16.126999869942665,14.822720270603895
14,6.0,6,0.5455,The glacier survey stake is recorded as marker,FT95,GV97,-0.4042167663574219,-1.1941862106323242,-3.53885555267334,15.891056276392192,16.450969327241182,18.639551437925547
14,6.0,7,0.6364,The archive microfilm reel is filed under shelf mark,AW18,BT86,0.6593294143676758,0.9973959922790527,0.1414651870727539,17.640110562555492,18.688134398311377,19.331422014161944
14,6.0,8,0.7273,The observatory's spare mirror was ordered as part number,DV53,ZF75,0.8802919387817383,6.7731382846832275,2.623335361480713,16.68476306894445,13.023078516125679,16.86885604634881
14,6.0,9,0.8182,The meteorological buoy broadcasts on transponder code,AC45,WG56,0.14957904815673828,2.3295257091522217,0.5141383409500122,17.78956217097584,17.517827827483416,17.50627542845905
14,6.0,10,0.9091,The freight siding at Kelder appears on the plan as track,GN61,RN41,-2.0102992057800293,0.7776222229003906,-1.0599360466003418,14.635618810541928,15.051548575982451,15.600418258458376
14,6.0,11,1.0,The survey team's theodolite bears serial number,DW97,NT80,2.4815850257873535,2.72586727142334,-0.7073402404785156,17.838533289032057,17.651187516748905,17.452278647571802
14,8.0,0,0.0,The reserve fuel depot is listed at site code,DV99,ND14,0.25450563430786133,-0.8249318599700928,-1.922067642211914,15.150023874361068,5.755386710166931,6.246618747711182
14,8.0,1,0.0909,The lighthouse relief roster follows schedule,WS41,GK13,2.163752555847168,1.636805534362793,3.156919002532959,17.77892014430836,16.031746845692396,15.949768755584955
14,8.0,2,0.1818,Ansel's transit permit was issued as document number,ND43,AU74,-0.4996347427368164,5.575512647628784,2.9519810676574707,16.738673723244574,14.30208570510149,13.61673167347908
14,8.0,3,0.2727,The diesel storage tank is stencilled vessel number,HL55,KS55,-0.7901506423950195,-0.9188389778137207,-0.8799786567687988,17.202374870423228,15.88854855671525,15.59264013916254
14,8.0,4,0.3636,The medical supply locker was closed with seal number,JM90,JD14,-2.767918825149536,-4.797760963439941,-6.503878116607666,15.223456329200417,14.161094505339861,14.939287804067135
14,8.0,5,0.4545,The border checkpoint ledger opens at entry code,WS29,EG10,0.3236370086669922,4.135701656341553,2.640087127685547,15.815412676893175,14.89828284829855,13.194166027009487
14,8.0,6,0.5455,The glacier survey stake is recorded as marker,FT95,GV97,-0.4042167663574219,-0.6106181144714355,-2.0535106658935547,15.891056276392192,16.570057667791843,15.678985614329576
14,8.0,7,0.6364,The archive microfilm reel is filed under shelf mark,AW18,BT86,0.6593294143676758,-1.6481046676635742,-1.362309455871582,17.640110562555492,16.386517889797688,16.85020511224866
14,8.0,8,0.7273,The observatory's spare mirror was ordered as part number,DV53,ZF75,0.8802919387817383,6.471717834472656,1.8622894287109375,16.68476306894445,13.517706707119942,14.074859976768494
14,8.0,9,0.8182,The meteorological buoy broadcasts on transponder code,AC45,WG56,0.14957904815673828,1.2049801349639893,-0.21491527557373047,17.78956217097584,16.00702629983425,14.526156485080719
14,8.0,10,0.9091,The freight siding at Kelder appears on the plan as track,GN61,RN41,-2.0102992057800293,-0.7275190353393555,-0.5942440032958984,14.635618810541928,12.737498834729195,14.13283671438694
14,8.0,11,1.0,The survey team's theodolite bears serial number,DW97,NT80,2.4815850257873535,0.7736825942993164,-2.4672746658325195,17.838533289032057,17.321038387715816,15.848580233752728
14,12.0,0,0.0,The reserve fuel depot is listed at site code,DV99,ND14,0.25450563430786133,-1.487299919128418,-2.1687698364257812,15.150023874361068,2.8163199424743652,-0.19758987426757812
14,12.0,1,0.0909,The lighthouse relief roster follows schedule,WS41,GK13,2.163752555847168,1.1373958587646484,1.8621549606323242,17.77892014430836,12.02588152885437,9.563127517700195
14,12.0,2,0.1818,Ansel's transit permit was issued as document number,ND43,AU74,-0.4996347427368164,5.546527862548828,4.333430767059326,16.738673723244574,10.455372795462608,9.66920068860054
14,12.0,3,0.2727,The diesel storage tank is stencilled vessel number,HL55,KS55,-0.7901506423950195,-0.6263456344604492,0.06519794464111328,17.202374870423228,11.877211421728134,12.2878897190094
14,12.0,4,0.3636,The medical supply locker was closed with seal number,JM90,JD14,-2.767918825149536,-4.996575832366943,-5.70726203918457,15.223456329200417,8.98747730255127,12.13690796494484
14,12.0,5,0.4545,The border checkpoint ledger opens at entry code,WS29,EG10,0.3236370086669922,1.5684523582458496,1.6402549743652344,15.815412676893175,8.510201036930084,7.118836164474487
14,12.0,6,0.5455,The glacier survey stake is recorded as marker,FT95,GV97,-0.4042167663574219,0.08298206329345703,1.0929007530212402,15.891056276392192,12.074719309806824,12.987767964601517
14,12.0,7,0.6364,The archive microfilm reel is filed under shelf mark,AW18,BT86,0.6593294143676758,-2.127760410308838,-1.4858951568603516,17.640110562555492,13.395309276878834,13.072732605040073
14,12.0,8,0.7273,The observatory's spare mirror was ordered as part number,DV53,ZF75,0.8802919387817383,5.2649827003479,2.016603946685791,16.68476306894445,9.07193011045456,11.792490631341934
14,12.0,9,0.8182,The meteorological buoy broadcasts on transponder code,AC45,WG56,0.14957904815673828,0.9308390617370605,1.002253532409668,17.78956217097584,13.163365975022316,11.985023498535156
14,12.0,10,0.9091,The freight siding at Kelder appears on the plan as track,GN61,RN41,-2.0102992057800293,-0.2226276397705078,-0.7524275779724121,14.635618810541928,13.519557565450668,13.631448231637478
14,12.0,11,1.0,The survey team's theodolite bears serial number,DW97,NT80,2.4815850257873535,-0.5325055122375488,-0.6379542350769043,17.838533289032057,15.375090591609478,16.739794820547104
15,1.0,0,0.0,The meteorological buoy broadcasts on transponder code,GA76,HX85,-0.35445451736450195,-0.11258935928344727,-0.7363095283508301,15.076228314777836,16.20227483054623,15.70905106072314
15,1.0,1,0.0909,The signal lamp housing takes fitting code,HA17,LR50,-0.8178563117980957,-1.975569248199463,-1.9070734977722168,16.63694737292826,18.91431651188759,18.711853729444556
15,1.0,2,0.1818,The freight siding at Kelder appears on the plan as track,MH24,AV55,1.844588279724121,2.236560821533203,0.33621835708618164,18.448465182678774,20.44490975374356,20.92261340166442
15,1.0,3,0.2727,The radio operator's logbook continues in volume,MH36,BF92,-0.5921454429626465,1.4562044143676758,-0.7389039993286133,17.030646125320345,20.361104748153593,19.3678294258425
15,1.0,4,0.3636,The reserve fuel depot is listed at site code,ML38,SZ23,-0.09351444244384766,0.3230900764465332,-0.42622900009155273,18.85905394377187,20.73176435404457,21.724481514072977
15,1.0,5,0.4545,The coastal watchtower is designated post,PH83,LE52,-2.6805481910705566,-2.0501556396484375,-2.8366947174072266,18.059161873650737,19.900328941235784,19.375551079108845
15,1.0,6,0.5455,The customs declaration quotes reference code,QP72,DL53,0.3568267822265625,0.04141092300415039,-0.49993133544921875,13.223380053415895,15.400746012339368,14.628647907287814
15,1.0,7,0.6364,The botanical specimen case holds accession number,CQ82,TV71,0.23282575607299805,0.02437305450439453,0.04490089416503906,16.374708546558395,20.835373914567754,20.46256373054348
15,1.0,8,0.7273,The lighthouse relief roster follows schedule,MQ82,UD60,0.15696334838867188,-0.8037848472595215,-1.7439255714416504,16.189379419898614,19.7487209928222,19.393496449280065
15,1.0,9,0.8182,The hydrographic chart set reached edition,RA35,UA22,1.9447484016418457,3.863574981689453,2.5574522018432617,17.660297888913192,20.489933875913266,20.111849507316947
15,1.0,10,0.9091,The expedition's spare sledge carries equipment tag,ET32,GU79,0.35857343673706055,0.884467601776123,1.152369737625122,21.44676409859676,22.41011786297895,22.708444129035342
15,1.0,11,1.0,The assay laboratory furnace is a model,KS73,TV51,2.3187026977539062,1.988945484161377,1.664543628692627,17.43369705392979,19.40800847345963,19.796091786934994
15,3.0,0,0.0,The meteorological buoy broadcasts on transponder code,GA76,HX85,-0.35445451736450195,0.6182765960693359,-1.1799755096435547,15.076228314777836,12.720801030285656,15.679317849688232
15,3.0,1,0.0909,The signal lamp housing takes fitting code,HA17,LR50,-0.8178563117980957,1.197279930114746,-0.21372509002685547,16.63694737292826,17.04408939741552,16.858222901821136
15,3.0,2,0.1818,The freight siding at Kelder appears on the plan as track,MH24,AV55,1.844588279724121,6.0290563106536865,-2.470914840698242,18.448465182678774,19.837530083488673,19.115968729835004
15,3.0,3,0.2727,The radio operator's logbook continues in volume,MH36,BF92,-0.5921454429626465,4.924767017364502,-1.89892578125,17.030646125320345,15.408212903887033,15.393258957192302
15,3.0,4,0.3636,The reserve fuel depot is listed at site code,ML38,SZ23,-0.09351444244384766,1.5077903270721436,-1.2799875736236572,18.85905394377187,17.275589240714908,17.928340665996075
15,3.0,5,0.4545,The coastal watchtower is designated post,PH83,LE52,-2.6805481910705566,2.0286755561828613,-1.2492027282714844,18.059161873650737,13.784474403597414,14.249258697032928
15,3.0,6,0.5455,The customs declaration quotes reference code,QP72,DL53,0.3568267822265625,1.5837516784667969,-1.1509008407592773,13.223380053415895,11.09913691226393,10.52803781023249
15,3.0,7,0.6364,The botanical specimen case holds accession number,CQ82,TV71,0.23282575607299805,2.781270980834961,1.7069206237792969,16.374708546558395,20.256149006076157,18.171183760277927
15,3.0,8,0.7273,The lighthouse relief roster follows schedule,MQ82,UD60,0.15696334838867188,4.932321071624756,-1.5220437049865723,16.189379419898614,15.281128437491134,15.289512879448012
15,3.0,9,0.8182,The hydrographic chart set reached edition,RA35,UA22,1.9447484016418457,5.73340916633606,3.2622785568237305,17.660297888913192,18.45889673754573,18.59118370199576
15,3.0,10,0.9091,The expedition's spare sledge carries equipment tag,ET32,GU79,0.35857343673706055,1.8860604763031006,2.1781058311462402,21.44676409859676,19.521714091533795,18.75913752987981
15,3.0,11,1.0,The assay laboratory furnace is a model,KS73,TV51,2.3187026977539062,5.467719554901123,1.688204288482666,17.43369705392979,17.287759551778436,16.78948966693133
15,4.0,0,0.0,The meteorological buoy broadcasts on transponder code,GA76,HX85,-0.35445451736450195,-0.4071192741394043,-0.8792681694030762,15.076228314777836,9.778847474604845,14.915054801851511
15,4.0,1,0.0909,The signal lamp housing takes fitting code,HA17,LR50,-0.8178563117980957,-1.0724501609802246,-0.6679439544677734,16.63694737292826,16.926375586539507,17.559703171253204
15,4.0,2,0.1818,The freight siding at Kelder appears on the plan as track,MH24,AV55,1.844588279724121,5.777142524719238,-1.555924415588379,18.448465182678774,18.308433387428522,18.770082814618945
15,4.0,3,0.2727,The radio operator's logbook continues in volume,MH36,BF92,-0.5921454429626465,4.521948575973511,-2.187798023223877,17.030646125320345,15.624617399647832,16.019448184408247
15,4.0,4,0.3636,The reserve fuel depot is listed at site code,ML38,SZ23,-0.09351444244384766,1.1060411930084229,-1.2934997081756592,18.85905394377187,17.074894337914884,18.62610616348684
15,4.0,5,0.4545,The coastal watchtower is designated post,PH83,LE52,-2.6805481910705566,-0.2986922264099121,-1.6630544662475586,18.059161873650737,14.882952469866723,14.861079582944512
15,4.0,6,0.5455,The customs declaration quotes reference code,QP72,DL53,0.3568267822265625,1.2856898307800293,-0.7080423831939697,13.223380053415895,10.937793443445116,10.397301936522126
15,4.0,7,0.6364,The botanical specimen case holds accession number,CQ82,TV71,0.23282575607299805,2.606025218963623,2.3358263969421387,16.374708546558395,19.99123158166185,19.17673883959651
15,4.0,8,0.7273,The lighthouse relief roster follows schedule,MQ82,UD60,0.15696334838867188,4.196138381958008,-1.0480318069458008,16.189379419898614,16.385133214993402,16.404564656317234
15,4.0,9,0.8182,The hydrographic chart set reached edition,RA35,UA22,1.9447484016418457,6.100497722625732,3.479419231414795,17.660297888913192,18.473691249499097,18.50167638529092
15,4.0,10,0.9091,The expedition's spare sledge carries equipment tag,ET32,GU79,0.35857343673706055,2.0958547592163086,0.9226043224334717,21.44676409859676,19.27807964757085,18.674035816453397
15,4.0,11,1.0,The assay laboratory furnace is a model,KS73,TV51,2.3187026977539062,4.308626413345337,2.5375375747680664,17.43369705392979,17.00895140133798,18.230785761028528
15,6.0,0,0.0,The meteorological buoy broadcasts on transponder code,GA76,HX85,-0.35445451736450195,-0.9469976425170898,-1.561880111694336,15.076228314777836,7.33179198205471,10.450674552470446
15,6.0,1,0.0909,The signal lamp housing takes fitting code,HA17,LR50,-0.8178563117980957,-0.362626314163208,-3.176360607147217,16.63694737292826,10.365137457847595,15.188885726034641
15,6.0,2,0.1818,The freight siding at Kelder appears on the plan as track,MH24,AV55,1.844588279724121,5.005244255065918,0.7673559188842773,18.448465182678774,13.363815680146217,15.483104806393385
15,6.0,3,0.2727,The radio operator's logbook continues in volume,MH36,BF92,-0.5921454429626465,4.899914741516113,0.42127370834350586,17.030646125320345,13.87781672924757,16.97422517929226
15,6.0,4,0.3636,The reserve fuel depot is listed at site code,ML38,SZ23,-0.09351444244384766,2.1733760833740234,-0.330014705657959,18.85905394377187,15.234106950461864,16.542787248268723
15,6.0,5,0.4545,The coastal watchtower is designated post,PH83,LE52,-2.6805481910705566,0.5797863006591797,-1.8045506477355957,18.059161873650737,13.20094633102417,17.40317398123443
15,6.0,6,0.5455,The customs declaration quotes reference code,QP72,DL53,0.3568267822265625,1.3419468402862549,-0.7278521060943604,13.223380053415895,8.260307533666492,9.58407031558454
15,6.0,7,0.6364,The botanical specimen case holds accession number,CQ82,TV71,0.23282575607299805,0.7226619720458984,2.4818339347839355,16.374708546558395,16.79396528750658,17.86333243921399
15,6.0,8,0.7273,The lighthouse relief roster follows schedule,MQ82,UD60,0.15696334838867188,0.6165051460266113,-1.798943042755127,16.189379419898614,15.58054769411683,15.807721896097064
15,6.0,9,0.8182,The hydrographic chart set reached edition,RA35,UA22,1.9447484016418457,4.723041534423828,5.140751838684082,17.660297888913192,16.359090127050877,17.393475737422705
15,6.0,10,0.9091,The expedition's spare sledge carries equipment tag,ET32,GU79,0.35857343673706055,2.3627662658691406,-0.07250547409057617,21.44676409859676,15.754240095615387,18.019687975756824
15,6.0,11,1.0,The assay laboratory furnace is a model,KS73,TV51,2.3187026977539062,2.397294044494629,6.164795160293579,17.43369705392979,16.233574835583568,17.347447466105223
15,8.0,0,0.0,The meteorological buoy broadcasts on transponder code,GA76,HX85,-0.35445451736450195,-0.3703651428222656,-1.0993027687072754,15.076228314777836,3.6187363862991333,3.3414822816848755
15,8.0,1,0.0909,The signal lamp housing takes fitting code,HA17,LR50,-0.8178563117980957,0.30152034759521484,-2.6561999320983887,16.63694737292826,8.269341468811035,11.10925406217575
15,8.0,2,0.1818,The freight siding at Kelder appears on the plan as track,MH24,AV55,1.844588279724121,3.294412612915039,1.4500617980957031,18.448465182678774,9.480730026960373,13.021832749247551
15,8.0,3,0.2727,The radio operator's logbook continues in volume,MH36,BF92,-0.5921454429626465,3.017829418182373,0.9232521057128906,17.030646125320345,13.565154418349266,15.816328762099147
15,8.0,4,0.3636,The reserve fuel depot is listed at site code,ML38,SZ23,-0.09351444244384766,1.6224088668823242,0.14064788818359375,18.85905394377187,13.700998909771442,14.544212806969881
15,8.0,5,0.4545,The coastal watchtower is designated post,PH83,LE52,-2.6805481910705566,-0.9814891815185547,-1.0003886222839355,18.059161873650737,12.722992658615112,16.572426732629538
15,8.0,6,0.5455,The customs declaration quotes reference code,QP72,DL53,0.3568267822265625,-0.5390167236328125,-1.0182054042816162,13.223380053415895,9.049498327076435,8.602822944521904
15,8.0,7,0.6364,The botanical specimen case holds accession number,CQ82,TV71,0.23282575607299805,-0.4027857780456543,1.370734691619873,16.374708546558395,14.830761581659317,14.558900408446789
15,8.0,8,0.7273,The lighthouse relief roster follows schedule,MQ82,UD60,0.15696334838867188,-3.590543270111084,-0.7287988662719727,16.189379419898614,14.330399818718433,14.89108251594007
15,8.0,9,0.8182,The hydrographic chart set reached edition,RA35,UA22,1.9447484016418457,5.40879487991333,6.144662857055664,17.660297888913192,16.433488316833973,16.980343110859394
15,8.0,10,0.9091,The expedition's spare sledge carries equipment tag,ET32,GU79,0.35857343673706055,1.0797557830810547,1.5171575546264648,21.44676409859676,17.25374810397625,18.986373241990805
15,8.0,11,1.0,The assay laboratory furnace is a model,KS73,TV51,2.3187026977539062,0.7520203590393066,4.7249064445495605,17.43369705392979,16.598209895193577,17.569485317915678
15,12.0,0,0.0,The meteorological buoy broadcasts on transponder code,GA76,HX85,-0.35445451736450195,2.2001543045043945,1.653569221496582,15.076228314777836,-0.09573888778686523,-3.0740113258361816
15,12.0,1,0.0909,The signal lamp housing takes fitting code,HA17,LR50,-0.8178563117980957,0.6054868698120117,-3.0591483116149902,16.63694737292826,10.403652429580688,8.221707344055176
15,12.0,2,0.1818,The freight siding at Kelder appears on the plan as track,MH24,AV55,1.844588279724121,1.8102459907531738,0.35857248306274414,18.448465182678774,11.479539573192596,9.685661792755127
15,12.0,3,0.2727,The radio operator's logbook continues in volume,MH36,BF92,-0.5921454429626465,1.9441585540771484,1.0410799980163574,17.030646125320345,15.801651045680046,12.821543991565704
15,12.0,4,0.3636,The reserve fuel depot is listed at site code,ML38,SZ23,-0.09351444244384766,3.098905563354492,1.9859514236450195,18.85905394377187,12.239534690976143,10.549852848052979
15,12.0,5,0.4545,The coastal watchtower is designated post,PH83,LE52,-2.6805481910705566,-2.733590602874756,0.8701233863830566,18.059161873650737,12.252788364887238,14.009368151426315
15,12.0,6,0.5455,The customs declaration quotes reference code,QP72,DL53,0.3568267822265625,-0.26280689239501953,-0.6687517166137695,13.223380053415895,8.169377788901329,7.057784050703049
15,12.0,7,0.6364,The botanical specimen case holds accession number,CQ82,TV71,0.23282575607299805,-2.8907394409179688,1.4194316864013672,16.374708546558395,16.173440098762512,12.99851667881012
15,12.0,8,0.7273,The lighthouse relief roster follows schedule,MQ82,UD60,0.15696334838867188,-2.2369260787963867,0.08803129196166992,16.189379419898614,9.795409828424454,11.407692581415176
15,12.0,9,0.8182,The hydrographic chart set reached edition,RA35,UA22,1.9447484016418457,5.179754257202148,4.706538200378418,17.660297888913192,14.728404603898525,15.452725917100906
15,12.0,10,0.9091,The expedition's spare sledge carries equipment tag,ET32,GU79,0.35857343673706055,1.3839030265808105,0.17967891693115234,21.44676409859676,18.40013706125319,17.05704940855503
15,12.0,11,1.0,The assay laboratory furnace is a model,KS73,TV51,2.3187026977539062,-0.11771249771118164,1.7196741104125977,17.43369705392979,15.068580940365791,13.961409389972687
16,1.0,0,0.0,The border checkpoint ledger opens at entry code,MR71,WE44,1.836103916168213,2.9647021293640137,2.090791702270508,16.229921935126185,14.439409718848765,15.093480842188
16,1.0,1,0.0909,The cartography office safe opens with combination,KP39,NP14,-0.31354808807373047,-0.13705921173095703,-0.6262912750244141,16.747862330637872,15.597453478490934,15.872924144379795
16,1.0,2,0.1818,The assay laboratory furnace is a model,QA62,BA35,-1.199739933013916,-0.04663991928100586,-1.2292933464050293,17.292797938454896,18.80321786366403,18.612733473768458
16,1.0,3,0.2727,The diesel storage tank is stencilled vessel number,XY43,PX42,-0.7028117179870605,-0.8353376388549805,-0.9834623336791992,17.832600589608774,18.077162051107734,18.326313726371154
16,1.0,4,0.3636,The observatory's spare mirror was ordered as part number,HW38,SN23,-1.4011874198913574,-0.6909699440002441,-0.7507400512695312,16.121805001050234,16.783618146786466,16.769900449551642
16,1.0,5,0.4545,Ansel's transit permit was issued as document number,AK48,GD63,0.6501893997192383,1.2642416954040527,1.302485466003418,18.78372019343078,18.2420818178216,19.152032396756113
16,1.0,6,0.5455,The telegraph repeater hut answers to station code,LX28,WD46,0.023575782775878906,0.39253759384155273,0.11926841735839844,16.77112598484382,17.197087336331606,16.740970917977393
16,1.0,7,0.6364,The survey team's theodolite bears serial number,AH87,DQ65,0.5056667327880859,0.5039052963256836,0.5613346099853516,18.98283124016598,19.683368298457935,18.871413949411362
16,1.0,8,0.7273,The harbour pilot's licence shows registration code,JA29,EN40,0.15783166885375977,0.9026165008544922,0.5275015830993652,18.814046413172036,19.508012253092602,20.11210871115327
16,1.0,9,0.8182,The reserve fuel depot is listed at site code,AQ68,EE61,-0.1392955780029297,1.3714008331298828,1.1724052429199219,19.933886302285828,17.277664868626744,17.154742007376626
16,1.0,10,0.9091,The freight siding at Kelder appears on the plan as track,VW47,PS38,-1.8131060600280762,-1.002288818359375,-1.553473949432373,16.857934376457706,18.284072812180966,18.43313305627089
16,1.0,11,1.0,The medical supply locker was closed with seal number,HK56,NF56,0.6342625617980957,0.9466466903686523,0.7334084510803223,16.85317453974858,17.203678238554858,16.07300561410375
16,3.0,0,0.0,The border checkpoint ledger opens at entry code,MR71,WE44,1.836103916168213,6.004184246063232,3.040543794631958,16.229921935126185,12.505269773304462,13.792513731867075
16,3.0,1,0.0909,The cartography office safe opens with combination,KP39,NP14,-0.31354808807373047,0.7515931129455566,-0.5767350196838379,16.747862330637872,14.713049702579156,14.691877100151032
16,3.0,2,0.1818,The assay laboratory furnace is a model,QA62,BA35,-1.199739933013916,-0.23087167739868164,-1.9535236358642578,17.292797938454896,15.33824577042833,17.59109262470156
16,3.0,3,0.2727,The diesel storage tank is stencilled vessel number,XY43,PX42,-0.7028117179870605,-0.3902463912963867,-1.5491127967834473,17.832600589608774,17.024476021062583,17.345194512978196
16,3.0,4,0.3636,The observatory's spare mirror was ordered as part number,HW38,SN23,-1.4011874198913574,-0.7499709129333496,-1.7689146995544434,16.121805001050234,14.062056080438197,15.753848460502923
16,3.0,5,0.4545,Ansel's transit permit was issued as document number,AK48,GD63,0.6501893997192383,4.173083782196045,2.451630115509033,18.78372019343078,17.51120308972895,18.282283954322338
16,3.0,6,0.5455,The telegraph repeater hut answers to station code,LX28,WD46,0.023575782775878906,1.059633731842041,-0.1710033416748047,16.77112598484382,15.63896984513849,16.943017090205103
16,3.0,7,0.6364,The survey team's theodolite bears serial number,AH87,DQ65,0.5056667327880859,2.7724609375,2.306567430496216,18.98283124016598,17.45072382502258,16.225896211341023
16,3.0,8,0.7273,The harbour pilot's licence shows registration code,JA29,EN40,0.15783166885375977,3.867267608642578,3.3019638061523438,18.814046413172036,16.37264272943139,17.266164508648217
16,3.0,9,0.8182,The reserve fuel depot is listed at site code,AQ68,EE61,-0.1392955780029297,3.282853126525879,0.5470089912414551,19.933886302285828,17.29109648615122,16.856975997565314
16,3.0,10,0.9091,The freight siding at Kelder appears on the plan as track,VW47,PS38,-1.8131060600280762,-0.5722987651824951,-1.2642583847045898,16.857934376457706,16.29763224348426,17.756205902434886
16,3.0,11,1.0,The medical supply locker was closed with seal number,HK56,NF56,0.6342625617980957,2.631979465484619,1.0532293319702148,16.85317453974858,15.384636927396059,16.267907306086272
16,4.0,0,0.0,The border checkpoint ledger opens at entry code,MR71,WE44,1.836103916168213,6.4425647258758545,3.8324341773986816,16.229921935126185,12.573930643498898,14.93120751529932
16,4.0,1,0.0909,The cartography office safe opens with combination,KP39,NP14,-0.31354808807373047,2.558281421661377,-0.8175139427185059,16.747862330637872,16.28003033157438,15.97747955354862
16,4.0,2,0.1818,The assay laboratory furnace is a model,QA62,BA35,-1.199739933013916,-0.2636556625366211,-1.6888504028320312,17.292797938454896,15.979976613074541,17.639508322346956
16,4.0,3,0.2727,The diesel storage tank is stencilled vessel number,XY43,PX42,-0.7028117179870605,-0.7815899848937988,-1.148388385772705,17.832600589608774,18.280095875263214,19.61513153044507
16,4.0,4,0.3636,The observatory's spare mirror was ordered as part number,HW38,SN23,-1.4011874198913574,-0.19847488403320312,-1.4235694408416748,16.121805001050234,14.385184042155743,15.737615876831114
16,4.0,5,0.4545,Ansel's transit permit was issued as document number,AK48,GD63,0.6501893997192383,5.082080125808716,2.7619400024414062,18.78372019343078,18.090254850685596,18.750627847388387
16,4.0,6,0.5455,The telegraph repeater hut answers to station code,LX28,WD46,0.023575782775878906,1.6216402053833008,0.17587947845458984,16.77112598484382,17.00020752567798,17.702657251618803
16,4.0,7,0.6364,The survey team's theodolite bears serial number,AH87,DQ65,0.5056667327880859,2.844371795654297,3.147921323776245,18.98283124016598,19.038029627874494,18.25510274618864
16,4.0,8,0.7273,The harbour pilot's licence shows registration code,JA29,EN40,0.15783166885375977,3.4559407234191895,2.7678213119506836,18.814046413172036,15.79835420101881,17.44758879672736
16,4.0,9,0.8182,The reserve fuel depot is listed at site code,AQ68,EE61,-0.1392955780029297,3.3499512672424316,2.004633903503418,19.933886302285828,16.862990049645305,17.13868395332247
16,4.0,10,0.9091,The freight siding at Kelder appears on the plan as track,VW47,PS38,-1.8131060600280762,-0.03516221046447754,-1.5878167152404785,16.857934376457706,17.116499486379325,18.652396716643125
16,4.0,11,1.0,The medical supply locker was closed with seal number,HK56,NF56,0.6342625617980957,2.736405849456787,1.599583625793457,16.85317453974858,15.866101132240146,16.132879788754508
16,6.0,0,0.0,The border checkpoint ledger opens at entry code,MR71,WE44,1.836103916168213,6.365828990936279,5.915956020355225,16.229921935126185,8.222090423107147,4.773480534553528
16,6.0,1,0.0909,The cartography office safe opens with combination,KP39,NP14,-0.31354808807373047,2.3013124465942383,-0.36615753173828125,16.747862330637872,17.265261495485902,17.53947640489787
16,6.0,2,0.1818,The assay laboratory furnace is a model,QA62,BA35,-1.199739933013916,-0.017255306243896484,-1.0916838645935059,17.292797938454896,15.748664951883256,16.54903839714825
16,6.0,3,0.2727,The diesel storage tank is stencilled vessel number,XY43,PX42,-0.7028117179870605,-0.38143491744995117,-0.5621414184570312,17.832600589608774,19.967999423854053,18.94664492364973
16,6.0,4,0.3636,The observatory's spare mirror was ordered as part number,HW38,SN23,-1.4011874198913574,1.9295358657836914,-0.4416799545288086,16.121805001050234,14.704390607774258,13.020342100411654
16,6.0,5,0.4545,Ansel's transit permit was issued as document number,AK48,GD63,0.6501893997192383,3.6381118297576904,2.2005558013916016,18.78372019343078,19.06939029507339,18.892652422189713
16,6.0,6,0.5455,The telegraph repeater hut answers to station code,LX28,WD46,0.023575782775878906,-0.19754862785339355,0.6198034286499023,16.77112598484382,17.541405766271055,16.28384816646576
16,6.0,7,0.6364,The survey team's theodolite bears serial number,AH87,DQ65,0.5056667327880859,1.7726454734802246,2.2293806076049805,18.98283124016598,20.090325110591948,19.013806854374707
16,6.0,8,0.7273,The harbour pilot's licence shows registration code,JA29,EN40,0.15783166885375977,3.654796600341797,2.3372912406921387,18.814046413172036,16.134849071502686,17.10475430265069
16,6.0,9,0.8182,The reserve fuel depot is listed at site code,AQ68,EE61,-0.1392955780029297,3.0675387382507324,1.6125340461730957,19.933886302285828,16.602043190971017,17.88080737181008
16,6.0,10,0.9091,The freight siding at Kelder appears on the plan as track,VW47,PS38,-1.8131060600280762,1.6758570671081543,0.37825584411621094,16.857934376457706,18.19050408480689,17.957096849102527
16,6.0,11,1.0,The medical supply locker was closed with seal number,HK56,NF56,0.6342625617980957,3.083495616912842,1.5392436981201172,16.85317453974858,15.524966298602521,15.702120181173086
16,8.0,0,0.0,The border checkpoint ledger opens at entry code,MR71,WE44,1.836103916168213,6.345548391342163,7.133021593093872,16.229921935126185,11.276191264390945,6.339817702770233
16,8.0,1,0.0909,The cartography office safe opens with combination,KP39,NP14,-0.31354808807373047,1.0984506607055664,-2.386221408843994,16.747862330637872,17.100625988096,18.2443082369864
16,8.0,2,0.1818,The assay laboratory furnace is a model,QA62,BA35,-1.199739933013916,-0.21475553512573242,1.5669403076171875,17.292797938454896,15.296762805432081,11.835482075810432
16,8.0,3,0.2727,The diesel storage tank is stencilled vessel number,XY43,PX42,-0.7028117179870605,-0.765988826751709,-0.7431907653808594,17.832600589608774,16.645197855308652,13.873943582177162
16,8.0,4,0.3636,The observatory's spare mirror was ordered as part number,HW38,SN23,-1.4011874198913574,2.2075247764587402,-0.17200803756713867,16.121805001050234,14.406115275807679,9.650880634784698
16,8.0,5,0.4545,Ansel's transit permit was issued as document number,AK48,GD63,0.6501893997192383,3.321969509124756,4.1642842292785645,18.78372019343078,17.75387926772237,12.043791651725769
16,8.0,6,0.5455,The telegraph repeater hut answers to station code,LX28,WD46,0.023575782775878906,0.9409120082855225,0.6933126449584961,16.77112598484382,16.077956647612154,9.93699211999774
16,8.0,7,0.6364,The survey team's theodolite bears serial number,AH87,DQ65,0.5056667327880859,1.7972807884216309,1.7242741584777832,18.98283124016598,18.41826500557363,16.62575963884592
16,8.0,8,0.7273,The harbour pilot's licence shows registration code,JA29,EN40,0.15783166885375977,2.6309971809387207,1.790543556213379,18.814046413172036,15.34660491347313,17.24643158726394
16,8.0,9,0.8182,The reserve fuel depot is listed at site code,AQ68,EE61,-0.1392955780029297,2.219757556915283,-1.4283504486083984,19.933886302285828,16.641221480444074,16.97967403009534
16,8.0,10,0.9091,The freight siding at Kelder appears on the plan as track,VW47,PS38,-1.8131060600280762,-0.8398921489715576,-2.1522083282470703,16.857934376457706,17.246124791447073,15.778353618457913
16,8.0,11,1.0,The medical supply locker was closed with seal number,HK56,NF56,0.6342625617980957,2.9569520950317383,1.1921038627624512,16.85317453974858,17.586629242636263,13.821939910762012
16,12.0,0,0.0,The border checkpoint ledger opens at entry code,MR71,WE44,1.836103916168213,4.558029651641846,5.046772480010986,16.229921935126185,2.1143949031829834,-0.020635128021240234
16,12.0,1,0.0909,The cartography office safe opens with combination,KP39,NP14,-0.31354808807373047,0.6506891250610352,-0.2268509864807129,16.747862330637872,13.265192031860352,16.280384093523026
16,12.0,2,0.1818,The assay laboratory furnace is a model,QA62,BA35,-1.199739933013916,1.692324161529541,3.791384696960449,17.292797938454896,10.116663739085197,7.707837283611298
16,12.0,3,0.2727,The diesel storage tank is stencilled vessel number,XY43,PX42,-0.7028117179870605,-1.6396503448486328,-2.170837879180908,17.832600589608774,12.683761179447174,7.527318477630615
16,12.0,4,0.3636,The observatory's spare mirror was ordered as part number,HW38,SN23,-1.4011874198913574,1.3586323261260986,0.6359896659851074,16.121805001050234,8.692741602659225,1.3717329502105713
16,12.0,5,0.4545,Ansel's transit permit was issued as document number,AK48,GD63,0.6501893997192383,2.3225393295288086,2.258035659790039,18.78372019343078,12.443341970443726,4.241852521896362
16,12.0,6,0.5455,The telegraph repeater hut answers to station code,LX28,WD46,0.023575782775878906,-0.026830673217773438,1.8885841369628906,16.77112598484382,9.813029497861862,5.398270130157471
16,12.0,7,0.6364,The survey team's theodolite bears serial number,AH87,DQ65,0.5056667327880859,0.8540425300598145,-0.22320938110351562,18.98283124016598,13.431536823511124,12.02708937227726
16,12.0,8,0.7273,The harbour pilot's licence shows registration code,JA29,EN40,0.15783166885375977,-0.16203594207763672,-1.2057323455810547,18.814046413172036,13.876846358180046,12.462670311331749
16,12.0,9,0.8182,The reserve fuel depot is listed at site code,AQ68,EE61,-0.1392955780029297,1.4776911735534668,1.0013127326965332,19.933886302285828,13.637557215988636,9.50032427534461
16,12.0,10,0.9091,The freight siding at Kelder appears on the plan as track,VW47,PS38,-1.8131060600280762,-3.904799222946167,-2.841900587081909,16.857934376457706,11.765924520790577,11.761187888681889
16,12.0,11,1.0,The medical supply locker was closed with seal number,HK56,NF56,0.6342625617980957,2.1046786308288574,1.342803955078125,16.85317453974858,16.153597600758076,11.157538414001465
17,1.0,0,0.0,The border checkpoint ledger opens at entry code,SP48,TJ83,0.6293215751647949,1.2980804443359375,1.2105650901794434,19.084218614036217,19.660843686840963,19.49966483307071
17,1.0,1,0.0909,The observatory's spare mirror was ordered as part number,MK32,FK16,2.53029203414917,2.497812271118164,2.5280466079711914,18.204282022314146,18.444965401431546,17.887815966736525
17,1.0,2,0.1818,The hydrographic chart set reached edition,YY79,NR38,-0.6612191200256348,0.07625007629394531,-1.5995445251464844,20.109873070614412,20.659340034937486,21.587165806558914
17,1.0,3,0.2727,The customs declaration quotes reference code,AH59,TP76,-1.43104887008667,-1.5822639465332031,-2.247365951538086,17.67837130278349,18.120980700245127,16.962623281404376
17,1.0,4,0.3636,The coastal watchtower is designated post,SL91,RL34,-1.769174575805664,-2.15915584564209,-3.4187960624694824,18.43857080070302,19.03202138724737,18.221374882152304
17,1.0,5,0.4545,The meteorological buoy broadcasts on transponder code,ET17,MV13,-0.7474536895751953,0.07432126998901367,0.0995783805847168,19.043627440929413,19.905151814047713,19.227923161932267
17,1.0,6,0.5455,The sealed crate in the annex is marked with inventory tag,EG29,SP16,-1.251115322113037,-1.0465188026428223,-1.1001763343811035,18.94545707735233,19.524703995033633,18.50592298072297
17,1.0,7,0.6364,The glacier survey stake is recorded as marker,TD91,LU31,-0.48490333557128906,-0.46076488494873047,-0.9436945915222168,19.389877704903483,20.50842063629534,19.690475134877488
17,1.0,8,0.7273,The radio operator's logbook continues in volume,CK62,TH88,-0.9020767211914062,-0.5766983032226562,-1.5655078887939453,18.042792440392077,17.704837347380817,17.39969807374291
17,1.0,9,0.8182,The assay laboratory furnace is a model,CS70,LM32,-2.1541385650634766,-1.9400420188903809,-2.2419495582580566,21.888723610667512,22.43997730582487,21.607032707426697
17,1.0,10,0.9091,The winter quarters roof panel came from batch,WV28,GK65,1.0606575012207031,1.0594596862792969,0.9725241661071777,19.484699725639075,19.49843333172612,18.92649408034049
17,1.0,11,1.0,The lighthouse relief roster follows schedule,XP74,MQ85,-1.0214943885803223,-0.6019673347473145,-1.242520809173584,19.85700786067173,20.036964929429814,19.31496030348353
17,3.0,0,0.0,The border checkpoint ledger opens at entry code,SP48,TJ83,0.6293215751647949,3.9663383960723877,-1.7052083015441895,19.084218614036217,13.395656988024712,14.867464050650597
17,3.0,1,0.0909,The observatory's spare mirror was ordered as part number,MK32,FK16,2.53029203414917,2.748863697052002,2.6912002563476562,18.204282022314146,14.122949028387666,14.074443648569286
17,3.0,2,0.1818,The hydrographic chart set reached edition,YY79,NR38,-0.6612191200256348,0.26184701919555664,-6.506026744842529,20.109873070614412,20.698113836348057,19.615169373340905
17,3.0,3,0.2727,The customs declaration quotes reference code,AH59,TP76,-1.43104887008667,0.1150212287902832,0.5763063430786133,17.67837130278349,16.747113721445203,16.163175834342837
17,3.0,4,0.3636,The coastal watchtower is designated post,SL91,RL34,-1.769174575805664,-0.02841329574584961,-2.2133660316467285,18.43857080070302,20.839935121126473,22.835852929158136
17,3.0,5,0.4545,The meteorological buoy broadcasts on transponder code,ET17,MV13,-0.7474536895751953,1.0853228569030762,-0.1071786880493164,19.043627440929413,16.130479564890265,16.110472568077967
17,3.0,6,0.5455,The sealed crate in the annex is marked with inventory tag,EG29,SP16,-1.251115322113037,-4.035724639892578,-0.9985909461975098,18.94545707735233,18.090071708895266,17.5300252311863
17,3.0,7,0.6364,The glacier survey stake is recorded as marker,TD91,LU31,-0.48490333557128906,-1.1289477348327637,-2.2199654579162598,19.389877704903483,19.625324805732816,21.17873283161316
17,3.0,8,0.7273,The radio operator's logbook continues in volume,CK62,TH88,-0.9020767211914062,1.328455924987793,-3.391045093536377,18.042792440392077,15.792221664916724,16.20356798823923
17,3.0,9,0.8182,The assay laboratory furnace is a model,CS70,LM32,-2.1541385650634766,-2.199798583984375,-2.2272281646728516,21.888723610667512,21.28775702835992,20.834719384554774
17,3.0,10,0.9091,The winter quarters roof panel came from batch,WV28,GK65,1.0606575012207031,4.032792568206787,3.553342342376709,19.484699725639075,19.083620062330738,18.650036974810064
17,3.0,11,1.0,The lighthouse relief roster follows schedule,XP74,MQ85,-1.0214943885803223,0.08756732940673828,-1.945073127746582,19.85700786067173,18.04267555847764,18.060901906806976
17,4.0,0,0.0,The border checkpoint ledger opens at entry code,SP48,TJ83,0.6293215751647949,4.10709285736084,-1.3985610008239746,19.084218614036217,8.494414806365967,9.372641623020172
17,4.0,1,0.0909,The observatory's spare mirror was ordered as part number,MK32,FK16,2.53029203414917,1.8745927810668945,1.841141700744629,18.204282022314146,13.726343723013997,12.601219326257706
17,4.0,2,0.1818,The hydrographic chart set reached edition,YY79,NR38,-0.6612191200256348,-1.253249168395996,-6.957972049713135,20.109873070614412,19.748757134191692,18.17767545580864
17,4.0,3,0.2727,The customs declaration quotes reference code,AH59,TP76,-1.43104887008667,-0.21385526657104492,-0.49680423736572266,17.67837130278349,16.217417504638433,15.815667865797877
17,4.0,4,0.3636,The coastal watchtower is designated post,SL91,RL34,-1.769174575805664,-1.5426568984985352,-2.5251827239990234,18.43857080070302,20.10974056366831,20.725991715677083
17,4.0,5,0.4545,The meteorological buoy broadcasts on transponder code,ET17,MV13,-0.7474536895751953,1.2513327598571777,-0.4765591621398926,19.043627440929413,15.605731620453298,15.269282101187855
17,4.0,6,0.5455,The sealed crate in the annex is marked with inventory tag,EG29,SP16,-1.251115322113037,-5.670544385910034,-2.149937152862549,18.94545707735233,16.32999002095312,15.015964878723025
17,4.0,7,0.6364,The glacier survey stake is recorded as marker,TD91,LU31,-0.48490333557128906,-0.9235296249389648,-1.5448870658874512,19.389877704903483,19.32967636641115,20.93410176737234
17,4.0,8,0.7273,The radio operator's logbook continues in volume,CK62,TH88,-0.9020767211914062,-0.43729162216186523,-4.3624725341796875,18.042792440392077,16.268587210215628,15.827888242900372
17,4.0,9,0.8182,The assay laboratory furnace is a model,CS70,LM32,-2.1541385650634766,-2.9386239051818848,-3.3090639114379883,21.888723610667512,21.758577863685787,20.807063901796937
17,4.0,10,0.9091,The winter quarters roof panel came from batch,WV28,GK65,1.0606575012207031,2.729262351989746,2.561234951019287,19.484699725639075,18.524176181294024,18.243404709734023
17,4.0,11,1.0,The lighthouse relief roster follows schedule,XP74,MQ85,-1.0214943885803223,-0.8354783058166504,-1.577754020690918,19.85700786067173,17.167636366561055,15.843920949846506
17,6.0,0,0.0,The border checkpoint ledger opens at entry code,SP48,TJ83,0.6293215751647949,4.216809272766113,0.23376989364624023,19.084218614036217,8.716947078704834,11.686182260513306
17,6.0,1,0.0909,The observatory's spare mirror was ordered as part number,MK32,FK16,2.53029203414917,1.860924243927002,2.3880884647369385,18.204282022314146,11.789732933044434,11.979798339307308
17,6.0,2,0.1818,The hydrographic chart set reached edition,YY79,NR38,-0.6612191200256348,-2.2596025466918945,-5.098888158798218,20.109873070614412,17.403605312108994,17.519492149353027
17,6.0,3,0.2727,The customs declaration quotes reference code,AH59,TP76,-1.43104887008667,0.8808059692382812,0.0803074836730957,17.67837130278349,12.968738913536072,11.757127240300179
17,6.0,4,0.3636,The coastal watchtower is designated post,SL91,RL34,-1.769174575805664,-3.409919261932373,-2.667431116104126,18.43857080070302,19.671991266310215,19.664635052904487
17,6.0,5,0.4545,The meteorological buoy broadcasts on transponder code,ET17,MV13,-0.7474536895751953,-0.06480169296264648,-2.256959915161133,19.043627440929413,14.662314128130674,13.94374829158187
17,6.0,6,0.5455,The sealed crate in the annex is marked with inventory tag,EG29,SP16,-1.251115322113037,-5.732623815536499,-4.181596755981445,18.94545707735233,14.920442275702953,14.787882879376411
17,6.0,7,0.6364,The glacier survey stake is recorded as marker,TD91,LU31,-0.48490333557128906,-0.14318084716796875,-1.2182364463806152,19.389877704903483,19.911416051909328,20.46346141770482
17,6.0,8,0.7273,The radio operator's logbook continues in volume,CK62,TH88,-0.9020767211914062,-3.068648338317871,-5.994978427886963,18.042792440392077,15.966632809489965,15.727540738880634
17,6.0,9,0.8182,The assay laboratory furnace is a model,CS70,LM32,-2.1541385650634766,-3.6000142097473145,-4.9310667514801025,21.888723610667512,18.84259195998311,20.583672303706408
17,6.0,10,0.9091,The winter quarters roof panel came from batch,WV28,GK65,1.0606575012207031,1.0763473510742188,2.024106979370117,19.484699725639075,17.150549858808517,18.311239706352353
17,6.0,11,1.0,The lighthouse relief roster follows schedule,XP74,MQ85,-1.0214943885803223,-3.255465507507324,-3.321159839630127,19.85700786067173,16.660315308719873,15.88382475823164
17,8.0,0,0.0,The border checkpoint ledger opens at entry code,SP48,TJ83,0.6293215751647949,5.743368148803711,2.7295732498168945,19.084218614036217,9.847830772399902,12.113102614879608
17,8.0,1,0.0909,The observatory's spare mirror was ordered as part number,MK32,FK16,2.53029203414917,0.4033818244934082,1.062972068786621,18.204282022314146,8.505552500486374,12.676401056349277
17,8.0,2,0.1818,The hydrographic chart set reached edition,YY79,NR38,-0.6612191200256348,-3.040423631668091,-3.021552562713623,20.109873070614412,15.74801217019558,15.959999345242977
17,8.0,3,0.2727,The customs declaration quotes reference code,AH59,TP76,-1.43104887008667,-0.7869348526000977,0.4064931869506836,17.67837130278349,12.764936789870262,7.901257678866386
17,8.0,4,0.3636,The coastal watchtower is designated post,SL91,RL34,-1.769174575805664,-4.281472682952881,-3.719390869140625,18.43857080070302,17.880610616877675,15.276077527552843
17,8.0,5,0.4545,The meteorological buoy broadcasts on transponder code,ET17,MV13,-0.7474536895751953,0.9713344573974609,0.5275988578796387,19.043627440929413,12.792232662439346,12.326949533075094
17,8.0,6,0.5455,The sealed crate in the annex is marked with inventory tag,EG29,SP16,-1.251115322113037,-5.892173767089844,-4.163132667541504,18.94545707735233,15.572714095935225,14.245951414108276
17,8.0,7,0.6364,The glacier survey stake is recorded as marker,TD91,LU31,-0.48490333557128906,-1.1030197143554688,-0.8951091766357422,19.389877704903483,18.34866169746965,16.76444547250867
17,8.0,8,0.7273,The radio operator's logbook continues in volume,CK62,TH88,-0.9020767211914062,-2.2644734382629395,-4.384513854980469,18.042792440392077,16.07351008988917,15.38620139658451
17,8.0,9,0.8182,The assay laboratory furnace is a model,CS70,LM32,-2.1541385650634766,-2.840266704559326,-2.9296891689300537,21.888723610667512,18.3702720887959,19.247672699391842
17,8.0,10,0.9091,The winter quarters roof panel came from batch,WV28,GK65,1.0606575012207031,-0.5795717239379883,-0.14913034439086914,19.484699725639075,16.958453953266144,18.649199433624744
17,8.0,11,1.0,The lighthouse relief roster follows schedule,XP74,MQ85,-1.0214943885803223,-3.563354015350342,-2.8393654823303223,19.85700786067173,15.984028663486242,14.560760155320168
17,12.0,0,0.0,The border checkpoint ledger opens at entry code,SP48,TJ83,0.6293215751647949,6.329076290130615,5.210594654083252,19.084218614036217,8.865954160690308,9.863058090209961
17,12.0,1,0.0909,The observatory's spare mirror was ordered as part number,MK32,FK16,2.53029203414917,2.801178455352783,2.3630523681640625,18.204282022314146,-1.3083696365356445,5.876590728759766
17,12.0,2,0.1818,The hydrographic chart set reached edition,YY79,NR38,-0.6612191200256348,-5.705482006072998,-5.588328838348389,20.109873070614412,11.749021410942078,9.529339790344238
17,12.0,3,0.2727,The customs declaration quotes reference code,AH59,TP76,-1.43104887008667,-0.15840578079223633,1.2475547790527344,17.67837130278349,7.750784635543823,2.501230478286743
17,12.0,4,0.3636,The coastal watchtower is designated post,SL91,RL34,-1.769174575805664,-4.222537994384766,-4.359162330627441,18.43857080070302,14.546706348657608,8.011704444885254
17,12.0,5,0.4545,The meteorological buoy broadcasts on transponder code,ET17,MV13,-0.7474536895751953,0.18930673599243164,-1.1372699737548828,19.043627440929413,7.555324077606201,8.70136073231697
17,12.0,6,0.5455,The sealed crate in the annex is marked with inventory tag,EG29,SP16,-1.251115322113037,-4.912014484405518,-5.413668632507324,18.94545707735233,10.71110126376152,7.503830552101135
17,12.0,7,0.6364,The glacier survey stake is recorded as marker,TD91,LU31,-0.48490333557128906,-0.26583099365234375,-3.392146110534668,19.389877704903483,13.541346304118633,10.102381110191345
17,12.0,8,0.7273,The radio operator's logbook continues in volume,CK62,TH88,-0.9020767211914062,-3.6213393211364746,-2.9634132385253906,18.042792440392077,14.06261482834816,11.336551547050476
17,12.0,9,0.8182,The assay laboratory furnace is a model,CS70,LM32,-2.1541385650634766,-2.5967605113983154,-2.1008613109588623,21.888723610667512,17.14745506644249,15.365718483924866
17,12.0,10,0.9091,The winter quarters roof panel came from batch,WV28,GK65,1.0606575012207031,-1.4082574844360352,-1.9828853607177734,19.484699725639075,16.008832320570946,17.428710132837296
17,12.0,11,1.0,The lighthouse relief roster follows schedule,XP74,MQ85,-1.0214943885803223,-2.6865506172180176,-1.4339728355407715,19.85700786067173,15.252886891365051,10.90077431499958
18,1.0,0,0.0,The radio operator's logbook continues in volume,FD94,VT70,1.5531139373779297,1.6495976448059082,0.8332414627075195,18.17795498284977,17.971848634711932,19.28465368738398
18,1.0,1,0.0909,The coastal watchtower is designated post,GR90,PE38,1.1405649185180664,2.8981409072875977,0.8823628425598145,19.308582427562214,17.547206088202074,19.401921145268716
18,1.0,2,0.1818,The telegraph repeater hut answers to station code,RF71,FF57,2.1249499320983887,2.626103401184082,2.768497943878174,22.0531801400939,20.06388297304511,21.490712282480672
18,1.0,3,0.2727,The hydrographic chart set reached edition,DL76,RB21,0.673576831817627,1.6089770793914795,0.5548281669616699,18.477984640398063,16.58821303595323,18.125394863076508
18,1.0,4,0.3636,The seismograph at Ridge Camp reports as instrument,FH35,MT32,-1.245866298675537,-0.6546230316162109,-0.5065197944641113,17.287245389423333,14.787182649830356,16.5912535006064
18,1.0,5,0.4545,The shipment of core samples travelled under consignment code,SG96,SE37,-0.595238208770752,0.5286545753479004,0.5136256217956543,17.082767302636057,16.293597296229564,17.08892623335123
18,1.0,6,0.5455,The signal lamp housing takes fitting code,RG48,JC30,1.3102436065673828,1.7780256271362305,1.8271479606628418,16.663116964744404,15.60708951993729,16.853924434282817
18,1.0,7,0.6364,The reserve fuel depot is listed at site code,JA53,UM18,0.8799576759338379,1.5263428688049316,0.6309561729431152,17.361557122436352,19.47975351603236,19.6370648824377
18,1.0,8,0.7273,The lighthouse relief roster follows schedule,NH61,ML21,-1.566525936126709,-0.16052484512329102,-0.2144484519958496,17.49177511734888,16.807259258348495,18.097337235230953
18,1.0,9,0.8182,The eastern pumping station runs on circuit label,TM85,ZF60,0.6325454711914062,1.0178165435791016,1.3125033378601074,17.978109946940094,16.59180462313816,18.563831413397565
18,1.0,10,0.9091,The observatory's spare mirror was ordered as part number,US44,YA44,-0.0547022819519043,1.0907511711120605,0.5116443634033203,20.06659941468388,18.30652100383304,20.419456956908107
18,1.0,11,1.0,The border checkpoint ledger opens at entry code,JV48,JC37,-1.6288509368896484,-0.3608856201171875,-0.7718186378479004,17.36575475940481,17.90728786145337,18.31508079939522
18,3.0,0,0.0,The radio operator's logbook continues in volume,FD94,VT70,1.5531139373779297,2.815091133117676,-0.7410125732421875,18.17795498284977,14.017928067594767,14.68802105076611
18,3.0,1,0.0909,The coastal watchtower is designated post,GR90,PE38,1.1405649185180664,4.66410231590271,1.0075068473815918,19.308582427562214,13.859488144516945,17.284204096067697
18,3.0,2,0.1818,The telegraph repeater hut answers to station code,RF71,FF57,2.1249499320983887,4.367617130279541,3.850877523422241,22.0531801400939,19.720632928423584,20.988211744464934
18,3.0,3,0.2727,The hydrographic chart set reached edition,DL76,RB21,0.673576831817627,3.6882827281951904,0.7243943214416504,18.477984640398063,17.9545538588427,18.029024951625615
18,3.0,4,0.3636,The seismograph at Ridge Camp reports as instrument,FH35,MT32,-1.245866298675537,0.38454246520996094,-2.5994019508361816,17.287245389423333,12.642639662139118,15.650960184051655
18,3.0,5,0.4545,The shipment of core samples travelled under consignment code,SG96,SE37,-0.595238208770752,1.5189917087554932,-0.38820838928222656,17.082767302636057,13.84329439420253,15.43259444553405
18,3.0,6,0.5455,The signal lamp housing takes fitting code,RG48,JC30,1.3102436065673828,2.121800422668457,1.145350456237793,16.663116964744404,12.324689462780952,15.105911533813924
18,3.0,7,0.6364,The reserve fuel depot is listed at site code,JA53,UM18,0.8799576759338379,2.4377965927124023,0.2624392509460449,17.361557122436352,15.145104806870222,17.865235131699592
18,3.0,8,0.7273,The lighthouse relief roster follows schedule,NH61,ML21,-1.566525936126709,1.5872340202331543,1.2667961120605469,17.49177511734888,14.42466746084392,15.5788929911796
18,3.0,9,0.8182,The eastern pumping station runs on circuit label,TM85,ZF60,0.6325454711914062,2.790797233581543,2.2025279998779297,17.978109946940094,15.822655310388654,16.758570346049964
18,3.0,10,0.9091,The observatory's spare mirror was ordered as part number,US44,YA44,-0.0547022819519043,2.270246982574463,1.0941128730773926,20.06659941468388,14.80854383111,18.248557879123837
18,3.0,11,1.0,The border checkpoint ledger opens at entry code,JV48,JC37,-1.6288509368896484,-1.8854432106018066,-2.373605251312256,17.36575475940481,12.504165083169937,13.671728908084333
18,4.0,0,0.0,The radio operator's logbook continues in volume,FD94,VT70,1.5531139373779297,3.853766441345215,-1.3842840194702148,18.17795498284977,12.811711121350527,12.268204420804977
18,4.0,1,0.0909,The coastal watchtower is designated post,GR90,PE38,1.1405649185180664,5.160794019699097,2.4012529850006104,19.308582427562214,14.87275192514062,17.679922739043832
18,4.0,2,0.1818,The telegraph repeater hut answers to station code,RF71,FF57,2.1249499320983887,5.015979051589966,4.372988939285278,22.0531801400939,18.484866488724947,18.099261661991477
18,4.0,3,0.2727,The hydrographic chart set reached edition,DL76,RB21,0.673576831817627,1.5998516082763672,0.020824909210205078,18.477984640398063,18.645141527056694,18.901313165202737
18,4.0,4,0.3636,The seismograph at Ridge Camp reports as instrument,FH35,MT32,-1.245866298675537,0.48798704147338867,-2.5801658630371094,17.287245389423333,12.126521522179246,15.137689458206296
18,4.0,5,0.4545,The shipment of core samples travelled under consignment code,SG96,SE37,-0.595238208770752,1.004446268081665,0.25664329528808594,17.082767302636057,14.166569533757865,13.867707817815244
18,4.0,6,0.5455,The signal lamp housing takes fitting code,RG48,JC30,1.3102436065673828,2.4083566665649414,1.7214674949645996,16.663116964744404,13.750265438109636,14.647671787533909
18,4.0,7,0.6364,The reserve fuel depot is listed at site code,JA53,UM18,0.8799576759338379,2.1846704483032227,0.6344661712646484,17.361557122436352,15.93487910553813,16.589458411559463
18,4.0,8,0.7273,The lighthouse relief roster follows schedule,NH61,ML21,-1.566525936126709,1.8709487915039062,1.7474722862243652,17.49177511734888,14.005207799375057,15.413272254168987
18,4.0,9,0.8182,The eastern pumping station runs on circuit label,TM85,ZF60,0.6325454711914062,1.6350860595703125,1.6700873374938965,17.978109946940094,15.075295194983482,17.382951095700264
18,4.0,10,0.9091,The observatory's spare mirror was ordered as part number,US44,YA44,-0.0547022819519043,2.2865591049194336,0.5743184089660645,20.06659941468388,15.353617925196886,18.75059054978192
18,4.0,11,1.0,The border checkpoint ledger opens at entry code,JV48,JC37,-1.6288509368896484,-2.6733474731445312,-2.639535903930664,17.36575475940481,12.242689106613398,13.97850114479661
18,6.0,0,0.0,The radio operator's logbook continues in volume,FD94,VT70,1.5531139373779297,3.0348830223083496,-2.5259857177734375,18.17795498284977,6.8759284019470215,4.95730248093605
18,6.0,1,0.0909,The coastal watchtower is designated post,GR90,PE38,1.1405649185180664,4.836737871170044,2.4629945755004883,19.308582427562214,16.561609003692865,18.37524032406509
18,6.0,2,0.1818,The telegraph repeater hut answers to station code,RF71,FF57,2.1249499320983887,6.562498331069946,4.931544780731201,22.0531801400939,16.87455501407385,17.151106901466846
18,6.0,3,0.2727,The hydrographic chart set reached edition,DL76,RB21,0.673576831817627,1.466454029083252,-0.5048651695251465,18.477984640398063,17.125950798392296,17.85902563109994
18,6.0,4,0.3636,The seismograph at Ridge Camp reports as instrument,FH35,MT32,-1.245866298675537,-1.8708062171936035,-1.8054113388061523,17.287245389423333,13.25177463144064,14.967331672087312
18,6.0,5,0.4545,The shipment of core samples travelled under consignment code,SG96,SE37,-0.595238208770752,-0.47569799423217773,-0.6596760749816895,17.082767302636057,13.705411853268743,13.862071396782994
18,6.0,6,0.5455,The signal lamp housing takes fitting code,RG48,JC30,1.3102436065673828,3.2048263549804688,1.1741390228271484,16.663116964744404,13.996148210018873,15.4424382224679
18,6.0,7,0.6364,The reserve fuel depot is listed at site code,JA53,UM18,0.8799576759338379,-0.4779624938964844,0.050927162170410156,17.361557122436352,16.235589802265167,16.678788707591593
18,6.0,8,0.7273,The lighthouse relief roster follows schedule,NH61,ML21,-1.566525936126709,-0.2068004608154297,0.7978043556213379,17.49177511734888,14.927027460187674,16.29439889639616
18,6.0,9,0.8182,The eastern pumping station runs on circuit label,TM85,ZF60,0.6325454711914062,1.774195671081543,0.45287227630615234,17.978109946940094,17.48412554524839,17.90315873362124
18,6.0,10,0.9091,The observatory's spare mirror was ordered as part number,US44,YA44,-0.0547022819519043,3.3061270713806152,1.5423130989074707,20.06659941468388,18.146896228194237,18.36174761131406
18,6.0,11,1.0,The border checkpoint ledger opens at entry code,JV48,JC37,-1.6288509368896484,-3.7044544219970703,-3.233710289001465,17.36575475940481,12.636985033750534,14.278849633410573
18,8.0,0,0.0,The radio operator's logbook continues in volume,FD94,VT70,1.5531139373779297,3.765774726867676,-0.6682751178741455,18.17795498284977,5.633033990859985,6.0749006271362305
18,8.0,1,0.0909,The coastal watchtower is designated post,GR90,PE38,1.1405649185180664,4.467458724975586,3.359574556350708,19.308582427562214,16.711678624153137,16.201395392417908
18,8.0,2,0.1818,The telegraph repeater hut answers to station code,RF71,FF57,2.1249499320983887,4.721355438232422,4.416871547698975,22.0531801400939,15.983323708176613,16.429322458803654
18,8.0,3,0.2727,The hydrographic chart set reached edition,DL76,RB21,0.673576831817627,0.8216924667358398,-0.0032739639282226562,18.477984640398063,15.315141350030899,16.456920504570007
18,8.0,4,0.3636,The seismograph at Ridge Camp reports as instrument,FH35,MT32,-1.245866298675537,-2.0177054405212402,-2.060734748840332,17.287245389423333,11.885621771216393,13.187787517905235
18,8.0,5,0.4545,The shipment of core samples travelled under consignment code,SG96,SE37,-0.595238208770752,-2.060537099838257,0.0387725830078125,17.082767302636057,11.854895904660225,13.133464336395264
18,8.0,6,0.5455,The signal lamp housing takes fitting code,RG48,JC30,1.3102436065673828,1.916419506072998,0.5303959846496582,16.663116964744404,11.050641804933548,14.11088316142559
18,8.0,7,0.6364,The reserve fuel depot is listed at site code,JA53,UM18,0.8799576759338379,-0.40845584869384766,-0.7908792495727539,17.361557122436352,10.767273247241974,12.373810701072216
18,8.0,8,0.7273,The lighthouse relief roster follows schedule,NH61,ML21,-1.566525936126709,-2.9493064880371094,-1.412980079650879,17.49177511734888,12.375790283083916,14.701596200466156
18,8.0,9,0.8182,The eastern pumping station runs on circuit label,TM85,ZF60,0.6325454711914062,1.376610279083252,1.542658805847168,17.978109946940094,16.16271923482418,17.143530622124672
18,8.0,10,0.9091,The observatory's spare mirror was ordered as part number,US44,YA44,-0.0547022819519043,4.882477283477783,3.2101645469665527,20.06659941468388,17.586242347955704,17.980375710874796
18,8.0,11,1.0,The border checkpoint ledger opens at entry code,JV48,JC37,-1.6288509368896484,-4.465934753417969,-4.623055934906006,17.36575475940481,12.308310240507126,14.746038641780615
18,12.0,0,0.0,The radio operator's logbook continues in volume,FD94,VT70,1.5531139373779297,5.278451442718506,1.2582714557647705,18.17795498284977,1.2800827026367188,-1.3127679824829102
18,12.0,1,0.0909,The coastal watchtower is designated post,GR90,PE38,1.1405649185180664,2.785135269165039,1.3109264373779297,19.308582427562214,14.974391102790833,10.417795777320862
18,12.0,2,0.1818,The telegraph repeater hut answers to station code,RF71,FF57,2.1249499320983887,4.189262866973877,1.66926908493042,22.0531801400939,16.124817311763763,12.671572089195251
18,12.0,3,0.2727,The hydrographic chart set reached edition,DL76,RB21,0.673576831817627,-0.2344684600830078,0.38631343841552734,18.477984640398063,15.30984628200531,14.571825623512268
18,12.0,4,0.3636,The seismograph at Ridge Camp reports as instrument,FH35,MT32,-1.245866298675537,-1.5381417274475098,-3.0539846420288086,17.287245389423333,11.805215716362,12.445348039269447
18,12.0,5,0.4545,The shipment of core samples travelled under consignment code,SG96,SE37,-0.595238208770752,-3.2559237480163574,-0.4454965591430664,17.082767302636057,12.947584822773933,7.897760570049286
18,12.0,6,0.5455,The signal lamp housing takes fitting code,RG48,JC30,1.3102436065673828,1.1521697044372559,-0.17094707489013672,16.663116964744404,9.844296984374523,12.799512270838022
18,12.0,7,0.6364,The reserve fuel depot is listed at site code,JA53,UM18,0.8799576759338379,0.31881093978881836,-0.4162421226501465,17.361557122436352,11.379554271697998,10.667076915502548
18,12.0,8,0.7273,The lighthouse relief roster follows schedule,NH61,ML21,-1.566525936126709,-2.087639808654785,-2.912275791168213,17.49177511734888,12.668041735887527,6.984809160232544
18,12.0,9,0.8182,The eastern pumping station runs on circuit label,TM85,ZF60,0.6325454711914062,2.938427448272705,0.4331960678100586,17.978109946940094,16.807141289114952,15.84264823794365
18,12.0,10,0.9091,The observatory's spare mirror was ordered as part number,US44,YA44,-0.0547022819519043,6.185797691345215,4.439088344573975,20.06659941468388,17.695549815893173,16.104110419750214
18,12.0,11,1.0,The border checkpoint ledger opens at entry code,JV48,JC37,-1.6288509368896484,-3.008751392364502,-4.52138352394104,17.36575475940481,14.61110783368349,12.717654667794704
19,1.0,0,0.0,The signal lamp housing takes fitting code,XB76,TU55,0.455080509185791,0.41199731826782227,0.8263645172119141,15.273338244180195,15.620242690783925,17.622992143966258
19,1.0,1,0.0909,The customs declaration quotes reference code,DS35,SL17,0.2615084648132324,1.8468804359436035,1.3709306716918945,16.696691366960295,17.006984249688685,19.408616196829826
19,1.0,2,0.1818,The assay laboratory furnace is a model,NM77,AJ93,0.5579104423522949,0.22112226486206055,-0.10358786582946777,16.550581907853484,15.943882929743268,17.55135158158373
19,1.0,3,0.2727,The medical supply locker was closed with seal number,JP51,GC35,0.5889463424682617,1.2180976867675781,1.1029205322265625,16.805030152434483,18.337287699163426,17.44364533701446
19,1.0,4,0.3636,The salvage tender was registered with hull number,JD51,KS69,-0.1996917724609375,0.29470396041870117,-0.8112571239471436,17.233563670073636,19.113899487187155,19.856069811678026
19,1.0,5,0.4545,The shipment of core samples travelled under consignment code,VG19,SE51,-1.07075834274292,-0.9480209350585938,-1.2709007263183594,14.352210351033136,15.021687273052521,16.123604622203857
19,1.0,6,0.5455,The cartography office safe opens with combination,GD79,SJ81,0.27398157119750977,0.008273601531982422,-0.40195226669311523,19.257717846601736,18.31468875776045,19.64799223956652
19,1.0,7,0.6364,The sealed crate in the annex is marked with inventory tag,DP12,SK92,-0.8250722885131836,-0.3743133544921875,-1.0777230262756348,16.066533436998725,16.756239904789254,17.881558889173903
19,1.0,8,0.7273,Ansel's transit permit was issued as document number,DU64,SU64,0.06519126892089844,0.24608564376831055,0.4096641540527344,15.054790562018752,16.840126275550574,17.875541883753613
19,1.0,9,0.8182,The hydrographic chart set reached edition,FW62,RB38,1.4983763694763184,1.8218750953674316,1.481762409210205,16.751947467564605,17.537282018456608,19.355127735994756
19,1.0,10,0.9091,The glacier survey stake is recorded as marker,HT83,EB68,-0.7907404899597168,-0.2705204486846924,-0.7069413661956787,16.00362701108679,17.286421806085855,19.120903787203133
19,1.0,11,1.0,The winter quarters roof panel came from batch,NG27,DS85,-0.9934415817260742,-2.25107479095459,-1.226877212524414,15.215865645790473,16.56671552255284,17.380254996474832
19,3.0,0,0.0,The signal lamp housing takes fitting code,XB76,TU55,0.455080509185791,3.219027280807495,1.7127952575683594,15.273338244180195,14.299731149338186,14.575709335505962
19,3.0,1,0.0909,The customs declaration quotes reference code,DS35,SL17,0.2615084648132324,5.439810276031494,2.540590286254883,16.696691366960295,20.08104430977255,18.65855366922915
19,3.0,2,0.1818,The assay laboratory furnace is a model,NM77,AJ93,0.5579104423522949,1.3990674018859863,0.44028329849243164,16.550581907853484,15.153632034081966,15.040850967168808
19,3.0,3,0.2727,The medical supply locker was closed with seal number,JP51,GC35,0.5889463424682617,1.6012139320373535,0.8725013732910156,16.805030152434483,16.125846951967105,13.43473741877824
19,3.0,4,0.3636,The salvage tender was registered with hull number,JD51,KS69,-0.1996917724609375,1.693711280822754,-1.5636663436889648,17.233563670073636,19.962056360207498,20.59553638380021
19,3.0,5,0.4545,The shipment of core samples travelled under consignment code,VG19,SE51,-1.07075834274292,1.0583915710449219,-0.5398879051208496,14.352210351033136,14.124282650649548,14.325444659218192
19,3.0,6,0.5455,The cartography office safe opens with combination,GD79,SJ81,0.27398157119750977,1.598947525024414,-2.4811151027679443,19.257717846601736,18.09254868887365,17.014582922682166
19,3.0,7,0.6364,The sealed crate in the annex is marked with inventory tag,DP12,SK92,-0.8250722885131836,1.6866769790649414,-1.5643393993377686,16.066533436998725,15.59458095394075,16.03332455456257
19,3.0,8,0.7273,Ansel's transit permit was issued as document number,DU64,SU64,0.06519126892089844,1.4518404006958008,1.0739808082580566,15.054790562018752,15.806020745076239,16.56500084605068
19,3.0,9,0.8182,The hydrographic chart set reached edition,FW62,RB38,1.4983763694763184,3.7162723541259766,0.791313648223877,16.751947467564605,18.765890804119408,19.642553521320224
19,3.0,10,0.9091,The glacier survey stake is recorded as marker,HT83,EB68,-0.7907404899597168,-1.5250067710876465,-1.6745035648345947,16.00362701108679,13.99949836730957,13.899502784013748
19,3.0,11,1.0,The winter quarters roof panel came from batch,NG27,DS85,-0.9934415817260742,0.6921772956848145,-1.8500170707702637,15.215865645790473,15.91830925270915,14.89001563936472
19,4.0,0,0.0,The signal lamp housing takes fitting code,XB76,TU55,0.455080509185791,3.924264430999756,2.9003782272338867,15.273338244180195,8.703884571790695,13.198329277336597
19,4.0,1,0.0909,The customs declaration quotes reference code,DS35,SL17,0.2615084648132324,6.617764949798584,3.5493125915527344,16.696691366960295,17.798564175143838,18.729781199246645
19,4.0,2,0.1818,The assay laboratory furnace is a model,NM77,AJ93,0.5579104423522949,1.9747910499572754,0.7852993011474609,16.550581907853484,14.424301103688776,15.250031598843634
19,4.0,3,0.2727,The medical supply locker was closed with seal number,JP51,GC35,0.5889463424682617,3.03480863571167,1.5489773750305176,16.805030152434483,15.931921476498246,12.729370651766658
19,4.0,4,0.3636,The salvage tender was registered with hull number,JD51,KS69,-0.1996917724609375,1.96388578414917,-2.2557878494262695,17.233563670073636,19.71182442829013,20.483937500044703
19,4.0,5,0.4545,The shipment of core samples travelled under consignment code,VG19,SE51,-1.07075834274292,0.5530896186828613,-0.007895469665527344,14.352210351033136,14.89287499897182,14.508440086618066
19,4.0,6,0.5455,The cartography office safe opens with combination,GD79,SJ81,0.27398157119750977,2.1188859939575195,-1.2705862522125244,19.257717846601736,16.94064286723733,16.18667341209948
19,4.0,7,0.6364,The sealed crate in the annex is marked with inventory tag,DP12,SK92,-0.8250722885131836,1.7664132118225098,-1.691277027130127,16.066533436998725,15.08031879272312,15.167017787694931
19,4.0,8,0.7273,Ansel's transit permit was issued as document number,DU64,SU64,0.06519126892089844,1.8871207237243652,0.6839041709899902,15.054790562018752,15.895364627242088,16.589048788882792
19,4.0,9,0.8182,The hydrographic chart set reached edition,FW62,RB38,1.4983763694763184,3.309885025024414,1.014068603515625,16.751947467564605,19.717607096303254,20.64876464335248
19,4.0,10,0.9091,The glacier survey stake is recorded as marker,HT83,EB68,-0.7907404899597168,-2.3763227462768555,-1.5223257541656494,16.00362701108679,14.009602215141058,14.298236817121506
19,4.0,11,1.0,The winter quarters roof panel came from batch,NG27,DS85,-0.9934415817260742,-2.2715582847595215,-2.06205415725708,15.215865645790473,14.824208589270711,15.324199477210641
19,6.0,0,0.0,The signal lamp housing takes fitting code,XB76,TU55,0.455080509185791,4.681315898895264,4.270397186279297,15.273338244180195,1.558418869972229,2.72814804315567
19,6.0,1,0.0909,The customs declaration quotes reference code,DS35,SL17,0.2615084648132324,7.551075220108032,5.01758337020874,16.696691366960295,16.7013142965734,17.798215702176094
19,6.0,2,0.1818,The assay laboratory furnace is a model,NM77,AJ93,0.5579104423522949,3.8511757850646973,1.0507988929748535,16.550581907853484,15.163232546299696,14.0487265214324
19,6.0,3,0.2727,The medical supply locker was closed with seal number,JP51,GC35,0.5889463424682617,3.800699234008789,3.0804076194763184,16.805030152434483,14.141464747488499,9.92503721266985
19,6.0,4,0.3636,The salvage tender was registered with hull number,JD51,KS69,-0.1996917724609375,-0.9401633739471436,-2.7494850158691406,17.233563670073636,19.39665560889989,19.76225896179676
19,6.0,5,0.4545,The shipment of core samples travelled under consignment code,VG19,SE51,-1.07075834274292,0.30595827102661133,-0.18030786514282227,14.352210351033136,15.560860710218549,14.880924969911575
19,6.0,6,0.5455,The cartography office safe opens with combination,GD79,SJ81,0.27398157119750977,3.287717819213867,-0.8169221878051758,19.257717846601736,16.27337579615414,14.558277979493141
19,6.0,7,0.6364,The sealed crate in the annex is marked with inventory tag,DP12,SK92,-0.8250722885131836,0.9003586769104004,-0.7413482666015625,16.066533436998725,17.352223370224237,16.477185994386673
19,6.0,8,0.7273,Ansel's transit permit was issued as document number,DU64,SU64,0.06519126892089844,1.2689900398254395,0.6658706665039062,15.054790562018752,16.829491269774735,16.001263350248337
19,6.0,9,0.8182,The hydrographic chart set reached edition,FW62,RB38,1.4983763694763184,0.6372709274291992,0.47885990142822266,16.751947467564605,20.233645593747497,20.060176951810718
19,6.0,10,0.9091,The glacier survey stake is recorded as marker,HT83,EB68,-0.7907404899597168,-2.314922332763672,-3.0826449394226074,16.00362701108679,16.762113876640797,15.105035617947578
19,6.0,11,1.0,The winter quarters roof panel came from batch,NG27,DS85,-0.9934415817260742,-4.384940147399902,-2.8813862800598145,15.215865645790473,15.573505032807589,13.932073459029198
19,8.0,0,0.0,The signal lamp housing takes fitting code,XB76,TU55,0.455080509185791,2.397353172302246,2.632629871368408,15.273338244180195,0.4556790590286255,3.083724766969681
19,8.0,1,0.0909,The customs declaration quotes reference code,DS35,SL17,0.2615084648132324,6.682387351989746,4.890492916107178,16.696691366960295,13.06511314958334,13.942838430404663
19,8.0,2,0.1818,The assay laboratory furnace is a model,NM77,AJ93,0.5579104423522949,0.5606484413146973,0.14777374267578125,16.550581907853484,8.931995660066605,9.982134521007538
19,8.0,3,0.2727,The medical supply locker was closed with seal number,JP51,GC35,0.5889463424682617,1.0457916259765625,0.8913102149963379,16.805030152434483,9.132099911570549,9.364599227905273
19,8.0,4,0.3636,The salvage tender was registered with hull number,JD51,KS69,-0.1996917724609375,-2.197155475616455,-2.668525457382202,17.233563670073636,17.080038581043482,18.602325931191444
19,8.0,5,0.4545,The shipment of core samples travelled under consignment code,VG19,SE51,-1.07075834274292,-0.17908143997192383,-1.3376507759094238,14.352210351033136,11.756760582327843,13.656008444726467
19,8.0,6,0.5455,The cartography office safe opens with combination,GD79,SJ81,0.27398157119750977,2.0061073303222656,3.2775988578796387,19.257717846601736,13.801945522427559,15.57355397939682
19,8.0,7,0.6364,The sealed crate in the annex is marked with inventory tag,DP12,SK92,-0.8250722885131836,0.2192096710205078,-1.1348028182983398,16.066533436998725,16.571632780134678,17.002169020473957
19,8.0,8,0.7273,Ansel's transit permit was issued as document number,DU64,SU64,0.06519126892089844,-0.0016770362854003906,-0.21634912490844727,15.054790562018752,14.20314895734191,13.682494319975376
19,8.0,9,0.8182,The hydrographic chart set reached edition,FW62,RB38,1.4983763694763184,0.5450382232666016,0.6947011947631836,16.751947467564605,19.075906788930297,18.820731792598963
19,8.0,10,0.9091,The glacier survey stake is recorded as marker,HT83,EB68,-0.7907404899597168,-2.6140170097351074,-2.161947250366211,16.00362701108679,15.864103399217129,14.405682370066643
19,8.0,11,1.0,The winter quarters roof panel came from batch,NG27,DS85,-0.9934415817260742,-3.9362645149230957,-3.002230644226074,15.215865645790473,14.931473786011338,13.672084011137486
19,12.0,0,0.0,The signal lamp housing takes fitting code,XB76,TU55,0.455080509185791,1.8459296226501465,3.237015724182129,15.273338244180195,2.185650110244751,-3.3540334701538086
19,12.0,1,0.0909,The customs declaration quotes reference code,DS35,SL17,0.2615084648132324,3.5142111778259277,1.205927848815918,16.696691366960295,6.868352711200714,4.900971591472626
19,12.0,2,0.1818,The assay laboratory furnace is a model,NM77,AJ93,0.5579104423522949,2.573117971420288,1.6797442436218262,16.550581907853484,5.627263903617859,7.487607836723328
19,12.0,3,0.2727,The medical supply locker was closed with seal number,JP51,GC35,0.5889463424682617,-2.32619047164917,-1.1083755493164062,16.805030152434483,6.134653449058533,3.548765778541565
19,12.0,4,0.3636,The salvage tender was registered with hull number,JD51,KS69,-0.1996917724609375,-2.94799542427063,-2.659872055053711,17.233563670073636,11.308642625808716,13.257237881422043
19,12.0,5,0.4545,The shipment of core samples travelled under consignment code,VG19,SE51,-1.07075834274292,-1.724215030670166,-2.004737377166748,14.352210351033136,6.763526201248169,13.349690154194832
19,12.0,6,0.5455,The cartography office safe opens with combination,GD79,SJ81,0.27398157119750977,3.362987518310547,2.8257017135620117,19.257717846601736,9.541617035865784,12.516518235206604
19,12.0,7,0.6364,The sealed crate in the annex is marked with inventory tag,DP12,SK92,-0.8250722885131836,-0.7045722007751465,-0.5767087936401367,16.066533436998725,13.532006487250328,15.03380000591278
19,12.0,8,0.7273,Ansel's transit permit was issued as document number,DU64,SU64,0.06519126892089844,-0.5859847068786621,-0.47287511825561523,15.054790562018752,8.211683049798012,10.844116732478142
19,12.0,9,0.8182,The hydrographic chart set reached edition,FW62,RB38,1.4983763694763184,-2.1484122276306152,0.1538224220275879,16.751947467564605,14.425384722650051,11.937190055847168
19,12.0,10,0.9091,The glacier survey stake is recorded as marker,HT83,EB68,-0.7907404899597168,-5.492212533950806,-0.9742898941040039,16.00362701108679,10.484710693359375,11.004287302494049
19,12.0,11,1.0,The winter quarters roof panel came from batch,NG27,DS85,-0.9934415817260742,-3.9115848541259766,-2.2487330436706543,15.215865645790473,11.700451470911503,11.392520263791084
20,1.0,0,0.0,The eastern pumping station runs on circuit label,ZX29,KE81,-0.8151779174804688,-0.974945068359375,-0.961855411529541,19.382439761888236,18.39508347969968,18.884107185527682
20,1.0,1,0.0909,The signal lamp housing takes fitting code,DL83,NE92,1.325784683227539,0.8225240707397461,0.06357479095458984,16.951328209601343,19.14299509843113,18.770319828821812
20,1.0,2,0.1818,The cartography office safe opens with combination,FA62,CQ72,-0.019568443298339844,0.7746977806091309,0.779541015625,19.3050559614785,18.565367678180337,19.209246540791355
20,1.0,3,0.2727,The shipment of core samples travelled under consignment code,PC23,AF34,-0.1265425682067871,0.41321420669555664,0.16888189315795898,16.70699720783159,15.871703148353845,16.625029230955988
20,1.0,4,0.3636,The lighthouse relief roster follows schedule,EL70,WK61,-0.11206674575805664,1.3583078384399414,1.3992738723754883,18.32617781450972,19.125254864338785,19.566880576545373
20,1.0,5,0.4545,The hydrographic chart set reached edition,GG50,DK36,-2.304798126220703,-0.25135087966918945,-0.18993091583251953,17.54352462454699,18.483230287907645,19.416932059451938
20,1.0,6,0.5455,The winter supply manifest lists lot number,WX52,MV48,0.9676609039306641,2.0796022415161133,1.9205965995788574,20.301674844056834,21.439952325541526,21.851478430326097
20,1.0,7,0.6364,The meteorological buoy broadcasts on transponder code,LP21,EX22,-0.24146413803100586,0.0621185302734375,-0.4845919609069824,17.00279633840546,18.82107745227404,19.89133362879511
20,1.0,8,0.7273,The telegraph repeater hut answers to station code,WS72,AJ17,1.2144050598144531,2.473726749420166,2.485210418701172,17.143684363691136,19.50185397535097,20.024927273159847
20,1.0,9,0.8182,The auxiliary generator was tagged asset number,NC36,NM46,-0.5298643112182617,-0.32123374938964844,-0.5716643333435059,21.185072201653384,21.000723250792362,20.923299831803888
20,1.0,10,0.9091,The archive microfilm reel is filed under shelf mark,GD20,CU70,0.3922538757324219,0.9109320640563965,0.26746273040771484,18.899193665361963,18.696662184549496,18.93921494903043
20,1.0,11,1.0,The ice core drilling rig was delivered as unit,KK98,GA99,-1.129939079284668,-1.3230609893798828,-2.051515579223633,20.148532551480457,18.362637493293732,20.172278062673286
20,3.0,0,0.0,The eastern pumping station runs on circuit label,ZX29,KE81,-0.8151779174804688,-0.3381681442260742,-1.5813136100769043,19.382439761888236,17.91581504419446,18.583637619391084
20,3.0,1,0.0909,The signal lamp housing takes fitting code,DL83,NE92,1.325784683227539,1.115143060684204,0.0077610015869140625,16.951328209601343,18.115024054422975,19.150362217333168
20,3.0,2,0.1818,The cartography office safe opens with combination,FA62,CQ72,-0.019568443298339844,4.761195659637451,1.040060043334961,19.3050559614785,18.632258152589202,17.13124563731253
20,3.0,3,0.2727,The shipment of core samples travelled under consignment code,PC23,AF34,-0.1265425682067871,5.785218954086304,1.8681116104125977,16.70699720783159,13.518422417342663,14.472409840673208
20,3.0,4,0.3636,The lighthouse relief roster follows schedule,EL70,WK61,-0.11206674575805664,3.040142059326172,-0.38257789611816406,18.32617781450972,19.414942046627402,19.70756492158398
20,3.0,5,0.4545,The hydrographic chart set reached edition,GG50,DK36,-2.304798126220703,0.18674087524414062,-0.32929515838623047,17.54352462454699,16.7179985512048,18.012441920116544
20,3.0,6,0.5455,The winter supply manifest lists lot number,WX52,MV48,0.9676609039306641,5.665637493133545,2.689598560333252,20.301674844056834,21.88554960861802,21.028583051636815
20,3.0,7,0.6364,The meteorological buoy broadcasts on transponder code,LP21,EX22,-0.24146413803100586,1.9420571327209473,-0.22696399688720703,17.00279633840546,18.889518284238875,19.102236884180456
20,3.0,8,0.7273,The telegraph repeater hut answers to station code,WS72,AJ17,1.2144050598144531,5.2850847244262695,2.7904129028320312,17.143684363691136,23.012074580648914,22.2715315107489
20,3.0,9,0.8182,The auxiliary generator was tagged asset number,NC36,NM46,-0.5298643112182617,0.0018634796142578125,-0.5808944702148438,21.185072201653384,20.580417592078447,19.991625759750605
20,3.0,10,0.9091,The archive microfilm reel is filed under shelf mark,GD20,CU70,0.3922538757324219,3.691175937652588,-0.5695834159851074,18.899193665361963,21.07226089667529,20.685158024542034
20,3.0,11,1.0,The ice core drilling rig was delivered as unit,KK98,GA99,-1.129939079284668,2.068295478820801,1.3798108100891113,20.148532551480457,21.593619123101234,22.182351091876626
20,4.0,0,0.0,The eastern pumping station runs on circuit label,ZX29,KE81,-0.8151779174804688,0.09783220291137695,-2.5609474182128906,19.382439761888236,15.341389514505863,13.239856243133545
20,4.0,1,0.0909,The signal lamp housing takes fitting code,DL83,NE92,1.325784683227539,1.9193806648254395,0.16228532791137695,16.951328209601343,17.99493057280779,18.283832501620054
20,4.0,2,0.1818,The cartography office safe opens with combination,FA62,CQ72,-0.019568443298339844,6.146170139312744,2.154895305633545,19.3050559614785,17.48137391731143,16.406194245442748
20,4.0,3,0.2727,The shipment of core samples travelled under consignment code,PC23,AF34,-0.1265425682067871,4.53129506111145,0.8540046215057373,16.70699720783159,12.546484934166074,12.346082834526896
20,4.0,4,0.3636,The lighthouse relief roster follows schedule,EL70,WK61,-0.11206674575805664,1.8268733024597168,0.16347312927246094,18.32617781450972,18.485963651910424,17.196162114851177
20,4.0,5,0.4545,The hydrographic chart set reached edition,GG50,DK36,-2.304798126220703,-0.007525444030761719,-0.6358804702758789,17.54352462454699,16.27513577369973,16.891715394333005
20,4.0,6,0.5455,The winter supply manifest lists lot number,WX52,MV48,0.9676609039306641,4.963181018829346,2.4143729209899902,20.301674844056834,21.391641468741,19.546471846289933
20,4.0,7,0.6364,The meteorological buoy broadcasts on transponder code,LP21,EX22,-0.24146413803100586,0.9650430679321289,-0.6433086395263672,17.00279633840546,18.86122030718252,18.505440284963697
20,4.0,8,0.7273,The telegraph repeater hut answers to station code,WS72,AJ17,1.2144050598144531,4.8536598682403564,2.159121036529541,17.143684363691136,21.544712850358337,20.12502451846376
20,4.0,9,0.8182,The auxiliary generator was tagged asset number,NC36,NM46,-0.5298643112182617,0.22200584411621094,-0.2899017333984375,21.185072201653384,20.617625986225903,19.49299864890054
20,4.0,10,0.9091,The archive microfilm reel is filed under shelf mark,GD20,CU70,0.3922538757324219,5.219089984893799,0.3538401126861572,18.899193665361963,20.433089069090784,20.975596972275525
20,4.0,11,1.0,The ice core drilling rig was delivered as unit,KK98,GA99,-1.129939079284668,1.773158073425293,1.459592342376709,20.148532551480457,20.831450916826725,19.37051202915609
20,6.0,0,0.0,The eastern pumping station runs on circuit label,ZX29,KE81,-0.8151779174804688,-1.975883960723877,-2.877200126647949,19.382439761888236,11.292505741119385,9.705451548099518
20,6.0,1,0.0909,The signal lamp housing takes fitting code,DL83,NE92,1.325784683227539,0.8103673458099365,-0.11983728408813477,16.951328209601343,16.108518451452255,15.663852836936712
20,6.0,2,0.1818,The cartography office safe opens with combination,FA62,CQ72,-0.019568443298339844,5.296048164367676,3.012017250061035,19.3050559614785,16.34776270017028,16.01004260778427
20,6.0,3,0.2727,The shipment of core samples travelled under consignment code,PC23,AF34,-0.1265425682067871,1.6068212985992432,-0.23575782775878906,16.70699720783159,12.82543708011508,13.393620267510414
20,6.0,4,0.3636,The lighthouse relief roster follows schedule,EL70,WK61,-0.11206674575805664,2.1220998764038086,0.03850364685058594,18.32617781450972,16.01448257640004,16.41738378908485
20,6.0,5,0.4545,The hydrographic chart set reached edition,GG50,DK36,-2.304798126220703,-2.3833892345428467,-3.06558895111084,17.54352462454699,13.923362582921982,14.183539444580674
20,6.0,6,0.5455,The winter supply manifest lists lot number,WX52,MV48,0.9676609039306641,2.6486659049987793,-0.02211284637451172,20.301674844056834,18.8961884342134,18.04400817491114
20,6.0,7,0.6364,The meteorological buoy broadcasts on transponder code,LP21,EX22,-0.24146413803100586,0.8217778205871582,-0.12680673599243164,17.00279633840546,18.053982730954885,17.395457092672586
20,6.0,8,0.7273,The telegraph repeater hut answers to station code,WS72,AJ17,1.2144050598144531,4.535102844238281,2.435683250427246,17.143684363691136,21.356880651786923,21.179389320779592
20,6.0,9,0.8182,The auxiliary generator was tagged asset number,NC36,NM46,-0.5298643112182617,-0.031207561492919922,-0.8278160095214844,21.185072201653384,19.732024371623993,19.556170901283622
20,6.0,10,0.9091,The archive microfilm reel is filed under shelf mark,GD20,CU70,0.3922538757324219,6.751070261001587,3.528717041015625,18.899193665361963,18.51834860444069,20.15522418729961
20,6.0,11,1.0,The ice core drilling rig was delivered as unit,KK98,GA99,-1.129939079284668,1.0999178886413574,3.1039676666259766,20.148532551480457,16.435613684356213,16.56156937777996
20,8.0,0,0.0,The eastern pumping station runs on circuit label,ZX29,KE81,-0.8151779174804688,-1.9674692153930664,-3.562594413757324,19.382439761888236,10.743078470230103,6.706506133079529
20,8.0,1,0.0909,The signal lamp housing takes fitting code,DL83,NE92,1.325784683227539,-0.6625266075134277,-0.08431386947631836,16.951328209601343,15.206868074834347,14.440019100904465
20,8.0,2,0.1818,The cartography office safe opens with combination,FA62,CQ72,-0.019568443298339844,4.5814080238342285,4.9690985679626465,19.3050559614785,13.38504522293806,13.072949528694153
20,8.0,3,0.2727,The shipment of core samples travelled under consignment code,PC23,AF34,-0.1265425682067871,0.24825382232666016,-1.4416656494140625,16.70699720783159,9.917713582515717,11.185712851583958
20,8.0,4,0.3636,The lighthouse relief roster follows schedule,EL70,WK61,-0.11206674575805664,1.0853023529052734,0.6227197647094727,18.32617781450972,12.139804944396019,11.790530547499657
20,8.0,5,0.4545,The hydrographic chart set reached edition,GG50,DK36,-2.304798126220703,-2.5591650009155273,-2.2546162605285645,17.54352462454699,8.796794906258583,11.901780001819134
20,8.0,6,0.5455,The winter supply manifest lists lot number,WX52,MV48,0.9676609039306641,0.763491153717041,-0.8253531455993652,20.301674844056834,15.826519668102264,15.447495859116316
20,8.0,7,0.6364,The meteorological buoy broadcasts on transponder code,LP21,EX22,-0.24146413803100586,0.1974048614501953,-0.6328258514404297,17.00279633840546,11.798500433564186,15.060961669310927
20,8.0,8,0.7273,The telegraph repeater hut answers to station code,WS72,AJ17,1.2144050598144531,2.319241523742676,1.515000343322754,17.143684363691136,18.677659012377262,18.096051145344973
20,8.0,9,0.8182,The auxiliary generator was tagged asset number,NC36,NM46,-0.5298643112182617,-1.1072497367858887,-1.2604928016662598,21.185072201653384,18.857628075405955,17.83961460739374
20,8.0,10,0.9091,The archive microfilm reel is filed under shelf mark,GD20,CU70,0.3922538757324219,4.8240272998809814,5.115436315536499,18.899193665361963,16.289783336222172,17.056207481771708
20,8.0,11,1.0,The ice core drilling rig was delivered as unit,KK98,GA99,-1.129939079284668,1.765397548675537,2.0815553665161133,20.148532551480457,11.210186146199703,10.961279414594173
20,12.0,0,0.0,The eastern pumping station runs on circuit label,ZX29,KE81,-0.8151779174804688,-2.6301016807556152,-1.8682427406311035,19.382439761888236,3.818558692932129,4.828058481216431
20,12.0,1,0.0909,The signal lamp housing takes fitting code,DL83,NE92,1.325784683227539,-0.9062032699584961,0.9719491004943848,16.951328209601343,10.041753262281418,5.446352481842041
20,12.0,2,0.1818,The cartography office safe opens with combination,FA62,CQ72,-0.019568443298339844,4.093289375305176,4.604254245758057,19.3050559614785,10.864223003387451,4.071781635284424
20,12.0,3,0.2727,The shipment of core samples travelled under consignment code,PC23,AF34,-0.1265425682067871,0.7565159797668457,-1.299901008605957,16.70699720783159,7.650736570358276,11.482450813055038
20,12.0,4,0.3636,The lighthouse relief roster follows schedule,EL70,WK61,-0.11206674575805664,2.389328956604004,0.2047410011291504,18.32617781450972,7.20807808637619,6.752741813659668
20,12.0,5,0.4545,The hydrographic chart set reached edition,GG50,DK36,-2.304798126220703,-2.0848875045776367,-2.2108469009399414,17.54352462454699,6.623907566070557,11.184924364089966
20,12.0,6,0.5455,The winter supply manifest lists lot number,WX52,MV48,0.9676609039306641,-1.6231498718261719,-1.2126474380493164,20.301674844056834,7.153866410255432,14.286819450557232
20,12.0,7,0.6364,The meteorological buoy broadcasts on transponder code,LP21,EX22,-0.24146413803100586,1.0129218101501465,-0.06666374206542969,17.00279633840546,14.11470328271389,11.675170913338661
20,12.0,8,0.7273,The telegraph repeater hut answers to station code,WS72,AJ17,1.2144050598144531,1.0346059799194336,0.7385315895080566,17.143684363691136,13.510447084903717,11.933742225170135
20,12.0,9,0.8182,The auxiliary generator was tagged asset number,NC36,NM46,-0.5298643112182617,-1.2112770080566406,-1.0940804481506348,21.185072201653384,13.094270467758179,15.195297919213772
20,12.0,10,0.9091,The archive microfilm reel is filed under shelf mark,GD20,CU70,0.3922538757324219,4.447278261184692,5.73288631439209,18.899193665361963,15.675107046961784,13.959834575653076
20,12.0,11,1.0,The ice core drilling rig was delivered as unit,KK98,GA99,-1.129939079284668,-0.38880395889282227,0.0036635398864746094,20.148532551480457,6.057199656963348,8.607880383729935
21,1.0,0,0.0,Feld's field notebook carries catalogue reference,FP98,PF85,2.0531959533691406,1.9598517417907715,1.8379836082458496,17.825448653660715,16.00904141436331,14.766139999963343
21,1.0,1,0.0909,The northern relay station operates under callsign,PW46,AM72,-2.5368857383728027,-0.8154335021972656,-1.1837115287780762,16.883791860658675,16.404776352923363,16.013767823344097
21,1.0,2,0.1818,Ansel's transit permit was issued as document number,RG70,SN95,-0.037656307220458984,0.31425046920776367,0.36061716079711914,16.394677583361045,17.120711969444528,17.768625607714057
21,1.0,3,0.2727,The hydrographic chart set reached edition,SF74,HH30,-1.0918927192687988,0.01011037826538086,-0.28989601135253906,16.906977000646293,19.975348328473046,18.668882261728868
21,1.0,4,0.3636,The survey team's theodolite bears serial number,SH10,TC66,-1.7586073875427246,-1.4961538314819336,-2.251117706298828,16.53891706233844,17.521270893514156,16.41814602422528
21,1.0,5,0.4545,The expedition's spare sledge carries equipment tag,AM84,BK16,0.34944820404052734,0.7530570030212402,0.539280891418457,15.733292947523296,19.82788889762014,18.96716446033679
21,1.0,6,0.5455,The freight siding at Kelder appears on the plan as track,PC28,BP41,-1.4772610664367676,-0.8760347366333008,-0.8673973083496094,16.621274476172403,18.893770054448396,18.745337114320137
21,1.0,7,0.6364,The shipment of core samples travelled under consignment code,HH98,FN18,-0.3884139060974121,0.9185442924499512,1.0322685241699219,19.069713917328045,19.345696858130395,19.072078422876075
21,1.0,8,0.7273,The observatory's spare mirror was ordered as part number,BP62,LW28,1.0174899101257324,0.7464432716369629,0.192840576171875,21.368699800223112,23.250758797628805,22.486235816206317
21,1.0,9,0.8182,The winter quarters roof panel came from batch,LT73,EZ71,1.0853261947631836,2.48531436920166,2.3790712356567383,19.194776762044057,20.229602021630853,18.877493349951692
21,1.0,10,0.9091,The harbour pilot's licence shows registration code,MA29,WS71,0.6785736083984375,2.0031986236572266,0.9770760536193848,15.124330941587687,17.920145834214054,17.894990269793198
21,1.0,11,1.0,The sealed crate in the annex is marked with inventory tag,AQ30,AG56,-0.7377591133117676,-0.16420269012451172,-0.646674633026123,13.752109879394993,15.825520794140175,15.260184550425038
21,3.0,0,0.0,Feld's field notebook carries catalogue reference,FP98,PF85,2.0531959533691406,3.5821003913879395,0.9529743194580078,17.825448653660715,15.668140936642885,14.934964496642351
21,3.0,1,0.0909,The northern relay station operates under callsign,PW46,AM72,-2.5368857383728027,-0.26423168182373047,-1.6302895545959473,16.883791860658675,13.784998588263988,13.883498693816364
21,3.0,2,0.1818,Ansel's transit permit was issued as document number,RG70,SN95,-0.037656307220458984,-0.0076274871826171875,-0.44286584854125977,16.394677583361045,16.896443801233545,17.33171060704626
21,3.0,3,0.2727,The hydrographic chart set reached edition,SF74,HH30,-1.0918927192687988,1.8918752670288086,0.16322660446166992,16.906977000646293,19.28269230108708,18.906914753839374
21,3.0,4,0.3636,The survey team's theodolite bears serial number,SH10,TC66,-1.7586073875427246,-0.039861202239990234,-1.881662368774414,16.53891706233844,16.043488500174135,16.406624481081963
21,3.0,5,0.4545,The expedition's spare sledge carries equipment tag,AM84,BK16,0.34944820404052734,1.930168628692627,0.9175238609313965,15.733292947523296,18.576383822597563,19.093078319448978
21,3.0,6,0.5455,The freight siding at Kelder appears on the plan as track,PC28,BP41,-1.4772610664367676,-0.5131006240844727,-0.7735309600830078,16.621274476172403,20.47617985960096,20.83475618902594
21,3.0,7,0.6364,The shipment of core samples travelled under consignment code,HH98,FN18,-0.3884139060974121,1.5033912658691406,1.9086027145385742,19.069713917328045,15.795760294888169,15.985162866301835
21,3.0,8,0.7273,The observatory's spare mirror was ordered as part number,BP62,LW28,1.0174899101257324,0.35671043395996094,-0.08732032775878906,21.368699800223112,19.127114907838404,20.783221442485228
21,3.0,9,0.8182,The winter quarters roof panel came from batch,LT73,EZ71,1.0853261947631836,3.581629753112793,2.4954118728637695,19.194776762044057,17.402124476153404,19.91347282170318
21,3.0,10,0.9091,The harbour pilot's licence shows registration code,MA29,WS71,0.6785736083984375,2.5551347732543945,1.472529411315918,15.124330941587687,15.364832228049636,15.346018585376441
21,3.0,11,1.0,The sealed crate in the annex is marked with inventory tag,AQ30,AG56,-0.7377591133117676,-0.579031229019165,-1.487659215927124,13.752109879394993,13.317690743133426,14.799699120223522
21,4.0,0,0.0,Feld's field notebook carries catalogue reference,FP98,PF85,2.0531959533691406,3.786050319671631,2.064014434814453,17.825448653660715,14.601474046707153,14.311374561861157
21,4.0,1,0.0909,The northern relay station operates under callsign,PW46,AM72,-2.5368857383728027,-0.1871175765991211,-1.2750825881958008,16.883791860658675,14.932508416473866,14.170912098139524
21,4.0,2,0.1818,Ansel's transit permit was issued as document number,RG70,SN95,-0.037656307220458984,0.9294562339782715,-0.1666851043701172,16.394677583361045,17.08914484269917,16.913414457812905
21,4.0,3,0.2727,The hydrographic chart set reached edition,SF74,HH30,-1.0918927192687988,2.568650960922241,0.7691230773925781,16.906977000646293,18.397606844082475,19.009476693812758
21,4.0,4,0.3636,The survey team's theodolite bears serial number,SH10,TC66,-1.7586073875427246,1.0355548858642578,-1.7727642059326172,16.53891706233844,15.262506161816418,15.751164184417576
21,4.0,5,0.4545,The expedition's spare sledge carries equipment tag,AM84,BK16,0.34944820404052734,1.8516640663146973,-0.09816551208496094,15.733292947523296,18.59813972748816,18.186612270772457
21,4.0,6,0.5455,The freight siding at Kelder appears on the plan as track,PC28,BP41,-1.4772610664367676,-0.45780134201049805,0.08885574340820312,16.621274476172403,20.302182185463607,20.51170589774847
21,4.0,7,0.6364,The shipment of core samples travelled under consignment code,HH98,FN18,-0.3884139060974121,1.9196691513061523,1.3517212867736816,19.069713917328045,14.897021240089089,15.247747791931033
21,4.0,8,0.7273,The observatory's spare mirror was ordered as part number,BP62,LW28,1.0174899101257324,0.4861335754394531,-0.9865407943725586,21.368699800223112,19.87257838761434,19.77398927602917
21,4.0,9,0.8182,The winter quarters roof panel came from batch,LT73,EZ71,1.0853261947631836,2.9250693321228027,1.80275297164917,19.194776762044057,18.124600149923936,20.20071545126848
21,4.0,10,0.9091,The harbour pilot's licence shows registration code,MA29,WS71,0.6785736083984375,2.3478760719299316,1.8971400260925293,15.124330941587687,15.817251769360155,14.731177340261638
21,4.0,11,1.0,The sealed crate in the annex is marked with inventory tag,AQ30,AG56,-0.7377591133117676,-0.8693656921386719,-0.8892841339111328,13.752109879394993,13.965167458169162,13.98810420744121
21,6.0,0,0.0,Feld's field notebook carries catalogue reference,FP98,PF85,2.0531959533691406,3.9453043937683105,1.7190876007080078,17.825448653660715,5.955147743225098,8.873552992939949
21,6.0,1,0.0909,The northern relay station operates under callsign,PW46,AM72,-2.5368857383728027,0.5117759704589844,0.5753598213195801,16.883791860658675,12.53278149664402,15.162254238501191
21,6.0,2,0.1818,Ansel's transit permit was issued as document number,RG70,SN95,-0.037656307220458984,3.082045555114746,1.2163162231445312,16.394677583361045,16.79624397866428,15.684014596045017
21,6.0,3,0.2727,The hydrographic chart set reached edition,SF74,HH30,-1.0918927192687988,0.24491167068481445,-1.6954174041748047,16.906977000646293,18.30947761796415,18.67375820223242
21,6.0,4,0.3636,The survey team's theodolite bears serial number,SH10,TC66,-1.7586073875427246,-0.24239301681518555,-1.9036579132080078,16.53891706233844,15.581170536577702,15.81801250949502
21,6.0,5,0.4545,The expedition's spare sledge carries equipment tag,AM84,BK16,0.34944820404052734,1.5459208488464355,-0.7283577919006348,15.733292947523296,17.939453646540642,17.40580598451197
21,6.0,6,0.5455,The freight siding at Kelder appears on the plan as track,PC28,BP41,-1.4772610664367676,-0.030031442642211914,0.28606748580932617,16.621274476172403,21.24680949281901,20.407506415620446
21,6.0,7,0.6364,The shipment of core samples travelled under consignment code,HH98,FN18,-0.3884139060974121,3.6215038299560547,2.628525733947754,19.069713917328045,16.42326365970075,15.417271129786968
21,6.0,8,0.7273,The observatory's spare mirror was ordered as part number,BP62,LW28,1.0174899101257324,-0.7670531272888184,-1.6336941719055176,21.368699800223112,23.41648949822411,21.656844924669713
21,6.0,9,0.8182,The winter quarters roof panel came from batch,LT73,EZ71,1.0853261947631836,2.4828381538391113,2.3962016105651855,19.194776762044057,18.23710926901549,18.538498566951603
21,6.0,10,0.9091,The harbour pilot's licence shows registration code,MA29,WS71,0.6785736083984375,3.510354518890381,2.702012300491333,15.124330941587687,18.843465053476393,17.794251984916627
21,6.0,11,1.0,The sealed crate in the annex is marked with inventory tag,AQ30,AG56,-0.7377591133117676,-0.9396719932556152,-2.1553874015808105,13.752109879394993,13.881097257137299,13.072807468473911
21,8.0,0,0.0,Feld's field notebook carries catalogue reference,FP98,PF85,2.0531959533691406,4.315625190734863,0.7167201042175293,17.825448653660715,5.809128761291504,4.965561866760254
21,8.0,1,0.0909,The northern relay station operates under callsign,PW46,AM72,-2.5368857383728027,0.33454179763793945,1.2657475471496582,16.883791860658675,10.185021132230759,11.623649217188358
21,8.0,2,0.1818,Ansel's transit permit was issued as document number,RG70,SN95,-0.037656307220458984,2.5719919204711914,1.5712871551513672,16.394677583361045,12.999329309910536,11.303752079606056
21,8.0,3,0.2727,The hydrographic chart set reached edition,SF74,HH30,-1.0918927192687988,0.9182314872741699,-2.091653347015381,16.906977000646293,15.330806862562895,14.127648212015629
21,8.0,4,0.3636,The survey team's theodolite bears serial number,SH10,TC66,-1.7586073875427246,-3.4137377738952637,-2.9112563133239746,16.53891706233844,13.719719931483269,15.537543132901192
21,8.0,5,0.4545,The expedition's spare sledge carries equipment tag,AM84,BK16,0.34944820404052734,1.505995273590088,-0.6297788619995117,15.733292947523296,16.032589349895716,16.51973480451852
21,8.0,6,0.5455,The freight siding at Kelder appears on the plan as track,PC28,BP41,-1.4772610664367676,0.1398463249206543,0.7286522388458252,16.621274476172403,19.95625450089574,19.717621837742627
21,8.0,7,0.6364,The shipment of core samples travelled under consignment code,HH98,FN18,-0.3884139060974121,3.7467103004455566,3.2837777137756348,19.069713917328045,15.508272744715214,16.146919006481767
21,8.0,8,0.7273,The observatory's spare mirror was ordered as part number,BP62,LW28,1.0174899101257324,-1.7481951713562012,-1.4169259071350098,21.368699800223112,22.56293942965567,20.74976124521345
21,8.0,9,0.8182,The winter quarters roof panel came from batch,LT73,EZ71,1.0853261947631836,2.6392998695373535,1.5972824096679688,19.194776762044057,16.93050394859165,16.96899499837309
21,8.0,10,0.9091,The harbour pilot's licence shows registration code,MA29,WS71,0.6785736083984375,3.5790793895721436,2.8689959049224854,15.124330941587687,14.858257334679365,16.943684186786413
21,8.0,11,1.0,The sealed crate in the annex is marked with inventory tag,AQ30,AG56,-0.7377591133117676,-2.105558395385742,-2.1856322288513184,13.752109879394993,13.215393047779799,14.707651235163212
21,12.0,0,0.0,Feld's field notebook carries catalogue reference,FP98,PF85,2.0531959533691406,1.8178677558898926,0.034073829650878906,17.825448653660715,4.197057723999023,2.8626842498779297
21,12.0,1,0.0909,The northern relay station operates under callsign,PW46,AM72,-2.5368857383728027,0.6216530799865723,0.8898768424987793,16.883791860658675,5.595329523086548,1.8777079582214355
21,12.0,2,0.1818,Ansel's transit permit was issued as document number,RG70,SN95,-0.037656307220458984,-1.638871669769287,-0.8858637809753418,16.394677583361045,13.187378227710724,8.084437131881714
21,12.0,3,0.2727,The hydrographic chart set reached edition,SF74,HH30,-1.0918927192687988,4.024930000305176,1.6527581214904785,16.906977000646293,9.91162919998169,6.953767538070679
21,12.0,4,0.3636,The survey team's theodolite bears serial number,SH10,TC66,-1.7586073875427246,-3.7734336853027344,-3.962364435195923,16.53891706233844,10.623412489891052,9.356586933135986
21,12.0,5,0.4545,The expedition's spare sledge carries equipment tag,AM84,BK16,0.34944820404052734,1.5574049949645996,-0.8721084594726562,15.733292947523296,12.148009240627289,11.607714653015137
21,12.0,6,0.5455,The freight siding at Kelder appears on the plan as track,PC28,BP41,-1.4772610664367676,0.5925612449645996,0.5038843154907227,16.621274476172403,15.613778680562973,14.019872426986694
21,12.0,7,0.6364,The shipment of core samples travelled under consignment code,HH98,FN18,-0.3884139060974121,-0.49962472915649414,0.876307487487793,19.069713917328045,15.745421752333641,9.018935918807983
21,12.0,8,0.7273,The observatory's spare mirror was ordered as part number,BP62,LW28,1.0174899101257324,1.821835994720459,2.3454360961914062,21.368699800223112,17.12837240844965,13.195484310388565
21,12.0,9,0.8182,The winter quarters roof panel came from batch,LT73,EZ71,1.0853261947631836,0.5489721298217773,2.231639862060547,19.194776762044057,15.05923330783844,12.254540376365185
21,12.0,10,0.9091,The harbour pilot's licence shows registration code,MA29,WS71,0.6785736083984375,1.9536490440368652,2.727245807647705,15.124330941587687,14.838862344622612,12.895478695631027
21,12.0,11,1.0,The sealed crate in the annex is marked with inventory tag,AQ30,AG56,-0.7377591133117676,-2.777693748474121,-3.5882813930511475,13.752109879394993,11.289551556110382,11.107300460338593
22,1.0,0,0.0,The signal lamp housing takes fitting code,EH13,DV43,-0.4685969352722168,-0.7688589096069336,-1.2614250183105469,17.11670346709434,15.750605374574661,16.0143558611162
22,1.0,1,0.0909,The auxiliary generator was tagged asset number,MC39,DA33,-0.26032161712646484,-0.38972902297973633,-1.5629892349243164,14.54554497974459,14.027182769961655,14.926610082155094
22,1.0,2,0.1818,The expedition's spare sledge carries equipment tag,JB50,SM91,-2.504535675048828,-1.6759147644042969,-2.0699315071105957,16.97742387955077,17.822091168607585,19.442209726898
22,1.0,3,0.2727,The survey team's theodolite bears serial number,VF80,CL22,-1.0216503143310547,0.3892970085144043,-1.431379795074463,15.090020280564204,16.9065483827726,17.50308616622351
22,1.0,4,0.3636,The sealed crate in the annex is marked with inventory tag,AU43,FW98,-0.4816279411315918,-0.3571634292602539,-0.4994163513183594,17.01994214055594,19.472831041319296,19.759014056646265
22,1.0,5,0.4545,The winter quarters roof panel came from batch,KP34,VP99,-1.0691041946411133,-1.5473017692565918,-1.1257681846618652,18.191647759871557,19.254821749520488,20.32022753590718
22,1.0,6,0.5455,The salvage tender was registered with hull number,FD84,CG55,0.4329671859741211,1.0563817024230957,0.3123140335083008,18.249824636848643,19.233097705524415,18.82544857740868
22,1.0,7,0.6364,The harbour pilot's licence shows registration code,SZ82,XD37,1.185645580291748,1.90547513961792,1.7915191650390625,14.878717155661434,15.271139403339475,15.329415780492127
22,1.0,8,0.7273,The reserve fuel depot is listed at site code,BY51,TJ72,-1.7833199501037598,-0.6844272613525391,-0.7892289161682129,17.852806673501618,19.538876475417055,19.26055015763268
22,1.0,9,0.8182,The customs declaration quotes reference code,VL43,CF12,0.42679452896118164,0.46192073822021484,-0.3663330078125,15.635434614028782,16.45401255588513,16.53068626509048
22,1.0,10,0.9091,The northern relay station operates under callsign,FN49,JD84,0.4757657051086426,-0.7937946319580078,-0.33559751510620117,19.203127854969352,22.599815988331102,21.925847476813942
22,1.0,11,1.0,The observatory's spare mirror was ordered as part number,WS28,RV36,-0.36481380462646484,0.23897361755371094,-0.14113664627075195,20.329056804534048,20.053299342514947,20.52861156500876
22,3.0,0,0.0,The signal lamp housing takes fitting code,EH13,DV43,-0.4685969352722168,2.7748680114746094,-0.01804828643798828,17.11670346709434,15.752826776355505,17.514039085246623
22,3.0,1,0.0909,The auxiliary generator was tagged asset number,MC39,DA33,-0.26032161712646484,0.24038314819335938,-4.855255126953125,14.54554497974459,10.630085851997137,14.318951352499425
22,3.0,2,0.1818,The expedition's spare sledge carries equipment tag,JB50,SM91,-2.504535675048828,-0.4769554138183594,-2.7288007736206055,16.97742387955077,14.601007180288434,19.026081247953698
22,3.0,3,0.2727,The survey team's theodolite bears serial number,VF80,CL22,-1.0216503143310547,3.6798157691955566,-0.6556282043457031,15.090020280564204,17.944672700832598,19.118456362979487
22,3.0,4,0.3636,The sealed crate in the annex is marked with inventory tag,AU43,FW98,-0.4816279411315918,0.5746192932128906,0.16329669952392578,17.01994214055594,15.316482202149928,15.742169626057148
22,3.0,5,0.4545,The winter quarters roof panel came from batch,KP34,VP99,-1.0691041946411133,-1.0378117561340332,-1.1809101104736328,18.191647759871557,15.946246216073632,17.61143657192588
22,3.0,6,0.5455,The salvage tender was registered with hull number,FD84,CG55,0.4329671859741211,0.8052835464477539,0.943307638168335,18.249824636848643,17.932288328185678,21.434524721931666
22,3.0,7,0.6364,The harbour pilot's licence shows registration code,SZ82,XD37,1.185645580291748,4.437894344329834,2.8778414726257324,14.878717155661434,12.9001668933779,13.474195879884064
22,3.0,8,0.7273,The reserve fuel depot is listed at site code,BY51,TJ72,-1.7833199501037598,-0.4680757522583008,-1.377969741821289,17.852806673501618,17.726638317108154,17.66136552579701
22,3.0,9,0.8182,The customs declaration quotes reference code,VL43,CF12,0.42679452896118164,0.6928248405456543,-1.241624355316162,15.635434614028782,14.561652723699808,18.34017883008346
22,3.0,10,0.9091,The northern relay station operates under callsign,FN49,JD84,0.4757657051086426,-0.8447775840759277,0.42173004150390625,19.203127854969352,17.364768285304308,19.690975652076304
22,3.0,11,1.0,The observatory's spare mirror was ordered as part number,WS28,RV36,-0.36481380462646484,1.3930096626281738,-0.6250677108764648,20.329056804534048,16.831488862633705,18.924552938435227
22,4.0,0,0.0,The signal lamp housing takes fitting code,EH13,DV43,-0.4685969352722168,1.5115752220153809,-1.3910365104675293,17.11670346709434,15.030442725867033,14.996039129793644
22,4.0,1,0.0909,The auxiliary generator was tagged asset number,MC39,DA33,-0.26032161712646484,1.9082903861999512,-4.840856552124023,14.54554497974459,12.854945400729775,14.316177187487483
22,4.0,2,0.1818,The expedition's spare sledge carries equipment tag,JB50,SM91,-2.504535675048828,-1.0339083671569824,-3.9551658630371094,16.97742387955077,15.96758618671447,19.42701084818691
22,4.0,3,0.2727,The survey team's theodolite bears serial number,VF80,CL22,-1.0216503143310547,4.263940811157227,1.2681689262390137,15.090020280564204,17.3117180429399,17.445467699319124
22,4.0,4,0.3636,The sealed crate in the annex is marked with inventory tag,AU43,FW98,-0.4816279411315918,1.209108829498291,0.22240924835205078,17.01994214055594,16.0641400013119,15.144265845417976
22,4.0,5,0.4545,The winter quarters roof panel came from batch,KP34,VP99,-1.0691041946411133,-1.3509571552276611,-1.4432425498962402,18.191647759871557,17.287039884366095,17.15402527479455
22,4.0,6,0.5455,The salvage tender was registered with hull number,FD84,CG55,0.4329671859741211,2.393955707550049,1.9502215385437012,18.249824636848643,17.905822224449366,21.03319240361452
22,4.0,7,0.6364,The harbour pilot's licence shows registration code,SZ82,XD37,1.185645580291748,5.3452441692352295,3.0617294311523438,14.878717155661434,12.803073311690241,12.360585255781189
22,4.0,8,0.7273,The reserve fuel depot is listed at site code,BY51,TJ72,-1.7833199501037598,-0.6661477088928223,-2.117438793182373,17.852806673501618,18.976720961742103,16.781537474133074
22,4.0,9,0.8182,The customs declaration quotes reference code,VL43,CF12,0.42679452896118164,0.8091106414794922,-2.526036262512207,15.635434614028782,17.83961271075532,19.43636668124236
22,4.0,10,0.9091,The northern relay station operates under callsign,FN49,JD84,0.4757657051086426,-0.8312129974365234,0.6125860214233398,19.203127854969352,19.0440923999995,21.15550474682823
22,4.0,11,1.0,The observatory's spare mirror was ordered as part number,WS28,RV36,-0.36481380462646484,0.5630264282226562,-1.7269654273986816,20.329056804534048,18.42484648525715,18.061924724839628
22,6.0,0,0.0,The signal lamp housing takes fitting code,EH13,DV43,-0.4685969352722168,-2.123051643371582,-5.209298610687256,17.11670346709434,12.10449968278408,10.66683840751648
22,6.0,1,0.0909,The auxiliary generator was tagged asset number,MC39,DA33,-0.26032161712646484,3.26639461517334,-1.8621344566345215,14.54554497974459,13.133854079991579,13.903033155947924
22,6.0,2,0.1818,The expedition's spare sledge carries equipment tag,JB50,SM91,-2.504535675048828,-2.7242565155029297,-6.00239372253418,16.97742387955077,16.06091447919607,17.024966925382614
22,6.0,3,0.2727,The survey team's theodolite bears serial number,VF80,CL22,-1.0216503143310547,3.866629123687744,3.0417823791503906,15.090020280564204,15.766956020146608,17.123115085065365
22,6.0,4,0.3636,The sealed crate in the annex is marked with inventory tag,AU43,FW98,-0.4816279411315918,0.6315011978149414,0.08248758316040039,17.01994214055594,14.887723932042718,15.031137883663177
22,6.0,5,0.4545,The winter quarters roof panel came from batch,KP34,VP99,-1.0691041946411133,-1.500791072845459,-1.6675338745117188,18.191647759871557,17.30638679675758,18.520728439092636
22,6.0,6,0.5455,The salvage tender was registered with hull number,FD84,CG55,0.4329671859741211,1.8063364028930664,3.037353992462158,18.249824636848643,18.55230851471424,20.18606348708272
22,6.0,7,0.6364,The harbour pilot's licence shows registration code,SZ82,XD37,1.185645580291748,6.381850481033325,5.408562183380127,14.878717155661434,13.740980353206396,14.870252773165703
22,6.0,8,0.7273,The reserve fuel depot is listed at site code,BY51,TJ72,-1.7833199501037598,-0.5023198127746582,-0.4825458526611328,17.852806673501618,17.613160571083426,17.09680324792862
22,6.0,9,0.8182,The customs declaration quotes reference code,VL43,CF12,0.42679452896118164,-1.0463871955871582,-1.6291723251342773,15.635434614028782,20.07348051900044,20.473432505503297
22,6.0,10,0.9091,The northern relay station operates under callsign,FN49,JD84,0.4757657051086426,-0.6592531204223633,1.0440568923950195,19.203127854969352,20.744310099631548,22.996855865232646
22,6.0,11,1.0,The observatory's spare mirror was ordered as part number,WS28,RV36,-0.36481380462646484,-0.19568204879760742,-1.1443214416503906,20.329056804534048,17.865367509424686,17.811817035079002
22,8.0,0,0.0,The signal lamp housing takes fitting code,EH13,DV43,-0.4685969352722168,-3.7422289848327637,-5.200774669647217,17.11670346709434,11.312515944242477,8.578103736042976
22,8.0,1,0.0909,The auxiliary generator was tagged asset number,MC39,DA33,-0.26032161712646484,3.1874547004699707,0.974942684173584,14.54554497974459,6.348214194178581,10.687923088669777
22,8.0,2,0.1818,The expedition's spare sledge carries equipment tag,JB50,SM91,-2.504535675048828,-4.769862651824951,-6.050209999084473,16.97742387955077,13.245835036039352,14.7506687566638
22,8.0,3,0.2727,The survey team's theodolite bears serial number,VF80,CL22,-1.0216503143310547,1.5175995826721191,1.7207350730895996,15.090020280564204,14.997645806521177,14.691893881186843
22,8.0,4,0.3636,The sealed crate in the annex is marked with inventory tag,AU43,FW98,-0.4816279411315918,-0.6246886253356934,-1.8342771530151367,17.01994214055594,12.51251831650734,13.044117882847786
22,8.0,5,0.4545,The winter quarters roof panel came from batch,KP34,VP99,-1.0691041946411133,-2.600902557373047,-3.5593676567077637,18.191647759871557,13.142971083521843,17.627547398209572
22,8.0,6,0.5455,The salvage tender was registered with hull number,FD84,CG55,0.4329671859741211,-3.3454381227493286,-0.5045197010040283,18.249824636848643,16.499529279768467,19.473591540008783
22,8.0,7,0.6364,The harbour pilot's licence shows registration code,SZ82,XD37,1.185645580291748,5.315066814422607,5.291125297546387,14.878717155661434,13.07386027276516,13.930448077619076
22,8.0,8,0.7273,The reserve fuel depot is listed at site code,BY51,TJ72,-1.7833199501037598,0.43482446670532227,0.8252463340759277,17.852806673501618,15.010227151215076,15.072491815313697
22,8.0,9,0.8182,The customs declaration quotes reference code,VL43,CF12,0.42679452896118164,-2.9416112899780273,-2.4430904388427734,15.635434614028782,16.54376970976591,18.909487245604396
22,8.0,10,0.9091,The northern relay station operates under callsign,FN49,JD84,0.4757657051086426,0.7049403190612793,1.0194802284240723,19.203127854969352,17.945063076913357,20.07631905376911
22,8.0,11,1.0,The observatory's spare mirror was ordered as part number,WS28,RV36,-0.36481380462646484,-1.135941982269287,-1.4389028549194336,20.329056804534048,17.400280319154263,17.194469302892685
22,12.0,0,0.0,The signal lamp housing takes fitting code,EH13,DV43,-0.4685969352722168,-3.858029365539551,-4.478598594665527,17.11670346709434,9.63535887002945,1.9952851831912994
22,12.0,1,0.0909,The auxiliary generator was tagged asset number,MC39,DA33,-0.26032161712646484,3.8716015815734863,1.5841569900512695,14.54554497974459,6.612191706895828,8.459117770195007
22,12.0,2,0.1818,The expedition's spare sledge carries equipment tag,JB50,SM91,-2.504535675048828,-4.389408588409424,-5.677809715270996,16.97742387955077,11.236709848046303,13.845276474952698
22,12.0,3,0.2727,The survey team's theodolite bears serial number,VF80,CL22,-1.0216503143310547,-0.03543281555175781,1.9903843402862549,15.090020280564204,13.795893251895905,14.51339427381754
22,12.0,4,0.3636,The sealed crate in the annex is marked with inventory tag,AU43,FW98,-0.4816279411315918,0.05499887466430664,-0.9873294830322266,17.01994214055594,10.029582291841507,11.178567111492157
22,12.0,5,0.4545,The winter quarters roof panel came from batch,KP34,VP99,-1.0691041946411133,-3.2688965797424316,-3.8865957260131836,18.191647759871557,10.145689010620117,13.897939443588257
22,12.0,6,0.5455,The salvage tender was registered with hull number,FD84,CG55,0.4329671859741211,-3.545227527618408,-0.18477988243103027,18.249824636848643,15.92101302742958,17.442722283303738
22,12.0,7,0.6364,The harbour pilot's licence shows registration code,SZ82,XD37,1.185645580291748,3.836329936981201,4.435694217681885,14.878717155661434,10.365438789129257,13.368978723883629
22,12.0,8,0.7273,The reserve fuel depot is listed at site code,BY51,TJ72,-1.7833199501037598,-1.0407991409301758,0.4328007698059082,17.852806673501618,13.046876013278961,14.540989011526108
22,12.0,9,0.8182,The customs declaration quotes reference code,VL43,CF12,0.42679452896118164,-2.361682891845703,-2.564950466156006,15.635434614028782,15.783183425664902,18.329626619815826
22,12.0,10,0.9091,The northern relay station operates under callsign,FN49,JD84,0.4757657051086426,-1.7791576385498047,-0.5250778198242188,19.203127854969352,17.053158774971962,16.57251587510109
22,12.0,11,1.0,The observatory's spare mirror was ordered as part number,WS28,RV36,-0.36481380462646484,-3.3368444442749023,-3.436929225921631,20.329056804534048,14.688783705234528,14.638847202062607
23,1.0,0,0.0,The reserve fuel depot is listed at site code,KC12,LX63,1.4061894416809082,1.6081597805023193,1.7071280479431152,15.292637831531465,18.436317790998146,17.38966466183774
23,1.0,1,0.0909,The ice core drilling rig was delivered as unit,UK64,PC98,-3.086319923400879,-1.8322315216064453,-3.2947587966918945,19.016971150878817,18.228590093087405,19.737618542741984
23,1.0,2,0.1818,The assay laboratory furnace is a model,NS55,TK64,0.18666887283325195,-0.6930127143859863,-0.9864387512207031,18.96845757169649,20.75113516941201,20.477377033093944
23,1.0,3,0.2727,The expedition's spare sledge carries equipment tag,EZ34,PK81,0.15691232681274414,-0.4590582847595215,-1.4774293899536133,18.50224452931434,20.396821859292686,20.31871752697043
23,1.0,4,0.3636,The shipment of core samples travelled under consignment code,HV68,VT16,-0.31546735763549805,-0.772038459777832,-0.7743330001831055,18.328382393578067,18.563806261867285,19.336934868246317
23,1.0,5,0.4545,The botanical specimen case holds accession number,AD20,KD13,0.8999381065368652,0.7450337409973145,1.4565529823303223,20.825798359932378,20.920013436116278,21.86290378216654
23,1.0,6,0.5455,The hydrographic chart set reached edition,AS90,WE52,3.9958810806274414,4.8800435066223145,3.137319564819336,19.31405480101239,19.212087236810476,19.12389445025474
23,1.0,7,0.6364,The medical supply locker was closed with seal number,BG14,TZ65,1.6684675216674805,1.41355562210083,1.4513258934020996,16.662726344075054,19.146603127359413,18.943038176745176
23,1.0,8,0.7273,The quartermaster's tally sheet uses form number,UM94,HF94,-0.9962210655212402,0.3127622604370117,-0.009982585906982422,18.023860927671194,18.726739406818524,18.81099014612846
23,1.0,9,0.8182,The archive microfilm reel is filed under shelf mark,MU46,CL81,-1.327153205871582,0.5080804824829102,-0.1309804916381836,19.56096618634183,19.440670853713527,19.08989292511251
23,1.0,10,0.9091,The border checkpoint ledger opens at entry code,XL83,HT70,-0.5589785575866699,-0.7909808158874512,-1.0055527687072754,19.44671546225436,20.02956654620357,19.67955598467961
23,1.0,11,1.0,The radio operator's logbook continues in volume,CR32,AL58,2.034898042678833,1.3514103889465332,0.36066365242004395,19.211524561047554,18.913470200262964,18.797696206718683
23,3.0,0,0.0,The reserve fuel depot is listed at site code,KC12,LX63,1.4061894416809082,4.681350231170654,3.0903022289276123,15.292637831531465,14.72778520360589,14.869469475001097
23,3.0,1,0.0909,The ice core drilling rig was delivered as unit,UK64,PC98,-3.086319923400879,-1.2258129119873047,-4.676114082336426,19.016971150878817,16.272352065891027,18.8052916303277
23,3.0,2,0.1818,The assay laboratory furnace is a model,NS55,TK64,0.18666887283325195,0.7913169860839844,-1.2430758476257324,18.96845757169649,19.7203274294734,20.418287131935358
23,3.0,3,0.2727,The expedition's spare sledge carries equipment tag,EZ34,PK81,0.15691232681274414,0.0749502182006836,-3.4003429412841797,18.50224452931434,18.11636442411691,18.5745413582772
23,3.0,4,0.3636,The shipment of core samples travelled under consignment code,HV68,VT16,-0.31546735763549805,-2.2124242782592773,-1.2243027687072754,18.328382393578067,17.319493075367063,18.08398488536477
23,3.0,5,0.4545,The botanical specimen case holds accession number,AD20,KD13,0.8999381065368652,1.3514280319213867,0.8686518669128418,20.825798359932378,17.34178032912314,19.791020781267434
23,3.0,6,0.5455,The hydrographic chart set reached edition,AS90,WE52,3.9958810806274414,6.263447999954224,3.852875232696533,19.31405480101239,15.911389297805727,16.78685788065195
23,3.0,7,0.6364,The medical supply locker was closed with seal number,BG14,TZ65,1.6684675216674805,2.486997127532959,0.9972729682922363,16.662726344075054,17.196114224847406,17.648988120257854
23,3.0,8,0.7273,The quartermaster's tally sheet uses form number,UM94,HF94,-0.9962210655212402,3.0021677017211914,0.08542633056640625,18.023860927671194,14.215054594445974,16.332408659160137
23,3.0,9,0.8182,The archive microfilm reel is filed under shelf mark,MU46,CL81,-1.327153205871582,1.4125823974609375,0.556889533996582,19.56096618634183,15.929690946824849,17.06547664757818
23,3.0,10,0.9091,The border checkpoint ledger opens at entry code,XL83,HT70,-0.5589785575866699,2.87056827545166,-0.07897663116455078,19.44671546225436,16.414226052351296,15.839809900149703
23,3.0,11,1.0,The radio operator's logbook continues in volume,CR32,AL58,2.034898042678833,2.268679618835449,0.013487815856933594,19.211524561047554,16.40565591864288,15.940985326655209
23,4.0,0,0.0,The reserve fuel depot is listed at site code,KC12,LX63,1.4061894416809082,3.8449032306671143,3.354281187057495,15.292637831531465,14.741434305906296,12.764767944812775
23,4.0,1,0.0909,The ice core drilling rig was delivered as unit,UK64,PC98,-3.086319923400879,-0.8525936603546143,-4.129961252212524,19.016971150878817,18.54811075888574,20.251739338040352
23,4.0,2,0.1818,The assay laboratory furnace is a model,NS55,TK64,0.18666887283325195,0.7672743797302246,-1.9062433242797852,18.96845757169649,19.921349484473467,18.480001229792833
23,4.0,3,0.2727,The expedition's spare sledge carries equipment tag,EZ34,PK81,0.15691232681274414,0.17485380172729492,-4.050508975982666,18.50224452931434,19.733326475135982,20.976872782222927
23,4.0,4,0.3636,The shipment of core samples travelled under consignment code,HV68,VT16,-0.31546735763549805,-2.1603522300720215,-1.4123516082763672,18.328382393578067,17.674111389089376,17.642055711708963
23,4.0,5,0.4545,The botanical specimen case holds accession number,AD20,KD13,0.8999381065368652,1.7487635612487793,0.9334759712219238,20.825798359932378,18.870947395451367,19.419978419318795
23,4.0,6,0.5455,The hydrographic chart set reached edition,AS90,WE52,3.9958810806274414,5.9089531898498535,3.7904038429260254,19.31405480101239,17.41479335865006,17.34626245032996
23,4.0,7,0.6364,The medical supply locker was closed with seal number,BG14,TZ65,1.6684675216674805,2.393552303314209,1.6355581283569336,16.662726344075054,18.159127350896597,19.051282892934978
23,4.0,8,0.7273,The quartermaster's tally sheet uses form number,UM94,HF94,-0.9962210655212402,1.6027240753173828,0.2490234375,18.023860927671194,15.41284444835037,15.702660889364779
23,4.0,9,0.8182,The archive microfilm reel is filed under shelf mark,MU46,CL81,-1.327153205871582,1.036989688873291,1.3234291076660156,19.56096618634183,18.153832473792136,17.36016862327233
23,4.0,10,0.9091,The border checkpoint ledger opens at entry code,XL83,HT70,-0.5589785575866699,2.3039283752441406,-0.12366294860839844,19.44671546225436,17.176448873244226,17.039397939108312
23,4.0,11,1.0,The radio operator's logbook continues in volume,CR32,AL58,2.034898042678833,2.171414613723755,-0.30963563919067383,19.211524561047554,16.956033285707235,16.49613729864359
23,6.0,0,0.0,The reserve fuel depot is listed at site code,KC12,LX63,1.4061894416809082,4.415762186050415,3.199599027633667,15.292637831531465,5.670294404029846,7.279122412204742
23,6.0,1,0.0909,The ice core drilling rig was delivered as unit,UK64,PC98,-3.086319923400879,0.45261669158935547,-0.5618748664855957,19.016971150878817,16.734482049942017,17.20146904140711
23,6.0,2,0.1818,The assay laboratory furnace is a model,NS55,TK64,0.18666887283325195,1.5946674346923828,-0.1322469711303711,18.96845757169649,17.116518575698137,19.236656108871102
23,6.0,3,0.2727,The expedition's spare sledge carries equipment tag,EZ34,PK81,0.15691232681274414,-3.2509584426879883,-4.797483921051025,18.50224452931434,16.69628511182964,20.016836332157254
23,6.0,4,0.3636,The shipment of core samples travelled under consignment code,HV68,VT16,-0.31546735763549805,-3.645289421081543,-3.7192397117614746,18.328382393578067,15.710888296365738,16.935280434787273
23,6.0,5,0.4545,The botanical specimen case holds accession number,AD20,KD13,0.8999381065368652,2.215541362762451,0.8413982391357422,20.825798359932378,17.47887509316206,18.71943684667349
23,6.0,6,0.5455,The hydrographic chart set reached edition,AS90,WE52,3.9958810806274414,4.362919330596924,2.9870519638061523,19.31405480101239,17.469343803822994,18.01199210435152
23,6.0,7,0.6364,The medical supply locker was closed with seal number,BG14,TZ65,1.6684675216674805,2.1664090156555176,2.1056723594665527,16.662726344075054,14.774865731596947,17.73263908084482
23,6.0,8,0.7273,The quartermaster's tally sheet uses form number,UM94,HF94,-0.9962210655212402,-1.4002585411071777,-1.4435644149780273,18.023860927671194,13.876435976475477,15.980921883136034
23,6.0,9,0.8182,The archive microfilm reel is filed under shelf mark,MU46,CL81,-1.327153205871582,-0.0054683685302734375,0.9125657081604004,19.56096618634183,16.722516499459743,18.012137038633227
23,6.0,10,0.9091,The border checkpoint ledger opens at entry code,XL83,HT70,-0.5589785575866699,0.857062816619873,-0.3985476493835449,19.44671546225436,17.295611389912665,18.617901686113328
23,6.0,11,1.0,The radio operator's logbook continues in volume,CR32,AL58,2.034898042678833,0.4677772521972656,0.025144100189208984,19.211524561047554,15.20315108448267,15.806103259325027
23,8.0,0,0.0,The reserve fuel depot is listed at site code,KC12,LX63,1.4061894416809082,4.784179925918579,3.7455193996429443,15.292637831531465,6.479090690612793,6.353626012802124
23,8.0,1,0.0909,The ice core drilling rig was delivered as unit,UK64,PC98,-3.086319923400879,-0.5156493186950684,0.12781238555908203,19.016971150878817,14.467037409543991,16.061548095196486
23,8.0,2,0.1818,The assay laboratory furnace is a model,NS55,TK64,0.18666887283325195,2.9196648597717285,1.532155990600586,18.96845757169649,15.245092123746872,17.057808458805084
23,8.0,3,0.2727,The expedition's spare sledge carries equipment tag,EZ34,PK81,0.15691232681274414,-4.290218830108643,-5.950715780258179,18.50224452931434,15.915505237877369,17.40857309103012
23,8.0,4,0.3636,The shipment of core samples travelled under consignment code,HV68,VT16,-0.31546735763549805,-3.7440848350524902,-4.2054033279418945,18.328382393578067,13.280825734138489,15.313316129148006
23,8.0,5,0.4545,The botanical specimen case holds accession number,AD20,KD13,0.8999381065368652,1.827925205230713,1.9059171676635742,20.825798359932378,13.578654676675797,16.67680037766695
23,8.0,6,0.5455,The hydrographic chart set reached edition,AS90,WE52,3.9958810806274414,4.964627265930176,3.4838004112243652,19.31405480101239,15.26218505948782,16.164419747889042
23,8.0,7,0.6364,The medical supply locker was closed with seal number,BG14,TZ65,1.6684675216674805,2.196481704711914,1.4124350547790527,16.662726344075054,12.800151132047176,17.97482478711754
23,8.0,8,0.7273,The quartermaster's tally sheet uses form number,UM94,HF94,-0.9962210655212402,-3.029458522796631,-4.097744941711426,18.023860927671194,12.08519996702671,13.77422172576189
23,8.0,9,0.8182,The archive microfilm reel is filed under shelf mark,MU46,CL81,-1.327153205871582,-1.1422839164733887,-0.5889883041381836,19.56096618634183,15.65880061686039,16.927404694259167
23,8.0,10,0.9091,The border checkpoint ledger opens at entry code,XL83,HT70,-0.5589785575866699,-0.803612232208252,-0.1502089500427246,19.44671546225436,13.023045621812344,18.6950092734769
23,8.0,11,1.0,The radio operator's logbook continues in volume,CR32,AL58,2.034898042678833,-0.43473100662231445,0.22183656692504883,19.211524561047554,12.33077159523964,14.761206191033125
23,12.0,0,0.0,The reserve fuel depot is listed at site code,KC12,LX63,1.4061894416809082,5.469521522521973,4.710549592971802,15.292637831531465,3.9370970726013184,6.128690242767334
23,12.0,1,0.0909,The ice core drilling rig was delivered as unit,UK64,PC98,-3.086319923400879,-1.0490994453430176,-0.695467472076416,19.016971150878817,12.21095883846283,8.318849444389343
23,12.0,2,0.1818,The assay laboratory furnace is a model,NS55,TK64,0.18666887283325195,1.7880558967590332,1.8973045349121094,18.96845757169649,14.286177039146423,13.89504325389862
23,12.0,3,0.2727,The expedition's spare sledge carries equipment tag,EZ34,PK81,0.15691232681274414,-3.438739776611328,-3.943635940551758,18.50224452931434,15.91192838549614,13.250082165002823
23,12.0,4,0.3636,The shipment of core samples travelled under consignment code,HV68,VT16,-0.31546735763549805,-4.453028678894043,-4.145522594451904,18.328382393578067,12.727831870317459,14.527375876903534
23,12.0,5,0.4545,The botanical specimen case holds accession number,AD20,KD13,0.8999381065368652,4.2705278396606445,3.3528265953063965,20.825798359932378,8.099266350269318,12.99334517121315
23,12.0,6,0.5455,The hydrographic chart set reached edition,AS90,WE52,3.9958810806274414,3.1239852905273438,3.7461700439453125,19.31405480101239,12.117959126830101,14.439182728528976
23,12.0,7,0.6364,The medical supply locker was closed with seal number,BG14,TZ65,1.6684675216674805,1.2319207191467285,1.0681376457214355,16.662726344075054,13.915694154798985,15.796949200332165
23,12.0,8,0.7273,The quartermaster's tally sheet uses form number,UM94,HF94,-0.9962210655212402,-4.32464599609375,-3.9078502655029297,18.023860927671194,13.277081310749054,12.167611368000507
23,12.0,9,0.8182,The archive microfilm reel is filed under shelf mark,MU46,CL81,-1.327153205871582,-0.228546142578125,0.7183871269226074,19.56096618634183,15.870622299611568,14.830642998218536
23,12.0,10,0.9091,The border checkpoint ledger opens at entry code,XL83,HT70,-0.5589785575866699,0.5547223091125488,0.2821636199951172,19.44671546225436,10.722041830420494,14.82349169999361
23,12.0,11,1.0,The radio operator's logbook continues in volume,CR32,AL58,2.034898042678833,1.3138256072998047,1.4222168922424316,19.211524561047554,11.276636928319931,11.431271463632584
