seed,alpha,item,depth,stem,correct,wrong,cold,warm,mismatched,coldB,warmB,mismB
0,1.0,0,0.0,The quartermaster's tally sheet uses form number,NP15,PB22,-1.8546149730682373,-1.3664569854736328,-1.0181591510772705,20.15101282019168,21.598825866356492,22.561334950849414
0,1.0,1,0.0909,The diesel storage tank is stencilled vessel number,JS72,BU91,0.13506746292114258,0.1542820930480957,0.24781179428100586,17.5580970402807,15.247483292594552,15.651599265635014
0,1.0,2,0.1818,The harbour pilot's licence shows registration code,NK71,TV97,0.9097819328308105,0.7847542762756348,0.7119617462158203,19.556194969569333,15.45643076300621,15.721567273139954
0,1.0,3,0.2727,The eastern pumping station runs on circuit label,MU37,CA25,-0.6272311210632324,-0.5447158813476562,-0.71356201171875,17.79171660344582,17.763003177242354,16.94601147202775
0,1.0,4,0.3636,The radio operator's logbook continues in volume,SE46,WG87,1.2646069526672363,0.5668773651123047,0.25179576873779297,18.28104548412375,17.484724188689142,17.468886672053486
0,1.0,5,0.4545,The survey team's theodolite bears serial number,ED89,UD60,1.4730377197265625,0.7789664268493652,0.4569845199584961,19.65852615237236,19.478979278123006,19.52090570377186
0,1.0,6,0.5455,The seismograph at Ridge Camp reports as instrument,JT87,CM24,0.7057490348815918,0.9995083808898926,0.8582444190979004,17.012966267066076,14.40193337853998,14.728337381966412
0,1.0,7,0.6364,The winter quarters roof panel came from batch,LR81,BV12,-0.21684980392456055,-0.10167884826660156,-0.04195117950439453,18.16511170193553,13.099327270872891,13.816081200260669
0,1.0,8,0.7273,The customs declaration quotes reference code,DM65,GF25,0.4762401580810547,0.13991117477416992,0.45757198333740234,19.169248669059016,17.52963239233941,17.618709795409814
0,1.0,9,0.8182,The reserve fuel depot is listed at site code,LV91,RG17,0.4870634078979492,-0.6651115417480469,-0.9074509143829346,19.423630821926054,18.211931166006252,18.798289501748513
0,1.0,10,0.9091,The ice core drilling rig was delivered as unit,GT71,PV22,0.3324260711669922,-0.10801887512207031,0.023836612701416016,21.338226908585057,20.52584645827301,20.63279204524588
0,1.0,11,1.0,The mail packet from Vlissen came in pouch number,QS43,JC38,-0.47894906997680664,-1.6697731018066406,-1.4543170928955078,18.721352213877253,16.84336184337735,18.038178184302524
0,2.0,0,0.0,The quartermaster's tally sheet uses form number,NP15,PB22,-1.8546149730682373,-1.2260456085205078,-1.7671589851379395,20.15101282019168,20.8415137687698,22.262981541687623
0,2.0,1,0.0909,The diesel storage tank is stencilled vessel number,JS72,BU91,0.13506746292114258,1.2963037490844727,0.6733551025390625,17.5580970402807,16.019904881715775,14.932084880769253
0,2.0,2,0.1818,The harbour pilot's licence shows registration code,NK71,TV97,0.9097819328308105,-0.024283885955810547,0.20838403701782227,19.556194969569333,12.098976418375969,12.627792343497276
0,2.0,3,0.2727,The eastern pumping station runs on circuit label,MU37,CA25,-0.6272311210632324,-0.4005856513977051,-0.37253427505493164,17.79171660344582,16.972261121496558,16.029209607746452
0,2.0,4,0.3636,The radio operator's logbook continues in volume,SE46,WG87,1.2646069526672363,1.3779621124267578,0.8581728935241699,18.28104548412375,16.403410687111318,16.311925513204187
0,2.0,5,0.4545,The survey team's theodolite bears serial number,ED89,UD60,1.4730377197265625,1.4208002090454102,1.6495461463928223,19.65852615237236,21.225978729315102,21.708661460783333
0,2.0,6,0.5455,The seismograph at Ridge Camp reports as instrument,JT87,CM24,0.7057490348815918,2.0350513458251953,1.2688674926757812,17.012966267066076,13.60121737420559,14.104410786181688
0,2.0,7,0.6364,The winter quarters roof panel came from batch,LR81,BV12,-0.21684980392456055,-0.4360947608947754,0.21745061874389648,18.16511170193553,13.739295445382595,12.783036109060049
0,2.0,8,0.7273,The customs declaration quotes reference code,DM65,GF25,0.4762401580810547,0.007545948028564453,-0.005878925323486328,19.169248669059016,17.088459325954318,17.281789747066796
0,2.0,9,0.8182,The reserve fuel depot is listed at site code,LV91,RG17,0.4870634078979492,1.3489274978637695,1.4777073860168457,19.423630821926054,16.80665159225464,17.885016235988587
0,2.0,10,0.9091,The ice core drilling rig was delivered as unit,GT71,PV22,0.3324260711669922,0.47953128814697266,0.7153744697570801,21.338226908585057,17.61019826028496,19.053618017118424
0,2.0,11,1.0,The mail packet from Vlissen came in pouch number,QS43,JC38,-0.47894906997680664,-0.5312390327453613,-1.9426536560058594,18.721352213877253,15.593275445513427,17.70109941251576
0,3.0,0,0.0,The quartermaster's tally sheet uses form number,NP15,PB22,-1.8546149730682373,-4.936789035797119,-2.318770408630371,20.15101282019168,18.215213790535927,16.415654361248016
0,3.0,1,0.0909,The diesel storage tank is stencilled vessel number,JS72,BU91,0.13506746292114258,3.858449935913086,-0.5813560485839844,17.5580970402807,18.195260018110275,20.114179104566574
0,3.0,2,0.1818,The harbour pilot's licence shows registration code,NK71,TV97,0.9097819328308105,-2.631715774536133,-5.13466215133667,19.556194969569333,13.721512146294117,12.754538178443909
0,3.0,3,0.2727,The eastern pumping station runs on circuit label,MU37,CA25,-0.6272311210632324,-2.34682035446167,-3.031538486480713,17.79171660344582,14.481776434928179,17.100339978933334
0,3.0,4,0.3636,The radio operator's logbook continues in volume,SE46,WG87,1.2646069526672363,3.1211180686950684,3.5866055488586426,18.28104548412375,17.478866305202246,19.184907857328653
0,3.0,5,0.4545,The survey team's theodolite bears serial number,ED89,UD60,1.4730377197265625,2.765878677368164,0.9363899230957031,19.65852615237236,20.214574724435806,20.12261663377285
0,3.0,6,0.5455,The seismograph at Ridge Camp reports as instrument,JT87,CM24,0.7057490348815918,6.699465751647949,0.20111083984375,17.012966267066076,15.07828176021576,18.484259251505136
0,3.0,7,0.6364,The winter quarters roof panel came from batch,LR81,BV12,-0.21684980392456055,-2.4358301162719727,-3.9352498054504395,18.16511170193553,15.808092867955565,17.53572604060173
0,3.0,8,0.7273,The customs declaration quotes reference code,DM65,GF25,0.4762401580810547,0.8822169303894043,-0.9498648643493652,19.169248669059016,20.707552252337337,20.140002166852355
0,3.0,9,0.8182,The reserve fuel depot is listed at site code,LV91,RG17,0.4870634078979492,0.17316079139709473,1.4398012161254883,19.423630821926054,20.19964499771595,19.784775665961206
0,3.0,10,0.9091,The ice core drilling rig was delivered as unit,GT71,PV22,0.3324260711669922,2.5773425102233887,0.13620281219482422,21.338226908585057,21.06644194573164,19.701619304716587
0,3.0,11,1.0,The mail packet from Vlissen came in pouch number,QS43,JC38,-0.47894906997680664,4.148666620254517,0.007117748260498047,18.721352213877253,17.78563640266657,18.570582411251962
0,4.0,0,0.0,The quartermaster's tally sheet uses form number,NP15,PB22,-1.8546149730682373,-4.8825507164001465,-5.343865394592285,20.15101282019168,13.159956216812134,13.352340817451477
0,4.0,1,0.0909,The diesel storage tank is stencilled vessel number,JS72,BU91,0.13506746292114258,2.654362201690674,1.2481694221496582,17.5580970402807,16.539285838603973,18.115671157836914
0,4.0,2,0.1818,The harbour pilot's licence shows registration code,NK71,TV97,0.9097819328308105,-1.124072551727295,-2.3728904724121094,19.556194969569333,11.238602757453918,12.50831614434719
0,4.0,3,0.2727,The eastern pumping station runs on circuit label,MU37,CA25,-0.6272311210632324,0.5928778648376465,-2.096749782562256,17.79171660344582,10.372133538126945,15.697365786880255
0,4.0,4,0.3636,The radio operator's logbook continues in volume,SE46,WG87,1.2646069526672363,1.5941400527954102,3.2852964401245117,18.28104548412375,12.180555418133736,16.85504251718521
0,4.0,5,0.4545,The survey team's theodolite bears serial number,ED89,UD60,1.4730377197265625,0.8802971839904785,2.885380744934082,19.65852615237236,18.098808243870735,17.766757301986217
0,4.0,6,0.5455,The seismograph at Ridge Camp reports as instrument,JT87,CM24,0.7057490348815918,7.135498046875,5.965857982635498,17.012966267066076,14.329418078064919,15.158346757292747
0,4.0,7,0.6364,The winter quarters roof panel came from batch,LR81,BV12,-0.21684980392456055,0.004497528076171875,-4.557153701782227,18.16511170193553,12.963867038488388,15.11099037528038
0,4.0,8,0.7273,The customs declaration quotes reference code,DM65,GF25,0.4762401580810547,0.46177101135253906,1.1269726753234863,19.169248669059016,17.68340650945902,17.76271966099739
0,4.0,9,0.8182,The reserve fuel depot is listed at site code,LV91,RG17,0.4870634078979492,1.8277473449707031,0.10207653045654297,19.423630821926054,17.592922115698457,17.358823113143444
0,4.0,10,0.9091,The ice core drilling rig was delivered as unit,GT71,PV22,0.3324260711669922,1.4513130187988281,0.5647916793823242,21.338226908585057,18.081060837954283,17.03714419901371
0,4.0,11,1.0,The mail packet from Vlissen came in pouch number,QS43,JC38,-0.47894906997680664,2.3242545127868652,0.7170991897583008,18.721352213877253,21.429384099319577,18.799233630299568
0,5.0,0,0.0,The quartermaster's tally sheet uses form number,NP15,PB22,-1.8546149730682373,-1.405186653137207,-2.273345470428467,20.15101282019168,18.04462718963623,9.581544756889343
0,5.0,1,0.0909,The diesel storage tank is stencilled vessel number,JS72,BU91,0.13506746292114258,1.711137294769287,0.4181656837463379,17.5580970402807,14.059299290180206,13.710216879844666
0,5.0,2,0.1818,The harbour pilot's licence shows registration code,NK71,TV97,0.9097819328308105,0.9660830497741699,-1.2241997718811035,19.556194969569333,14.06577679514885,11.198309481143951
0,5.0,3,0.2727,The eastern pumping station runs on circuit label,MU37,CA25,-0.6272311210632324,0.9395871162414551,0.44139647483825684,17.79171660344582,12.254040330648422,17.297464802861214
0,5.0,4,0.3636,The radio operator's logbook continues in volume,SE46,WG87,1.2646069526672363,0.7405672073364258,0.8248705863952637,18.28104548412375,11.24133786559105,12.001202300190926
0,5.0,5,0.4545,The survey team's theodolite bears serial number,ED89,UD60,1.4730377197265625,0.8507809638977051,1.6754226684570312,19.65852615237236,18.220008373260498,15.13902372121811
0,5.0,6,0.5455,The seismograph at Ridge Camp reports as instrument,JT87,CM24,0.7057490348815918,4.851749897003174,4.808335304260254,17.012966267066076,13.32600550353527,16.06230428814888
0,5.0,7,0.6364,The winter quarters roof panel came from batch,LR81,BV12,-0.21684980392456055,1.4344515800476074,0.010005950927734375,18.16511170193553,12.41266918182373,14.486727312207222
0,5.0,8,0.7273,The customs declaration quotes reference code,DM65,GF25,0.4762401580810547,0.9254117012023926,-0.1833200454711914,19.169248669059016,15.544783033430576,16.43747165799141
0,5.0,9,0.8182,The reserve fuel depot is listed at site code,LV91,RG17,0.4870634078979492,0.6930394172668457,-1.2065372467041016,19.423630821926054,18.449953357689083,13.700884193181992
0,5.0,10,0.9091,The ice core drilling rig was delivered as unit,GT71,PV22,0.3324260711669922,1.4525070190429688,2.579169750213623,21.338226908585057,17.871101170778275,16.066741675138474
0,5.0,11,1.0,The mail packet from Vlissen came in pouch number,QS43,JC38,-0.47894906997680664,0.051781654357910156,-2.237022876739502,18.721352213877253,18.209790936671197,18.91195489279926
0,6.0,0,0.0,The quartermaster's tally sheet uses form number,NP15,PB22,-1.8546149730682373,-2.2015371322631836,-0.6816415786743164,20.15101282019168,14.129050970077515,5.710290908813477
0,6.0,1,0.0909,The diesel storage tank is stencilled vessel number,JS72,BU91,0.13506746292114258,3.1314945220947266,0.47833776473999023,17.5580970402807,12.917005777359009,9.809840440750122
0,6.0,2,0.1818,The harbour pilot's licence shows registration code,NK71,TV97,0.9097819328308105,-1.9409270286560059,-1.1269197463989258,19.556194969569333,15.449348777532578,11.194197475910187
0,6.0,3,0.2727,The eastern pumping station runs on circuit label,MU37,CA25,-0.6272311210632324,0.3740510940551758,1.0817859172821045,17.79171660344582,12.168768733739853,11.906423926353455
0,6.0,4,0.3636,The radio operator's logbook continues in volume,SE46,WG87,1.2646069526672363,0.9733343124389648,0.8523926734924316,18.28104548412375,11.846015304327011,11.403928369283676
0,6.0,5,0.4545,The survey team's theodolite bears serial number,ED89,UD60,1.4730377197265625,-0.9750361442565918,2.3460068702697754,19.65852615237236,16.339576870203018,13.481618195772171
0,6.0,6,0.5455,The seismograph at Ridge Camp reports as instrument,JT87,CM24,0.7057490348815918,5.243721008300781,5.241772174835205,17.012966267066076,14.046790458261967,14.87133601307869
0,6.0,7,0.6364,The winter quarters roof panel came from batch,LR81,BV12,-0.21684980392456055,3.0397443771362305,1.6236090660095215,18.16511170193553,11.899199292063713,13.077545449137688
0,6.0,8,0.7273,The customs declaration quotes reference code,DM65,GF25,0.4762401580810547,-0.8121895790100098,-2.9297962188720703,19.169248669059016,13.626835286617279,16.675223857164383
0,6.0,9,0.8182,The reserve fuel depot is listed at site code,LV91,RG17,0.4870634078979492,-1.1299748420715332,0.3472118377685547,19.423630821926054,16.156302947551012,13.566298007965088
0,6.0,10,0.9091,The ice core drilling rig was delivered as unit,GT71,PV22,0.3324260711669922,4.047550678253174,2.8934645652770996,21.338226908585057,17.48302471637726,15.057265758514404
0,6.0,11,1.0,The mail packet from Vlissen came in pouch number,QS43,JC38,-0.47894906997680664,-1.0383872985839844,-1.2206101417541504,18.721352213877253,18.557204145938158,17.99707525409758
0,7.0,0,0.0,The quartermaster's tally sheet uses form number,NP15,PB22,-1.8546149730682373,-1.8071632385253906,-2.853638172149658,20.15101282019168,9.028429985046387,8.83480453491211
0,7.0,1,0.0909,The diesel storage tank is stencilled vessel number,JS72,BU91,0.13506746292114258,-0.9276857376098633,-2.5267810821533203,17.5580970402807,8.827319145202637,7.9631102085113525
0,7.0,2,0.1818,The harbour pilot's licence shows registration code,NK71,TV97,0.9097819328308105,-2.653069019317627,-1.2895097732543945,19.556194969569333,12.04605096578598,9.274658143520355
0,7.0,3,0.2727,The eastern pumping station runs on circuit label,MU37,CA25,-0.6272311210632324,1.8090763092041016,-0.6918091773986816,17.79171660344582,7.843407720327377,10.05200481414795
0,7.0,4,0.3636,The radio operator's logbook continues in volume,SE46,WG87,1.2646069526672363,2.462996482849121,-0.780118465423584,18.28104548412375,10.905869513750076,7.887456715106964
0,7.0,5,0.4545,The survey team's theodolite bears serial number,ED89,UD60,1.4730377197265625,-0.07327556610107422,2.092456817626953,19.65852615237236,14.908625692129135,12.58952271938324
0,7.0,6,0.5455,The seismograph at Ridge Camp reports as instrument,JT87,CM24,0.7057490348815918,5.500670433044434,4.429821014404297,17.012966267066076,14.442584410309792,11.354030549526215
0,7.0,7,0.6364,The winter quarters roof panel came from batch,LR81,BV12,-0.21684980392456055,4.449260234832764,4.418945789337158,18.16511170193553,10.889651536941528,9.977699160575867
0,7.0,8,0.7273,The customs declaration quotes reference code,DM65,GF25,0.4762401580810547,-0.34371280670166016,-0.4504537582397461,19.169248669059016,12.864691704511642,12.449881285429
0,7.0,9,0.8182,The reserve fuel depot is listed at site code,LV91,RG17,0.4870634078979492,2.939711570739746,1.2593169212341309,19.423630821926054,14.322750255465508,12.452428251504898
0,7.0,10,0.9091,The ice core drilling rig was delivered as unit,GT71,PV22,0.3324260711669922,2.0471067428588867,0.5809240341186523,21.338226908585057,16.942169815301895,15.089239403605461
0,7.0,11,1.0,The mail packet from Vlissen came in pouch number,QS43,JC38,-0.47894906997680664,-1.409653663635254,-0.4881930351257324,18.721352213877253,16.49204633012414,13.893131375312805
0,8.0,0,0.0,The quartermaster's tally sheet uses form number,NP15,PB22,-1.8546149730682373,-2.3117895126342773,-1.3529505729675293,20.15101282019168,6.474726676940918,5.963869094848633
0,8.0,1,0.0909,The diesel storage tank is stencilled vessel number,JS72,BU91,0.13506746292114258,-3.5244998931884766,-1.5614924430847168,17.5580970402807,6.334276795387268,8.040449023246765
0,8.0,2,0.1818,The harbour pilot's licence shows registration code,NK71,TV97,0.9097819328308105,-3.765063762664795,-1.7614316940307617,19.556194969569333,9.701696932315826,10.197074949741364
0,8.0,3,0.2727,The eastern pumping station runs on circuit label,MU37,CA25,-0.6272311210632324,1.680361270904541,-1.2203545570373535,17.79171660344582,6.642319709062576,7.957348585128784
0,8.0,4,0.3636,The radio operator's logbook continues in volume,SE46,WG87,1.2646069526672363,1.721085548400879,0.3136100769042969,18.28104548412375,10.943133503198624,9.989938259124756
0,8.0,5,0.4545,The survey team's theodolite bears serial number,ED89,UD60,1.4730377197265625,0.9160585403442383,1.7015609741210938,19.65852615237236,11.561416417360306,12.897812724113464
0,8.0,6,0.5455,The seismograph at Ridge Camp reports as instrument,JT87,CM24,0.7057490348815918,3.8322641849517822,4.564239501953125,17.012966267066076,13.996304869651794,10.654999852180481
0,8.0,7,0.6364,The winter quarters roof panel came from batch,LR81,BV12,-0.21684980392456055,0.35904884338378906,3.5784530639648438,18.16511170193553,9.195415407419205,9.303924441337585
0,8.0,8,0.7273,The customs declaration quotes reference code,DM65,GF25,0.4762401580810547,-0.6322917938232422,0.7494921684265137,19.169248669059016,12.899657994508743,11.530231833457947
0,8.0,9,0.8182,The reserve fuel depot is listed at site code,LV91,RG17,0.4870634078979492,4.237545490264893,0.632838249206543,19.423630821926054,12.614469230175018,11.042997598648071
0,8.0,10,0.9091,The ice core drilling rig was delivered as unit,GT71,PV22,0.3324260711669922,0.05017280578613281,0.6151366233825684,21.338226908585057,14.914718188345432,13.142374336719513
0,8.0,11,1.0,The mail packet from Vlissen came in pouch number,QS43,JC38,-0.47894906997680664,-1.0574283599853516,-0.767662525177002,18.721352213877253,15.608952321112156,13.251534551382065
1,1.0,0,0.0,The cartography office safe opens with combination,EU18,TG74,-0.654749870300293,-1.1004595756530762,-1.4392294883728027,15.024624491110444,16.832551455358043,16.61716930475086
1,1.0,1,0.0909,The lighthouse relief roster follows schedule,JD73,PR55,-0.9006252288818359,-2.523756980895996,-2.165536880493164,15.629640271188691,14.409925951622427,15.786988601088524
1,1.0,2,0.1818,The sealed crate in the annex is marked with inventory tag,QR93,PM10,0.942601203918457,0.2756185531616211,0.3578205108642578,14.806180632207543,14.170144200325012,12.997298560105264
1,1.0,3,0.2727,The telegraph repeater hut answers to station code,NG22,TT89,-0.8292245864868164,-1.0923771858215332,-1.2086753845214844,16.25793323852122,14.98955788766034,15.79937697807327
1,1.0,4,0.3636,The customs declaration quotes reference code,RA59,VL68,0.45245790481567383,0.5825304985046387,0.7011256217956543,15.81447047716938,15.90134099824354,15.990043879603036
1,1.0,5,0.4545,The seismograph at Ridge Camp reports as instrument,PV10,VA39,0.09975624084472656,1.2895402908325195,0.9613966941833496,14.173771319910884,16.45455911150202,16.58313312381506
1,1.0,6,0.5455,The archive microfilm reel is filed under shelf mark,DL13,WF80,0.04717063903808594,0.6002092361450195,0.1632680892944336,15.426900855731219,18.381071163807064,17.965284124249592
1,1.0,7,0.6364,The radio operator's logbook continues in volume,AA93,UF21,-0.1514568328857422,0.07657241821289062,-0.020347118377685547,15.08332931669429,18.132402751478367,18.836994675919414
1,1.0,8,0.7273,The expedition's spare sledge carries equipment tag,TA58,TJ14,-0.8602080345153809,-0.7468357086181641,-0.5606536865234375,16.493343249429017,16.60240013198927,17.60872090799967
1,1.0,9,0.8182,The quartermaster's tally sheet uses form number,HQ73,XC20,0.5462942123413086,0.27466440200805664,0.5808882713317871,17.322671727626584,17.792480590374907,18.1445655565185
1,1.0,10,0.9091,The hydrographic chart set reached edition,TH54,AQ11,-1.6914381980895996,0.20197534561157227,0.19306421279907227,15.765057034790516,17.45500759279821,16.596463625261094
1,1.0,11,1.0,Feld's field notebook carries catalogue reference,HX38,DV33,-1.1074261665344238,-0.6142830848693848,-0.8011798858642578,17.79775174986571,17.989500745898113,19.691679277573712
1,2.0,0,0.0,The cartography office safe opens with combination,EU18,TG74,-0.654749870300293,-0.10503435134887695,-1.5795798301696777,15.024624491110444,13.366803446784616,14.191469539888203
1,2.0,1,0.0909,The lighthouse relief roster follows schedule,JD73,PR55,-0.9006252288818359,-2.338047504425049,-3.0464420318603516,15.629640271188691,11.226694412529469,13.54263131506741
1,2.0,2,0.1818,The sealed crate in the annex is marked with inventory tag,QR93,PM10,0.942601203918457,0.4650688171386719,0.6573948860168457,14.806180632207543,10.59140945225954,11.293380495160818
1,2.0,3,0.2727,The telegraph repeater hut answers to station code,NG22,TT89,-0.8292245864868164,-2.3184971809387207,-2.174344539642334,16.25793323852122,8.591135516762733,11.312614992260933
1,2.0,4,0.3636,The customs declaration quotes reference code,RA59,VL68,0.45245790481567383,1.8653316497802734,1.9249067306518555,15.81447047716938,13.17649179045111,13.465013488195837
1,2.0,5,0.4545,The seismograph at Ridge Camp reports as instrument,PV10,VA39,0.09975624084472656,0.33933496475219727,0.6388187408447266,14.173771319910884,14.13995105586946,15.25546923559159
1,2.0,6,0.5455,The archive microfilm reel is filed under shelf mark,DL13,WF80,0.04717063903808594,0.7719206809997559,0.6667656898498535,15.426900855731219,14.710745798423886,16.052407196722925
1,2.0,7,0.6364,The radio operator's logbook continues in volume,AA93,UF21,-0.1514568328857422,0.15475940704345703,-0.0603940486907959,15.08332931669429,15.739603320602328,17.657521469984204
1,2.0,8,0.7273,The expedition's spare sledge carries equipment tag,TA58,TJ14,-0.8602080345153809,-0.34368085861206055,-0.40178966522216797,16.493343249429017,12.49405518360436,15.573296694085002
1,2.0,9,0.8182,The quartermaster's tally sheet uses form number,HQ73,XC20,0.5462942123413086,1.2101359367370605,1.7221970558166504,17.322671727626584,15.300667676143348,16.308215799275786
1,2.0,10,0.9091,The hydrographic chart set reached edition,TH54,AQ11,-1.6914381980895996,0.40599918365478516,1.5460772514343262,15.765057034790516,12.618842443916947,14.55821556597948
1,2.0,11,1.0,Feld's field notebook carries catalogue reference,HX38,DV33,-1.1074261665344238,-0.3807196617126465,-0.11614322662353516,17.79775174986571,15.205085327848792,16.231268478557467
1,3.0,0,0.0,The cartography office safe opens with combination,EU18,TG74,-0.654749870300293,1.3795208930969238,1.8048710823059082,15.024624491110444,12.888494551181793,14.306614205241203
1,3.0,1,0.0909,The lighthouse relief roster follows schedule,JD73,PR55,-0.9006252288818359,-5.988470554351807,-4.460376262664795,15.629640271188691,14.477588005363941,12.544390492141247
1,3.0,2,0.1818,The sealed crate in the annex is marked with inventory tag,QR93,PM10,0.942601203918457,0.5173559188842773,0.34793663024902344,14.806180632207543,8.62919008731842,12.052073940634727
1,3.0,3,0.2727,The telegraph repeater hut answers to station code,NG22,TT89,-0.8292245864868164,-2.335437297821045,-0.8964333534240723,16.25793323852122,11.924274273216724,13.205894187092781
1,3.0,4,0.3636,The customs declaration quotes reference code,RA59,VL68,0.45245790481567383,4.709597110748291,3.7392988204956055,15.81447047716938,16.37305852305144,15.43236482469365
1,3.0,5,0.4545,The seismograph at Ridge Camp reports as instrument,PV10,VA39,0.09975624084472656,2.1973533630371094,0.9613661766052246,14.173771319910884,17.300287690013647,17.560138405067846
1,3.0,6,0.5455,The archive microfilm reel is filed under shelf mark,DL13,WF80,0.04717063903808594,0.9021062850952148,-3.809054374694824,15.426900855731219,16.088027864694595,18.798610776662827
1,3.0,7,0.6364,The radio operator's logbook continues in volume,AA93,UF21,-0.1514568328857422,1.1489975452423096,0.7036585807800293,15.08332931669429,18.004512034356594,18.17631067149341
1,3.0,8,0.7273,The expedition's spare sledge carries equipment tag,TA58,TJ14,-0.8602080345153809,2.141599655151367,1.5704841613769531,16.493343249429017,16.885802689939737,17.143626999109983
1,3.0,9,0.8182,The quartermaster's tally sheet uses form number,HQ73,XC20,0.5462942123413086,0.2260122299194336,5.9830780029296875,17.322671727626584,19.456602089107037,16.561598159372807
1,3.0,10,0.9091,The hydrographic chart set reached edition,TH54,AQ11,-1.6914381980895996,1.3781685829162598,-0.3585643768310547,15.765057034790516,14.054915466113016,13.75013397843577
1,3.0,11,1.0,Feld's field notebook carries catalogue reference,HX38,DV33,-1.1074261665344238,4.293441295623779,1.963550090789795,17.79775174986571,17.717518797144294,19.403651404194534
1,4.0,0,0.0,The cartography office safe opens with combination,EU18,TG74,-0.654749870300293,0.9457921981811523,2.1548385620117188,15.024624491110444,11.456489950418472,15.23343525826931
1,4.0,1,0.0909,The lighthouse relief roster follows schedule,JD73,PR55,-0.9006252288818359,-3.771399974822998,-7.090188980102539,15.629640271188691,13.230000019073486,13.711274713277817
1,4.0,2,0.1818,The sealed crate in the annex is marked with inventory tag,QR93,PM10,0.942601203918457,-1.381169319152832,0.6377706527709961,14.806180632207543,10.544637501239777,12.941814683377743
1,4.0,3,0.2727,The telegraph repeater hut answers to station code,NG22,TT89,-0.8292245864868164,-2.6420998573303223,-0.8946199417114258,16.25793323852122,12.08656194806099,13.958154149353504
1,4.0,4,0.3636,The customs declaration quotes reference code,RA59,VL68,0.45245790481567383,2.897463321685791,7.235694885253906,15.81447047716938,16.65729176066816,14.03733529523015
1,4.0,5,0.4545,The seismograph at Ridge Camp reports as instrument,PV10,VA39,0.09975624084472656,-1.641655445098877,-0.7610249519348145,14.173771319910884,13.716328561306,15.16899038106203
1,4.0,6,0.5455,The archive microfilm reel is filed under shelf mark,DL13,WF80,0.04717063903808594,0.10090112686157227,-2.138566493988037,15.426900855731219,19.89271993562579,16.050684049725533
1,4.0,7,0.6364,The radio operator's logbook continues in volume,AA93,UF21,-0.1514568328857422,2.1874074935913086,0.5652542114257812,15.08332931669429,16.659708738327026,17.921833902597427
1,4.0,8,0.7273,The expedition's spare sledge carries equipment tag,TA58,TJ14,-0.8602080345153809,0.28255748748779297,1.461137294769287,16.493343249429017,15.894555196166039,20.020376455038786
1,4.0,9,0.8182,The quartermaster's tally sheet uses form number,HQ73,XC20,0.5462942123413086,-0.08636331558227539,2.3433895111083984,17.322671727626584,17.167353704571724,17.461262803524733
1,4.0,10,0.9091,The hydrographic chart set reached edition,TH54,AQ11,-1.6914381980895996,-1.784341812133789,-0.6040453910827637,15.765057034790516,15.267905202694237,13.401787151116878
1,4.0,11,1.0,Feld's field notebook carries catalogue reference,HX38,DV33,-1.1074261665344238,0.9211931228637695,-1.8801326751708984,17.79775174986571,19.12844909541309,19.833411248400807
1,5.0,0,0.0,The cartography office safe opens with combination,EU18,TG74,-0.654749870300293,5.107579231262207,2.5152130126953125,15.024624491110444,4.377528190612793,7.956439256668091
1,5.0,1,0.0909,The lighthouse relief roster follows schedule,JD73,PR55,-0.9006252288818359,-4.435418128967285,-3.7636232376098633,15.629640271188691,11.7874056994915,10.996939897537231
1,5.0,2,0.1818,The sealed crate in the annex is marked with inventory tag,QR93,PM10,0.942601203918457,0.3889579772949219,3.331141471862793,14.806180632207543,10.086276412010193,10.022233173251152
1,5.0,3,0.2727,The telegraph repeater hut answers to station code,NG22,TT89,-0.8292245864868164,-1.3459863662719727,-2.07204532623291,16.25793323852122,10.599385678768158,10.304702997207642
1,5.0,4,0.3636,The customs declaration quotes reference code,RA59,VL68,0.45245790481567383,3.13559627532959,6.800356149673462,15.81447047716938,13.051297277212143,11.84625855088234
1,5.0,5,0.4545,The seismograph at Ridge Camp reports as instrument,PV10,VA39,0.09975624084472656,-0.1609325408935547,-1.8948702812194824,14.173771319910884,13.20496529340744,11.978349953889847
1,5.0,6,0.5455,The archive microfilm reel is filed under shelf mark,DL13,WF80,0.04717063903808594,2.155028820037842,-1.6835737228393555,15.426900855731219,17.867189921438694,13.723447889089584
1,5.0,7,0.6364,The radio operator's logbook continues in volume,AA93,UF21,-0.1514568328857422,2.5460095405578613,1.130387306213379,15.08332931669429,13.229804933071136,12.280740737915039
1,5.0,8,0.7273,The expedition's spare sledge carries equipment tag,TA58,TJ14,-0.8602080345153809,0.10683584213256836,2.0206785202026367,16.493343249429017,17.09489582479,19.92066417634487
1,5.0,9,0.8182,The quartermaster's tally sheet uses form number,HQ73,XC20,0.5462942123413086,0.5118169784545898,2.8792476654052734,17.322671727626584,15.212954238057137,13.915142893791199
1,5.0,10,0.9091,The hydrographic chart set reached edition,TH54,AQ11,-1.6914381980895996,-2.0046067237854004,0.792330265045166,15.765057034790516,12.792407371103764,12.10020749270916
1,5.0,11,1.0,Feld's field notebook carries catalogue reference,HX38,DV33,-1.1074261665344238,-1.7925968170166016,-1.9073705673217773,17.79775174986571,18.470785848796368,19.850541714578867
1,6.0,0,0.0,The cartography office safe opens with combination,EU18,TG74,-0.654749870300293,2.6438989639282227,0.846649169921875,15.024624491110444,1.7050848007202148,3.8846311569213867
1,6.0,1,0.0909,The lighthouse relief roster follows schedule,JD73,PR55,-0.9006252288818359,-3.023012638092041,-0.5580120086669922,15.629640271188691,8.053426861763,7.147882699966431
1,6.0,2,0.1818,The sealed crate in the annex is marked with inventory tag,QR93,PM10,0.942601203918457,2.9333925247192383,2.583512783050537,14.806180632207543,6.908330321311951,3.8387457132339478
1,6.0,3,0.2727,The telegraph repeater hut answers to station code,NG22,TT89,-0.8292245864868164,-1.6991910934448242,-1.9915351867675781,16.25793323852122,8.952266693115234,5.963293552398682
1,6.0,4,0.3636,The customs declaration quotes reference code,RA59,VL68,0.45245790481567383,2.803765296936035,6.108316421508789,15.81447047716938,10.803018391132355,10.24200850725174
1,6.0,5,0.4545,The seismograph at Ridge Camp reports as instrument,PV10,VA39,0.09975624084472656,0.04064130783081055,-0.10812997817993164,14.173771319910884,10.075275778770447,7.7797428369522095
1,6.0,6,0.5455,The archive microfilm reel is filed under shelf mark,DL13,WF80,0.04717063903808594,2.4985103607177734,-0.8641695976257324,15.426900855731219,11.831629157066345,12.22416615486145
1,6.0,7,0.6364,The radio operator's logbook continues in volume,AA93,UF21,-0.1514568328857422,4.780621767044067,-0.3204050064086914,15.08332931669429,9.459548830986023,9.936104893684387
1,6.0,8,0.7273,The expedition's spare sledge carries equipment tag,TA58,TJ14,-0.8602080345153809,-0.35988903045654297,2.8388051986694336,16.493343249429017,14.572091817855835,17.212579518556595
1,6.0,9,0.8182,The quartermaster's tally sheet uses form number,HQ73,XC20,0.5462942123413086,2.0897393226623535,1.9444880485534668,17.322671727626584,12.317621648311615,14.041123032569885
1,6.0,10,0.9091,The hydrographic chart set reached edition,TH54,AQ11,-1.6914381980895996,-0.5021910667419434,-1.0789175033569336,15.765057034790516,7.222496390342712,9.811329960823059
1,6.0,11,1.0,Feld's field notebook carries catalogue reference,HX38,DV33,-1.1074261665344238,0.8384475708007812,-1.9115967750549316,17.79775174986571,14.193895816802979,15.377049446105957
1,7.0,0,0.0,The cartography office safe opens with combination,EU18,TG74,-0.654749870300293,0.3159809112548828,0.7659158706665039,15.024624491110444,2.1520895957946777,2.258727550506592
1,7.0,1,0.0909,The lighthouse relief roster follows schedule,JD73,PR55,-0.9006252288818359,-1.5889759063720703,0.07408857345581055,15.629640271188691,3.03082537651062,1.2381906509399414
1,7.0,2,0.1818,The sealed crate in the annex is marked with inventory tag,QR93,PM10,0.942601203918457,3.224071502685547,1.63716459274292,14.806180632207543,3.492117166519165,3.5403027534484863
1,7.0,3,0.2727,The telegraph repeater hut answers to station code,NG22,TT89,-0.8292245864868164,-2.9183754920959473,-3.0993380546569824,16.25793323852122,3.614956021308899,6.26556921005249
1,7.0,4,0.3636,The customs declaration quotes reference code,RA59,VL68,0.45245790481567383,3.769188404083252,4.687682151794434,15.81447047716938,8.36152070760727,9.461162984371185
1,7.0,5,0.4545,The seismograph at Ridge Camp reports as instrument,PV10,VA39,0.09975624084472656,1.8535537719726562,-0.631525993347168,14.173771319910884,7.68531858921051,3.205636978149414
1,7.0,6,0.5455,The archive microfilm reel is filed under shelf mark,DL13,WF80,0.04717063903808594,2.3264870643615723,-0.13822555541992188,15.426900855731219,8.468831181526184,11.586904287338257
1,7.0,7,0.6364,The radio operator's logbook continues in volume,AA93,UF21,-0.1514568328857422,5.020174980163574,-1.1704301834106445,15.08332931669429,8.886955499649048,8.687047719955444
1,7.0,8,0.7273,The expedition's spare sledge carries equipment tag,TA58,TJ14,-0.8602080345153809,-0.03937864303588867,0.8298492431640625,16.493343249429017,14.962653875350952,15.606592386960983
1,7.0,9,0.8182,The quartermaster's tally sheet uses form number,HQ73,XC20,0.5462942123413086,1.6793079376220703,2.570744037628174,17.322671727626584,12.227435827255249,11.711162567138672
1,7.0,10,0.9091,The hydrographic chart set reached edition,TH54,AQ11,-1.6914381980895996,0.41983842849731445,-0.7154369354248047,15.765057034790516,7.691540241241455,7.814237654209137
1,7.0,11,1.0,Feld's field notebook carries catalogue reference,HX38,DV33,-1.1074261665344238,-1.225010871887207,-1.732583999633789,17.79775174986571,12.858735978603363,13.101065635681152
1,8.0,0,0.0,The cartography office safe opens with combination,EU18,TG74,-0.654749870300293,1.044661045074463,0.5995235443115234,15.024624491110444,-1.658625602722168,0.9563236236572266
1,8.0,1,0.0909,The lighthouse relief roster follows schedule,JD73,PR55,-0.9006252288818359,-1.523348331451416,-1.0211715698242188,15.629640271188691,0.9147629737854004,3.987236976623535
1,8.0,2,0.1818,The sealed crate in the annex is marked with inventory tag,QR93,PM10,0.942601203918457,3.7373528480529785,1.7546882629394531,14.806180632207543,-0.28143858909606934,4.733911395072937
1,8.0,3,0.2727,The telegraph repeater hut answers to station code,NG22,TT89,-0.8292245864868164,-1.7187318801879883,-2.851315975189209,16.25793323852122,0.1790144443511963,6.435715198516846
1,8.0,4,0.3636,The customs declaration quotes reference code,RA59,VL68,0.45245790481567383,5.989016056060791,5.382140398025513,15.81447047716938,10.537075877189636,7.722981810569763
1,8.0,5,0.4545,The seismograph at Ridge Camp reports as instrument,PV10,VA39,0.09975624084472656,-0.32498836517333984,-1.1297650337219238,14.173771319910884,3.895607829093933,7.402231931686401
1,8.0,6,0.5455,The archive microfilm reel is filed under shelf mark,DL13,WF80,0.04717063903808594,0.9281558990478516,-0.19937753677368164,15.426900855731219,10.368663549423218,9.158794522285461
1,8.0,7,0.6364,The radio operator's logbook continues in volume,AA93,UF21,-0.1514568328857422,0.3706235885620117,2.5974655151367188,15.08332931669429,7.1142038106918335,9.18524718284607
1,8.0,8,0.7273,The expedition's spare sledge carries equipment tag,TA58,TJ14,-0.8602080345153809,1.2160303592681885,2.53275203704834,16.493343249429017,14.042792618274689,15.744924128055573
1,8.0,9,0.8182,The quartermaster's tally sheet uses form number,HQ73,XC20,0.5462942123413086,2.2251434326171875,3.267141342163086,17.322671727626584,12.609468221664429,9.819592654705048
1,8.0,10,0.9091,The hydrographic chart set reached edition,TH54,AQ11,-1.6914381980895996,0.4435596466064453,-1.0464482307434082,15.765057034790516,9.848687171936035,8.290111973881721
1,8.0,11,1.0,Feld's field notebook carries catalogue reference,HX38,DV33,-1.1074261665344238,-1.9465680122375488,-2.4341278076171875,17.79775174986571,13.148991703987122,14.342048227787018
2,1.0,0,0.0,The meteorological buoy broadcasts on transponder code,BC20,AC24,0.005362987518310547,0.4186677932739258,0.689570426940918,17.040394271258265,16.28060636552982,17.211144914734177
2,1.0,1,0.0909,The salvage tender was registered with hull number,MF95,CA15,2.231168746948242,2.3657989501953125,2.1870880126953125,17.97481711790897,16.75057855155319,16.46443818649277
2,1.0,2,0.1818,The medical supply locker was closed with seal number,GV14,JE30,-0.9844608306884766,-2.534219980239868,-2.2959423065185547,19.510119580489118,18.38181092578452,18.726022348040715
2,1.0,3,0.2727,The observatory's spare mirror was ordered as part number,UX30,ZF76,-1.1921820640563965,0.8980998992919922,1.0294222831726074,16.90916015789844,16.71815431327559,17.08941281121224
2,1.0,4,0.3636,The cartography office safe opens with combination,PW60,YA59,2.026714324951172,1.059591293334961,1.1233181953430176,17.843883196881507,18.01388516195584,18.29284746129997
2,1.0,5,0.4545,Feld's field notebook carries catalogue reference,JB13,UB41,1.0081276893615723,-0.10146760940551758,-0.6916205883026123,18.820995611371472,17.78203688468784,17.62698658904992
2,1.0,6,0.5455,The reserve fuel depot is listed at site code,MQ50,EB10,2.634246826171875,3.0297436714172363,2.8000454902648926,18.32033606735058,15.679431612137705,16.32751072687097
2,1.0,7,0.6364,The telegraph repeater hut answers to station code,NP77,MV90,0.1986379623413086,0.22254323959350586,-0.09526181221008301,15.750919435173273,17.34274196624756,18.1283027138561
2,1.0,8,0.7273,The northern relay station operates under callsign,FT32,KL72,-1.3853051662445068,-1.6786623001098633,-1.7127974033355713,16.9545013353345,16.3979617432924,16.895499186357483
2,1.0,9,0.8182,The archive microfilm reel is filed under shelf mark,HH13,AK67,-1.6295037269592285,-1.4817075729370117,-1.4058547019958496,17.120394291123375,18.06451545865275,17.886395585839637
2,1.0,10,0.9091,The expedition's spare sledge carries equipment tag,FL32,TV15,-0.22600030899047852,-0.8619399070739746,-0.6150689125061035,23.030485145282,24.445781873888336,23.917334229161497
2,1.0,11,1.0,The survey team's theodolite bears serial number,ES75,YE70,0.1657090187072754,0.8463964462280273,0.48304080963134766,15.918459410197102,16.985088447807357,16.647640551440418
2,2.0,0,0.0,The meteorological buoy broadcasts on transponder code,BC20,AC24,0.005362987518310547,0.15228509902954102,1.3121647834777832,17.040394271258265,13.832361159846187,11.431601878255606
2,2.0,1,0.0909,The salvage tender was registered with hull number,MF95,CA15,2.231168746948242,1.5715904235839844,3.16729736328125,17.97481711790897,17.221292127855122,17.272892609238625
2,2.0,2,0.1818,The medical supply locker was closed with seal number,GV14,JE30,-0.9844608306884766,-3.0142455101013184,-4.219295024871826,19.510119580489118,18.337422814918682,19.157200576737523
2,2.0,3,0.2727,The observatory's spare mirror was ordered as part number,UX30,ZF76,-1.1921820640563965,-0.16998767852783203,1.6873483657836914,16.90916015789844,15.661929687485099,17.26760466583073
2,2.0,4,0.3636,The cartography office safe opens with combination,PW60,YA59,2.026714324951172,1.0924477577209473,0.9453845024108887,17.843883196881507,16.501459762454033,17.70621976768598
2,2.0,5,0.4545,Feld's field notebook carries catalogue reference,JB13,UB41,1.0081276893615723,0.03778409957885742,-0.2938370704650879,18.820995611371472,16.86006386950612,17.782314884476364
2,2.0,6,0.5455,The reserve fuel depot is listed at site code,MQ50,EB10,2.634246826171875,3.6414036750793457,7.031430721282959,18.32033606735058,14.20745219103992,13.940729023888707
2,2.0,7,0.6364,The telegraph repeater hut answers to station code,NP77,MV90,0.1986379623413086,1.6398735046386719,0.18625116348266602,15.750919435173273,17.693066731095314,19.520497297868133
2,2.0,8,0.7273,The northern relay station operates under callsign,FT32,KL72,-1.3853051662445068,-2.9242734909057617,-2.109499454498291,16.9545013353345,14.751819180324674,17.462111772969365
2,2.0,9,0.8182,The archive microfilm reel is filed under shelf mark,HH13,AK67,-1.6295037269592285,-1.8869504928588867,-3.2406866550445557,17.120394291123375,17.768016076181084,16.048546554520726
2,2.0,10,0.9091,The expedition's spare sledge carries equipment tag,FL32,TV15,-0.22600030899047852,0.12984609603881836,1.2733397483825684,23.030485145282,20.758453886723146,22.815888329176232
2,2.0,11,1.0,The survey team's theodolite bears serial number,ES75,YE70,0.1657090187072754,2.1914384365081787,2.1796908378601074,15.918459410197102,16.612890532705933,16.542274283245206
2,3.0,0,0.0,The meteorological buoy broadcasts on transponder code,BC20,AC24,0.005362987518310547,-0.8153996467590332,0.8619122505187988,17.040394271258265,15.64298839122057,8.952946305274963
2,3.0,1,0.0909,The salvage tender was registered with hull number,MF95,CA15,2.231168746948242,2.9511518478393555,2.768853187561035,17.97481711790897,15.874151609838009,14.549497842788696
2,3.0,2,0.1818,The medical supply locker was closed with seal number,GV14,JE30,-0.9844608306884766,-3.9672436714172363,-2.679102897644043,19.510119580489118,19.53264443948865,19.70650362968445
2,3.0,3,0.2727,The observatory's spare mirror was ordered as part number,UX30,ZF76,-1.1921820640563965,0.7149486541748047,-1.259692668914795,16.90916015789844,11.210996448993683,14.839480638504028
2,3.0,4,0.3636,The cartography office safe opens with combination,PW60,YA59,2.026714324951172,1.4799790382385254,1.6421418190002441,17.843883196881507,14.115854442119598,13.878394365310669
2,3.0,5,0.4545,Feld's field notebook carries catalogue reference,JB13,UB41,1.0081276893615723,-4.249356031417847,-1.7207746505737305,18.820995611371472,15.549389690160751,14.836658954620361
2,3.0,6,0.5455,The reserve fuel depot is listed at site code,MQ50,EB10,2.634246826171875,4.382645606994629,-0.7280316352844238,18.32033606735058,12.821431338787079,14.006728507578373
2,3.0,7,0.6364,The telegraph repeater hut answers to station code,NP77,MV90,0.1986379623413086,1.4543571472167969,0.41584014892578125,15.750919435173273,16.62195873260498,18.517762649804354
2,3.0,8,0.7273,The northern relay station operates under callsign,FT32,KL72,-1.3853051662445068,-5.7532243728637695,-4.130444526672363,16.9545013353345,15.38568165525794,18.542335122823715
2,3.0,9,0.8182,The archive microfilm reel is filed under shelf mark,HH13,AK67,-1.6295037269592285,-3.143566608428955,-1.6721553802490234,17.120394291123375,16.828273952007294,16.13268794491887
2,3.0,10,0.9091,The expedition's spare sledge carries equipment tag,FL32,TV15,-0.22600030899047852,1.1168112754821777,1.854191780090332,23.030485145282,21.83168451488018,22.008796472102404
2,3.0,11,1.0,The survey team's theodolite bears serial number,ES75,YE70,0.1657090187072754,7.207201242446899,1.5268001556396484,15.918459410197102,17.01106057316065,15.616328671574593
2,4.0,0,0.0,The meteorological buoy broadcasts on transponder code,BC20,AC24,0.005362987518310547,-1.341221809387207,0.6513795852661133,17.040394271258265,13.139719665050507,10.063596844673157
2,4.0,1,0.0909,The salvage tender was registered with hull number,MF95,CA15,2.231168746948242,1.3742060661315918,1.1918163299560547,17.97481711790897,14.133393049240112,11.87986135482788
2,4.0,2,0.1818,The medical supply locker was closed with seal number,GV14,JE30,-0.9844608306884766,-3.5622825622558594,-1.4445037841796875,19.510119580489118,13.422947376966476,15.312013626098633
2,4.0,3,0.2727,The observatory's spare mirror was ordered as part number,UX30,ZF76,-1.1921820640563965,0.6675710678100586,0.5654697418212891,16.90916015789844,13.976505935192108,11.554884791374207
2,4.0,4,0.3636,The cartography office safe opens with combination,PW60,YA59,2.026714324951172,1.37739896774292,0.1181478500366211,17.843883196881507,13.633939623832703,11.632132411003113
2,4.0,5,0.4545,Feld's field notebook carries catalogue reference,JB13,UB41,1.0081276893615723,-5.843382835388184,-1.3002715110778809,18.820995611371472,13.208771407604218,15.670677170157433
2,4.0,6,0.5455,The reserve fuel depot is listed at site code,MQ50,EB10,2.634246826171875,-0.186798095703125,2.9317574501037598,18.32033606735058,11.574649810791016,14.026456207036972
2,4.0,7,0.6364,The telegraph repeater hut answers to station code,NP77,MV90,0.1986379623413086,1.6496281623840332,-0.8914070129394531,15.750919435173273,17.996971901506186,16.73680506646633
2,4.0,8,0.7273,The northern relay station operates under callsign,FT32,KL72,-1.3853051662445068,-4.265792369842529,-4.16609001159668,16.9545013353345,15.31654879450798,16.130331866443157
2,4.0,9,0.8182,The archive microfilm reel is filed under shelf mark,HH13,AK67,-1.6295037269592285,-7.35703444480896,-1.3105027675628662,17.120394291123375,16.745515435934067,16.6346842572093
2,4.0,10,0.9091,The expedition's spare sledge carries equipment tag,FL32,TV15,-0.22600030899047852,2.448275089263916,2.7734193801879883,23.030485145282,19.855867229402065,19.36617760360241
2,4.0,11,1.0,The survey team's theodolite bears serial number,ES75,YE70,0.1657090187072754,7.11137592792511,2.9913330078125,15.918459410197102,16.685644844546914,14.530685203149915
2,5.0,0,0.0,The meteorological buoy broadcasts on transponder code,BC20,AC24,0.005362987518310547,-1.687730312347412,1.070868968963623,17.040394271258265,6.325721979141235,11.618965983390808
2,5.0,1,0.0909,The salvage tender was registered with hull number,MF95,CA15,2.231168746948242,-1.5860319137573242,0.25330066680908203,17.97481711790897,16.254312962293625,9.935271203517914
2,5.0,2,0.1818,The medical supply locker was closed with seal number,GV14,JE30,-0.9844608306884766,-2.2127861976623535,-0.9614372253417969,19.510119580489118,11.014327049255371,13.678739428520203
2,5.0,3,0.2727,The observatory's spare mirror was ordered as part number,UX30,ZF76,-1.1921820640563965,-0.23315191268920898,3.403799533843994,16.90916015789844,15.154633671045303,12.221293866634369
2,5.0,4,0.3636,The cartography office safe opens with combination,PW60,YA59,2.026714324951172,2.5269203186035156,-0.42619943618774414,17.843883196881507,14.411720857024193,16.69220896065235
2,5.0,5,0.4545,Feld's field notebook carries catalogue reference,JB13,UB41,1.0081276893615723,-2.3745687007904053,-2.176422357559204,18.820995611371472,12.800376117229462,15.828962311148643
2,5.0,6,0.5455,The reserve fuel depot is listed at site code,MQ50,EB10,2.634246826171875,-1.6772284507751465,-0.8663702011108398,18.32033606735058,13.892534375190735,14.870929598808289
2,5.0,7,0.6364,The telegraph repeater hut answers to station code,NP77,MV90,0.1986379623413086,1.5874676704406738,-1.3703351020812988,15.750919435173273,17.672281488776207,17.211931221187115
2,5.0,8,0.7273,The northern relay station operates under callsign,FT32,KL72,-1.3853051662445068,-3.175264835357666,-3.372453212738037,16.9545013353345,15.496557414531708,18.53569544106722
2,5.0,9,0.8182,The archive microfilm reel is filed under shelf mark,HH13,AK67,-1.6295037269592285,0.9483761787414551,-0.4312434196472168,17.120394291123375,16.839878022670746,14.206945851445198
2,5.0,10,0.9091,The expedition's spare sledge carries equipment tag,FL32,TV15,-0.22600030899047852,0.35602426528930664,1.3656692504882812,23.030485145282,24.03807746618986,20.49569751508534
2,5.0,11,1.0,The survey team's theodolite bears serial number,ES75,YE70,0.1657090187072754,7.232013702392578,3.6961517333984375,15.918459410197102,17.076213791035116,14.754683837294579
2,6.0,0,0.0,The meteorological buoy broadcasts on transponder code,BC20,AC24,0.005362987518310547,-1.2093114852905273,-0.3200702667236328,17.040394271258265,5.218884706497192,5.799280643463135
2,6.0,1,0.0909,The salvage tender was registered with hull number,MF95,CA15,2.231168746948242,-0.5507001876831055,-0.22148370742797852,17.97481711790897,9.78530901670456,14.98850616812706
2,6.0,2,0.1818,The medical supply locker was closed with seal number,GV14,JE30,-0.9844608306884766,-3.4154276847839355,1.6315836906433105,19.510119580489118,11.417503595352173,13.18699985742569
2,6.0,3,0.2727,The observatory's spare mirror was ordered as part number,UX30,ZF76,-1.1921820640563965,1.1678223609924316,2.8176231384277344,16.90916015789844,4.262383580207825,12.6820427775383
2,6.0,4,0.3636,The cartography office safe opens with combination,PW60,YA59,2.026714324951172,0.5796518325805664,-0.7674546241760254,17.843883196881507,12.627513647079468,15.289290726184845
2,6.0,5,0.4545,Feld's field notebook carries catalogue reference,JB13,UB41,1.0081276893615723,-2.36561918258667,-0.5746421813964844,18.820995611371472,13.74859994649887,15.939664840698242
2,6.0,6,0.5455,The reserve fuel depot is listed at site code,MQ50,EB10,2.634246826171875,-0.5071773529052734,-1.669081687927246,18.32033606735058,11.888003826141357,13.254655361175537
2,6.0,7,0.6364,The telegraph repeater hut answers to station code,NP77,MV90,0.1986379623413086,-0.16523957252502441,-0.5638508796691895,15.750919435173273,14.52195280790329,17.67131521552801
2,6.0,8,0.7273,The northern relay station operates under callsign,FT32,KL72,-1.3853051662445068,-2.3927407264709473,-3.1407084465026855,16.9545013353345,16.761517360806465,20.368809651583433
2,6.0,9,0.8182,The archive microfilm reel is filed under shelf mark,HH13,AK67,-1.6295037269592285,-3.523858070373535,-0.21978187561035156,17.120394291123375,12.92091578245163,15.101581260561943
2,6.0,10,0.9091,The expedition's spare sledge carries equipment tag,FL32,TV15,-0.22600030899047852,1.703885555267334,0.8250603675842285,23.030485145282,19.349035128951073,21.08961259573698
2,6.0,11,1.0,The survey team's theodolite bears serial number,ES75,YE70,0.1657090187072754,7.1643900871276855,3.224297523498535,15.918459410197102,15.64861873537302,13.881023168563843
2,7.0,0,0.0,The meteorological buoy broadcasts on transponder code,BC20,AC24,0.005362987518310547,-1.7377510070800781,-1.440826416015625,17.040394271258265,3.6028828620910645,5.203675746917725
2,7.0,1,0.0909,The salvage tender was registered with hull number,MF95,CA15,2.231168746948242,-0.17113304138183594,-1.8831696510314941,17.97481711790897,7.284360349178314,14.535193890333176
2,7.0,2,0.1818,The medical supply locker was closed with seal number,GV14,JE30,-0.9844608306884766,-4.292599678039551,0.08665084838867188,19.510119580489118,9.528755068778992,11.80734783411026
2,7.0,3,0.2727,The observatory's spare mirror was ordered as part number,UX30,ZF76,-1.1921820640563965,-0.35527729988098145,-0.7288241386413574,16.90916015789844,9.165647447109222,9.856348514556885
2,7.0,4,0.3636,The cartography office safe opens with combination,PW60,YA59,2.026714324951172,1.2062077522277832,-3.5994439125061035,17.843883196881507,11.899514943361282,15.203142642974854
2,7.0,5,0.4545,Feld's field notebook carries catalogue reference,JB13,UB41,1.0081276893615723,-0.9435582160949707,1.481372356414795,18.820995611371472,11.343083679676056,14.486708492040634
2,7.0,6,0.5455,The reserve fuel depot is listed at site code,MQ50,EB10,2.634246826171875,-1.245140552520752,-2.796461582183838,18.32033606735058,12.453870177268982,13.312735706567764
2,7.0,7,0.6364,The telegraph repeater hut answers to station code,NP77,MV90,0.1986379623413086,-0.8606033325195312,-0.7621755599975586,15.750919435173273,16.694039896130562,18.037929713726044
2,7.0,8,0.7273,The northern relay station operates under callsign,FT32,KL72,-1.3853051662445068,-4.177465915679932,-4.564242839813232,16.9545013353345,15.291184172034264,19.004871055483818
2,7.0,9,0.8182,The archive microfilm reel is filed under shelf mark,HH13,AK67,-1.6295037269592285,-2.7349963188171387,-1.2059855461120605,17.120394291123375,14.753489211201668,14.757595643401146
2,7.0,10,0.9091,The expedition's spare sledge carries equipment tag,FL32,TV15,-0.22600030899047852,0.423525333404541,0.38838768005371094,23.030485145282,19.41341107338667,19.1363662853837
2,7.0,11,1.0,The survey team's theodolite bears serial number,ES75,YE70,0.1657090187072754,6.493913650512695,5.382161617279053,15.918459410197102,14.649995490908623,12.905509024858475
2,8.0,0,0.0,The meteorological buoy broadcasts on transponder code,BC20,AC24,0.005362987518310547,-2.7118325233459473,-1.7057132720947266,17.040394271258265,3.538787364959717,4.016763210296631
2,8.0,1,0.0909,The salvage tender was registered with hull number,MF95,CA15,2.231168746948242,1.0934548377990723,1.4914155006408691,17.97481711790897,4.452537536621094,10.873271465301514
2,8.0,2,0.1818,The medical supply locker was closed with seal number,GV14,JE30,-0.9844608306884766,-4.031339168548584,-0.6445751190185547,19.510119580489118,10.941363334655762,12.603385925292969
2,8.0,3,0.2727,The observatory's spare mirror was ordered as part number,UX30,ZF76,-1.1921820640563965,1.598299503326416,-1.7064433097839355,16.90916015789844,7.400038957595825,10.787890374660492
2,8.0,4,0.3636,The cartography office safe opens with combination,PW60,YA59,2.026714324951172,-0.18309736251831055,-1.45930814743042,17.843883196881507,13.686149060726166,12.194222867488861
2,8.0,5,0.4545,Feld's field notebook carries catalogue reference,JB13,UB41,1.0081276893615723,-1.9660215377807617,0.8147759437561035,18.820995611371472,11.42028260231018,14.294128835201263
2,8.0,6,0.5455,The reserve fuel depot is listed at site code,MQ50,EB10,2.634246826171875,0.4124159812927246,1.9653587341308594,18.32033606735058,11.02634984254837,12.016426742076874
2,8.0,7,0.6364,The telegraph repeater hut answers to station code,NP77,MV90,0.1986379623413086,-0.15663528442382812,-0.34531497955322266,15.750919435173273,15.787058860063553,13.635549992322922
2,8.0,8,0.7273,The northern relay station operates under callsign,FT32,KL72,-1.3853051662445068,-4.084619045257568,-2.977330207824707,16.9545013353345,16.14600456506014,17.282666325569153
2,8.0,9,0.8182,The archive microfilm reel is filed under shelf mark,HH13,AK67,-1.6295037269592285,-3.0445189476013184,-3.1575193405151367,17.120394291123375,13.889060586690903,15.217261016368866
2,8.0,10,0.9091,The expedition's spare sledge carries equipment tag,FL32,TV15,-0.22600030899047852,-1.111933708190918,1.5364747047424316,23.030485145282,19.367667257785797,15.865991771221161
2,8.0,11,1.0,The survey team's theodolite bears serial number,ES75,YE70,0.1657090187072754,4.792331218719482,1.675267219543457,15.918459410197102,14.549107640981674,13.132475018501282
3,1.0,0,0.0,The shipment of core samples travelled under consignment code,HU79,SN92,-1.694298505783081,-1.2160835266113281,-1.3188037872314453,16.092702586669475,14.91192297078669,14.67947836779058
3,1.0,1,0.0909,The freight siding at Kelder appears on the plan as track,EM87,DV74,4.141169548034668,2.0771124362945557,2.6151187419891357,12.82147924322635,9.9715974368155,9.524674023501575
3,1.0,2,0.1818,The signal lamp housing takes fitting code,RW84,JP91,0.48580121994018555,0.304628849029541,0.6805124282836914,15.659023858606815,12.74089436698705,13.966455802321434
3,1.0,3,0.2727,The coastal watchtower is designated post,CV11,KP43,-3.015475273132324,-3.5776758193969727,-3.821202278137207,17.144490694161505,14.772536334581673,14.77882885467261
3,1.0,4,0.3636,The winter supply manifest lists lot number,RJ80,SK80,0.13831377029418945,-0.04325580596923828,-0.17822551727294922,15.85596306109801,13.747947860509157,13.370342679321766
3,1.0,5,0.4545,The ice core drilling rig was delivered as unit,HG70,LA63,-0.7992572784423828,-0.0017218589782714844,-0.5624847412109375,17.3677276946255,12.441760985879228,12.17335789394565
3,1.0,6,0.5455,The lighthouse relief roster follows schedule,TT70,UL12,-2.0172104835510254,-0.5011153221130371,-0.06750297546386719,14.951238365261815,12.510463523678482,13.474887256510556
3,1.0,7,0.6364,The harbour pilot's licence shows registration code,NW29,NV85,0.0004153251647949219,-0.401395320892334,-0.1665792465209961,17.099556782399304,17.362313508521765,16.826758004259318
3,1.0,8,0.7273,The cartography office safe opens with combination,HW29,WE17,-0.050766944885253906,-0.8486700057983398,-0.5413694381713867,15.98337981523946,15.63826847821474,15.68615853600204
3,1.0,9,0.8182,The reserve fuel depot is listed at site code,SN11,WW52,0.5231595039367676,0.8627409934997559,0.5841851234436035,18.231455217581242,18.86655546654947,19.048838587710634
3,1.0,10,0.9091,The medical supply locker was closed with seal number,XC30,QM96,-0.7600650787353516,0.7601184844970703,0.6059837341308594,16.686289760516956,16.57806798676029,16.297503381036222
3,1.0,11,1.0,The diesel storage tank is stencilled vessel number,UB48,MV45,0.35266590118408203,0.3603692054748535,0.3545713424682617,17.926674020010978,16.23596915928647,16.158150048926473
3,2.0,0,0.0,The shipment of core samples travelled under consignment code,HU79,SN92,-1.694298505783081,-0.9842629432678223,-0.7129650115966797,16.092702586669475,12.067871496081352,10.296812623739243
3,2.0,1,0.0909,The freight siding at Kelder appears on the plan as track,EM87,DV74,4.141169548034668,2.303071975708008,2.7196288108825684,12.82147924322635,8.854717135429382,8.753633730113506
3,2.0,2,0.1818,The signal lamp housing takes fitting code,RW84,JP91,0.48580121994018555,0.03490304946899414,0.21342182159423828,15.659023858606815,11.045183472335339,11.031184017658234
3,2.0,3,0.2727,The coastal watchtower is designated post,CV11,KP43,-3.015475273132324,-2.555759906768799,-3.1265759468078613,17.144490694161505,12.564510628581047,13.367023260332644
3,2.0,4,0.3636,The winter supply manifest lists lot number,RJ80,SK80,0.13831377029418945,0.7722072601318359,0.000934600830078125,15.85596306109801,10.118623197078705,11.878656834363937
3,2.0,5,0.4545,The ice core drilling rig was delivered as unit,HG70,LA63,-0.7992572784423828,0.06211519241333008,-0.03844738006591797,17.3677276946255,9.531899482011795,8.82026568427682
3,2.0,6,0.5455,The lighthouse relief roster follows schedule,TT70,UL12,-2.0172104835510254,-0.9338641166687012,-0.27640628814697266,14.951238365261815,10.059464365243912,11.91599951684475
3,2.0,7,0.6364,The harbour pilot's licence shows registration code,NW29,NV85,0.0004153251647949219,-0.11288070678710938,0.3458566665649414,17.099556782399304,12.84317220468074,15.016452079638839
3,2.0,8,0.7273,The cartography office safe opens with combination,HW29,WE17,-0.050766944885253906,-0.43813657760620117,-0.543790340423584,15.98337981523946,12.157049894332886,14.737448431551456
3,2.0,9,0.8182,The reserve fuel depot is listed at site code,SN11,WW52,0.5231595039367676,1.416710376739502,1.2852091789245605,18.231455217581242,15.351858546957374,17.93288441374898
3,2.0,10,0.9091,The medical supply locker was closed with seal number,XC30,QM96,-0.7600650787353516,1.192901372909546,0.5952529907226562,16.686289760516956,14.438788786530495,14.881346466951072
3,2.0,11,1.0,The diesel storage tank is stencilled vessel number,UB48,MV45,0.35266590118408203,-0.49693822860717773,-0.33309030532836914,17.926674020010978,13.140886664390564,14.794265422970057
3,3.0,0,0.0,The shipment of core samples travelled under consignment code,HU79,SN92,-1.694298505783081,-6.120139122009277,-5.078102111816406,16.092702586669475,14.618890166282654,17.429752126336098
3,3.0,1,0.0909,The freight siding at Kelder appears on the plan as track,EM87,DV74,4.141169548034668,0.17121124267578125,0.039731502532958984,12.82147924322635,13.288824371993542,11.226376235485077
3,3.0,2,0.1818,The signal lamp housing takes fitting code,RW84,JP91,0.48580121994018555,2.758220911026001,0.014026641845703125,15.659023858606815,14.478345274925232,15.76651120185852
3,3.0,3,0.2727,The coastal watchtower is designated post,CV11,KP43,-3.015475273132324,-0.28002357482910156,-1.663902759552002,17.144490694161505,17.26317036151886,14.069175511598587
3,3.0,4,0.3636,The winter supply manifest lists lot number,RJ80,SK80,0.13831377029418945,-0.9948744773864746,-0.6211991310119629,15.85596306109801,16.575333781540394,16.214117892086506
3,3.0,5,0.4545,The ice core drilling rig was delivered as unit,HG70,LA63,-0.7992572784423828,3.741664409637451,3.7224583625793457,17.3677276946255,13.745375871658325,13.869973480701447
3,3.0,6,0.5455,The lighthouse relief roster follows schedule,TT70,UL12,-2.0172104835510254,-0.4408555030822754,4.013209819793701,14.951238365261815,14.297168046236038,13.538233794271946
3,3.0,7,0.6364,The harbour pilot's licence shows registration code,NW29,NV85,0.0004153251647949219,-0.8502922058105469,0.34291553497314453,17.099556782399304,18.47224343009293,17.401124771684408
3,3.0,8,0.7273,The cartography office safe opens with combination,HW29,WE17,-0.050766944885253906,-1.4540815353393555,-0.7254180908203125,15.98337981523946,19.82471519522369,19.27391903847456
3,3.0,9,0.8182,The reserve fuel depot is listed at site code,SN11,WW52,0.5231595039367676,1.1392631530761719,1.0179719924926758,18.231455217581242,22.34928172873333,19.40707658510655
3,3.0,10,0.9091,The medical supply locker was closed with seal number,XC30,QM96,-0.7600650787353516,2.7689833641052246,0.3700699806213379,16.686289760516956,17.501473806798458,15.543461110442877
3,3.0,11,1.0,The diesel storage tank is stencilled vessel number,UB48,MV45,0.35266590118408203,2.496732234954834,-3.571626663208008,17.926674020010978,16.400229262188077,13.179980570450425
3,4.0,0,0.0,The shipment of core samples travelled under consignment code,HU79,SN92,-1.694298505783081,-3.587550640106201,-5.243375301361084,16.092702586669475,4.974125385284424,7.736058235168457
3,4.0,1,0.0909,The freight siding at Kelder appears on the plan as track,EM87,DV74,4.141169548034668,-0.6183371543884277,0.7936978340148926,12.82147924322635,10.275265663862228,13.660813078284264
3,4.0,2,0.1818,The signal lamp housing takes fitting code,RW84,JP91,0.48580121994018555,4.1495935916900635,0.08913421630859375,15.659023858606815,13.078505516052246,17.980638191103935
3,4.0,3,0.2727,The coastal watchtower is designated post,CV11,KP43,-3.015475273132324,-2.4278721809387207,-1.5652689933776855,17.144490694161505,14.600697994232178,16.212937861680984
3,4.0,4,0.3636,The winter supply manifest lists lot number,RJ80,SK80,0.13831377029418945,0.11954498291015625,0.10961055755615234,15.85596306109801,15.63805229216814,17.05182198435068
3,4.0,5,0.4545,The ice core drilling rig was delivered as unit,HG70,LA63,-0.7992572784423828,2.8705391883850098,1.1405248641967773,17.3677276946255,14.872347474098206,11.732490554451942
3,4.0,6,0.5455,The lighthouse relief roster follows schedule,TT70,UL12,-2.0172104835510254,2.565887212753296,3.2446603775024414,14.951238365261815,12.215609550476074,11.164756745100021
3,4.0,7,0.6364,The harbour pilot's licence shows registration code,NW29,NV85,0.0004153251647949219,0.3281059265136719,1.3452839851379395,17.099556782399304,15.169806264340878,16.455754157155752
3,4.0,8,0.7273,The cartography office safe opens with combination,HW29,WE17,-0.050766944885253906,-0.6904697418212891,-0.8136625289916992,15.98337981523946,18.74942760542035,18.925608720630407
3,4.0,9,0.8182,The reserve fuel depot is listed at site code,SN11,WW52,0.5231595039367676,2.382669448852539,-2.1171364784240723,18.231455217581242,19.59008177369833,18.247139191254973
3,4.0,10,0.9091,The medical supply locker was closed with seal number,XC30,QM96,-0.7600650787353516,3.786630153656006,-0.1021280288696289,16.686289760516956,14.379791989922523,14.043161869049072
3,4.0,11,1.0,The diesel storage tank is stencilled vessel number,UB48,MV45,0.35266590118408203,3.0350165367126465,-3.295121669769287,17.926674020010978,17.700117602944374,16.40372659638524
3,5.0,0,0.0,The shipment of core samples travelled under consignment code,HU79,SN92,-1.694298505783081,-2.822023391723633,-3.579092025756836,16.092702586669475,4.36835241317749,7.341785669326782
3,5.0,1,0.0909,The freight siding at Kelder appears on the plan as track,EM87,DV74,4.141169548034668,1.0274052619934082,-0.7398099899291992,12.82147924322635,8.998878002166748,11.12555941939354
3,5.0,2,0.1818,The signal lamp housing takes fitting code,RW84,JP91,0.48580121994018555,2.6871817111968994,0.3675727844238281,15.659023858606815,13.85968029499054,14.71510723233223
3,5.0,3,0.2727,The coastal watchtower is designated post,CV11,KP43,-3.015475273132324,-1.1749825477600098,-2.5129165649414062,17.144490694161505,16.542302817106247,15.767216593027115
3,5.0,4,0.3636,The winter supply manifest lists lot number,RJ80,SK80,0.13831377029418945,3.688828468322754,0.18520402908325195,15.85596306109801,13.99970918893814,14.154986038804054
3,5.0,5,0.4545,The ice core drilling rig was delivered as unit,HG70,LA63,-0.7992572784423828,1.5653882026672363,0.41425180435180664,17.3677276946255,14.194177448749542,12.7213574051857
3,5.0,6,0.5455,The lighthouse relief roster follows schedule,TT70,UL12,-2.0172104835510254,0.21574640274047852,0.4442429542541504,14.951238365261815,12.399756908416748,10.15485006570816
3,5.0,7,0.6364,The harbour pilot's licence shows registration code,NW29,NV85,0.0004153251647949219,-0.5578498840332031,1.524045467376709,17.099556782399304,15.849393241107464,15.962812379002571
3,5.0,8,0.7273,The cartography office safe opens with combination,HW29,WE17,-0.050766944885253906,0.8007946014404297,3.0626158714294434,15.98337981523946,18.74840246140957,16.66902367770672
3,5.0,9,0.8182,The reserve fuel depot is listed at site code,SN11,WW52,0.5231595039367676,1.8466644287109375,0.758967399597168,18.231455217581242,18.426327358931303,18.457593325525522
3,5.0,10,0.9091,The medical supply locker was closed with seal number,XC30,QM96,-0.7600650787353516,3.722702980041504,2.4221893548965454,16.686289760516956,13.76955796778202,13.92860634624958
3,5.0,11,1.0,The diesel storage tank is stencilled vessel number,UB48,MV45,0.35266590118408203,3.4031448364257812,-1.3178000450134277,17.926674020010978,17.81277869641781,12.475452274084091
3,6.0,0,0.0,The shipment of core samples travelled under consignment code,HU79,SN92,-1.694298505783081,-1.1240625381469727,-0.2491607666015625,16.092702586669475,6.745823860168457,8.30053424835205
3,6.0,1,0.0909,The freight siding at Kelder appears on the plan as track,EM87,DV74,4.141169548034668,1.913982629776001,0.2923245429992676,12.82147924322635,6.898812294006348,7.531117826700211
3,6.0,2,0.1818,The signal lamp housing takes fitting code,RW84,JP91,0.48580121994018555,-0.7058992385864258,2.4635634422302246,15.659023858606815,12.36934095621109,11.017703980207443
3,6.0,3,0.2727,The coastal watchtower is designated post,CV11,KP43,-3.015475273132324,-1.208272933959961,-2.012920379638672,17.144490694161505,13.237178564071655,14.707576140761375
3,6.0,4,0.3636,The winter supply manifest lists lot number,RJ80,SK80,0.13831377029418945,3.5994224548339844,2.0967140197753906,15.85596306109801,14.35030484199524,14.96426573395729
3,6.0,5,0.4545,The ice core drilling rig was delivered as unit,HG70,LA63,-0.7992572784423828,1.3151345252990723,1.5318751335144043,17.3677276946255,14.03068470954895,14.08928894996643
3,6.0,6,0.5455,The lighthouse relief roster follows schedule,TT70,UL12,-2.0172104835510254,0.32872867584228516,-1.3647303581237793,14.951238365261815,12.90123564004898,12.290316686034203
3,6.0,7,0.6364,The harbour pilot's licence shows registration code,NW29,NV85,0.0004153251647949219,0.9290590286254883,2.0757203102111816,17.099556782399304,15.188624061644077,16.46893100440502
3,6.0,8,0.7273,The cartography office safe opens with combination,HW29,WE17,-0.050766944885253906,2.913605213165283,3.0114855766296387,15.98337981523946,18.061421304941177,16.06914982199669
3,6.0,9,0.8182,The reserve fuel depot is listed at site code,SN11,WW52,0.5231595039367676,3.567072868347168,0.4890737533569336,18.231455217581242,19.045499838888645,18.252904027700424
3,6.0,10,0.9091,The medical supply locker was closed with seal number,XC30,QM96,-0.7600650787353516,3.957953691482544,3.282663345336914,16.686289760516956,13.707080468535423,14.457037776708603
3,6.0,11,1.0,The diesel storage tank is stencilled vessel number,UB48,MV45,0.35266590118408203,2.09395170211792,-0.18631219863891602,17.926674020010978,14.797754377126694,14.11689105629921
3,7.0,0,0.0,The shipment of core samples travelled under consignment code,HU79,SN92,-1.694298505783081,-0.4443025588989258,1.051887035369873,16.092702586669475,7.943369150161743,8.271225452423096
3,7.0,1,0.0909,The freight siding at Kelder appears on the plan as track,EM87,DV74,4.141169548034668,2.445681571960449,4.4984235763549805,12.82147924322635,4.068822622299194,6.495063424110413
3,7.0,2,0.1818,The signal lamp housing takes fitting code,RW84,JP91,0.48580121994018555,-0.335874080657959,2.479617118835449,15.659023858606815,13.551707535982132,10.244398415088654
3,7.0,3,0.2727,The coastal watchtower is designated post,CV11,KP43,-3.015475273132324,-0.8996801376342773,-1.2685346603393555,17.144490694161505,9.955744981765747,12.574070572853088
3,7.0,4,0.3636,The winter supply manifest lists lot number,RJ80,SK80,0.13831377029418945,2.832624912261963,1.8683314323425293,15.85596306109801,15.900974690914154,15.211465299129486
3,7.0,5,0.4545,The ice core drilling rig was delivered as unit,HG70,LA63,-0.7992572784423828,-0.2571754455566406,1.6409053802490234,17.3677276946255,11.574515104293823,9.22804307937622
3,7.0,6,0.5455,The lighthouse relief roster follows schedule,TT70,UL12,-2.0172104835510254,0.834021806716919,1.3096389770507812,14.951238365261815,12.72526752948761,13.562839716672897
3,7.0,7,0.6364,The harbour pilot's licence shows registration code,NW29,NV85,0.0004153251647949219,0.33637428283691406,3.047020435333252,17.099556782399304,13.805494487285614,14.233959781005979
3,7.0,8,0.7273,The cartography office safe opens with combination,HW29,WE17,-0.050766944885253906,3.892609119415283,2.6395492553710938,15.98337981523946,16.621931791305542,15.163791336119175
3,7.0,9,0.8182,The reserve fuel depot is listed at site code,SN11,WW52,0.5231595039367676,2.331791877746582,-0.27455902099609375,18.231455217581242,16.59874790906906,17.418760299682617
3,7.0,10,0.9091,The medical supply locker was closed with seal number,XC30,QM96,-0.7600650787353516,3.089799165725708,1.3822274208068848,16.686289760516956,11.447433531284332,13.311067000031471
3,7.0,11,1.0,The diesel storage tank is stencilled vessel number,UB48,MV45,0.35266590118408203,1.3190760612487793,0.0775151252746582,17.926674020010978,11.742118090391159,14.042044430971146
3,8.0,0,0.0,The shipment of core samples travelled under consignment code,HU79,SN92,-1.694298505783081,0.36840200424194336,1.1029210090637207,16.092702586669475,6.4056901931762695,5.0799291133880615
3,8.0,1,0.0909,The freight siding at Kelder appears on the plan as track,EM87,DV74,4.141169548034668,1.978724479675293,3.611679792404175,12.82147924322635,-1.8115601539611816,3.1525678634643555
3,8.0,2,0.1818,The signal lamp housing takes fitting code,RW84,JP91,0.48580121994018555,5.206759929656982,5.640690326690674,15.659023858606815,12.055144906044006,5.233694076538086
3,8.0,3,0.2727,The coastal watchtower is designated post,CV11,KP43,-3.015475273132324,-1.8785061836242676,-2.7666850090026855,17.144490694161505,10.919080376625061,9.361190795898438
3,8.0,4,0.3636,The winter supply manifest lists lot number,RJ80,SK80,0.13831377029418945,2.121521472930908,0.4952840805053711,15.85596306109801,13.987793326377869,12.578080773353577
3,8.0,5,0.4545,The ice core drilling rig was delivered as unit,HG70,LA63,-0.7992572784423828,-1.8919367790222168,1.8340325355529785,17.3677276946255,10.914362072944641,10.796159952878952
3,8.0,6,0.5455,The lighthouse relief roster follows schedule,TT70,UL12,-2.0172104835510254,0.15081071853637695,1.4092726707458496,14.951238365261815,12.93395322561264,13.334235355257988
3,8.0,7,0.6364,The harbour pilot's licence shows registration code,NW29,NV85,0.0004153251647949219,-0.43104076385498047,2.837900161743164,17.099556782399304,13.791713863611221,12.912881376221776
3,8.0,8,0.7273,The cartography office safe opens with combination,HW29,WE17,-0.050766944885253906,2.2080602645874023,3.7857651710510254,15.98337981523946,14.490519940853119,16.640585035085678
3,8.0,9,0.8182,The reserve fuel depot is listed at site code,SN11,WW52,0.5231595039367676,0.05583000183105469,0.5415802001953125,18.231455217581242,13.881265014410019,13.137750044465065
3,8.0,10,0.9091,The medical supply locker was closed with seal number,XC30,QM96,-0.7600650787353516,3.513546943664551,1.4802703857421875,16.686289760516956,10.074541747570038,11.95563292503357
3,8.0,11,1.0,The diesel storage tank is stencilled vessel number,UB48,MV45,0.35266590118408203,0.39415979385375977,0.6880035400390625,17.926674020010978,11.846428751945496,13.969616711139679
4,1.0,0,0.0,The survey team's theodolite bears serial number,HK23,DB17,-0.09040594100952148,1.4797134399414062,1.2779593467712402,18.850678869057447,15.882804334163666,15.549671784043312
4,1.0,1,0.0909,The freight siding at Kelder appears on the plan as track,EC18,VB79,1.6512236595153809,0.6209511756896973,1.574103832244873,18.730620438815095,13.717807010281831,13.430748290382326
4,1.0,2,0.1818,The meteorological buoy broadcasts on transponder code,AN80,LB25,-2.067430019378662,-1.7836308479309082,-2.0208873748779297,20.00587263284251,15.387718051671982,15.442810282111168
4,1.0,3,0.2727,The customs declaration quotes reference code,KB38,SK62,-0.5284886360168457,-0.9036741256713867,0.13363170623779297,15.43452101526782,10.206720503047109,9.495182998478413
4,1.0,4,0.3636,The hydrographic chart set reached edition,ST56,WG71,2.3421850204467773,2.7431693077087402,2.9823555946350098,18.5180459683761,18.53549491195008,18.280813371762633
4,1.0,5,0.4545,The coastal watchtower is designated post,GF49,GH66,0.710965633392334,-2.7511487007141113,-2.609280586242676,18.78182713314891,17.456750007579103,17.848143390379846
4,1.0,6,0.5455,The border checkpoint ledger opens at entry code,KW57,PR14,-1.6657085418701172,-0.5493307113647461,-0.5368313789367676,17.827317293267697,15.874575967434794,15.607606881763786
4,1.0,7,0.6364,The quartermaster's tally sheet uses form number,CV53,HP66,0.08833074569702148,-1.9801433086395264,-0.8952224254608154,22.62325339775998,18.760015287902206,17.796297498047352
4,1.0,8,0.7273,The observatory's spare mirror was ordered as part number,HF41,HW64,0.9138803482055664,1.2827963829040527,1.2953286170959473,13.694241951685399,13.16846617916599,13.730600970680825
4,1.0,9,0.8182,The auxiliary generator was tagged asset number,RJ21,GR34,-1.638944149017334,-1.7585339546203613,-1.8349618911743164,15.787709528347477,16.395017542876303,15.920573103707284
4,1.0,10,0.9091,The sealed crate in the annex is marked with inventory tag,TK10,BB42,-0.5958213806152344,-1.2884812355041504,-0.7735233306884766,21.96128915506415,19.870894925436005,20.698116494808346
4,1.0,11,1.0,The northern relay station operates under callsign,SG62,GH63,0.516169548034668,0.5096988677978516,-0.34189653396606445,15.466759456554428,15.578528220299631,16.685294221853837
4,2.0,0,0.0,The survey team's theodolite bears serial number,HK23,DB17,-0.09040594100952148,1.48992919921875,1.6153311729431152,18.850678869057447,13.116347700357437,13.796176940202713
4,2.0,1,0.0909,The freight siding at Kelder appears on the plan as track,EC18,VB79,1.6512236595153809,1.8272104263305664,2.8729658126831055,18.730620438815095,10.630911603569984,10.610256791114807
4,2.0,2,0.1818,The meteorological buoy broadcasts on transponder code,AN80,LB25,-2.067430019378662,-2.7196269035339355,-2.4818973541259766,20.00587263284251,16.528180573135614,15.920853331685066
4,2.0,3,0.2727,The customs declaration quotes reference code,KB38,SK62,-0.5284886360168457,-0.8530454635620117,-1.0080208778381348,15.43452101526782,13.469184197485447,9.331233575940132
4,2.0,4,0.3636,The hydrographic chart set reached edition,ST56,WG71,2.3421850204467773,3.2473487854003906,3.017218589782715,18.5180459683761,15.910891573876143,16.662833973765373
4,2.0,5,0.4545,The coastal watchtower is designated post,GF49,GH66,0.710965633392334,-1.9045262336730957,-1.9184799194335938,18.78182713314891,14.923458902165294,16.879356179386377
4,2.0,6,0.5455,The border checkpoint ledger opens at entry code,KW57,PR14,-1.6657085418701172,-0.21736621856689453,-1.0856437683105469,17.827317293267697,13.0923689478077,14.84102849336341
4,2.0,7,0.6364,The quartermaster's tally sheet uses form number,CV53,HP66,0.08833074569702148,-0.8915915489196777,-0.3952951431274414,22.62325339775998,16.104565244168043,15.223302535712719
4,2.0,8,0.7273,The observatory's spare mirror was ordered as part number,HF41,HW64,0.9138803482055664,2.268183708190918,1.4486656188964844,13.694241951685399,10.286955907940865,10.025298077613115
4,2.0,9,0.8182,The auxiliary generator was tagged asset number,RJ21,GR34,-1.638944149017334,-3.165750026702881,-3.062633991241455,15.787709528347477,13.599658355116844,13.848358748480678
4,2.0,10,0.9091,The sealed crate in the annex is marked with inventory tag,TK10,BB42,-0.5958213806152344,-2.51883864402771,-2.051661252975464,21.96128915506415,17.59446241799742,18.984884418547153
4,2.0,11,1.0,The northern relay station operates under callsign,SG62,GH63,0.516169548034668,0.9668784141540527,-1.3710174560546875,15.466759456554428,11.913556553423405,13.667736924253404
4,3.0,0,0.0,The survey team's theodolite bears serial number,HK23,DB17,-0.09040594100952148,1.32257080078125,1.2365713119506836,18.850678869057447,14.163284957408905,15.478246361017227
4,3.0,1,0.0909,The freight siding at Kelder appears on the plan as track,EC18,VB79,1.6512236595153809,1.3061408996582031,3.3223443031311035,18.730620438815095,11.125146269798279,12.586613267660141
4,3.0,2,0.1818,The meteorological buoy broadcasts on transponder code,AN80,LB25,-2.067430019378662,-1.96653413772583,-2.782499313354492,20.00587263284251,18.107776008546352,19.539226606488228
4,3.0,3,0.2727,The customs declaration quotes reference code,KB38,SK62,-0.5284886360168457,-3.365812301635742,-3.325509548187256,15.43452101526782,9.671534553170204,9.187651351094246
4,3.0,4,0.3636,The hydrographic chart set reached edition,ST56,WG71,2.3421850204467773,3.985592484474182,6.8133257031440735,18.5180459683761,20.038104709237814,21.154204327613115
4,3.0,5,0.4545,The coastal watchtower is designated post,GF49,GH66,0.710965633392334,-4.2108564376831055,-4.8610405921936035,18.78182713314891,15.669050078839064,16.310502339154482
4,3.0,6,0.5455,The border checkpoint ledger opens at entry code,KW57,PR14,-1.6657085418701172,-4.08533239364624,-3.2035207748413086,17.827317293267697,17.26407197676599,17.742428114637733
4,3.0,7,0.6364,The quartermaster's tally sheet uses form number,CV53,HP66,0.08833074569702148,-0.40295839309692383,-0.7335386276245117,22.62325339775998,14.378318399190903,15.756514951586723
4,3.0,8,0.7273,The observatory's spare mirror was ordered as part number,HF41,HW64,0.9138803482055664,3.1636037826538086,2.4132285118103027,13.694241951685399,10.61568907648325,11.122119141742587
4,3.0,9,0.8182,The auxiliary generator was tagged asset number,RJ21,GR34,-1.638944149017334,-5.67329216003418,-5.458967208862305,15.787709528347477,18.47345319017768,17.400105975568295
4,3.0,10,0.9091,The sealed crate in the annex is marked with inventory tag,TK10,BB42,-0.5958213806152344,-5.00491738319397,-4.016648530960083,21.96128915506415,19.410407211631536,20.63385488279164
4,3.0,11,1.0,The northern relay station operates under callsign,SG62,GH63,0.516169548034668,3.919118881225586,-1.3111634254455566,15.466759456554428,14.263606345281005,14.038695205003023
4,4.0,0,0.0,The survey team's theodolite bears serial number,HK23,DB17,-0.09040594100952148,1.733170509338379,0.01906728744506836,18.850678869057447,8.95930004119873,12.251513570547104
4,4.0,1,0.0909,The freight siding at Kelder appears on the plan as track,EC18,VB79,1.6512236595153809,2.8107070922851562,2.4290194511413574,18.730620438815095,12.124829202890396,13.646185845136642
4,4.0,2,0.1818,The meteorological buoy broadcasts on transponder code,AN80,LB25,-2.067430019378662,-1.910964012145996,-2.6685848236083984,20.00587263284251,15.800884038209915,15.450976222753525
4,4.0,3,0.2727,The customs declaration quotes reference code,KB38,SK62,-0.5284886360168457,-3.8078935146331787,-0.056891441345214844,15.43452101526782,7.315745949745178,8.252889752388
4,4.0,4,0.3636,The hydrographic chart set reached edition,ST56,WG71,2.3421850204467773,3.7615809440612793,10.890645623207092,18.5180459683761,18.322502188384533,18.140463531017303
4,4.0,5,0.4545,The coastal watchtower is designated post,GF49,GH66,0.710965633392334,-3.687718391418457,-4.211239337921143,18.78182713314891,15.616525411605835,13.873908787965775
4,4.0,6,0.5455,The border checkpoint ledger opens at entry code,KW57,PR14,-1.6657085418701172,-1.1199517250061035,-2.2565197944641113,17.827317293267697,16.02619096636772,15.880689054727554
4,4.0,7,0.6364,The quartermaster's tally sheet uses form number,CV53,HP66,0.08833074569702148,-1.8605403900146484,-2.1925084590911865,22.62325339775998,17.068396255373955,15.710309863090515
4,4.0,8,0.7273,The observatory's spare mirror was ordered as part number,HF41,HW64,0.9138803482055664,1.056236743927002,1.3391237258911133,13.694241951685399,11.632287360727787,6.542325392365456
4,4.0,9,0.8182,The auxiliary generator was tagged asset number,RJ21,GR34,-1.638944149017334,-5.265628337860107,-5.398557901382446,15.787709528347477,16.355639457702637,15.730685241520405
4,4.0,10,0.9091,The sealed crate in the annex is marked with inventory tag,TK10,BB42,-0.5958213806152344,-4.03108549118042,-4.144620418548584,21.96128915506415,15.829713486135006,17.807422898709774
4,4.0,11,1.0,The northern relay station operates under callsign,SG62,GH63,0.516169548034668,5.090203285217285,-3.159226417541504,15.466759456554428,15.413729100953788,13.521299086511135
4,5.0,0,0.0,The survey team's theodolite bears serial number,HK23,DB17,-0.09040594100952148,3.22407865524292,0.40139150619506836,18.850678869057447,5.519303739070892,4.39276647567749
4,5.0,1,0.0909,The freight siding at Kelder appears on the plan as track,EC18,VB79,1.6512236595153809,2.227332592010498,2.1159400939941406,18.730620438815095,14.31201547384262,14.350116193294525
4,5.0,2,0.1818,The meteorological buoy broadcasts on transponder code,AN80,LB25,-2.067430019378662,-1.7289419174194336,-1.41166353225708,20.00587263284251,15.625245839357376,15.282342940568924
4,5.0,3,0.2727,The customs declaration quotes reference code,KB38,SK62,-0.5284886360168457,-1.201307773590088,1.274892807006836,15.43452101526782,9.39699637889862,9.311682939529419
4,5.0,4,0.3636,The hydrographic chart set reached edition,ST56,WG71,2.3421850204467773,1.9730615615844727,3.565814971923828,18.5180459683761,18.541817635297775,17.840182930231094
4,5.0,5,0.4545,The coastal watchtower is designated post,GF49,GH66,0.710965633392334,-3.0506372451782227,-3.1717710494995117,18.78182713314891,16.64896070957184,14.423756390810013
4,5.0,6,0.5455,The border checkpoint ledger opens at entry code,KW57,PR14,-1.6657085418701172,-1.2053985595703125,-0.9157848358154297,17.827317293267697,15.914075404405594,15.365804746747017
4,5.0,7,0.6364,The quartermaster's tally sheet uses form number,CV53,HP66,0.08833074569702148,1.384566307067871,-1.4669513702392578,22.62325339775998,18.026103481650352,15.353116109967232
4,5.0,8,0.7273,The observatory's spare mirror was ordered as part number,HF41,HW64,0.9138803482055664,-1.6867055892944336,0.9482793807983398,13.694241951685399,10.77734586596489,6.3191059827804565
4,5.0,9,0.8182,The auxiliary generator was tagged asset number,RJ21,GR34,-1.638944149017334,-4.558386325836182,-5.2801408767700195,15.787709528347477,13.700120106339455,14.259553849697113
4,5.0,10,0.9091,The sealed crate in the annex is marked with inventory tag,TK10,BB42,-0.5958213806152344,-3.6096038818359375,-3.431060791015625,21.96128915506415,17.325068786740303,16.617594927549362
4,5.0,11,1.0,The northern relay station operates under callsign,SG62,GH63,0.516169548034668,4.9322991371154785,-2.3510780334472656,15.466759456554428,14.746977388858795,12.696189165115356
4,6.0,0,0.0,The survey team's theodolite bears serial number,HK23,DB17,-0.09040594100952148,4.902698516845703,2.5781502723693848,18.850678869057447,1.9404213428497314,1.895658016204834
4,6.0,1,0.0909,The freight siding at Kelder appears on the plan as track,EC18,VB79,1.6512236595153809,1.9237322807312012,1.6790480613708496,18.730620438815095,13.62804590165615,6.563853979110718
4,6.0,2,0.1818,The meteorological buoy broadcasts on transponder code,AN80,LB25,-2.067430019378662,-2.2314229011535645,-0.16994619369506836,20.00587263284251,16.360275574028492,10.441421031951904
4,6.0,3,0.2727,The customs declaration quotes reference code,KB38,SK62,-0.5284886360168457,-1.0960056781768799,-0.8089756965637207,15.43452101526782,6.456045150756836,2.5710840225219727
4,6.0,4,0.3636,The hydrographic chart set reached edition,ST56,WG71,2.3421850204467773,2.2185299396514893,2.9903860092163086,18.5180459683761,17.392819296568632,16.39109593629837
4,6.0,5,0.4545,The coastal watchtower is designated post,GF49,GH66,0.710965633392334,-2.5295162200927734,-3.881913423538208,18.78182713314891,15.274012923240662,13.539047211408615
4,6.0,6,0.5455,The border checkpoint ledger opens at entry code,KW57,PR14,-1.6657085418701172,0.6057372093200684,-0.6776871681213379,17.827317293267697,15.001464992761612,11.694321066141129
4,6.0,7,0.6364,The quartermaster's tally sheet uses form number,CV53,HP66,0.08833074569702148,-1.2447776794433594,-4.926163911819458,22.62325339775998,17.5616644769907,17.194246016442776
4,6.0,8,0.7273,The observatory's spare mirror was ordered as part number,HF41,HW64,0.9138803482055664,-1.3498382568359375,-3.1616640090942383,13.694241951685399,11.747627705335617,9.044224202632904
4,6.0,9,0.8182,The auxiliary generator was tagged asset number,RJ21,GR34,-1.638944149017334,-4.472193241119385,-5.499660968780518,15.787709528347477,11.996301770210266,13.103507235646248
4,6.0,10,0.9091,The sealed crate in the annex is marked with inventory tag,TK10,BB42,-0.5958213806152344,-3.4768457412719727,-5.757553577423096,21.96128915506415,15.01594315469265,15.590645998716354
4,6.0,11,1.0,The northern relay station operates under callsign,SG62,GH63,0.516169548034668,4.52446722984314,-2.1201276779174805,15.466759456554428,13.091668218374252,12.196548894047737
4,7.0,0,0.0,The survey team's theodolite bears serial number,HK23,DB17,-0.09040594100952148,0.04034900665283203,1.022109031677246,18.850678869057447,0.9289188385009766,1.5485954284667969
4,7.0,1,0.0909,The freight siding at Kelder appears on the plan as track,EC18,VB79,1.6512236595153809,0.18913984298706055,2.001796245574951,18.730620438815095,2.6046093106269836,5.474201798439026
4,7.0,2,0.1818,The meteorological buoy broadcasts on transponder code,AN80,LB25,-2.067430019378662,-1.6066322326660156,0.6398286819458008,20.00587263284251,9.79087746143341,10.733235001564026
4,7.0,3,0.2727,The customs declaration quotes reference code,KB38,SK62,-0.5284886360168457,-0.43817710876464844,-1.5425572395324707,15.43452101526782,6.819676876068115,1.9313397407531738
4,7.0,4,0.3636,The hydrographic chart set reached edition,ST56,WG71,2.3421850204467773,1.9833064079284668,3.0373411178588867,18.5180459683761,16.436860620975494,15.588234186172485
4,7.0,5,0.4545,The coastal watchtower is designated post,GF49,GH66,0.710965633392334,-2.077836036682129,-2.966740846633911,18.78182713314891,14.880199313163757,12.29566615819931
4,7.0,6,0.5455,The border checkpoint ledger opens at entry code,KW57,PR14,-1.6657085418701172,-0.7996187210083008,1.1740169525146484,17.827317293267697,12.321653604507446,6.355151057243347
4,7.0,7,0.6364,The quartermaster's tally sheet uses form number,CV53,HP66,0.08833074569702148,1.4786090850830078,-2.037158727645874,22.62325339775998,14.0531672462821,13.405118137598038
4,7.0,8,0.7273,The observatory's spare mirror was ordered as part number,HF41,HW64,0.9138803482055664,-2.83270263671875,-0.9815592765808105,13.694241951685399,12.153413951396942,9.800308525562286
4,7.0,9,0.8182,The auxiliary generator was tagged asset number,RJ21,GR34,-1.638944149017334,-5.262778282165527,-5.130098819732666,15.787709528347477,11.684160932898521,9.63284918665886
4,7.0,10,0.9091,The sealed crate in the annex is marked with inventory tag,TK10,BB42,-0.5958213806152344,-4.671045780181885,-4.15167236328125,21.96128915506415,15.62643551826477,14.857828557491302
4,7.0,11,1.0,The northern relay station operates under callsign,SG62,GH63,0.516169548034668,2.4156699180603027,-1.9017972946166992,15.466759456554428,13.435853764414787,9.55295342206955
4,8.0,0,0.0,The survey team's theodolite bears serial number,HK23,DB17,-0.09040594100952148,3.624573230743408,2.00067138671875,18.850678869057447,2.602053642272949,0.0019712448120117188
4,8.0,1,0.0909,The freight siding at Kelder appears on the plan as track,EC18,VB79,1.6512236595153809,0.5458974838256836,2.523719310760498,18.730620438815095,3.922206401824951,4.323472499847412
4,8.0,2,0.1818,The meteorological buoy broadcasts on transponder code,AN80,LB25,-2.067430019378662,0.2557096481323242,-0.07277870178222656,20.00587263284251,9.274360656738281,9.759835600852966
4,8.0,3,0.2727,The customs declaration quotes reference code,KB38,SK62,-0.5284886360168457,0.1038362979888916,-1.6902828216552734,15.43452101526782,7.390752553939819,0.8229964971542358
4,8.0,4,0.3636,The hydrographic chart set reached edition,ST56,WG71,2.3421850204467773,4.90673565864563,2.327498435974121,18.5180459683761,16.331266313791275,15.582266390323639
4,8.0,5,0.4545,The coastal watchtower is designated post,GF49,GH66,0.710965633392334,-2.9598915576934814,-1.7905869483947754,18.78182713314891,14.146249175071716,13.440338909626007
4,8.0,6,0.5455,The border checkpoint ledger opens at entry code,KW57,PR14,-1.6657085418701172,2.1373701095581055,0.8710646629333496,17.827317293267697,12.032619893550873,5.381635546684265
4,8.0,7,0.6364,The quartermaster's tally sheet uses form number,CV53,HP66,0.08833074569702148,0.22792911529541016,-0.7625093460083008,22.62325339775998,13.80762878805399,12.698468446731567
4,8.0,8,0.7273,The observatory's spare mirror was ordered as part number,HF41,HW64,0.9138803482055664,-2.231288433074951,-1.3974905014038086,13.694241951685399,11.84804318845272,9.052428126335144
4,8.0,9,0.8182,The auxiliary generator was tagged asset number,RJ21,GR34,-1.638944149017334,-5.3217267990112305,-4.037329196929932,15.787709528347477,10.778196215629578,7.952488005161285
4,8.0,10,0.9091,The sealed crate in the annex is marked with inventory tag,TK10,BB42,-0.5958213806152344,-4.347877025604248,-6.42800760269165,21.96128915506415,14.717088490724564,13.86701250076294
4,8.0,11,1.0,The northern relay station operates under callsign,SG62,GH63,0.516169548034668,0.5173163414001465,-2.0679831504821777,15.466759456554428,9.286083608865738,9.453340649604797
5,1.0,0,0.0,The coastal watchtower is designated post,SA69,VT61,0.12002277374267578,-0.9452672004699707,-0.12706518173217773,17.24025294254534,19.02349477657117,18.98140729847364
5,1.0,1,0.0909,The cartography office safe opens with combination,HW16,BH86,-1.9902558326721191,-1.6524858474731445,-1.3965845108032227,19.70218854479026,17.417414790950716,18.804133721161634
5,1.0,2,0.1818,The quartermaster's tally sheet uses form number,FD57,MJ68,-0.6002774238586426,-0.46527099609375,-0.6288938522338867,17.73880404094234,12.215643857140094,13.898671136237681
5,1.0,3,0.2727,The auxiliary generator was tagged asset number,RH58,WP28,0.39357948303222656,0.8783340454101562,0.8695554733276367,19.044504720834084,15.994489448610693,16.51707907556556
5,1.0,4,0.3636,The winter quarters roof panel came from batch,TD83,BW14,-0.09468221664428711,-0.22952938079833984,0.0946187973022461,15.800284827128053,14.203872952610254,15.363681729417294
5,1.0,5,0.4545,The seismograph at Ridge Camp reports as instrument,HA37,RL36,-1.674227237701416,-1.5247001647949219,-1.731003761291504,17.712759398156777,17.664553430280648,18.829764520691242
5,1.0,6,0.5455,The eastern pumping station runs on circuit label,PJ33,EZ82,0.8792715072631836,1.854996681213379,1.4426116943359375,16.863918981864117,15.407747316872701,15.297701259609312
5,1.0,7,0.6364,The salvage tender was registered with hull number,NF19,EW62,0.41352272033691406,0.13727951049804688,-0.9861736297607422,12.707432180759497,13.345877330051735,13.999457255704328
5,1.0,8,0.7273,The radio operator's logbook continues in volume,EV89,DF65,-0.878286600112915,-2.064281463623047,-2.028533458709717,20.564945941092446,20.077535604243167,21.257800451130606
5,1.0,9,0.8182,The reserve fuel depot is listed at site code,QE26,ME17,-0.9870715141296387,-0.4244246482849121,-0.654292106628418,15.989473043591715,15.211487480439246,15.253312424640171
5,1.0,10,0.9091,The telegraph repeater hut answers to station code,AA36,PK28,-0.40799903869628906,-0.36310482025146484,-0.12041568756103516,18.015208312834147,15.910611670464277,16.545495249680243
5,1.0,11,1.0,The observatory's spare mirror was ordered as part number,GF31,SQ72,0.06958818435668945,1.4173221588134766,0.32448339462280273,19.887495965289418,19.298104069079272,19.539948481949978
5,2.0,0,0.0,The coastal watchtower is designated post,SA69,VT61,0.12002277374267578,-0.6138944625854492,0.6887259483337402,17.24025294254534,16.373480508103967,18.82196022104472
5,2.0,1,0.0909,The cartography office safe opens with combination,HW16,BH86,-1.9902558326721191,-1.8125,-1.5431761741638184,19.70218854479026,16.985988799482584,16.791760370135307
5,2.0,2,0.1818,The quartermaster's tally sheet uses form number,FD57,MJ68,-0.6002774238586426,-0.7316527366638184,-0.8266487121582031,17.73880404094234,11.579271793365479,12.52573593519628
5,2.0,3,0.2727,The auxiliary generator was tagged asset number,RH58,WP28,0.39357948303222656,0.24097681045532227,1.3857622146606445,19.044504720834084,18.461355723440647,16.21656977944076
5,2.0,4,0.3636,The winter quarters roof panel came from batch,TD83,BW14,-0.09468221664428711,-1.4657678604125977,-0.8846931457519531,15.800284827128053,16.175374075770378,14.736936973407865
5,2.0,5,0.4545,The seismograph at Ridge Camp reports as instrument,HA37,RL36,-1.674227237701416,-1.7399396896362305,-1.8762788772583008,17.712759398156777,16.90610608458519,15.971238951664418
5,2.0,6,0.5455,The eastern pumping station runs on circuit label,PJ33,EZ82,0.8792715072631836,1.4681859016418457,1.964972972869873,16.863918981864117,16.05058091576211,15.878045121207833
5,2.0,7,0.6364,The salvage tender was registered with hull number,NF19,EW62,0.41352272033691406,-2.2446727752685547,-2.0580127239227295,12.707432180759497,12.303690045606345,12.650792286731303
5,2.0,8,0.7273,The radio operator's logbook continues in volume,EV89,DF65,-0.878286600112915,-0.8735475540161133,-1.853541374206543,20.564945941092446,20.89592392835766,20.50579450163059
5,2.0,9,0.8182,The reserve fuel depot is listed at site code,QE26,ME17,-0.9870715141296387,-0.41474342346191406,-0.7916288375854492,15.989473043591715,12.217433935962617,12.28261922718957
5,2.0,10,0.9091,The telegraph repeater hut answers to station code,AA36,PK28,-0.40799903869628906,0.9759082794189453,1.257796287536621,18.015208312834147,17.83724201703444,16.89027996454388
5,2.0,11,1.0,The observatory's spare mirror was ordered as part number,GF31,SQ72,0.06958818435668945,2.236074924468994,1.708432674407959,19.887495965289418,14.810968232806772,15.636772013735026
5,3.0,0,0.0,The coastal watchtower is designated post,SA69,VT61,0.12002277374267578,-0.4438619613647461,2.545592784881592,17.24025294254534,15.795878008008003,14.754260078072548
5,3.0,1,0.0909,The cartography office safe opens with combination,HW16,BH86,-1.9902558326721191,-5.540857315063477,-4.275838375091553,19.70218854479026,15.344327591359615,15.005207501351833
5,3.0,2,0.1818,The quartermaster's tally sheet uses form number,FD57,MJ68,-0.6002774238586426,-2.666254997253418,-2.5871758460998535,17.73880404094234,12.941547244787216,10.787595272064209
5,3.0,3,0.2727,The auxiliary generator was tagged asset number,RH58,WP28,0.39357948303222656,0.0722813606262207,0.3409137725830078,19.044504720834084,18.140784335322678,18.87350919470191
5,3.0,4,0.3636,The winter quarters roof panel came from batch,TD83,BW14,-0.09468221664428711,0.6472077369689941,-0.0144195556640625,15.800284827128053,14.259224623441696,14.784539789892733
5,3.0,5,0.4545,The seismograph at Ridge Camp reports as instrument,HA37,RL36,-1.674227237701416,0.752070426940918,-1.6966586112976074,17.712759398156777,16.994466818869114,19.057447699829936
5,3.0,6,0.5455,The eastern pumping station runs on circuit label,PJ33,EZ82,0.8792715072631836,1.2962474822998047,2.7533841133117676,16.863918981864117,11.687621638178825,15.09680201811716
5,3.0,7,0.6364,The salvage tender was registered with hull number,NF19,EW62,0.41352272033691406,-0.7556629180908203,-0.24237966537475586,12.707432180759497,14.614834256470203,15.007198512554169
5,3.0,8,0.7273,The radio operator's logbook continues in volume,EV89,DF65,-0.878286600112915,-0.6535100936889648,-2.02468204498291,20.564945941092446,19.429083809256554,22.797867890447378
5,3.0,9,0.8182,The reserve fuel depot is listed at site code,QE26,ME17,-0.9870715141296387,-1.6029129028320312,-1.591965675354004,15.989473043591715,12.947488509118557,12.185932974331081
5,3.0,10,0.9091,The telegraph repeater hut answers to station code,AA36,PK28,-0.40799903869628906,3.137972354888916,2.993736743927002,18.015208312834147,18.16366942366585,17.22725729481317
5,3.0,11,1.0,The observatory's spare mirror was ordered as part number,GF31,SQ72,0.06958818435668945,7.260196208953857,3.6921632289886475,19.887495965289418,16.318657356780022,13.906152765732259
5,4.0,0,0.0,The coastal watchtower is designated post,SA69,VT61,0.12002277374267578,0.08296728134155273,2.6695003509521484,17.24025294254534,12.643584862351418,13.444055259227753
5,4.0,1,0.0909,The cartography office safe opens with combination,HW16,BH86,-1.9902558326721191,-4.558183193206787,-5.1660332679748535,19.70218854479026,14.074184611439705,14.2351635992527
5,4.0,2,0.1818,The quartermaster's tally sheet uses form number,FD57,MJ68,-0.6002774238586426,-2.670650005340576,-4.3294758796691895,17.73880404094234,12.430616438388824,9.46903771162033
5,4.0,3,0.2727,The auxiliary generator was tagged asset number,RH58,WP28,0.39357948303222656,-0.7216639518737793,0.5644831657409668,19.044504720834084,14.752757340669632,14.959325976669788
5,4.0,4,0.3636,The winter quarters roof panel came from batch,TD83,BW14,-0.09468221664428711,4.0927581787109375,3.2983951568603516,15.800284827128053,14.937569800764322,14.252023085951805
5,4.0,5,0.4545,The seismograph at Ridge Camp reports as instrument,HA37,RL36,-1.674227237701416,-2.0112342834472656,-1.6244783401489258,17.712759398156777,14.663933172821999,16.234559148550034
5,4.0,6,0.5455,The eastern pumping station runs on circuit label,PJ33,EZ82,0.8792715072631836,-0.6448664665222168,-0.3357083797454834,16.863918981864117,11.194652751088142,15.529136719182134
5,4.0,7,0.6364,The salvage tender was registered with hull number,NF19,EW62,0.41352272033691406,1.2186589241027832,-1.6291627883911133,12.707432180759497,11.208407759666443,11.17221114039421
5,4.0,8,0.7273,The radio operator's logbook continues in volume,EV89,DF65,-0.878286600112915,-1.3038711547851562,-1.2717742919921875,20.564945941092446,19.34130972623825,20.76899315416813
5,4.0,9,0.8182,The reserve fuel depot is listed at site code,QE26,ME17,-0.9870715141296387,-2.256429672241211,-3.6846280097961426,15.989473043591715,10.28896963596344,8.587913855910301
5,4.0,10,0.9091,The telegraph repeater hut answers to station code,AA36,PK28,-0.40799903869628906,4.984039783477783,1.2950634956359863,18.015208312834147,16.13724617101252,15.691889618523419
5,4.0,11,1.0,The observatory's spare mirror was ordered as part number,GF31,SQ72,0.06958818435668945,3.0979084968566895,0.9519462585449219,19.887495965289418,16.014714463613927,14.286954884417355
5,5.0,0,0.0,The coastal watchtower is designated post,SA69,VT61,0.12002277374267578,-0.11840677261352539,4.367060661315918,17.24025294254534,4.035121202468872,13.087534934282303
5,5.0,1,0.0909,The cartography office safe opens with combination,HW16,BH86,-1.9902558326721191,-2.347341537475586,-4.383501052856445,19.70218854479026,7.803396821022034,3.2420103549957275
5,5.0,2,0.1818,The quartermaster's tally sheet uses form number,FD57,MJ68,-0.6002774238586426,-2.1373672485351562,-2.978483200073242,17.73880404094234,6.771931827068329,0.9615888595581055
5,5.0,3,0.2727,The auxiliary generator was tagged asset number,RH58,WP28,0.39357948303222656,0.07645416259765625,2.4385976791381836,19.044504720834084,12.123130798339844,6.765937566757202
5,5.0,4,0.3636,The winter quarters roof panel came from batch,TD83,BW14,-0.09468221664428711,1.752424716949463,4.519219398498535,15.800284827128053,9.009693317115307,6.235596984624863
5,5.0,5,0.4545,The seismograph at Ridge Camp reports as instrument,HA37,RL36,-1.674227237701416,0.8995881080627441,-1.1374402046203613,17.712759398156777,12.96439203619957,12.29442048072815
5,5.0,6,0.5455,The eastern pumping station runs on circuit label,PJ33,EZ82,0.8792715072631836,0.5930352210998535,1.3982338905334473,16.863918981864117,13.110209256410599,13.053092390298843
5,5.0,7,0.6364,The salvage tender was registered with hull number,NF19,EW62,0.41352272033691406,-2.115438938140869,0.6507730484008789,12.707432180759497,9.622297614812851,8.172929137945175
5,5.0,8,0.7273,The radio operator's logbook continues in volume,EV89,DF65,-0.878286600112915,-1.4800028800964355,-3.00461483001709,20.564945941092446,19.287366837263107,20.695664420723915
5,5.0,9,0.8182,The reserve fuel depot is listed at site code,QE26,ME17,-0.9870715141296387,-3.447561740875244,-3.7367568016052246,15.989473043591715,11.133995771408081,6.530585825443268
5,5.0,10,0.9091,The telegraph repeater hut answers to station code,AA36,PK28,-0.40799903869628906,5.003096580505371,1.496652603149414,18.015208312834147,13.622347813099623,10.713326033204794
5,5.0,11,1.0,The observatory's spare mirror was ordered as part number,GF31,SQ72,0.06958818435668945,3.441380023956299,-0.12892532348632812,19.887495965289418,14.320361347869039,9.541864812374115
5,6.0,0,0.0,The coastal watchtower is designated post,SA69,VT61,0.12002277374267578,0.4106483459472656,4.166083335876465,17.24025294254534,6.266778111457825,9.172829389572144
5,6.0,1,0.0909,The cartography office safe opens with combination,HW16,BH86,-1.9902558326721191,-3.7960739135742188,-2.846360683441162,19.70218854479026,5.658093214035034,1.5399773120880127
5,6.0,2,0.1818,The quartermaster's tally sheet uses form number,FD57,MJ68,-0.6002774238586426,-0.9772367477416992,-0.681149959564209,17.73880404094234,5.104594349861145,0.1469888687133789
5,6.0,3,0.2727,The auxiliary generator was tagged asset number,RH58,WP28,0.39357948303222656,2.087803363800049,0.9035491943359375,19.044504720834084,10.658905506134033,3.8092918395996094
5,6.0,4,0.3636,The winter quarters roof panel came from batch,TD83,BW14,-0.09468221664428711,1.3450102806091309,2.586719512939453,15.800284827128053,9.210302487015724,2.95733106136322
5,6.0,5,0.4545,The seismograph at Ridge Camp reports as instrument,HA37,RL36,-1.674227237701416,0.07790231704711914,-1.4878578186035156,17.712759398156777,12.27366554737091,10.25998592376709
5,6.0,6,0.5455,The eastern pumping station runs on circuit label,PJ33,EZ82,0.8792715072631836,0.38066625595092773,0.994694709777832,16.863918981864117,11.806023478507996,9.783897578716278
5,6.0,7,0.6364,The salvage tender was registered with hull number,NF19,EW62,0.41352272033691406,-1.1905450820922852,1.400275707244873,12.707432180759497,9.720215052366257,7.530071973800659
5,6.0,8,0.7273,The radio operator's logbook continues in volume,EV89,DF65,-0.878286600112915,-1.8086791038513184,-2.1861743927001953,20.564945941092446,18.530054032802582,18.90812197327614
5,6.0,9,0.8182,The reserve fuel depot is listed at site code,QE26,ME17,-0.9870715141296387,-2.6707496643066406,-2.879349708557129,15.989473043591715,9.304112672805786,7.519920349121094
5,6.0,10,0.9091,The telegraph repeater hut answers to station code,AA36,PK28,-0.40799903869628906,3.3517980575561523,1.042222499847412,18.015208312834147,12.77789632230997,11.753296881914139
5,6.0,11,1.0,The observatory's spare mirror was ordered as part number,GF31,SQ72,0.06958818435668945,1.2457666397094727,-1.3671607971191406,19.887495965289418,11.356330573558807,10.322148248553276
5,7.0,0,0.0,The coastal watchtower is designated post,SA69,VT61,0.12002277374267578,2.517620086669922,3.271930694580078,17.24025294254534,3.8927358388900757,6.355539083480835
5,7.0,1,0.0909,The cartography office safe opens with combination,HW16,BH86,-1.9902558326721191,-2.708592414855957,-3.168055534362793,19.70218854479026,1.3551130294799805,-0.3029651641845703
5,7.0,2,0.1818,The quartermaster's tally sheet uses form number,FD57,MJ68,-0.6002774238586426,-1.3943710327148438,-2.6917619705200195,17.73880404094234,3.786458134651184,-0.8266940116882324
5,7.0,3,0.2727,The auxiliary generator was tagged asset number,RH58,WP28,0.39357948303222656,2.1079273223876953,0.4975094795227051,19.044504720834084,7.539420485496521,6.272261381149292
5,7.0,4,0.3636,The winter quarters roof panel came from batch,TD83,BW14,-0.09468221664428711,2.6042308807373047,4.227177858352661,15.800284827128053,6.820927977561951,1.9371768236160278
5,7.0,5,0.4545,The seismograph at Ridge Camp reports as instrument,HA37,RL36,-1.674227237701416,-0.9997615814208984,-1.6107511520385742,17.712759398156777,12.374051362276077,10.591605067253113
5,7.0,6,0.5455,The eastern pumping station runs on circuit label,PJ33,EZ82,0.8792715072631836,-0.05293750762939453,-0.737546443939209,16.863918981864117,10.390060931444168,8.903114199638367
5,7.0,7,0.6364,The salvage tender was registered with hull number,NF19,EW62,0.41352272033691406,0.06831836700439453,1.2987866401672363,12.707432180759497,7.465419292449951,4.373472094535828
5,7.0,8,0.7273,The radio operator's logbook continues in volume,EV89,DF65,-0.878286600112915,-0.5257611274719238,-1.7745623588562012,20.564945941092446,17.17332936823368,16.34681338071823
5,7.0,9,0.8182,The reserve fuel depot is listed at site code,QE26,ME17,-0.9870715141296387,-2.554973602294922,-3.3382372856140137,15.989473043591715,9.88815975189209,7.187860131263733
5,7.0,10,0.9091,The telegraph repeater hut answers to station code,AA36,PK28,-0.40799903869628906,1.8975768089294434,1.6241426467895508,18.015208312834147,11.089114725589752,14.271890714764595
5,7.0,11,1.0,The observatory's spare mirror was ordered as part number,GF31,SQ72,0.06958818435668945,-0.04217386245727539,-0.7904858589172363,19.887495965289418,9.886360764503479,10.803051918745041
5,8.0,0,0.0,The coastal watchtower is designated post,SA69,VT61,0.12002277374267578,4.206082344055176,3.3802194595336914,17.24025294254534,1.3100252151489258,4.381956100463867
5,8.0,1,0.0909,The cartography office safe opens with combination,HW16,BH86,-1.9902558326721191,-1.7077827453613281,-2.7640957832336426,19.70218854479026,2.7344682216644287,1.9210295677185059
5,8.0,2,0.1818,The quartermaster's tally sheet uses form number,FD57,MJ68,-0.6002774238586426,-2.540651798248291,-1.606100082397461,17.73880404094234,1.396848201751709,1.7853360176086426
5,8.0,3,0.2727,The auxiliary generator was tagged asset number,RH58,WP28,0.39357948303222656,2.435624122619629,0.5311012268066406,19.044504720834084,8.935079097747803,6.594789922237396
5,8.0,4,0.3636,The winter quarters roof panel came from batch,TD83,BW14,-0.09468221664428711,2.907114028930664,4.390700101852417,15.800284827128053,5.10873019695282,2.3759719133377075
5,8.0,5,0.4545,The seismograph at Ridge Camp reports as instrument,HA37,RL36,-1.674227237701416,-2.218398094177246,-2.447192668914795,17.712759398156777,10.529168725013733,10.6332328915596
5,8.0,6,0.5455,The eastern pumping station runs on circuit label,PJ33,EZ82,0.8792715072631836,-0.8283548355102539,-0.4200272560119629,16.863918981864117,12.78180706501007,9.642173945903778
5,8.0,7,0.6364,The salvage tender was registered with hull number,NF19,EW62,0.41352272033691406,-1.2601971626281738,1.9429841041564941,12.707432180759497,8.74522352218628,4.946138322353363
5,8.0,8,0.7273,The radio operator's logbook continues in volume,EV89,DF65,-0.878286600112915,-1.7669010162353516,-0.8631591796875,20.564945941092446,15.734555646777153,17.002376943826675
5,8.0,9,0.8182,The reserve fuel depot is listed at site code,QE26,ME17,-0.9870715141296387,-1.9332466125488281,-2.3474788665771484,15.989473043591715,9.216154277324677,9.129768133163452
5,8.0,10,0.9091,The telegraph repeater hut answers to station code,AA36,PK28,-0.40799903869628906,1.2088375091552734,2.538895606994629,18.015208312834147,11.490678757429123,14.39220654964447
5,8.0,11,1.0,The observatory's spare mirror was ordered as part number,GF31,SQ72,0.06958818435668945,0.28142595291137695,0.5577502250671387,19.887495965289418,9.431048586964607,7.91933798789978
6,1.0,0,0.0,The radio operator's logbook continues in volume,UC72,CS64,0.339200496673584,0.04216194152832031,-0.5240254402160645,19.101450396701694,15.939104239689186,15.264844958670437
6,1.0,1,0.0909,The winter supply manifest lists lot number,JB10,RK62,-0.5735301971435547,-0.6491885185241699,-0.27161693572998047,17.366630676668137,16.147888831794262,16.67241199349519
6,1.0,2,0.1818,The assay laboratory furnace is a model,EX85,CG97,-0.8321094512939453,1.1567411422729492,1.0693578720092773,15.804365363903344,17.191665437072515,18.524285435676575
6,1.0,3,0.2727,The expedition's spare sledge carries equipment tag,RZ57,ZF12,-1.1176438331604004,-0.7575244903564453,-0.7115788459777832,19.931202147330623,18.261826017289422,19.171177509473637
6,1.0,4,0.3636,The meteorological buoy broadcasts on transponder code,LA44,AT25,0.7403092384338379,0.4407997131347656,0.37535810470581055,15.772820323240012,14.350354845752008,14.813689743401483
6,1.0,5,0.4545,The signal lamp housing takes fitting code,RG62,JP63,0.8060727119445801,0.20423603057861328,0.41457653045654297,15.206598525168374,17.1428196253255,16.7989624341717
6,1.0,6,0.5455,The botanical specimen case holds accession number,TT97,VR44,-1.1243219375610352,-1.6806464195251465,-2.0531630516052246,17.822953447233886,17.98541999293957,17.459888719255105
6,1.0,7,0.6364,Ansel's transit permit was issued as document number,DG82,VR94,2.396455764770508,2.1818718910217285,2.104678153991699,18.035215025302023,18.722269080375554,18.974526851117844
6,1.0,8,0.7273,The mail packet from Vlissen came in pouch number,TY43,RR28,0.21920013427734375,0.1977853775024414,0.2132110595703125,17.351369512616657,18.619707613193896,18.583743056544336
6,1.0,9,0.8182,The lighthouse relief roster follows schedule,XV97,KW69,-0.6559658050537109,-1.090958595275879,-0.5441756248474121,17.921557799214497,17.60928076086566,17.842907073965762
6,1.0,10,0.9091,The harbour pilot's licence shows registration code,CP52,LM94,-0.2837100028991699,-0.18458175659179688,-0.5026345252990723,17.282430613180622,17.252655964926817,17.65063130587805
6,1.0,11,1.0,The hydrographic chart set reached edition,CM62,LW60,1.423551082611084,2.0713839530944824,1.8710179328918457,19.46840591309592,19.984741414664313,19.546907394891605
6,2.0,0,0.0,The radio operator's logbook continues in volume,UC72,CS64,0.339200496673584,-1.1060938835144043,-0.5953202247619629,19.101450396701694,15.822362134233117,16.936536643654108
6,2.0,1,0.0909,The winter supply manifest lists lot number,JB10,RK62,-0.5735301971435547,-0.057641029357910156,0.42836618423461914,17.366630676668137,12.374500043690205,18.96240465901792
6,2.0,2,0.1818,The assay laboratory furnace is a model,EX85,CG97,-0.8321094512939453,1.765510082244873,1.400740623474121,15.804365363903344,15.337073735892773,16.562736937776208
6,2.0,3,0.2727,The expedition's spare sledge carries equipment tag,RZ57,ZF12,-1.1176438331604004,-1.5034432411193848,0.8039975166320801,19.931202147330623,15.146787085570395,18.796710252412595
6,2.0,4,0.3636,The meteorological buoy broadcasts on transponder code,LA44,AT25,0.7403092384338379,0.33596324920654297,0.08590364456176758,15.772820323240012,14.16638499032706,15.004410526715219
6,2.0,5,0.4545,The signal lamp housing takes fitting code,RG62,JP63,0.8060727119445801,-0.5099978446960449,-0.4884047508239746,15.206598525168374,13.882424098672345,14.19752090855036
6,2.0,6,0.5455,The botanical specimen case holds accession number,TT97,VR44,-1.1243219375610352,-1.9583163261413574,-0.2516365051269531,17.822953447233886,15.991211745887995,17.4602140635252
6,2.0,7,0.6364,Ansel's transit permit was issued as document number,DG82,VR94,2.396455764770508,2.6904730796813965,3.094667911529541,18.035215025302023,16.125250254990533,17.283300594775937
6,2.0,8,0.7273,The mail packet from Vlissen came in pouch number,TY43,RR28,0.21920013427734375,-0.08165740966796875,-1.3201603889465332,17.351369512616657,15.475535362027586,15.788771707564592
6,2.0,9,0.8182,The lighthouse relief roster follows schedule,XV97,KW69,-0.6559658050537109,-2.4697437286376953,-2.454957962036133,17.921557799214497,14.174958261661232,17.65769658377394
6,2.0,10,0.9091,The harbour pilot's licence shows registration code,CP52,LM94,-0.2837100028991699,0.12800168991088867,-0.27909016609191895,17.282430613180622,14.6186254885979,16.2833969630301
6,2.0,11,1.0,The hydrographic chart set reached edition,CM62,LW60,1.423551082611084,2.510002613067627,0.021724224090576172,19.46840591309592,18.49485832452774,20.822737906128168
6,3.0,0,0.0,The radio operator's logbook continues in volume,UC72,CS64,0.339200496673584,0.0915384292602539,-1.1932849884033203,19.101450396701694,14.688725158572197,14.918856017291546
6,3.0,1,0.0909,The winter supply manifest lists lot number,JB10,RK62,-0.5735301971435547,1.817509651184082,-0.08356904983520508,17.366630676668137,14.98954752087593,14.731786131858826
6,3.0,2,0.1818,The assay laboratory furnace is a model,EX85,CG97,-0.8321094512939453,3.3912315368652344,5.282890319824219,15.804365363903344,15.857552716508508,16.55188735201955
6,3.0,3,0.2727,The expedition's spare sledge carries equipment tag,RZ57,ZF12,-1.1176438331604004,-0.34744882583618164,4.427921295166016,19.931202147330623,16.317090205848217,16.00085400044918
6,3.0,4,0.3636,The meteorological buoy broadcasts on transponder code,LA44,AT25,0.7403092384338379,-1.7936673164367676,-0.5272555351257324,15.772820323240012,16.460290119983256,17.743234620429575
6,3.0,5,0.4545,The signal lamp housing takes fitting code,RG62,JP63,0.8060727119445801,-2.7813944816589355,-3.395843505859375,15.206598525168374,14.072651863098145,15.621111734770238
6,3.0,6,0.5455,The botanical specimen case holds accession number,TT97,VR44,-1.1243219375610352,-2.2926135063171387,-0.005120277404785156,17.822953447233886,19.9864065842703,18.68056507408619
6,3.0,7,0.6364,Ansel's transit permit was issued as document number,DG82,VR94,2.396455764770508,1.2312374114990234,-1.0150609016418457,18.035215025302023,18.628665463998914,15.988602279685438
6,3.0,8,0.7273,The mail packet from Vlissen came in pouch number,TY43,RR28,0.21920013427734375,-2.415024757385254,-3.649545192718506,17.351369512616657,16.33323186635971,16.229295156896114
6,3.0,9,0.8182,The lighthouse relief roster follows schedule,XV97,KW69,-0.6559658050537109,-4.306236267089844,-3.168152332305908,17.921557799214497,16.68166538514197,17.865244664251804
6,3.0,10,0.9091,The harbour pilot's licence shows registration code,CP52,LM94,-0.2837100028991699,1.0132927894592285,-2.678593635559082,17.282430613180622,16.618660239037126,15.855281118769199
6,3.0,11,1.0,The hydrographic chart set reached edition,CM62,LW60,1.423551082611084,5.197133302688599,-0.16571855545043945,19.46840591309592,20.461508696898818,21.373608184047043
6,4.0,0,0.0,The radio operator's logbook continues in volume,UC72,CS64,0.339200496673584,2.6498308181762695,0.39599609375,19.101450396701694,16.07682541012764,14.598008289933205
6,4.0,1,0.0909,The winter supply manifest lists lot number,JB10,RK62,-0.5735301971435547,1.4547944068908691,1.0418758392333984,17.366630676668137,11.910338759422302,10.504564464092255
6,4.0,2,0.1818,The assay laboratory furnace is a model,EX85,CG97,-0.8321094512939453,4.324793338775635,1.3345074653625488,15.804365363903344,17.36588230729103,12.82798594981432
6,4.0,3,0.2727,The expedition's spare sledge carries equipment tag,RZ57,ZF12,-1.1176438331604004,2.9193029403686523,4.3874735832214355,19.931202147330623,13.648445665836334,16.65100873634219
6,4.0,4,0.3636,The meteorological buoy broadcasts on transponder code,LA44,AT25,0.7403092384338379,-2.0501675605773926,-2.4519357681274414,15.772820323240012,12.416429325938225,15.45470479875803
6,4.0,5,0.4545,The signal lamp housing takes fitting code,RG62,JP63,0.8060727119445801,-5.593363285064697,-2.7463579177856445,15.206598525168374,14.155219666659832,14.643781762570143
6,4.0,6,0.5455,The botanical specimen case holds accession number,TT97,VR44,-1.1243219375610352,-2.0053224563598633,-1.0951600074768066,17.822953447233886,19.052999494597316,15.520573571324348
6,4.0,7,0.6364,Ansel's transit permit was issued as document number,DG82,VR94,2.396455764770508,-2.931358575820923,-0.367218017578125,18.035215025302023,16.431111089885235,14.903936248272657
6,4.0,8,0.7273,The mail packet from Vlissen came in pouch number,TY43,RR28,0.21920013427734375,1.459078311920166,-0.35648488998413086,17.351369512616657,15.169545769691467,14.642864622175694
6,4.0,9,0.8182,The lighthouse relief roster follows schedule,XV97,KW69,-0.6559658050537109,-6.376820087432861,-2.3652443885803223,17.921557799214497,18.166835822165012,15.699285794049501
6,4.0,10,0.9091,The harbour pilot's licence shows registration code,CP52,LM94,-0.2837100028991699,2.8419742584228516,-1.1992316246032715,17.282430613180622,17.273277832660824,13.967165188863873
6,4.0,11,1.0,The hydrographic chart set reached edition,CM62,LW60,1.423551082611084,7.640683174133301,2.314262866973877,19.46840591309592,20.574287666007876,19.69341481756419
6,5.0,0,0.0,The radio operator's logbook continues in volume,UC72,CS64,0.339200496673584,2.001953125,-2.147787094116211,19.101450396701694,13.887453109025955,3.8826470375061035
6,5.0,1,0.0909,The winter supply manifest lists lot number,JB10,RK62,-0.5735301971435547,0.6272692680358887,0.7908759117126465,17.366630676668137,10.839659571647644,9.152884125709534
6,5.0,2,0.1818,The assay laboratory furnace is a model,EX85,CG97,-0.8321094512939453,5.6773762702941895,1.715075969696045,15.804365363903344,15.77999334037304,15.747922033071518
6,5.0,3,0.2727,The expedition's spare sledge carries equipment tag,RZ57,ZF12,-1.1176438331604004,3.1655707359313965,4.345790386199951,19.931202147330623,12.999382704496384,15.089646339416504
6,5.0,4,0.3636,The meteorological buoy broadcasts on transponder code,LA44,AT25,0.7403092384338379,-0.3704056739807129,-2.3766822814941406,15.772820323240012,7.441073954105377,12.107120990753174
6,5.0,5,0.4545,The signal lamp housing takes fitting code,RG62,JP63,0.8060727119445801,-4.7549052238464355,-2.8732385635375977,15.206598525168374,10.905387327075005,14.454706847667694
6,5.0,6,0.5455,The botanical specimen case holds accession number,TT97,VR44,-1.1243219375610352,-1.0418763160705566,0.08226299285888672,17.822953447233886,18.74052656441927,15.78437526524067
6,5.0,7,0.6364,Ansel's transit permit was issued as document number,DG82,VR94,2.396455764770508,-5.362914323806763,0.3183605670928955,18.035215025302023,18.706401363015175,15.449271947145462
6,5.0,8,0.7273,The mail packet from Vlissen came in pouch number,TY43,RR28,0.21920013427734375,-1.1608366966247559,-0.7870645523071289,17.351369512616657,16.589399203658104,15.790733009576797
6,5.0,9,0.8182,The lighthouse relief roster follows schedule,XV97,KW69,-0.6559658050537109,-3.329862594604492,-1.0261650085449219,17.921557799214497,16.483551617711782,15.50554883107543
6,5.0,10,0.9091,The harbour pilot's licence shows registration code,CP52,LM94,-0.2837100028991699,1.0322160720825195,-0.5561690330505371,17.282430613180622,16.99694620538503,15.065933246165514
6,5.0,11,1.0,The hydrographic chart set reached edition,CM62,LW60,1.423551082611084,4.062239646911621,2.828843116760254,19.46840591309592,20.329988261684775,19.834774143993855
6,6.0,0,0.0,The radio operator's logbook continues in volume,UC72,CS64,0.339200496673584,2.494433879852295,-2.581754684448242,19.101450396701694,5.956706285476685,1.635157585144043
6,6.0,1,0.0909,The winter supply manifest lists lot number,JB10,RK62,-0.5735301971435547,0.9130377769470215,3.838975429534912,17.366630676668137,5.493712902069092,8.570191621780396
6,6.0,2,0.1818,The assay laboratory furnace is a model,EX85,CG97,-0.8321094512939453,5.887548446655273,2.7697949409484863,15.804365363903344,13.05755439400673,13.79044771194458
6,6.0,3,0.2727,The expedition's spare sledge carries equipment tag,RZ57,ZF12,-1.1176438331604004,2.977653980255127,1.4833598136901855,19.931202147330623,12.907457798719406,7.25184178352356
6,6.0,4,0.3636,The meteorological buoy broadcasts on transponder code,LA44,AT25,0.7403092384338379,-2.244997024536133,-3.0212230682373047,15.772820323240012,7.210612058639526,10.084199786186218
6,6.0,5,0.4545,The signal lamp housing takes fitting code,RG62,JP63,0.8060727119445801,-5.162841320037842,-5.2445220947265625,15.206598525168374,10.48240651190281,11.049816727638245
6,6.0,6,0.5455,The botanical specimen case holds accession number,TT97,VR44,-1.1243219375610352,-0.6308674812316895,-1.5005207061767578,17.822953447233886,16.746295660734177,13.254978001117706
6,6.0,7,0.6364,Ansel's transit permit was issued as document number,DG82,VR94,2.396455764770508,-5.225744247436523,-1.5056114196777344,18.035215025302023,15.667137362062931,11.992666482925415
6,6.0,8,0.7273,The mail packet from Vlissen came in pouch number,TY43,RR28,0.21920013427734375,-0.34523868560791016,-0.1225275993347168,17.351369512616657,14.282320462167263,11.749120235443115
6,6.0,9,0.8182,The lighthouse relief roster follows schedule,XV97,KW69,-0.6559658050537109,-1.3784265518188477,-2.300459861755371,17.921557799214497,13.285351794213057,15.946610063314438
6,6.0,10,0.9091,The harbour pilot's licence shows registration code,CP52,LM94,-0.2837100028991699,-0.250948429107666,-4.085294485092163,17.282430613180622,14.129324454814196,16.111690290272236
6,6.0,11,1.0,The hydrographic chart set reached edition,CM62,LW60,1.423551082611084,3.334535598754883,1.2552342414855957,19.46840591309592,20.73923411872238,19.875912968069315
6,7.0,0,0.0,The radio operator's logbook continues in volume,UC72,CS64,0.339200496673584,-1.0531134605407715,-2.1017961502075195,19.101450396701694,6.186826229095459,-0.13391923904418945
6,7.0,1,0.0909,The winter supply manifest lists lot number,JB10,RK62,-0.5735301971435547,0.15355205535888672,3.15157413482666,17.366630676668137,6.334114074707031,4.301130771636963
6,7.0,2,0.1818,The assay laboratory furnace is a model,EX85,CG97,-0.8321094512939453,5.502991676330566,2.82423734664917,15.804365363903344,8.716647386550903,11.26885324716568
6,7.0,3,0.2727,The expedition's spare sledge carries equipment tag,RZ57,ZF12,-1.1176438331604004,4.6020002365112305,1.04124116897583,19.931202147330623,13.561509728431702,4.934453964233398
6,7.0,4,0.3636,The meteorological buoy broadcasts on transponder code,LA44,AT25,0.7403092384338379,-1.1598052978515625,-1.5762300491333008,15.772820323240012,9.13114881515503,8.24409306049347
6,7.0,5,0.4545,The signal lamp housing takes fitting code,RG62,JP63,0.8060727119445801,-3.36690616607666,-5.974488258361816,15.206598525168374,11.359305784106255,9.255680978298187
6,7.0,6,0.5455,The botanical specimen case holds accession number,TT97,VR44,-1.1243219375610352,-0.559384822845459,-0.9396824836730957,17.822953447233886,13.686757385730743,12.709120213985443
6,7.0,7,0.6364,Ansel's transit permit was issued as document number,DG82,VR94,2.396455764770508,-5.751483261585236,-2.9414557218551636,18.035215025302023,15.224842712283134,14.217062056064606
6,7.0,8,0.7273,The mail packet from Vlissen came in pouch number,TY43,RR28,0.21920013427734375,-0.4245486259460449,-0.8001670837402344,17.351369512616657,14.699534565210342,11.058573842048645
6,7.0,9,0.8182,The lighthouse relief roster follows schedule,XV97,KW69,-0.6559658050537109,-1.4028210639953613,-0.27211618423461914,17.921557799214497,16.981137171387672,17.645429119467735
6,7.0,10,0.9091,The harbour pilot's licence shows registration code,CP52,LM94,-0.2837100028991699,-0.018049240112304688,-2.483760356903076,17.282430613180622,13.068359278142452,16.272343683987856
6,7.0,11,1.0,The hydrographic chart set reached edition,CM62,LW60,1.423551082611084,3.9928579330444336,1.8367042541503906,19.46840591309592,18.065678499639034,19.620252214372158
6,8.0,0,0.0,The radio operator's logbook continues in volume,UC72,CS64,0.339200496673584,-2.369807243347168,-1.6889700889587402,19.101450396701694,2.400240898132324,0.9706125259399414
6,8.0,1,0.0909,The winter supply manifest lists lot number,JB10,RK62,-0.5735301971435547,0.6072635650634766,4.390857696533203,17.366630676668137,6.535255670547485,0.19269275665283203
6,8.0,2,0.1818,The assay laboratory furnace is a model,EX85,CG97,-0.8321094512939453,5.605900764465332,1.8279523849487305,15.804365363903344,5.358170509338379,9.299827575683594
6,8.0,3,0.2727,The expedition's spare sledge carries equipment tag,RZ57,ZF12,-1.1176438331604004,3.8952231407165527,0.803858757019043,19.931202147330623,11.862275242805481,7.654521465301514
6,8.0,4,0.3636,The meteorological buoy broadcasts on transponder code,LA44,AT25,0.7403092384338379,0.3080458641052246,-2.412036895751953,15.772820323240012,10.206850558519363,7.735913157463074
6,8.0,5,0.4545,The signal lamp housing takes fitting code,RG62,JP63,0.8060727119445801,-3.162930965423584,-4.122222423553467,15.206598525168374,8.478765785694122,9.32308053970337
6,8.0,6,0.5455,The botanical specimen case holds accession number,TT97,VR44,-1.1243219375610352,0.7088122367858887,-0.5145831108093262,17.822953447233886,13.291497141122818,13.68871733546257
6,8.0,7,0.6364,Ansel's transit permit was issued as document number,DG82,VR94,2.396455764770508,-5.738415002822876,-3.9792406260967255,18.035215025302023,12.535851135849953,12.866514801979065
6,8.0,8,0.7273,The mail packet from Vlissen came in pouch number,TY43,RR28,0.21920013427734375,1.8881587982177734,-0.7192401885986328,17.351369512616657,14.271100878715515,10.243933767080307
6,8.0,9,0.8182,The lighthouse relief roster follows schedule,XV97,KW69,-0.6559658050537109,-0.45898914337158203,-1.5360193252563477,17.921557799214497,16.830079335719347,12.987849980592728
6,8.0,10,0.9091,The harbour pilot's licence shows registration code,CP52,LM94,-0.2837100028991699,-2.50665283203125,0.5768074989318848,17.282430613180622,12.56210544705391,11.904720641672611
6,8.0,11,1.0,The hydrographic chart set reached edition,CM62,LW60,1.423551082611084,3.295736789703369,0.8072476387023926,19.46840591309592,17.84626902639866,19.433476887643337
7,1.0,0,0.0,The seismograph at Ridge Camp reports as instrument,LE60,DR17,-0.7970552444458008,-0.8890194892883301,-0.4448413848876953,19.092568831983954,18.082086952170357,17.24546544533223
7,1.0,1,0.0909,The winter supply manifest lists lot number,WB19,GK26,1.0307588577270508,0.35080957412719727,0.81964111328125,16.7799362197984,18.032070244662464,17.3155544414185
7,1.0,2,0.1818,The border checkpoint ledger opens at entry code,TD56,NR20,0.728848934173584,0.5655264854431152,0.5479111671447754,16.820769504643977,15.760455682873726,15.501011218875647
7,1.0,3,0.2727,The lighthouse relief roster follows schedule,UB74,TJ27,-0.636688232421875,-2.2930960655212402,-2.2539806365966797,14.1836813907139,14.389562729513273,14.355759033933282
7,1.0,4,0.3636,Ansel's transit permit was issued as document number,GB21,PT45,-1.5162591934204102,-0.6287364959716797,-1.1118817329406738,16.234070484060794,15.860132728237659,16.27959006698802
7,1.0,5,0.4545,The survey team's theodolite bears serial number,PP18,EC32,-0.3135519027709961,-0.08624935150146484,-0.16475200653076172,12.385686459718272,12.70392550388351,12.734626700636
7,1.0,6,0.5455,The glacier survey stake is recorded as marker,HC80,EH94,-0.3216872215270996,-0.14744234085083008,-0.13981389999389648,17.302455871831626,15.325907558668405,15.460687927901745
7,1.0,7,0.6364,The sealed crate in the annex is marked with inventory tag,PB82,HA72,0.3952503204345703,0.5598430633544922,0.3181028366088867,19.104207596974447,21.308908185514156,19.667412816139404
7,1.0,8,0.7273,The quartermaster's tally sheet uses form number,DH90,UF43,-0.975928783416748,-0.665590763092041,-0.10099267959594727,16.73110049823299,15.444869533879682,15.610213663661852
7,1.0,9,0.8182,The telegraph repeater hut answers to station code,BH15,PT57,-1.0319633483886719,-1.7243280410766602,-1.6902756690979004,19.348732316633686,19.27983303752262,20.08574895100901
7,1.0,10,0.9091,The mail packet from Vlissen came in pouch number,TE47,VW96,1.3305273056030273,1.012362003326416,1.0557332038879395,17.6840435959748,18.20281401358079,18.374163518776186
7,1.0,11,1.0,The freight siding at Kelder appears on the plan as track,PE79,XT60,0.6463279724121094,1.2806386947631836,0.9375133514404297,14.551081241108477,15.429079242050648,15.657304317923263
7,2.0,0,0.0,The seismograph at Ridge Camp reports as instrument,LE60,DR17,-0.7970552444458008,-0.15517520904541016,-1.4804611206054688,19.092568831983954,17.122771881520748,14.570227175951004
7,2.0,1,0.0909,The winter supply manifest lists lot number,WB19,GK26,1.0307588577270508,1.017125129699707,3.515937328338623,16.7799362197984,14.71538832038641,16.97995349019766
7,2.0,2,0.1818,The border checkpoint ledger opens at entry code,TD56,NR20,0.728848934173584,0.8685941696166992,1.5167207717895508,16.820769504643977,15.875499054789543,15.919597215950489
7,2.0,3,0.2727,The lighthouse relief roster follows schedule,UB74,TJ27,-0.636688232421875,-2.9776501655578613,-3.0744099617004395,14.1836813907139,13.435148230753839,15.876737965736538
7,2.0,4,0.3636,Ansel's transit permit was issued as document number,GB21,PT45,-1.5162591934204102,-1.106466293334961,-2.5088329315185547,16.234070484060794,14.928338501602411,17.299270559102297
7,2.0,5,0.4545,The survey team's theodolite bears serial number,PP18,EC32,-0.3135519027709961,-1.0987672805786133,4.049597263336182,12.385686459718272,15.037018338218331,16.001546538434923
7,2.0,6,0.5455,The glacier survey stake is recorded as marker,HC80,EH94,-0.3216872215270996,0.37625551223754883,-0.19154024124145508,17.302455871831626,13.819696936756372,16.042726382613182
7,2.0,7,0.6364,The sealed crate in the annex is marked with inventory tag,PB82,HA72,0.3952503204345703,0.5145020484924316,1.9903597831726074,19.104207596974447,19.556766821537167,21.173826333601028
7,2.0,8,0.7273,The quartermaster's tally sheet uses form number,DH90,UF43,-0.975928783416748,0.2665243148803711,0.8062348365783691,16.73110049823299,11.94336227606982,16.20077689923346
7,2.0,9,0.8182,The telegraph repeater hut answers to station code,BH15,PT57,-1.0319633483886719,-4.217628002166748,-6.424547433853149,19.348732316633686,14.889905780553818,21.134107081685215
7,2.0,10,0.9091,The mail packet from Vlissen came in pouch number,TE47,VW96,1.3305273056030273,0.8764171600341797,3.1419601440429688,17.6840435959748,14.12435443373397,18.04778133612126
7,2.0,11,1.0,The freight siding at Kelder appears on the plan as track,PE79,XT60,0.6463279724121094,2.625974655151367,-0.07941484451293945,14.551081241108477,15.596366652287543,15.636441209353507
7,3.0,0,0.0,The seismograph at Ridge Camp reports as instrument,LE60,DR17,-0.7970552444458008,-6.596129894256592,-7.531395196914673,19.092568831983954,16.000177204608917,17.52381905913353
7,3.0,1,0.0909,The winter supply manifest lists lot number,WB19,GK26,1.0307588577270508,2.305579662322998,3.82454252243042,16.7799362197984,14.554168164730072,17.717266000807285
7,3.0,2,0.1818,The border checkpoint ledger opens at entry code,TD56,NR20,0.728848934173584,2.3702802658081055,3.7128829956054688,16.820769504643977,14.630858063697815,16.959791839122772
7,3.0,3,0.2727,The lighthouse relief roster follows schedule,UB74,TJ27,-0.636688232421875,-2.8288822174072266,-3.677032947540283,14.1836813907139,12.145554512739182,12.478923838585615
7,3.0,4,0.3636,Ansel's transit permit was issued as document number,GB21,PT45,-1.5162591934204102,0.5126667022705078,-3.117033004760742,16.234070484060794,14.859201796352863,18.854799286462367
7,3.0,5,0.4545,The survey team's theodolite bears serial number,PP18,EC32,-0.3135519027709961,2.5899858474731445,1.9063568115234375,12.385686459718272,18.14683347940445,17.94644296169281
7,3.0,6,0.5455,The glacier survey stake is recorded as marker,HC80,EH94,-0.3216872215270996,2.06575345993042,2.0116748809814453,17.302455871831626,20.11274876445532,19.99973344337195
7,3.0,7,0.6364,The sealed crate in the annex is marked with inventory tag,PB82,HA72,0.3952503204345703,5.164640426635742,3.5894289016723633,19.104207596974447,20.807060923427343,22.59381441771984
7,3.0,8,0.7273,The quartermaster's tally sheet uses form number,DH90,UF43,-0.975928783416748,1.355769157409668,-0.5476474761962891,16.73110049823299,13.048635698854923,16.236950129270554
7,3.0,9,0.8182,The telegraph repeater hut answers to station code,BH15,PT57,-1.0319633483886719,-5.941592216491699,-4.987666606903076,19.348732316633686,17.13528213277459,17.786919767037034
7,3.0,10,0.9091,The mail packet from Vlissen came in pouch number,TE47,VW96,1.3305273056030273,0.5970044136047363,-2.8035459518432617,17.6840435959748,16.070098616182804,19.51296864449978
7,3.0,11,1.0,The freight siding at Kelder appears on the plan as track,PE79,XT60,0.6463279724121094,8.485672235488892,5.519036293029785,14.551081241108477,14.435014687478542,15.871679417788982
7,4.0,0,0.0,The seismograph at Ridge Camp reports as instrument,LE60,DR17,-0.7970552444458008,-6.480423927307129,-8.017041683197021,19.092568831983954,14.630261719226837,14.070034623146057
7,4.0,1,0.0909,The winter supply manifest lists lot number,WB19,GK26,1.0307588577270508,3.2913599014282227,3.716501235961914,16.7799362197984,13.854817628860474,13.36804011464119
7,4.0,2,0.1818,The border checkpoint ledger opens at entry code,TD56,NR20,0.728848934173584,0.987769603729248,1.9755849838256836,16.820769504643977,12.980044722557068,16.098917096853256
7,4.0,3,0.2727,The lighthouse relief roster follows schedule,UB74,TJ27,-0.636688232421875,-3.9054245948791504,2.240382671356201,14.1836813907139,11.972129106521606,10.906128197908401
7,4.0,4,0.3636,Ansel's transit permit was issued as document number,GB21,PT45,-1.5162591934204102,-2.4422073364257812,-1.168266773223877,16.234070484060794,14.63009936362505,15.28009358048439
7,4.0,5,0.4545,The survey team's theodolite bears serial number,PP18,EC32,-0.3135519027709961,1.2843046188354492,5.385311126708984,12.385686459718272,15.47509628534317,16.398827828466892
7,4.0,6,0.5455,The glacier survey stake is recorded as marker,HC80,EH94,-0.3216872215270996,1.1784439086914062,1.7148895263671875,17.302455871831626,16.829758174717426,16.5434682443738
7,4.0,7,0.6364,The sealed crate in the annex is marked with inventory tag,PB82,HA72,0.3952503204345703,4.947218894958496,3.2657556533813477,19.104207596974447,18.83108378201723,19.258057065308094
7,4.0,8,0.7273,The quartermaster's tally sheet uses form number,DH90,UF43,-0.975928783416748,0.3852100372314453,-0.8023872375488281,16.73110049823299,12.595003694295883,15.522793114185333
7,4.0,9,0.8182,The telegraph repeater hut answers to station code,BH15,PT57,-1.0319633483886719,-4.759610176086426,-3.3341617584228516,19.348732316633686,14.382470160722733,15.096413612365723
7,4.0,10,0.9091,The mail packet from Vlissen came in pouch number,TE47,VW96,1.3305273056030273,1.1410274505615234,-0.6298565864562988,17.6840435959748,14.473145991563797,16.143702682107687
7,4.0,11,1.0,The freight siding at Kelder appears on the plan as track,PE79,XT60,0.6463279724121094,6.571086883544922,2.9879813194274902,14.551081241108477,15.733501359820366,17.7139157615602
7,5.0,0,0.0,The seismograph at Ridge Camp reports as instrument,LE60,DR17,-0.7970552444458008,-7.9291369915008545,-9.217493534088135,19.092568831983954,13.593118667602539,11.112873554229736
7,5.0,1,0.0909,The winter supply manifest lists lot number,WB19,GK26,1.0307588577270508,3.682553768157959,4.987213134765625,16.7799362197984,14.667268574237823,9.501450419425964
7,5.0,2,0.1818,The border checkpoint ledger opens at entry code,TD56,NR20,0.728848934173584,-0.6208934783935547,0.30316162109375,16.820769504643977,8.60942792892456,8.755666136741638
7,5.0,3,0.2727,The lighthouse relief roster follows schedule,UB74,TJ27,-0.636688232421875,-3.673159599304199,0.3397970199584961,14.1836813907139,13.214232116937637,11.193166345357895
7,5.0,4,0.3636,Ansel's transit permit was issued as document number,GB21,PT45,-1.5162591934204102,-1.8017473220825195,0.7413296699523926,16.234070484060794,15.047751992940903,15.428237229585648
7,5.0,5,0.4545,The survey team's theodolite bears serial number,PP18,EC32,-0.3135519027709961,-1.4786596298217773,0.719688892364502,12.385686459718272,14.575821954756975,15.060315743088722
7,5.0,6,0.5455,The glacier survey stake is recorded as marker,HC80,EH94,-0.3216872215270996,1.7246980667114258,1.008479118347168,17.302455871831626,15.646340530365705,15.714970417320728
7,5.0,7,0.6364,The sealed crate in the annex is marked with inventory tag,PB82,HA72,0.3952503204345703,1.6339154243469238,1.9754352569580078,19.104207596974447,20.020704448223114,18.31381791830063
7,5.0,8,0.7273,The quartermaster's tally sheet uses form number,DH90,UF43,-0.975928783416748,-1.2464776039123535,-1.633652687072754,16.73110049823299,13.367799453437328,11.884248286485672
7,5.0,9,0.8182,The telegraph repeater hut answers to station code,BH15,PT57,-1.0319633483886719,-6.614517688751221,-2.5975074768066406,19.348732316633686,12.524904161691666,11.784995838999748
7,5.0,10,0.9091,The mail packet from Vlissen came in pouch number,TE47,VW96,1.3305273056030273,-0.11528348922729492,-0.9854624271392822,17.6840435959748,14.103174082934856,14.069633036851883
7,5.0,11,1.0,The freight siding at Kelder appears on the plan as track,PE79,XT60,0.6463279724121094,5.872771978378296,-1.0852007865905762,14.551081241108477,16.269609034061432,17.453933157026768
7,6.0,0,0.0,The seismograph at Ridge Camp reports as instrument,LE60,DR17,-0.7970552444458008,-4.414813995361328,-3.3537793159484863,19.092568831983954,6.424281597137451,8.822338104248047
7,6.0,1,0.0909,The winter supply manifest lists lot number,WB19,GK26,1.0307588577270508,1.7566790580749512,1.727013111114502,16.7799362197984,10.693945229053497,11.621143281459808
7,6.0,2,0.1818,The border checkpoint ledger opens at entry code,TD56,NR20,0.728848934173584,-0.9234623908996582,0.2478346824645996,16.820769504643977,3.0537309646606445,7.534796476364136
7,6.0,3,0.2727,The lighthouse relief roster follows schedule,UB74,TJ27,-0.636688232421875,-1.1682143211364746,0.06555604934692383,14.1836813907139,12.016751110553741,11.911752939224243
7,6.0,4,0.3636,Ansel's transit permit was issued as document number,GB21,PT45,-1.5162591934204102,-0.4910154342651367,0.3822927474975586,16.234070484060794,15.467758744955063,13.418697565793991
7,6.0,5,0.4545,The survey team's theodolite bears serial number,PP18,EC32,-0.3135519027709961,-0.2707180976867676,-1.134199619293213,12.385686459718272,12.442941546440125,14.544956848025322
7,6.0,6,0.5455,The glacier survey stake is recorded as marker,HC80,EH94,-0.3216872215270996,2.7285661697387695,1.8192667961120605,17.302455871831626,11.713479787111282,14.786102525889874
7,6.0,7,0.6364,The sealed crate in the annex is marked with inventory tag,PB82,HA72,0.3952503204345703,1.42144775390625,0.4856109619140625,19.104207596974447,15.551550209522247,20.0580932199955
7,6.0,8,0.7273,The quartermaster's tally sheet uses form number,DH90,UF43,-0.975928783416748,-1.9355602264404297,-3.639174461364746,16.73110049823299,9.790804833173752,14.136774763464928
7,6.0,9,0.8182,The telegraph repeater hut answers to station code,BH15,PT57,-1.0319633483886719,-6.831445217132568,-1.1608295440673828,19.348732316633686,10.50662887096405,13.999522387981415
7,6.0,10,0.9091,The mail packet from Vlissen came in pouch number,TE47,VW96,1.3305273056030273,0.7872495651245117,0.19777202606201172,17.6840435959748,9.82411926239729,11.870843075215816
7,6.0,11,1.0,The freight siding at Kelder appears on the plan as track,PE79,XT60,0.6463279724121094,3.55165433883667,2.115471363067627,14.551081241108477,14.461497787386179,16.496643394231796
7,7.0,0,0.0,The seismograph at Ridge Camp reports as instrument,LE60,DR17,-0.7970552444458008,-1.562110424041748,-1.8713650703430176,19.092568831983954,4.151113748550415,6.804258346557617
7,7.0,1,0.0909,The winter supply manifest lists lot number,WB19,GK26,1.0307588577270508,2.2617878913879395,3.182994842529297,16.7799362197984,7.822240591049194,8.232943534851074
7,7.0,2,0.1818,The border checkpoint ledger opens at entry code,TD56,NR20,0.728848934173584,0.5007247924804688,0.3778371810913086,16.820769504643977,-0.813474178314209,3.8706564903259277
7,7.0,3,0.2727,The lighthouse relief roster follows schedule,UB74,TJ27,-0.636688232421875,-0.766754150390625,2.3479528427124023,14.1836813907139,8.626385927200317,12.65882457792759
7,7.0,4,0.3636,Ansel's transit permit was issued as document number,GB21,PT45,-1.5162591934204102,-0.03668355941772461,-0.6513237953186035,16.234070484060794,11.754260540008545,12.007921934127808
7,7.0,5,0.4545,The survey team's theodolite bears serial number,PP18,EC32,-0.3135519027709961,-3.1907296180725098,0.9005289077758789,12.385686459718272,10.680168807506561,11.95211312174797
7,7.0,6,0.5455,The glacier survey stake is recorded as marker,HC80,EH94,-0.3216872215270996,1.9288697242736816,2.7628188133239746,17.302455871831626,12.083911150693893,14.169292882084846
7,7.0,7,0.6364,The sealed crate in the annex is marked with inventory tag,PB82,HA72,0.3952503204345703,0.4173750877380371,1.8034682273864746,19.104207596974447,16.576987355947495,19.2850052267313
7,7.0,8,0.7273,The quartermaster's tally sheet uses form number,DH90,UF43,-0.975928783416748,-2.966486930847168,-6.40725040435791,16.73110049823299,8.642856240272522,14.840689942240715
7,7.0,9,0.8182,The telegraph repeater hut answers to station code,BH15,PT57,-1.0319633483886719,-3.899351119995117,-2.7262139320373535,19.348732316633686,11.002006560564041,13.904085889458656
7,7.0,10,0.9091,The mail packet from Vlissen came in pouch number,TE47,VW96,1.3305273056030273,0.16742944717407227,1.4337763786315918,17.6840435959748,10.668713018298149,11.71079233288765
7,7.0,11,1.0,The freight siding at Kelder appears on the plan as track,PE79,XT60,0.6463279724121094,2.7035140991210938,-0.5057716369628906,14.551081241108477,12.4034893065691,16.84559655189514
7,8.0,0,0.0,The seismograph at Ridge Camp reports as instrument,LE60,DR17,-0.7970552444458008,-2.69649076461792,-1.3965964317321777,19.092568831983954,4.532963275909424,5.735718011856079
7,8.0,1,0.0909,The winter supply manifest lists lot number,WB19,GK26,1.0307588577270508,2.093839645385742,1.8209047317504883,16.7799362197984,6.852948784828186,2.121079444885254
7,8.0,2,0.1818,The border checkpoint ledger opens at entry code,TD56,NR20,0.728848934173584,1.5651216506958008,0.9707427024841309,16.820769504643977,1.0886659622192383,0.7789678573608398
7,8.0,3,0.2727,The lighthouse relief roster follows schedule,UB74,TJ27,-0.636688232421875,-1.4700040817260742,-0.23616313934326172,14.1836813907139,8.888594150543213,8.019406497478485
7,8.0,4,0.3636,Ansel's transit permit was issued as document number,GB21,PT45,-1.5162591934204102,-1.266252040863037,-0.38596630096435547,16.234070484060794,11.588804990053177,14.48487976193428
7,8.0,5,0.4545,The survey team's theodolite bears serial number,PP18,EC32,-0.3135519027709961,-2.132432460784912,0.02250528335571289,12.385686459718272,11.035278677940369,10.875326752662659
7,8.0,6,0.5455,The glacier survey stake is recorded as marker,HC80,EH94,-0.3216872215270996,0.07829523086547852,2.0906777381896973,17.302455871831626,11.549426048994064,15.372989296913147
7,8.0,7,0.6364,The sealed crate in the annex is marked with inventory tag,PB82,HA72,0.3952503204345703,0.5498223304748535,0.4614095687866211,19.104207596974447,15.823216021060944,17.036274313926697
7,8.0,8,0.7273,The quartermaster's tally sheet uses form number,DH90,UF43,-0.975928783416748,-3.4905877113342285,-4.926538944244385,16.73110049823299,7.979133367538452,12.73055773973465
7,8.0,9,0.8182,The telegraph repeater hut answers to station code,BH15,PT57,-1.0319633483886719,-5.950469017028809,-2.540523052215576,19.348732316633686,10.337299063801765,14.019760251045227
7,8.0,10,0.9091,The mail packet from Vlissen came in pouch number,TE47,VW96,1.3305273056030273,0.49117136001586914,-0.3048548698425293,17.6840435959748,10.084610253572464,10.36176261305809
7,8.0,11,1.0,The freight siding at Kelder appears on the plan as track,PE79,XT60,0.6463279724121094,1.8164677619934082,2.0132875442504883,14.551081241108477,12.607099264860153,14.627251833677292
8,1.0,0,0.0,The quartermaster's tally sheet uses form number,HM58,SS56,-0.647646427154541,0.2671523094177246,0.23289108276367188,17.595284149283543,16.907870943658054,17.474329164251685
8,1.0,1,0.0909,The harbour pilot's licence shows registration code,EG15,ES72,-0.3251972198486328,-1.6920185089111328,-1.9041080474853516,18.697350680595264,17.20913348160684,18.20233155391179
8,1.0,2,0.1818,The reserve fuel depot is listed at site code,CE41,YE87,-1.658571481704712,-3.950366258621216,-2.8229262828826904,18.056365836877376,15.424326335079968,15.562445433810353
8,1.0,3,0.2727,The auxiliary generator was tagged asset number,SG61,CG12,-0.8484835624694824,0.2765483856201172,0.537747859954834,16.914429225493222,19.708228030940518,20.35504355619196
8,1.0,4,0.3636,The observatory's spare mirror was ordered as part number,WA68,EL59,1.6979331970214844,1.4280753135681152,2.2113537788391113,15.8113541607745,18.813785083591938,18.710264505818486
8,1.0,5,0.4545,The signal lamp housing takes fitting code,NC72,LM10,-0.0686497688293457,0.40639781951904297,0.3504772186279297,17.607426502276212,14.149274352937937,15.31411921652034
8,1.0,6,0.5455,The archive microfilm reel is filed under shelf mark,HA99,WR36,-2.1601028442382812,-3.6358537673950195,-4.155871868133545,15.348194013815373,19.17523263162002,19.7551112951478
8,1.0,7,0.6364,The telegraph repeater hut answers to station code,JS62,BV14,0.013112545013427734,-1.4032635688781738,-0.4152560234069824,13.007152398116887,14.634202175308019,16.210027705412358
8,1.0,8,0.7273,The border checkpoint ledger opens at entry code,RN24,UF32,-0.22429943084716797,-0.47347259521484375,-0.6904878616333008,20.242505206610076,20.40662568283733,20.78548065852374
8,1.0,9,0.8182,The ice core drilling rig was delivered as unit,CN89,LP66,1.3772234916687012,0.0911092758178711,-0.026405811309814453,17.328505376703106,18.885923535795882,19.602239015803207
8,1.0,10,0.9091,The meteorological buoy broadcasts on transponder code,ND94,DC35,-0.0859670639038086,-1.497002363204956,-1.323014497756958,12.903906131046824,13.821870334271807,13.648550555517431
8,1.0,11,1.0,The customs declaration quotes reference code,BL40,VH73,-1.148183822631836,-0.12835407257080078,-0.8199138641357422,17.245219822973013,18.276413263287395,18.637477289652452
8,2.0,0,0.0,The quartermaster's tally sheet uses form number,HM58,SS56,-0.647646427154541,0.41507768630981445,-0.3570728302001953,17.595284149283543,15.99782585259527,14.151969488710165
8,2.0,1,0.0909,The harbour pilot's licence shows registration code,EG15,ES72,-0.3251972198486328,-3.4987950325012207,-2.535195827484131,18.697350680595264,15.18569510243833,14.370578593108803
8,2.0,2,0.1818,The reserve fuel depot is listed at site code,CE41,YE87,-1.658571481704712,-5.004155158996582,-3.9230587482452393,18.056365836877376,14.19039738830179,12.964302226901054
8,2.0,3,0.2727,The auxiliary generator was tagged asset number,SG61,CG12,-0.8484835624694824,-1.544112205505371,-0.29534196853637695,16.914429225493222,19.479779608547688,19.78595135663636
8,2.0,4,0.3636,The observatory's spare mirror was ordered as part number,WA68,EL59,1.6979331970214844,3.2834863662719727,2.5661444664001465,15.8113541607745,18.681001238932367,16.999202584382147
8,2.0,5,0.4545,The signal lamp housing takes fitting code,NC72,LM10,-0.0686497688293457,1.106165885925293,1.613529920578003,17.607426502276212,15.196223098784685,16.073011424392462
8,2.0,6,0.5455,The archive microfilm reel is filed under shelf mark,HA99,WR36,-2.1601028442382812,-5.876901865005493,-5.429298639297485,15.348194013815373,19.628390323370695,18.025883929803967
8,2.0,7,0.6364,The telegraph repeater hut answers to station code,JS62,BV14,0.013112545013427734,-2.412909984588623,-1.0658669471740723,13.007152398116887,16.145699663087726,15.298455383162946
8,2.0,8,0.7273,The border checkpoint ledger opens at entry code,RN24,UF32,-0.22429943084716797,-0.1934218406677246,-1.0577125549316406,20.242505206610076,20.045774822181556,19.816369740874507
8,2.0,9,0.8182,The ice core drilling rig was delivered as unit,CN89,LP66,1.3772234916687012,0.023225784301757812,0.30970335006713867,17.328505376703106,18.983264919137582,18.805892370990478
8,2.0,10,0.9091,The meteorological buoy broadcasts on transponder code,ND94,DC35,-0.0859670639038086,-2.034595489501953,-1.5314736366271973,12.903906131046824,13.588986958609894,11.698596216738224
8,2.0,11,1.0,The customs declaration quotes reference code,BL40,VH73,-1.148183822631836,-0.7800822257995605,-1.4212374687194824,17.245219822973013,19.005064567551017,18.710279279388487
8,3.0,0,0.0,The quartermaster's tally sheet uses form number,HM58,SS56,-0.647646427154541,-0.43524169921875,-1.9963245391845703,17.595284149283543,17.08901658281684,15.328082211315632
8,3.0,1,0.0909,The harbour pilot's licence shows registration code,EG15,ES72,-0.3251972198486328,-3.2401533126831055,-2.037626266479492,18.697350680595264,11.288805663585663,14.150562301278114
8,3.0,2,0.1818,The reserve fuel depot is listed at site code,CE41,YE87,-1.658571481704712,-5.413578748703003,-3.4662563800811768,18.056365836877376,15.90602608397603,14.998444721102715
8,3.0,3,0.2727,The auxiliary generator was tagged asset number,SG61,CG12,-0.8484835624694824,-1.9360337257385254,-2.8537769317626953,16.914429225493222,20.4980015642941,19.822306946851313
8,3.0,4,0.3636,The observatory's spare mirror was ordered as part number,WA68,EL59,1.6979331970214844,2.1920089721679688,0.9155411720275879,15.8113541607745,19.44142827554606,19.956099424511194
8,3.0,5,0.4545,The signal lamp housing takes fitting code,NC72,LM10,-0.0686497688293457,3.4964895248413086,0.8897886276245117,17.607426502276212,14.392122529447079,16.039705753326416
8,3.0,6,0.5455,The archive microfilm reel is filed under shelf mark,HA99,WR36,-2.1601028442382812,-6.517391622066498,-3.7937991619110107,15.348194013815373,18.05933344690129,18.830060498788953
8,3.0,7,0.6364,The telegraph repeater hut answers to station code,JS62,BV14,0.013112545013427734,-0.08155632019042969,1.8597111701965332,13.007152398116887,17.43556013237685,17.607113019563258
8,3.0,8,0.7273,The border checkpoint ledger opens at entry code,RN24,UF32,-0.22429943084716797,-3.523693561553955,-1.8335285186767578,20.242505206610076,21.801852458855137,19.824665543390438
8,3.0,9,0.8182,The ice core drilling rig was delivered as unit,CN89,LP66,1.3772234916687012,1.1929121017456055,1.0222282409667969,17.328505376703106,18.340596527792513,18.36210175231099
8,3.0,10,0.9091,The meteorological buoy broadcasts on transponder code,ND94,DC35,-0.0859670639038086,-0.2465810775756836,-2.165942668914795,12.903906131046824,12.479584985412657,12.834666516631842
8,3.0,11,1.0,The customs declaration quotes reference code,BL40,VH73,-1.148183822631836,1.8866095542907715,-3.0490918159484863,17.245219822973013,19.739770851563662,19.219784077256918
8,4.0,0,0.0,The quartermaster's tally sheet uses form number,HM58,SS56,-0.647646427154541,-0.11867380142211914,1.0712227821350098,17.595284149283543,9.492225140333176,13.340566605329514
8,4.0,1,0.0909,The harbour pilot's licence shows registration code,EG15,ES72,-0.3251972198486328,-4.904448509216309,-2.060065746307373,18.697350680595264,13.401483982801437,12.867065951228142
8,4.0,2,0.1818,The reserve fuel depot is listed at site code,CE41,YE87,-1.658571481704712,0.12410163879394531,-4.601974844932556,18.056365836877376,14.719733938574791,14.85785998776555
8,4.0,3,0.2727,The auxiliary generator was tagged asset number,SG61,CG12,-0.8484835624694824,-0.904325008392334,-3.105118751525879,16.914429225493222,16.91183702647686,20.3327581807971
8,4.0,4,0.3636,The observatory's spare mirror was ordered as part number,WA68,EL59,1.6979331970214844,2.4261856079101562,3.927084445953369,15.8113541607745,15.629107594490051,16.421468548476696
8,4.0,5,0.4545,The signal lamp housing takes fitting code,NC72,LM10,-0.0686497688293457,3.7175841331481934,4.8410820960998535,17.607426502276212,13.063774332404137,14.43992118909955
8,4.0,6,0.5455,The archive microfilm reel is filed under shelf mark,HA99,WR36,-2.1601028442382812,-4.0836334228515625,-1.96632719039917,15.348194013815373,13.728161454200745,15.012112706899643
8,4.0,7,0.6364,The telegraph repeater hut answers to station code,JS62,BV14,0.013112545013427734,0.6307287216186523,0.8879580497741699,13.007152398116887,13.315559141337872,16.627573132514954
8,4.0,8,0.7273,The border checkpoint ledger opens at entry code,RN24,UF32,-0.22429943084716797,-3.0511183738708496,-4.0542120933532715,20.242505206610076,16.94395997002721,16.739642199128866
8,4.0,9,0.8182,The ice core drilling rig was delivered as unit,CN89,LP66,1.3772234916687012,2.921030044555664,1.954235553741455,17.328505376703106,15.059240154922009,17.51845726929605
8,4.0,10,0.9091,The meteorological buoy broadcasts on transponder code,ND94,DC35,-0.0859670639038086,2.2044334411621094,-1.1774296760559082,12.903906131046824,9.431552700698376,9.748305097222328
8,4.0,11,1.0,The customs declaration quotes reference code,BL40,VH73,-1.148183822631836,-2.208402633666992,-3.6839613914489746,17.245219822973013,21.01410797610879,19.251449117437005
8,5.0,0,0.0,The quartermaster's tally sheet uses form number,HM58,SS56,-0.647646427154541,1.9153361320495605,1.4158048629760742,17.595284149283543,6.11985445022583,7.448670655488968
8,5.0,1,0.0909,The harbour pilot's licence shows registration code,EG15,ES72,-0.3251972198486328,-3.5003280639648438,-2.0985660552978516,18.697350680595264,10.568082451820374,10.197683185338974
8,5.0,2,0.1818,The reserve fuel depot is listed at site code,CE41,YE87,-1.658571481704712,0.16389846801757812,-0.9792122840881348,18.056365836877376,7.613959312438965,10.227629542350769
8,5.0,3,0.2727,The auxiliary generator was tagged asset number,SG61,CG12,-0.8484835624694824,1.8181095123291016,-0.6909103393554688,16.914429225493222,15.777681469917297,14.697339415550232
8,5.0,4,0.3636,The observatory's spare mirror was ordered as part number,WA68,EL59,1.6979331970214844,4.082503795623779,1.1788887977600098,15.8113541607745,13.857386469841003,14.035760153084993
8,5.0,5,0.4545,The signal lamp housing takes fitting code,NC72,LM10,-0.0686497688293457,2.914229393005371,3.5286426544189453,17.607426502276212,13.633514896035194,14.375101044774055
8,5.0,6,0.5455,The archive microfilm reel is filed under shelf mark,HA99,WR36,-2.1601028442382812,-3.039029598236084,-1.769935131072998,15.348194013815373,12.384859323501587,14.510617733001709
8,5.0,7,0.6364,The telegraph repeater hut answers to station code,JS62,BV14,0.013112545013427734,-0.4525928497314453,0.7561068534851074,13.007152398116887,12.298344679176807,12.753646835684776
8,5.0,8,0.7273,The border checkpoint ledger opens at entry code,RN24,UF32,-0.22429943084716797,-3.057636260986328,0.3832216262817383,20.242505206610076,16.946024648845196,13.319294214248657
8,5.0,9,0.8182,The ice core drilling rig was delivered as unit,CN89,LP66,1.3772234916687012,1.96746826171875,1.2000832557678223,17.328505376703106,17.780227536335588,15.224898144602776
8,5.0,10,0.9091,The meteorological buoy broadcasts on transponder code,ND94,DC35,-0.0859670639038086,-0.15829849243164062,1.8090758323669434,12.903906131046824,8.710085578262806,7.245712593197823
8,5.0,11,1.0,The customs declaration quotes reference code,BL40,VH73,-1.148183822631836,-1.7441387176513672,-3.239168643951416,17.245219822973013,19.97195078060031,19.6096524707973
8,6.0,0,0.0,The quartermaster's tally sheet uses form number,HM58,SS56,-0.647646427154541,2.1067585945129395,1.2578144073486328,17.595284149283543,4.02012574672699,6.285297334194183
8,6.0,1,0.0909,The harbour pilot's licence shows registration code,EG15,ES72,-0.3251972198486328,-2.968522071838379,-1.228421688079834,18.697350680595264,9.455267608165741,10.52128529548645
8,6.0,2,0.1818,The reserve fuel depot is listed at site code,CE41,YE87,-1.658571481704712,1.6789069175720215,-1.0679965019226074,18.056365836877376,4.564609050750732,11.346909135580063
8,6.0,3,0.2727,The auxiliary generator was tagged asset number,SG61,CG12,-0.8484835624694824,1.097834587097168,-0.6366257667541504,16.914429225493222,16.185775190591812,13.572377681732178
8,6.0,4,0.3636,The observatory's spare mirror was ordered as part number,WA68,EL59,1.6979331970214844,1.977879524230957,1.576169490814209,15.8113541607745,12.064092986285686,10.836049616336823
8,6.0,5,0.4545,The signal lamp housing takes fitting code,NC72,LM10,-0.0686497688293457,3.4043335914611816,3.5610294342041016,17.607426502276212,12.506853714585304,13.847564995288849
8,6.0,6,0.5455,The archive microfilm reel is filed under shelf mark,HA99,WR36,-2.1601028442382812,-3.1700992584228516,-1.6743130683898926,15.348194013815373,15.120351791381836,12.692073315382004
8,6.0,7,0.6364,The telegraph repeater hut answers to station code,JS62,BV14,0.013112545013427734,-0.7573304176330566,0.5139369964599609,13.007152398116887,14.509080026298761,13.051330655813217
8,6.0,8,0.7273,The border checkpoint ledger opens at entry code,RN24,UF32,-0.22429943084716797,-0.8974208831787109,-1.7417669296264648,20.242505206610076,14.694360014051199,13.005333125591278
8,6.0,9,0.8182,The ice core drilling rig was delivered as unit,CN89,LP66,1.3772234916687012,2.236593246459961,0.3629894256591797,17.328505376703106,16.47668219730258,14.899770140647888
8,6.0,10,0.9091,The meteorological buoy broadcasts on transponder code,ND94,DC35,-0.0859670639038086,-0.6014790534973145,-0.4370002746582031,12.903906131046824,8.116997815668583,6.641738325357437
8,6.0,11,1.0,The customs declaration quotes reference code,BL40,VH73,-1.148183822631836,-1.5014514923095703,-2.209190845489502,17.245219822973013,18.444462850689888,18.53208690881729
8,7.0,0,0.0,The quartermaster's tally sheet uses form number,HM58,SS56,-0.647646427154541,2.5294079780578613,0.6774711608886719,17.595284149283543,0.8467645645141602,2.687166452407837
8,7.0,1,0.0909,The harbour pilot's licence shows registration code,EG15,ES72,-0.3251972198486328,-3.086933135986328,-0.6055283546447754,18.697350680595264,5.952064514160156,6.328967571258545
8,7.0,2,0.1818,The reserve fuel depot is listed at site code,CE41,YE87,-1.658571481704712,2.2515411376953125,-3.091291308403015,18.056365836877376,4.302419185638428,12.806114137172699
8,7.0,3,0.2727,The auxiliary generator was tagged asset number,SG61,CG12,-0.8484835624694824,2.462993621826172,-1.4812726974487305,16.914429225493222,18.55447891354561,12.184004843235016
8,7.0,4,0.3636,The observatory's spare mirror was ordered as part number,WA68,EL59,1.6979331970214844,1.628699779510498,1.207460880279541,15.8113541607745,14.012478321790695,9.321603029966354
8,7.0,5,0.4545,The signal lamp housing takes fitting code,NC72,LM10,-0.0686497688293457,2.866825580596924,3.3653149604797363,17.607426502276212,10.476882949471474,12.655504077672958
8,7.0,6,0.5455,The archive microfilm reel is filed under shelf mark,HA99,WR36,-2.1601028442382812,-2.56638240814209,-2.70407772064209,15.348194013815373,17.128563821315765,11.486829563975334
8,7.0,7,0.6364,The telegraph repeater hut answers to station code,JS62,BV14,0.013112545013427734,-1.1399683952331543,-0.3589324951171875,13.007152398116887,15.16320525854826,11.16999065876007
8,7.0,8,0.7273,The border checkpoint ledger opens at entry code,RN24,UF32,-0.22429943084716797,-2.8939762115478516,0.9762997627258301,20.242505206610076,16.669612415134907,13.318493247032166
8,7.0,9,0.8182,The ice core drilling rig was delivered as unit,CN89,LP66,1.3772234916687012,3.6001152992248535,1.2731051445007324,17.328505376703106,18.35474167764187,12.017121985554695
8,7.0,10,0.9091,The meteorological buoy broadcasts on transponder code,ND94,DC35,-0.0859670639038086,-1.2306289672851562,-2.1788015365600586,12.903906131046824,10.647517705336213,6.383922040462494
8,7.0,11,1.0,The customs declaration quotes reference code,BL40,VH73,-1.148183822631836,0.8406355381011963,-2.7925126552581787,17.245219822973013,19.008109487593174,17.475507333874702
8,8.0,0,0.0,The quartermaster's tally sheet uses form number,HM58,SS56,-0.647646427154541,-1.4404654502868652,-0.04424333572387695,17.595284149283543,-0.6826004981994629,-0.33315134048461914
8,8.0,1,0.0909,The harbour pilot's licence shows registration code,EG15,ES72,-0.3251972198486328,-1.6750884056091309,-0.12267637252807617,18.697350680595264,7.887720108032227,3.8619742393493652
8,8.0,2,0.1818,The reserve fuel depot is listed at site code,CE41,YE87,-1.658571481704712,0.9456524848937988,0.6939964294433594,18.056365836877376,0.5612092018127441,5.271564155817032
8,8.0,3,0.2727,The auxiliary generator was tagged asset number,SG61,CG12,-0.8484835624694824,2.635880470275879,-0.02829456329345703,16.914429225493222,14.898207545280457,10.654460191726685
8,8.0,4,0.3636,The observatory's spare mirror was ordered as part number,WA68,EL59,1.6979331970214844,2.234434127807617,1.4283885955810547,15.8113541607745,11.579210013151169,6.906004041433334
8,8.0,5,0.4545,The signal lamp housing takes fitting code,NC72,LM10,-0.0686497688293457,3.2713685035705566,1.5481376647949219,17.607426502276212,10.777198404073715,11.760199904441833
8,8.0,6,0.5455,The archive microfilm reel is filed under shelf mark,HA99,WR36,-2.1601028442382812,-4.256063461303711,-4.785585403442383,15.348194013815373,13.575594276189804,11.566517978906631
8,8.0,7,0.6364,The telegraph repeater hut answers to station code,JS62,BV14,0.013112545013427734,2.2308225631713867,-0.7988100051879883,13.007152398116887,12.523132592439651,10.53616014122963
8,8.0,8,0.7273,The border checkpoint ledger opens at entry code,RN24,UF32,-0.22429943084716797,-2.9490532875061035,1.0009393692016602,20.242505206610076,18.093207769095898,12.300507888197899
8,8.0,9,0.8182,The ice core drilling rig was delivered as unit,CN89,LP66,1.3772234916687012,3.7377562522888184,3.2327380180358887,17.328505376703106,16.17125181108713,9.319380164146423
8,8.0,10,0.9091,The meteorological buoy broadcasts on transponder code,ND94,DC35,-0.0859670639038086,-2.339750289916992,-1.5147833824157715,12.903906131046824,10.355026990175247,6.1524235010147095
8,8.0,11,1.0,The customs declaration quotes reference code,BL40,VH73,-1.148183822631836,1.3583290576934814,-2.320873737335205,17.245219822973013,17.959172546863556,14.231116220355034
9,1.0,0,0.0,The winter supply manifest lists lot number,JE33,RM41,0.02618551254272461,0.49965953826904297,0.3576326370239258,16.438166801119223,17.25963934836909,16.570800174493343
9,1.0,1,0.0909,The medical supply locker was closed with seal number,SQ87,PW39,-0.003464221954345703,0.28592967987060547,0.5066709518432617,21.795120026683435,17.001106980256736,17.76845597010106
9,1.0,2,0.1818,Feld's field notebook carries catalogue reference,CL80,DN75,0.4707221984863281,1.989400863647461,1.7113003730773926,18.68889899889473,17.693436332512647,17.144535093568265
9,1.0,3,0.2727,The northern relay station operates under callsign,FF40,MT57,-1.0485749244689941,-0.4509449005126953,-0.35926103591918945,20.27777471533045,18.021149330073968,16.825817396864295
9,1.0,4,0.3636,The archive microfilm reel is filed under shelf mark,BD26,EX47,0.3209981918334961,1.2235941886901855,1.5531654357910156,17.255974425002933,14.615397029090673,14.68168444186449
9,1.0,5,0.4545,The expedition's spare sledge carries equipment tag,SU18,FY43,1.6252970695495605,1.9495916366577148,2.277115821838379,16.92947305459529,15.08149670669809,14.977015106007457
9,1.0,6,0.5455,The survey team's theodolite bears serial number,KG96,AB32,-1.4920063018798828,-1.9690651893615723,-1.874323844909668,18.041439161635935,16.542625707108527,16.279278312809765
9,1.0,7,0.6364,The border checkpoint ledger opens at entry code,HZ63,VE11,-0.8945627212524414,-1.0580940246582031,-1.0049967765808105,17.970301347668283,17.512698952574283,18.04529055254534
9,1.0,8,0.7273,The radio operator's logbook continues in volume,CJ36,BB67,-1.3994531631469727,-0.711341381072998,-1.1304216384887695,17.73668566578999,17.76680857874453,17.851982501801103
9,1.0,9,0.8182,The lighthouse relief roster follows schedule,NJ53,GN47,-3.037721633911133,-0.6051697731018066,-0.8355526924133301,17.407196870539337,15.2959921262227,15.230236044619232
9,1.0,10,0.9091,The observatory's spare mirror was ordered as part number,BG10,VA55,-0.14102649688720703,-0.7709989547729492,-0.6395201683044434,19.769747165497392,19.0960668544285,18.663884521927685
9,1.0,11,1.0,The ice core drilling rig was delivered as unit,PB58,KE71,-0.702730655670166,1.1765966415405273,0.5304503440856934,20.314912106608972,20.49262245837599,20.06785107916221
9,2.0,0,0.0,The winter supply manifest lists lot number,JE33,RM41,0.02618551254272461,0.3230891227722168,0.7848443984985352,16.438166801119223,15.70421064645052,17.780668309889734
9,2.0,1,0.0909,The medical supply locker was closed with seal number,SQ87,PW39,-0.003464221954345703,0.0983266830444336,-0.39738035202026367,21.795120026683435,18.2313137575984,19.363195944577456
9,2.0,2,0.1818,Feld's field notebook carries catalogue reference,CL80,DN75,0.4707221984863281,2.4700703620910645,1.9611148834228516,18.68889899889473,18.41802429780364,18.696041349321604
9,2.0,3,0.2727,The northern relay station operates under callsign,FF40,MT57,-1.0485749244689941,-1.3928108215332031,-1.0438666343688965,20.27777471533045,18.410170392831787,15.702471454394981
9,2.0,4,0.3636,The archive microfilm reel is filed under shelf mark,BD26,EX47,0.3209981918334961,1.6388769149780273,1.6489863395690918,17.255974425002933,17.27261378453113,14.390080580953509
9,2.0,5,0.4545,The expedition's spare sledge carries equipment tag,SU18,FY43,1.6252970695495605,2.7894673347473145,2.0187158584594727,16.92947305459529,16.19279323378578,15.83856851560995
9,2.0,6,0.5455,The survey team's theodolite bears serial number,KG96,AB32,-1.4920063018798828,-2.1369266510009766,-1.4766621589660645,18.041439161635935,16.311246348544955,17.063594467937946
9,2.0,7,0.6364,The border checkpoint ledger opens at entry code,HZ63,VE11,-0.8945627212524414,0.5547866821289062,-0.707301139831543,17.970301347668283,17.032858533784747,16.444803602062166
9,2.0,8,0.7273,The radio operator's logbook continues in volume,CJ36,BB67,-1.3994531631469727,0.028410911560058594,-0.9363064765930176,17.73668566578999,17.367281868122518,16.727337850723416
9,2.0,9,0.8182,The lighthouse relief roster follows schedule,NJ53,GN47,-3.037721633911133,-0.4807920455932617,-1.5154848098754883,17.407196870539337,16.830514565110207,16.20022246800363
9,2.0,10,0.9091,The observatory's spare mirror was ordered as part number,BG10,VA55,-0.14102649688720703,-0.6113266944885254,-0.5324654579162598,19.769747165497392,18.714822753332555,17.576833833474666
9,2.0,11,1.0,The ice core drilling rig was delivered as unit,PB58,KE71,-0.702730655670166,1.9927997589111328,0.21057701110839844,20.314912106608972,18.270576181821525,19.12445410620421
9,3.0,0,0.0,The winter supply manifest lists lot number,JE33,RM41,0.02618551254272461,-1.2586731910705566,0.724945068359375,16.438166801119223,17.728382863104343,15.316507805138826
9,3.0,1,0.0909,The medical supply locker was closed with seal number,SQ87,PW39,-0.003464221954345703,1.9680871963500977,0.7045950889587402,21.795120026683435,16.431362114846706,17.49683852493763
9,3.0,2,0.1818,Feld's field notebook carries catalogue reference,CL80,DN75,0.4707221984863281,5.159392833709717,6.234940767288208,18.68889899889473,16.7155559360981,17.555583734065294
9,3.0,3,0.2727,The northern relay station operates under callsign,FF40,MT57,-1.0485749244689941,-2.367918014526367,-2.0854296684265137,20.27777471533045,17.784053772687912,16.912258246913552
9,3.0,4,0.3636,The archive microfilm reel is filed under shelf mark,BD26,EX47,0.3209981918334961,-0.8373756408691406,0.553797721862793,17.255974425002933,17.745834961533546,17.542850226163864
9,3.0,5,0.4545,The expedition's spare sledge carries equipment tag,SU18,FY43,1.6252970695495605,2.2113394737243652,2.318631649017334,16.92947305459529,16.435245867818594,16.671228631399572
9,3.0,6,0.5455,The survey team's theodolite bears serial number,KG96,AB32,-1.4920063018798828,-2.3032684326171875,-1.3367152214050293,18.041439161635935,15.734281405806541,16.188268376514316
9,3.0,7,0.6364,The border checkpoint ledger opens at entry code,HZ63,VE11,-0.8945627212524414,0.9589495658874512,-2.0420215129852295,17.970301347668283,16.476265948964283,16.41208583000116
9,3.0,8,0.7273,The radio operator's logbook continues in volume,CJ36,BB67,-1.3994531631469727,0.4067220687866211,-0.3036537170410156,17.73668566578999,17.04450811445713,16.99555126996711
9,3.0,9,0.8182,The lighthouse relief roster follows schedule,NJ53,GN47,-3.037721633911133,-0.8102374076843262,-1.5242257118225098,17.407196870539337,16.802220279118046,17.354670240543783
9,3.0,10,0.9091,The observatory's spare mirror was ordered as part number,BG10,VA55,-0.14102649688720703,-1.7027583122253418,1.7032732963562012,19.769747165497392,16.451674111187458,16.358237579464912
9,3.0,11,1.0,The ice core drilling rig was delivered as unit,PB58,KE71,-0.702730655670166,9.368276119232178,3.3677330017089844,20.314912106608972,20.573372079990804,17.534979195334017
9,4.0,0,0.0,The winter supply manifest lists lot number,JE33,RM41,0.02618551254272461,1.817927360534668,3.4934310913085938,16.438166801119223,9.562982320785522,12.382143259048462
9,4.0,1,0.0909,The medical supply locker was closed with seal number,SQ87,PW39,-0.003464221954345703,2.374758243560791,2.078634738922119,21.795120026683435,8.130144357681274,11.809186697006226
9,4.0,2,0.1818,Feld's field notebook carries catalogue reference,CL80,DN75,0.4707221984863281,5.800744533538818,7.611083507537842,18.68889899889473,13.665658503770828,12.958624333143234
9,4.0,3,0.2727,The northern relay station operates under callsign,FF40,MT57,-1.0485749244689941,-1.1171989440917969,-2.33950138092041,20.27777471533045,15.873006790876389,14.577177554368973
9,4.0,4,0.3636,The archive microfilm reel is filed under shelf mark,BD26,EX47,0.3209981918334961,0.20543193817138672,0.12525177001953125,17.255974425002933,11.663770914077759,12.167308241128922
9,4.0,5,0.4545,The expedition's spare sledge carries equipment tag,SU18,FY43,1.6252970695495605,2.042001247406006,2.7039008140563965,16.92947305459529,12.334995657205582,15.28501109778881
9,4.0,6,0.5455,The survey team's theodolite bears serial number,KG96,AB32,-1.4920063018798828,-1.0060210227966309,-1.7347536087036133,18.041439161635935,11.531930088996887,12.709740996360779
9,4.0,7,0.6364,The border checkpoint ledger opens at entry code,HZ63,VE11,-0.8945627212524414,1.8382492065429688,-0.8522684574127197,17.970301347668283,13.199127480387688,14.127115020528436
9,4.0,8,0.7273,The radio operator's logbook continues in volume,CJ36,BB67,-1.3994531631469727,-2.4603824615478516,-1.7886457443237305,17.73668566578999,7.921416252851486,11.631816232576966
9,4.0,9,0.8182,The lighthouse relief roster follows schedule,NJ53,GN47,-3.037721633911133,0.14794921875,1.4326777458190918,17.407196870539337,9.855777971446514,9.503386326134205
9,4.0,10,0.9091,The observatory's spare mirror was ordered as part number,BG10,VA55,-0.14102649688720703,-0.4292464256286621,1.1980586051940918,19.769747165497392,15.148701041936874,12.991355329751968
9,4.0,11,1.0,The ice core drilling rig was delivered as unit,PB58,KE71,-0.702730655670166,5.672430515289307,2.8666439056396484,20.314912106608972,19.37493234500289,17.953501282259822
9,5.0,0,0.0,The winter supply manifest lists lot number,JE33,RM41,0.02618551254272461,2.999617576599121,0.4856429100036621,16.438166801119223,6.024285554885864,3.379086971282959
9,5.0,1,0.0909,The medical supply locker was closed with seal number,SQ87,PW39,-0.003464221954345703,1.1117510795593262,4.159081935882568,21.795120026683435,3.65541410446167,9.088971376419067
9,5.0,2,0.1818,Feld's field notebook carries catalogue reference,CL80,DN75,0.4707221984863281,3.4132561683654785,5.523364067077637,18.68889899889473,13.000672698020935,13.000461429357529
9,5.0,3,0.2727,The northern relay station operates under callsign,FF40,MT57,-1.0485749244689941,-1.8030400276184082,-4.155187129974365,20.27777471533045,13.818551748991013,10.972960948944092
9,5.0,4,0.3636,The archive microfilm reel is filed under shelf mark,BD26,EX47,0.3209981918334961,-2.797363758087158,-1.2150306701660156,17.255974425002933,11.062424749135971,14.591959238052368
9,5.0,5,0.4545,The expedition's spare sledge carries equipment tag,SU18,FY43,1.6252970695495605,3.208928108215332,0.6806626319885254,16.92947305459529,11.472526669502258,14.395707309246063
9,5.0,6,0.5455,The survey team's theodolite bears serial number,KG96,AB32,-1.4920063018798828,0.034421443939208984,-0.25881242752075195,18.041439161635935,13.116019904613495,15.185831248760223
9,5.0,7,0.6364,The border checkpoint ledger opens at entry code,HZ63,VE11,-0.8945627212524414,2.9468860626220703,-2.101998805999756,17.970301347668283,13.899916991591454,17.806916877627373
9,5.0,8,0.7273,The radio operator's logbook continues in volume,CJ36,BB67,-1.3994531631469727,-3.6418099403381348,-1.020075798034668,17.73668566578999,11.592834249138832,10.68659844994545
9,5.0,9,0.8182,The lighthouse relief roster follows schedule,NJ53,GN47,-3.037721633911133,0.6059374809265137,-1.341991901397705,17.407196870539337,6.264984041452408,16.76053237169981
9,5.0,10,0.9091,The observatory's spare mirror was ordered as part number,BG10,VA55,-0.14102649688720703,-1.4429049491882324,-3.7220706939697266,19.769747165497392,11.166906356811523,14.705731213092804
9,5.0,11,1.0,The ice core drilling rig was delivered as unit,PB58,KE71,-0.702730655670166,5.385406494140625,1.6664633750915527,20.314912106608972,19.061897268518806,18.83820527046919
9,6.0,0,0.0,The winter supply manifest lists lot number,JE33,RM41,0.02618551254272461,2.7121291160583496,1.8207406997680664,16.438166801119223,6.237081050872803,5.678135633468628
9,6.0,1,0.0909,The medical supply locker was closed with seal number,SQ87,PW39,-0.003464221954345703,-0.006509304046630859,2.046360492706299,21.795120026683435,3.752013683319092,6.489411473274231
9,6.0,2,0.1818,Feld's field notebook carries catalogue reference,CL80,DN75,0.4707221984863281,3.3976190090179443,1.2242417335510254,18.68889899889473,15.7020363509655,12.833852231502533
9,6.0,3,0.2727,The northern relay station operates under callsign,FF40,MT57,-1.0485749244689941,-2.5195846557617188,-2.6793341636657715,20.27777471533045,17.376112297177315,16.925213120877743
9,6.0,4,0.3636,The archive microfilm reel is filed under shelf mark,BD26,EX47,0.3209981918334961,-0.995819091796875,0.30086708068847656,17.255974425002933,12.988513827323914,11.288573741912842
9,6.0,5,0.4545,The expedition's spare sledge carries equipment tag,SU18,FY43,1.6252970695495605,3.008331298828125,2.6856484413146973,16.92947305459529,12.444824129343033,12.265567243099213
9,6.0,6,0.5455,The survey team's theodolite bears serial number,KG96,AB32,-1.4920063018798828,-0.016769886016845703,-1.005650520324707,18.041439161635935,15.21082854270935,12.516497611999512
9,6.0,7,0.6364,The border checkpoint ledger opens at entry code,HZ63,VE11,-0.8945627212524414,1.5620431900024414,-0.8006930351257324,17.970301347668283,14.014190465211868,17.577180489897728
9,6.0,8,0.7273,The radio operator's logbook continues in volume,CJ36,BB67,-1.3994531631469727,-3.100680351257324,0.07692337036132812,17.73668566578999,14.591887228190899,11.628592878580093
9,6.0,9,0.8182,The lighthouse relief roster follows schedule,NJ53,GN47,-3.037721633911133,-0.06550884246826172,-1.6241087913513184,17.407196870539337,10.152176596224308,12.71489730477333
9,6.0,10,0.9091,The observatory's spare mirror was ordered as part number,BG10,VA55,-0.14102649688720703,-1.859940528869629,1.946371078491211,19.769747165497392,14.112278014421463,13.247839450836182
9,6.0,11,1.0,The ice core drilling rig was delivered as unit,PB58,KE71,-0.702730655670166,5.566590309143066,5.17157506942749,20.314912106608972,15.765814125537872,13.469181828200817
9,7.0,0,0.0,The winter supply manifest lists lot number,JE33,RM41,0.02618551254272461,2.0357236862182617,2.020318031311035,16.438166801119223,3.169271945953369,5.836756587028503
9,7.0,1,0.0909,The medical supply locker was closed with seal number,SQ87,PW39,-0.003464221954345703,-1.2845771312713623,1.642369270324707,21.795120026683435,2.1369071006774902,6.595489263534546
9,7.0,2,0.1818,Feld's field notebook carries catalogue reference,CL80,DN75,0.4707221984863281,0.1676769256591797,-0.12211489677429199,18.68889899889473,14.27651995420456,13.14804357290268
9,7.0,3,0.2727,The northern relay station operates under callsign,FF40,MT57,-1.0485749244689941,-1.436502456665039,-2.3546338081359863,20.27777471533045,13.281636893749237,14.452640056610107
9,7.0,4,0.3636,The archive microfilm reel is filed under shelf mark,BD26,EX47,0.3209981918334961,-0.8670339584350586,-1.3693037033081055,17.255974425002933,12.942812740802765,10.40199625492096
9,7.0,5,0.4545,The expedition's spare sledge carries equipment tag,SU18,FY43,1.6252970695495605,2.4514570236206055,3.7542948722839355,16.92947305459529,7.900673747062683,10.578934967517853
9,7.0,6,0.5455,The survey team's theodolite bears serial number,KG96,AB32,-1.4920063018798828,-1.178514003753662,-2.5586929321289062,18.041439161635935,13.611464813351631,11.356220483779907
9,7.0,7,0.6364,The border checkpoint ledger opens at entry code,HZ63,VE11,-0.8945627212524414,0.42537784576416016,-1.5592870712280273,17.970301347668283,13.36865320801735,17.83727714791894
9,7.0,8,0.7273,The radio operator's logbook continues in volume,CJ36,BB67,-1.3994531631469727,-2.805347442626953,-3.449300765991211,17.73668566578999,10.363690793514252,12.980364441871643
9,7.0,9,0.8182,The lighthouse relief roster follows schedule,NJ53,GN47,-3.037721633911133,0.026441574096679688,0.6546530723571777,17.407196870539337,12.18797479569912,12.769356325268745
9,7.0,10,0.9091,The observatory's spare mirror was ordered as part number,BG10,VA55,-0.14102649688720703,0.947016716003418,2.5843987464904785,19.769747165497392,11.396668553352356,12.596007168293
9,7.0,11,1.0,The ice core drilling rig was delivered as unit,PB58,KE71,-0.702730655670166,3.923971652984619,4.7120466232299805,20.314912106608972,10.981274530291557,13.759232021868229
9,8.0,0,0.0,The winter supply manifest lists lot number,JE33,RM41,0.02618551254272461,2.1136674880981445,1.1805191040039062,16.438166801119223,1.1658568382263184,4.0080649852752686
9,8.0,1,0.0909,The medical supply locker was closed with seal number,SQ87,PW39,-0.003464221954345703,0.30536842346191406,-0.5364012718200684,21.795120026683435,0.18174219131469727,2.6736199855804443
9,8.0,2,0.1818,Feld's field notebook carries catalogue reference,CL80,DN75,0.4707221984863281,0.6257658004760742,-1.0411219596862793,18.68889899889473,14.895931601524353,13.275691866874695
9,8.0,3,0.2727,The northern relay station operates under callsign,FF40,MT57,-1.0485749244689941,-1.5561437606811523,-0.341245174407959,20.27777471533045,7.332130551338196,13.040368005633354
9,8.0,4,0.3636,The archive microfilm reel is filed under shelf mark,BD26,EX47,0.3209981918334961,0.9999756813049316,1.85862398147583,17.255974425002933,6.57778525352478,9.50125765800476
9,8.0,5,0.4545,The expedition's spare sledge carries equipment tag,SU18,FY43,1.6252970695495605,0.3334159851074219,4.039690017700195,16.92947305459529,8.10962164402008,10.36844915151596
9,8.0,6,0.5455,The survey team's theodolite bears serial number,KG96,AB32,-1.4920063018798828,-1.0500330924987793,-4.899503231048584,18.041439161635935,10.486378073692322,8.496266603469849
9,8.0,7,0.6364,The border checkpoint ledger opens at entry code,HZ63,VE11,-0.8945627212524414,0.7333474159240723,-3.078571319580078,17.970301347668283,13.131539270281792,14.794066846370697
9,8.0,8,0.7273,The radio operator's logbook continues in volume,CJ36,BB67,-1.3994531631469727,-3.6085925102233887,-3.087064504623413,17.73668566578999,9.578686356544495,12.079798310995102
9,8.0,9,0.8182,The lighthouse relief roster follows schedule,NJ53,GN47,-3.037721633911133,-0.4657273292541504,-0.16213274002075195,17.407196870539337,10.638567551970482,12.487289287149906
9,8.0,10,0.9091,The observatory's spare mirror was ordered as part number,BG10,VA55,-0.14102649688720703,1.374349594116211,0.25991344451904297,19.769747165497392,13.385613888502121,12.087342143058777
9,8.0,11,1.0,The ice core drilling rig was delivered as unit,PB58,KE71,-0.702730655670166,5.198148727416992,4.972689628601074,20.314912106608972,11.314809083938599,11.068190485239029
10,1.0,0,0.0,Ansel's transit permit was issued as document number,UB64,BA66,0.39179515838623047,-0.7969851493835449,-0.8153905868530273,17.315354804624803,15.071811330039054,16.77482149610296
10,1.0,1,0.0909,The reserve fuel depot is listed at site code,JW30,TC16,-0.8512077331542969,-0.1644749641418457,-0.6007394790649414,17.75212863564957,16.689842149615288,16.105151404743083
10,1.0,2,0.1818,The harbour pilot's licence shows registration code,BS72,MC29,-0.24364137649536133,-1.1809039115905762,-1.3452186584472656,16.382067263126373,16.05050558038056,17.28683033399284
10,1.0,3,0.2727,The medical supply locker was closed with seal number,LC41,DV68,0.016246318817138672,0.43961477279663086,0.3140277862548828,15.132120237220079,11.710844595450908,11.706325446255505
10,1.0,4,0.3636,The mail packet from Vlissen came in pouch number,PE87,RE68,0.42299866676330566,0.7097039222717285,0.8722634315490723,19.799872211529873,16.91627277666703,19.298523597302847
10,1.0,5,0.4545,The lighthouse relief roster follows schedule,MN63,PS67,-0.13858795166015625,0.886530876159668,1.4045424461364746,14.493023828137666,13.524178305640817,13.592525217449293
10,1.0,6,0.5455,The salvage tender was registered with hull number,EQ40,LZ43,-1.5244865417480469,-0.0010528564453125,0.1191110610961914,15.003284926293418,17.651775945472764,18.038877633429365
10,1.0,7,0.6364,The winter quarters roof panel came from batch,BU10,LW76,-3.2402548789978027,-0.9302000999450684,-0.917081356048584,14.575433743186295,15.202189982868731,16.064507635310292
10,1.0,8,0.7273,The hydrographic chart set reached edition,HE34,SE40,0.5977272987365723,-0.22415924072265625,-0.1650853157043457,16.654293227591552,16.405637966352515,17.228071841178462
10,1.0,9,0.8182,The customs declaration quotes reference code,KT56,LV14,0.5132246017456055,0.33442163467407227,0.378603458404541,18.093376457574777,18.543824975611642,19.00144736689981
10,1.0,10,0.9091,The eastern pumping station runs on circuit label,HL95,RA24,-0.010928630828857422,0.07905197143554688,-0.03332328796386719,17.02085509803146,16.555893931072205,17.286286535672843
10,1.0,11,1.0,The seismograph at Ridge Camp reports as instrument,RC93,KP41,2.055647373199463,3.4097042083740234,2.8601016998291016,17.596045098500326,17.283028447069228,18.962536368169822
10,2.0,0,0.0,Ansel's transit permit was issued as document number,UB64,BA66,0.39179515838623047,0.07550525665283203,0.20038986206054688,17.315354804624803,15.440684758126736,14.259916245937347
10,2.0,1,0.0909,The reserve fuel depot is listed at site code,JW30,TC16,-0.8512077331542969,0.506718635559082,-0.2113347053527832,17.75212863564957,15.106126468628645,13.312714900821447
10,2.0,2,0.1818,The harbour pilot's licence shows registration code,BS72,MC29,-0.24364137649536133,-0.7801022529602051,-1.7337074279785156,16.382067263126373,9.353991270065308,12.648165673017502
10,2.0,3,0.2727,The medical supply locker was closed with seal number,LC41,DV68,0.016246318817138672,1.3384008407592773,0.4438300132751465,15.132120237220079,12.8156205303967,9.718477666378021
10,2.0,4,0.3636,The mail packet from Vlissen came in pouch number,PE87,RE68,0.42299866676330566,4.545596361160278,1.358915090560913,19.799872211529873,19.650162868201733,15.01209968328476
10,2.0,5,0.4545,The lighthouse relief roster follows schedule,MN63,PS67,-0.13858795166015625,2.733485460281372,1.723473072052002,14.493023828137666,14.422084841877222,11.41879978775978
10,2.0,6,0.5455,The salvage tender was registered with hull number,EQ40,LZ43,-1.5244865417480469,-0.5161623954772949,0.3021726608276367,15.003284926293418,13.48027771152556,13.246084159240127
10,2.0,7,0.6364,The winter quarters roof panel came from batch,BU10,LW76,-3.2402548789978027,-1.3661880493164062,-0.817591667175293,14.575433743186295,17.168514211662114,12.80744705349207
10,2.0,8,0.7273,The hydrographic chart set reached edition,HE34,SE40,0.5977272987365723,-1.74009370803833,0.35129690170288086,16.654293227591552,18.885013062041253,15.049833595752716
10,2.0,9,0.8182,The customs declaration quotes reference code,KT56,LV14,0.5132246017456055,-1.228813648223877,0.25899696350097656,18.093376457574777,17.609230707748793,16.422285543754697
10,2.0,10,0.9091,The eastern pumping station runs on circuit label,HL95,RA24,-0.010928630828857422,-0.3302879333496094,0.43913912773132324,17.02085509803146,15.91102329082787,13.311409443616867
10,2.0,11,1.0,The seismograph at Ridge Camp reports as instrument,RC93,KP41,2.055647373199463,9.630203008651733,5.2626988887786865,17.596045098500326,18.32646006438881,19.25774438213557
10,3.0,0,0.0,Ansel's transit permit was issued as document number,UB64,BA66,0.39179515838623047,-1.539292812347412,1.283595085144043,17.315354804624803,11.721030980348587,15.039634853601456
10,3.0,1,0.0909,The reserve fuel depot is listed at site code,JW30,TC16,-0.8512077331542969,-1.0495953559875488,-2.4285101890563965,17.75212863564957,15.152767701074481,12.818280845880508
10,3.0,2,0.1818,The harbour pilot's licence shows registration code,BS72,MC29,-0.24364137649536133,-1.725989818572998,-2.405752658843994,16.382067263126373,13.320231162011623,16.010028779506683
10,3.0,3,0.2727,The medical supply locker was closed with seal number,LC41,DV68,0.016246318817138672,0.8329224586486816,-1.489701747894287,15.132120237220079,12.072932131588459,11.908133238554
10,3.0,4,0.3636,The mail packet from Vlissen came in pouch number,PE87,RE68,0.42299866676330566,3.368483066558838,2.77961802482605,19.799872211529873,19.260958654806018,16.990677427500486
10,3.0,5,0.4545,The lighthouse relief roster follows schedule,MN63,PS67,-0.13858795166015625,1.0801548957824707,1.832369327545166,14.493023828137666,13.64793699607253,14.123376060277224
10,3.0,6,0.5455,The salvage tender was registered with hull number,EQ40,LZ43,-1.5244865417480469,-0.8108935356140137,-1.239180564880371,15.003284926293418,16.83923840522766,14.477803675457835
10,3.0,7,0.6364,The winter quarters roof panel came from batch,BU10,LW76,-3.2402548789978027,-1.4604105949401855,-3.2326345443725586,14.575433743186295,18.179748620837927,15.893871021457016
10,3.0,8,0.7273,The hydrographic chart set reached edition,HE34,SE40,0.5977272987365723,-2.8708620071411133,0.41356563568115234,16.654293227591552,20.173088473267853,20.21304491907358
10,3.0,9,0.8182,The customs declaration quotes reference code,KT56,LV14,0.5132246017456055,0.9321918487548828,1.8973724842071533,18.093376457574777,22.690328584983945,21.70790239656344
10,3.0,10,0.9091,The eastern pumping station runs on circuit label,HL95,RA24,-0.010928630828857422,1.038344383239746,-0.9280357360839844,17.02085509803146,16.68249193346128,17.72966365283355
10,3.0,11,1.0,The seismograph at Ridge Camp reports as instrument,RC93,KP41,2.055647373199463,10.547096967697144,7.839667320251465,17.596045098500326,20.509843735024333,21.108120100107044
10,4.0,0,0.0,Ansel's transit permit was issued as document number,UB64,BA66,0.39179515838623047,-1.5698790550231934,2.09462308883667,17.315354804624803,13.356376349925995,15.982988633215427
10,4.0,1,0.0909,The reserve fuel depot is listed at site code,JW30,TC16,-0.8512077331542969,-0.9284601211547852,-6.322558403015137,17.75212863564957,13.453481167554855,13.60302609205246
10,4.0,2,0.1818,The harbour pilot's licence shows registration code,BS72,MC29,-0.24364137649536133,-1.0652580261230469,-3.6184253692626953,16.382067263126373,13.976780019700527,16.366385750472546
10,4.0,3,0.2727,The medical supply locker was closed with seal number,LC41,DV68,0.016246318817138672,1.6043767929077148,-1.9912004470825195,15.132120237220079,15.105692826211452,15.507449626922607
10,4.0,4,0.3636,The mail packet from Vlissen came in pouch number,PE87,RE68,0.42299866676330566,3.129110813140869,4.007571697235107,19.799872211529873,18.33708231523633,15.673441737890244
10,4.0,5,0.4545,The lighthouse relief roster follows schedule,MN63,PS67,-0.13858795166015625,3.864959478378296,3.157733917236328,14.493023828137666,15.989629410207272,12.412204176187515
10,4.0,6,0.5455,The salvage tender was registered with hull number,EQ40,LZ43,-1.5244865417480469,-1.7903990745544434,-0.39126110076904297,15.003284926293418,17.438843643292785,13.101063430309296
10,4.0,7,0.6364,The winter quarters roof panel came from batch,BU10,LW76,-3.2402548789978027,0.1275806427001953,-1.302812099456787,14.575433743186295,15.039748998358846,15.62629409879446
10,4.0,8,0.7273,The hydrographic chart set reached edition,HE34,SE40,0.5977272987365723,-4.433766841888428,-0.8246378898620605,16.654293227591552,21.783358151093125,19.70171260088682
10,4.0,9,0.8182,The customs declaration quotes reference code,KT56,LV14,0.5132246017456055,1.8157176971435547,-0.6173591613769531,18.093376457574777,20.055860380642116,19.748517345637083
10,4.0,10,0.9091,The eastern pumping station runs on circuit label,HL95,RA24,-0.010928630828857422,-1.0129857063293457,-1.6227750778198242,17.02085509803146,16.689921895973384,18.549621518701315
10,4.0,11,1.0,The seismograph at Ridge Camp reports as instrument,RC93,KP41,2.055647373199463,7.445000648498535,7.284918308258057,17.596045098500326,19.438589650206268,21.074728777632117
10,5.0,0,0.0,Ansel's transit permit was issued as document number,UB64,BA66,0.39179515838623047,-2.7843947410583496,-1.462956428527832,17.315354804624803,4.357533931732178,10.409345626831055
10,5.0,1,0.0909,The reserve fuel depot is listed at site code,JW30,TC16,-0.8512077331542969,-1.8351964950561523,-1.213778018951416,17.75212863564957,11.591664433479309,13.572242438793182
10,5.0,2,0.1818,The harbour pilot's licence shows registration code,BS72,MC29,-0.24364137649536133,0.07761621475219727,-2.404478073120117,16.382067263126373,13.063636392354965,16.763493418693542
10,5.0,3,0.2727,The medical supply locker was closed with seal number,LC41,DV68,0.016246318817138672,-0.35555505752563477,-1.8250212669372559,15.132120237220079,13.30831391364336,15.042779207229614
10,5.0,4,0.3636,The mail packet from Vlissen came in pouch number,PE87,RE68,0.42299866676330566,2.304758071899414,2.112412452697754,19.799872211529873,11.96811431646347,13.36629468202591
10,5.0,5,0.4545,The lighthouse relief roster follows schedule,MN63,PS67,-0.13858795166015625,0.5482985973358154,3.4294756650924683,14.493023828137666,16.17028945311904,13.982675224542618
10,5.0,6,0.5455,The salvage tender was registered with hull number,EQ40,LZ43,-1.5244865417480469,-0.16443395614624023,0.739288330078125,15.003284926293418,17.256281085312366,13.385242626070976
10,5.0,7,0.6364,The winter quarters roof panel came from batch,BU10,LW76,-3.2402548789978027,-1.5385551452636719,0.3947110176086426,14.575433743186295,13.530907016247511,19.01052884850651
10,5.0,8,0.7273,The hydrographic chart set reached edition,HE34,SE40,0.5977272987365723,0.5507802963256836,-1.470231533050537,16.654293227591552,19.235199715942144,20.313335115090013
10,5.0,9,0.8182,The customs declaration quotes reference code,KT56,LV14,0.5132246017456055,1.3152213096618652,2.548757553100586,18.093376457574777,20.172244768589735,19.695832055062056
10,5.0,10,0.9091,The eastern pumping station runs on circuit label,HL95,RA24,-0.010928630828857422,2.2862658500671387,-1.1422905921936035,17.02085509803146,16.370109513401985,18.739676180994138
10,5.0,11,1.0,The seismograph at Ridge Camp reports as instrument,RC93,KP41,2.055647373199463,10.060509204864502,6.468128681182861,17.596045098500326,19.162731524556875,19.85588194616139
10,6.0,0,0.0,Ansel's transit permit was issued as document number,UB64,BA66,0.39179515838623047,-1.4133319854736328,1.6723041534423828,17.315354804624803,4.75277853012085,6.195796966552734
10,6.0,1,0.0909,The reserve fuel depot is listed at site code,JW30,TC16,-0.8512077331542969,-1.1244616508483887,-1.5206289291381836,17.75212863564957,9.13955545425415,9.053396880626678
10,6.0,2,0.1818,The harbour pilot's licence shows registration code,BS72,MC29,-0.24364137649536133,-3.1915535926818848,-3.4834775924682617,16.382067263126373,12.104190930724144,14.345016479492188
10,6.0,3,0.2727,The medical supply locker was closed with seal number,LC41,DV68,0.016246318817138672,1.1208701133728027,1.0330963134765625,15.132120237220079,10.586660243570805,14.026290893554688
10,6.0,4,0.3636,The mail packet from Vlissen came in pouch number,PE87,RE68,0.42299866676330566,1.1745123863220215,0.8858590126037598,19.799872211529873,9.792641133069992,11.030368864536285
10,6.0,5,0.4545,The lighthouse relief roster follows schedule,MN63,PS67,-0.13858795166015625,1.232518196105957,5.217604756355286,14.493023828137666,13.818877704441547,13.08624516427517
10,6.0,6,0.5455,The salvage tender was registered with hull number,EQ40,LZ43,-1.5244865417480469,0.9222822189331055,0.3923325538635254,15.003284926293418,17.35874403268099,15.934648931026459
10,6.0,7,0.6364,The winter quarters roof panel came from batch,BU10,LW76,-3.2402548789978027,1.0554161071777344,-2.6384544372558594,14.575433743186295,14.754043489694595,16.357722885906696
10,6.0,8,0.7273,The hydrographic chart set reached edition,HE34,SE40,0.5977272987365723,-4.275781631469727,-0.6430768966674805,16.654293227591552,18.37539786286652,20.072289373725653
10,6.0,9,0.8182,The customs declaration quotes reference code,KT56,LV14,0.5132246017456055,2.752086639404297,3.2112722396850586,18.093376457574777,17.047996047884226,16.218709975481033
10,6.0,10,0.9091,The eastern pumping station runs on circuit label,HL95,RA24,-0.010928630828857422,0.29393625259399414,-3.049302577972412,17.02085509803146,15.598767597228289,17.355857802554965
10,6.0,11,1.0,The seismograph at Ridge Camp reports as instrument,RC93,KP41,2.055647373199463,7.7389116287231445,3.9213523864746094,17.596045098500326,18.83453862927854,17.075630098581314
10,7.0,0,0.0,Ansel's transit permit was issued as document number,UB64,BA66,0.39179515838623047,-2.545100688934326,-1.5666322708129883,17.315354804624803,3.760483741760254,5.300095319747925
10,7.0,1,0.0909,The reserve fuel depot is listed at site code,JW30,TC16,-0.8512077331542969,-3.0417566299438477,-2.70674991607666,17.75212863564957,5.833603024482727,4.376713275909424
10,7.0,2,0.1818,The harbour pilot's licence shows registration code,BS72,MC29,-0.24364137649536133,-2.3053159713745117,-3.5196242332458496,16.382067263126373,7.761129140853882,9.239155799150467
10,7.0,3,0.2727,The medical supply locker was closed with seal number,LC41,DV68,0.016246318817138672,2.0161004066467285,0.5611162185668945,15.132120237220079,7.237495005130768,10.850110828876495
10,7.0,4,0.3636,The mail packet from Vlissen came in pouch number,PE87,RE68,0.42299866676330566,0.6098761558532715,2.007716655731201,19.799872211529873,11.104102373123169,10.820747375488281
10,7.0,5,0.4545,The lighthouse relief roster follows schedule,MN63,PS67,-0.13858795166015625,2.1710126399993896,5.961929798126221,14.493023828137666,12.71487481892109,12.363042563199997
10,7.0,6,0.5455,The salvage tender was registered with hull number,EQ40,LZ43,-1.5244865417480469,0.16132450103759766,0.04994058609008789,15.003284926293418,13.950126469135284,14.337260991334915
10,7.0,7,0.6364,The winter quarters roof panel came from batch,BU10,LW76,-3.2402548789978027,-1.4661388397216797,-2.9718527793884277,14.575433743186295,15.279235512018204,12.807958990335464
10,7.0,8,0.7273,The hydrographic chart set reached edition,HE34,SE40,0.5977272987365723,-4.36475944519043,-3.236133098602295,16.654293227591552,18.116630509495735,18.94034231454134
10,7.0,9,0.8182,The customs declaration quotes reference code,KT56,LV14,0.5132246017456055,1.224076747894287,0.6938691139221191,18.093376457574777,14.210503309965134,14.069692015647888
10,7.0,10,0.9091,The eastern pumping station runs on circuit label,HL95,RA24,-0.010928630828857422,1.4918389320373535,0.09919548034667969,17.02085509803146,14.479864247143269,14.709136806428432
10,7.0,11,1.0,The seismograph at Ridge Camp reports as instrument,RC93,KP41,2.055647373199463,9.78988265991211,8.661471843719482,17.596045098500326,16.5714019164443,14.371637597680092
10,8.0,0,0.0,Ansel's transit permit was issued as document number,UB64,BA66,0.39179515838623047,-1.9686574935913086,-3.1266002655029297,17.315354804624803,2.9653711318969727,0.41504478454589844
10,8.0,1,0.0909,The reserve fuel depot is listed at site code,JW30,TC16,-0.8512077331542969,-2.064786434173584,-1.2641019821166992,17.75212863564957,2.1358084678649902,3.6283631324768066
10,8.0,2,0.1818,The harbour pilot's licence shows registration code,BS72,MC29,-0.24364137649536133,-3.4700927734375,-3.550124168395996,16.382067263126373,7.932056427001953,8.24647742509842
10,8.0,3,0.2727,The medical supply locker was closed with seal number,LC41,DV68,0.016246318817138672,1.697859764099121,0.9903225898742676,15.132120237220079,9.239955484867096,10.734683990478516
10,8.0,4,0.3636,The mail packet from Vlissen came in pouch number,PE87,RE68,0.42299866676330566,0.11810779571533203,-0.2439441680908203,19.799872211529873,11.850966721773148,13.192709743976593
10,8.0,5,0.4545,The lighthouse relief roster follows schedule,MN63,PS67,-0.13858795166015625,2.4309372901916504,4.375805854797363,14.493023828137666,11.119840502738953,11.291611313819885
10,8.0,6,0.5455,The salvage tender was registered with hull number,EQ40,LZ43,-1.5244865417480469,1.5221853256225586,-0.4025092124938965,15.003284926293418,13.925159633159637,14.784114599227905
10,8.0,7,0.6364,The winter quarters roof panel came from batch,BU10,LW76,-3.2402548789978027,-2.427229881286621,-1.9085702896118164,14.575433743186295,16.140598699450493,12.720645800232887
10,8.0,8,0.7273,The hydrographic chart set reached edition,HE34,SE40,0.5977272987365723,-3.315001964569092,-1.603189468383789,16.654293227591552,17.0799131244421,16.312252320349216
10,8.0,9,0.8182,The customs declaration quotes reference code,KT56,LV14,0.5132246017456055,0.2250819206237793,-1.4704432487487793,18.093376457574777,14.189742028713226,13.505744248628616
10,8.0,10,0.9091,The eastern pumping station runs on circuit label,HL95,RA24,-0.010928630828857422,0.7049076557159424,-0.12005090713500977,17.02085509803146,13.055177047848701,13.986676931381226
10,8.0,11,1.0,The seismograph at Ridge Camp reports as instrument,RC93,KP41,2.055647373199463,8.342869639396667,8.110497236251831,17.596045098500326,14.241100132465363,11.390448212623596
11,1.0,0,0.0,The signal lamp housing takes fitting code,QT69,AV52,-0.019107341766357422,-0.48909568786621094,-0.6792984008789062,21.789243368431926,21.249836505390704,21.63981556764338
11,1.0,1,0.0909,The radio operator's logbook continues in volume,QS85,KN19,0.7494306564331055,1.5574135780334473,1.9325146675109863,17.6941583706066,15.77669511642307,15.726116605103016
11,1.0,2,0.1818,The medical supply locker was closed with seal number,GF75,CC36,-0.4049253463745117,-0.4645218849182129,-0.30498838424682617,22.16005710727768,22.25198914774228,22.225326791987754
11,1.0,3,0.2727,The harbour pilot's licence shows registration code,RW88,UW41,0.7107844352722168,0.8882076740264893,1.5021157264709473,9.249040714465082,9.687031630892307,8.74801252875477
11,1.0,4,0.3636,The archive microfilm reel is filed under shelf mark,FD67,AV57,0.6021895408630371,-0.6477575302124023,-0.4652438163757324,16.400231087813154,17.789355897781206,16.774758008948993
11,1.0,5,0.4545,The ice core drilling rig was delivered as unit,KE21,MV68,1.5449161529541016,0.7826094627380371,0.47513532638549805,14.036637560697272,12.332791439141147,12.75691521668341
11,1.0,6,0.5455,The sealed crate in the annex is marked with inventory tag,TY91,EU71,0.8911833763122559,0.4982872009277344,0.9581632614135742,17.65630554105155,20.28882620477816,19.653634001500905
11,1.0,7,0.6364,The telegraph repeater hut answers to station code,BV60,UE59,1.1642909049987793,2.7727811336517334,3.1305811405181885,16.95785243436694,19.555441574309953,19.413164748693816
11,1.0,8,0.7273,The shipment of core samples travelled under consignment code,WF89,FW29,0.6969561576843262,1.1661162376403809,2.0685672760009766,15.678032714407891,20.63446715241298,20.69177329435479
11,1.0,9,0.8182,The winter supply manifest lists lot number,AS18,HZ34,-0.0616145133972168,0.4764728546142578,0.24330425262451172,17.868863764568232,18.413359595026122,16.265551862248685
11,1.0,10,0.9091,Ansel's transit permit was issued as document number,BB34,TG97,1.1723308563232422,-3.9252166748046875,-3.823629856109619,14.28259834117489,14.835518973704893,15.093313818564638
11,1.0,11,1.0,The seismograph at Ridge Camp reports as instrument,HV13,NR87,-1.9041719436645508,-1.8092126846313477,-2.2802228927612305,17.59954249463044,18.214050860726275,16.812321370234713
11,2.0,0,0.0,The signal lamp housing takes fitting code,QT69,AV52,-0.019107341766357422,-1.1281919479370117,-0.6218171119689941,21.789243368431926,16.6673726066947,18.38704375270754
11,2.0,1,0.0909,The radio operator's logbook continues in volume,QS85,KN19,0.7494306564331055,1.5884590148925781,0.9708833694458008,17.6941583706066,11.411523409187794,14.57474222034216
11,2.0,2,0.1818,The medical supply locker was closed with seal number,GF75,CC36,-0.4049253463745117,-2.140394687652588,-1.7228622436523438,22.16005710727768,19.062331572873518,20.142738475464284
11,2.0,3,0.2727,The harbour pilot's licence shows registration code,RW88,UW41,0.7107844352722168,0.6283714771270752,2.0110373497009277,9.249040714465082,8.250340385362506,7.812957854010165
11,2.0,4,0.3636,The archive microfilm reel is filed under shelf mark,FD67,AV57,0.6021895408630371,-0.5696229934692383,-1.0012283325195312,16.400231087813154,15.978056566324085,16.89500595536083
11,2.0,5,0.4545,The ice core drilling rig was delivered as unit,KE21,MV68,1.5449161529541016,1.0531201362609863,0.4552741050720215,14.036637560697272,11.5778779941611,11.3947629397735
11,2.0,6,0.5455,The sealed crate in the annex is marked with inventory tag,TY91,EU71,0.8911833763122559,0.47618722915649414,1.3620505332946777,17.65630554105155,17.926948880543932,18.745280363131315
11,2.0,7,0.6364,The telegraph repeater hut answers to station code,BV60,UE59,1.1642909049987793,2.2863800525665283,1.7409543991088867,16.95785243436694,15.255145351402462,16.531932222656906
11,2.0,8,0.7273,The shipment of core samples travelled under consignment code,WF89,FW29,0.6969561576843262,1.5914604663848877,2.332613706588745,15.678032714407891,21.26413715700619,20.323423944413662
11,2.0,9,0.8182,The winter supply manifest lists lot number,AS18,HZ34,-0.0616145133972168,0.37479591369628906,0.2712874412536621,17.868863764568232,17.438119598926278,16.546395712473895
11,2.0,10,0.9091,Ansel's transit permit was issued as document number,BB34,TG97,1.1723308563232422,-2.945157051086426,-3.2997865676879883,14.28259834117489,12.96287634037435,14.56053171865642
11,2.0,11,1.0,The seismograph at Ridge Camp reports as instrument,HV13,NR87,-1.9041719436645508,0.5680513381958008,-2.1967086791992188,17.59954249463044,16.82444370520534,16.052081330912188
11,3.0,0,0.0,The signal lamp housing takes fitting code,QT69,AV52,-0.019107341766357422,-1.593801498413086,-2.2628173828125,21.789243368431926,11.805821806192398,9.513509750366211
11,3.0,1,0.0909,The radio operator's logbook continues in volume,QS85,KN19,0.7494306564331055,0.22839593887329102,-0.5302667617797852,17.6941583706066,16.548106726258993,11.893138468265533
11,3.0,2,0.1818,The medical supply locker was closed with seal number,GF75,CC36,-0.4049253463745117,-3.1882500648498535,0.7633748054504395,22.16005710727768,17.305981494486332,17.298457473516464
11,3.0,3,0.2727,The harbour pilot's licence shows registration code,RW88,UW41,0.7107844352722168,6.066736221313477,2.3553614616394043,9.249040714465082,5.0924287140369415,4.02960067987442
11,3.0,4,0.3636,The archive microfilm reel is filed under shelf mark,FD67,AV57,0.6021895408630371,-5.077740669250488,-2.8930845260620117,16.400231087813154,17.725283827632666,16.927152417600155
11,3.0,5,0.4545,The ice core drilling rig was delivered as unit,KE21,MV68,1.5449161529541016,2.6733264923095703,1.4262280464172363,14.036637560697272,13.529604896903038,11.878132566809654
11,3.0,6,0.5455,The sealed crate in the annex is marked with inventory tag,TY91,EU71,0.8911833763122559,-2.8469717502593994,-1.7749242782592773,17.65630554105155,18.50662575662136,16.3508479334414
11,3.0,7,0.6364,The telegraph repeater hut answers to station code,BV60,UE59,1.1642909049987793,-0.5499367713928223,-2.5634756088256836,16.95785243436694,17.443984001874924,16.76617107540369
11,3.0,8,0.7273,The shipment of core samples travelled under consignment code,WF89,FW29,0.6969561576843262,2.013390064239502,2.9387004375457764,15.678032714407891,20.934281636029482,15.967692889273167
11,3.0,9,0.8182,The winter supply manifest lists lot number,AS18,HZ34,-0.0616145133972168,3.3849382400512695,2.848114490509033,17.868863764568232,15.133576664607972,14.60623901989311
11,3.0,10,0.9091,Ansel's transit permit was issued as document number,BB34,TG97,1.1723308563232422,1.2172470092773438,2.945676326751709,14.28259834117489,15.39189177006483,15.453543420881033
11,3.0,11,1.0,The seismograph at Ridge Camp reports as instrument,HV13,NR87,-1.9041719436645508,-2.663865566253662,-3.5783796310424805,17.59954249463044,18.546440698206425,16.90817508660257
11,4.0,0,0.0,The signal lamp housing takes fitting code,QT69,AV52,-0.019107341766357422,-1.5334587097167969,-0.9746990203857422,21.789243368431926,15.03723856806755,12.459939658641815
11,4.0,1,0.0909,The radio operator's logbook continues in volume,QS85,KN19,0.7494306564331055,-1.4168486595153809,-1.206620693206787,17.6941583706066,16.643330827355385,12.600299060344696
11,4.0,2,0.1818,The medical supply locker was closed with seal number,GF75,CC36,-0.4049253463745117,-0.6890053749084473,-3.625246524810791,22.16005710727768,12.75900387763977,15.540731996297836
11,4.0,3,0.2727,The harbour pilot's licence shows registration code,RW88,UW41,0.7107844352722168,-0.08746719360351562,-0.8388094902038574,9.249040714465082,5.261550217866898,3.421118199825287
11,4.0,4,0.3636,The archive microfilm reel is filed under shelf mark,FD67,AV57,0.6021895408630371,-2.6096787452697754,-4.657541751861572,16.400231087813154,16.396594136953354,18.5283330231905
11,4.0,5,0.4545,The ice core drilling rig was delivered as unit,KE21,MV68,1.5449161529541016,3.647045612335205,2.9992122650146484,14.036637560697272,10.680094450712204,12.039298221468925
11,4.0,6,0.5455,The sealed crate in the annex is marked with inventory tag,TY91,EU71,0.8911833763122559,-0.5947067737579346,-2.2835898399353027,17.65630554105155,11.599565029144287,15.766541209071875
11,4.0,7,0.6364,The telegraph repeater hut answers to station code,BV60,UE59,1.1642909049987793,0.18604230880737305,-1.670443058013916,16.95785243436694,14.316515982151031,16.02633325755596
11,4.0,8,0.7273,The shipment of core samples travelled under consignment code,WF89,FW29,0.6969561576843262,3.961984157562256,2.4665894508361816,15.678032714407891,16.940701887011528,16.98290154337883
11,4.0,9,0.8182,The winter supply manifest lists lot number,AS18,HZ34,-0.0616145133972168,1.521721363067627,0.5913443565368652,17.868863764568232,12.640582792460918,12.523339407518506
11,4.0,10,0.9091,Ansel's transit permit was issued as document number,BB34,TG97,1.1723308563232422,-3.419248580932617,-2.2662100791931152,14.28259834117489,13.836126305162907,14.76800717972219
11,4.0,11,1.0,The seismograph at Ridge Camp reports as instrument,HV13,NR87,-1.9041719436645508,-0.2794942855834961,-5.118674278259277,17.59954249463044,18.508961501531303,15.530284373089671
11,5.0,0,0.0,The signal lamp housing takes fitting code,QT69,AV52,-0.019107341766357422,-0.03930854797363281,-2.3726162910461426,21.789243368431926,6.404584616422653,5.649373292922974
11,5.0,1,0.0909,The radio operator's logbook continues in volume,QS85,KN19,0.7494306564331055,-2.16249942779541,-1.461228847503662,17.6941583706066,13.390747904777527,12.246466934680939
11,5.0,2,0.1818,The medical supply locker was closed with seal number,GF75,CC36,-0.4049253463745117,-0.15565729141235352,-2.845773696899414,22.16005710727768,13.26930969953537,15.115964025259018
11,5.0,3,0.2727,The harbour pilot's licence shows registration code,RW88,UW41,0.7107844352722168,2.29843807220459,-0.41136837005615234,9.249040714465082,6.098571889102459,5.326408609747887
11,5.0,4,0.3636,The archive microfilm reel is filed under shelf mark,FD67,AV57,0.6021895408630371,-2.819704055786133,-5.498610258102417,16.400231087813154,14.033270567655563,14.442377597093582
11,5.0,5,0.4545,The ice core drilling rig was delivered as unit,KE21,MV68,1.5449161529541016,1.9528822898864746,3.605551242828369,14.036637560697272,10.31622439622879,10.04914790391922
11,5.0,6,0.5455,The sealed crate in the annex is marked with inventory tag,TY91,EU71,0.8911833763122559,-0.4866976737976074,-1.3940339088439941,17.65630554105155,11.980740368366241,14.07646556943655
11,5.0,7,0.6364,The telegraph repeater hut answers to station code,BV60,UE59,1.1642909049987793,2.648601531982422,-0.9560451507568359,16.95785243436694,13.056132972240448,15.302606657147408
11,5.0,8,0.7273,The shipment of core samples travelled under consignment code,WF89,FW29,0.6969561576843262,1.6251654624938965,2.7449159622192383,15.678032714407891,17.085188396275043,17.62512792646885
11,5.0,9,0.8182,The winter supply manifest lists lot number,AS18,HZ34,-0.0616145133972168,2.042008399963379,1.3038806915283203,17.868863764568232,13.706613820046186,11.108596533536911
11,5.0,10,0.9091,Ansel's transit permit was issued as document number,BB34,TG97,1.1723308563232422,-0.8070573806762695,-1.0828495025634766,14.28259834117489,13.755948524922132,14.899146407842636
11,5.0,11,1.0,The seismograph at Ridge Camp reports as instrument,HV13,NR87,-1.9041719436645508,-1.8963127136230469,-4.397610187530518,17.59954249463044,16.78774883132428,15.521143386140466
11,6.0,0,0.0,The signal lamp housing takes fitting code,QT69,AV52,-0.019107341766357422,-1.7028632164001465,-2.209263324737549,21.789243368431926,2.853672593832016,2.48073673248291
11,6.0,1,0.0909,The radio operator's logbook continues in volume,QS85,KN19,0.7494306564331055,-2.182802200317383,-1.2661004066467285,17.6941583706066,12.18507108092308,11.067201644182205
11,6.0,2,0.1818,The medical supply locker was closed with seal number,GF75,CC36,-0.4049253463745117,-1.7005863189697266,0.049078941345214844,22.16005710727768,12.113231390714645,10.82024747133255
11,6.0,3,0.2727,The harbour pilot's licence shows registration code,RW88,UW41,0.7107844352722168,-0.013720512390136719,0.42328786849975586,9.249040714465082,5.877206802368164,6.222251400351524
11,6.0,4,0.3636,The archive microfilm reel is filed under shelf mark,FD67,AV57,0.6021895408630371,-2.3416666984558105,-2.2117319107055664,16.400231087813154,15.973340436816216,13.298997700214386
11,6.0,5,0.4545,The ice core drilling rig was delivered as unit,KE21,MV68,1.5449161529541016,0.6205005645751953,3.9046683311462402,14.036637560697272,9.535231858491898,10.53065200150013
11,6.0,6,0.5455,The sealed crate in the annex is marked with inventory tag,TY91,EU71,0.8911833763122559,-0.22552013397216797,-0.785860538482666,17.65630554105155,8.818948477506638,10.586820602416992
11,6.0,7,0.6364,The telegraph repeater hut answers to station code,BV60,UE59,1.1642909049987793,1.7532024383544922,0.2761344909667969,16.95785243436694,13.56787921488285,14.241069704294205
11,6.0,8,0.7273,The shipment of core samples travelled under consignment code,WF89,FW29,0.6969561576843262,0.4268612861633301,0.2451496124267578,15.678032714407891,12.511756166815758,13.159500628709793
11,6.0,9,0.8182,The winter supply manifest lists lot number,AS18,HZ34,-0.0616145133972168,1.21394681930542,2.8461856842041016,17.868863764568232,11.934211879968643,11.072962313890457
11,6.0,10,0.9091,Ansel's transit permit was issued as document number,BB34,TG97,1.1723308563232422,0.5326952934265137,-0.9443533420562744,14.28259834117489,13.450770385563374,12.56935365498066
11,6.0,11,1.0,The seismograph at Ridge Camp reports as instrument,HV13,NR87,-1.9041719436645508,-1.2597541809082031,-2.071887969970703,17.59954249463044,14.933039478957653,12.985112901777029
11,7.0,0,0.0,The signal lamp housing takes fitting code,QT69,AV52,-0.019107341766357422,-2.2270803451538086,-0.2425518035888672,21.789243368431926,5.069019556045532,-1.1151366233825684
11,7.0,1,0.0909,The radio operator's logbook continues in volume,QS85,KN19,0.7494306564331055,-2.5575780868530273,0.6516504287719727,17.6941583706066,5.66132926940918,12.72443002462387
11,7.0,2,0.1818,The medical supply locker was closed with seal number,GF75,CC36,-0.4049253463745117,-1.1025910377502441,-1.7510933876037598,22.16005710727768,9.011138617992401,12.251913607120514
11,7.0,3,0.2727,The harbour pilot's licence shows registration code,RW88,UW41,0.7107844352722168,-0.06402826309204102,-0.22590160369873047,9.249040714465082,5.320391416549683,4.618335485458374
11,7.0,4,0.3636,The archive microfilm reel is filed under shelf mark,FD67,AV57,0.6021895408630371,-2.4500741958618164,-1.4461121559143066,16.400231087813154,10.874349415302277,14.882334470748901
11,7.0,5,0.4545,The ice core drilling rig was delivered as unit,KE21,MV68,1.5449161529541016,1.4952507019042969,2.9941210746765137,14.036637560697272,8.853085577487946,10.050188720226288
11,7.0,6,0.5455,The sealed crate in the annex is marked with inventory tag,TY91,EU71,0.8911833763122559,0.0292816162109375,-0.7429218292236328,17.65630554105155,9.268391579389572,10.965923190116882
11,7.0,7,0.6364,The telegraph repeater hut answers to station code,BV60,UE59,1.1642909049987793,-0.23227500915527344,0.8488116264343262,16.95785243436694,13.683137819170952,10.11375081539154
11,7.0,8,0.7273,The shipment of core samples travelled under consignment code,WF89,FW29,0.6969561576843262,0.1604175567626953,-0.2823805809020996,15.678032714407891,11.614618554711342,12.5810506939888
11,7.0,9,0.8182,The winter supply manifest lists lot number,AS18,HZ34,-0.0616145133972168,1.1044106483459473,2.637383460998535,17.868863764568232,9.748304083943367,7.605372071266174
11,7.0,10,0.9091,Ansel's transit permit was issued as document number,BB34,TG97,1.1723308563232422,-0.5959300994873047,-1.167952537536621,14.28259834117489,11.734210044145584,11.512649118900299
11,7.0,11,1.0,The seismograph at Ridge Camp reports as instrument,HV13,NR87,-1.9041719436645508,-1.549215316772461,-1.5932350158691406,17.59954249463044,10.303344666957855,12.880955755710602
11,8.0,0,0.0,The signal lamp housing takes fitting code,QT69,AV52,-0.019107341766357422,-0.9661498069763184,-0.9066486358642578,21.789243368431926,-1.9968223571777344,-2.5080785751342773
11,8.0,1,0.0909,The radio operator's logbook continues in volume,QS85,KN19,0.7494306564331055,-1.5677247047424316,-0.08055591583251953,17.6941583706066,2.593524217605591,8.80861496925354
11,8.0,2,0.1818,The medical supply locker was closed with seal number,GF75,CC36,-0.4049253463745117,-1.683825969696045,-0.7387499809265137,22.16005710727768,9.004203081130981,9.843377232551575
11,8.0,3,0.2727,The harbour pilot's licence shows registration code,RW88,UW41,0.7107844352722168,-0.23254823684692383,-0.8377666473388672,9.249040714465082,4.4375001192092896,4.5
11,8.0,4,0.3636,The archive microfilm reel is filed under shelf mark,FD67,AV57,0.6021895408630371,-0.9055094718933105,-2.686572551727295,16.400231087813154,9.233174085617065,8.419323444366455
11,8.0,5,0.4545,The ice core drilling rig was delivered as unit,KE21,MV68,1.5449161529541016,0.877835750579834,1.6318836212158203,14.036637560697272,6.227843642234802,10.134506642818451
11,8.0,6,0.5455,The sealed crate in the annex is marked with inventory tag,TY91,EU71,0.8911833763122559,-1.6182451248168945,1.1105680465698242,17.65630554105155,10.433073937892914,9.973607540130615
11,8.0,7,0.6364,The telegraph repeater hut answers to station code,BV60,UE59,1.1642909049987793,-0.08194780349731445,0.04274320602416992,16.95785243436694,12.161440253257751,12.24908247590065
11,8.0,8,0.7273,The shipment of core samples travelled under consignment code,WF89,FW29,0.6969561576843262,0.6486477851867676,-0.1560807228088379,15.678032714407891,11.308812201023102,11.899804413318634
11,8.0,9,0.8182,The winter supply manifest lists lot number,AS18,HZ34,-0.0616145133972168,3.204521656036377,3.7111387252807617,17.868863764568232,10.18620827794075,8.976983666419983
11,8.0,10,0.9091,Ansel's transit permit was issued as document number,BB34,TG97,1.1723308563232422,0.11341476440429688,-0.6231842041015625,14.28259834117489,10.060232698917389,11.630678355693817
11,8.0,11,1.0,The seismograph at Ridge Camp reports as instrument,HV13,NR87,-1.9041719436645508,-2.303812026977539,-2.3061819076538086,17.59954249463044,9.126451820135117,11.648360848426819
12,1.0,0,0.0,The survey team's theodolite bears serial number,RJ94,VA44,-0.9893460273742676,-0.7710599899291992,-1.260178565979004,15.391269968124107,14.578001602552831,15.177310092374682
12,1.0,1,0.0909,The quartermaster's tally sheet uses form number,SX54,LF40,0.21175003051757812,1.3078594207763672,1.0909056663513184,14.844530348200351,13.1705585103482,13.03730025049299
12,1.0,2,0.1818,The medical supply locker was closed with seal number,EN11,AS15,-1.2519168853759766,-1.5640811920166016,-1.3786344528198242,16.198228972498327,12.603531703352928,12.665331073105335
12,1.0,3,0.2727,The coastal watchtower is designated post,MR45,HV24,0.7128438949584961,0.14736318588256836,-0.7301249504089355,16.231083314400166,17.88101225020364,17.592595550231636
12,1.0,4,0.3636,The signal lamp housing takes fitting code,VH81,MT74,-1.8008074760437012,-1.4760727882385254,-1.3999605178833008,17.66218765999656,16.015427354257554,16.526767467148602
12,1.0,5,0.4545,The winter quarters roof panel came from batch,AX89,EA51,1.1591572761535645,0.03904438018798828,0.18180370330810547,18.773933331714943,16.839319835882634,17.045217010192573
12,1.0,6,0.5455,The hydrographic chart set reached edition,EQ57,DH77,-5.806734085083008,-1.4632411003112793,-1.151750087738037,16.008607480558567,14.704376397188753,14.91951244045049
12,1.0,7,0.6364,The winter supply manifest lists lot number,FL36,SR72,-1.0749378204345703,-2.198136329650879,-2.060825824737549,15.270664195064455,13.592403722577728,13.864185085869394
12,1.0,8,0.7273,Feld's field notebook carries catalogue reference,BU35,WM43,-0.8164362907409668,-1.053525447845459,-1.0204806327819824,16.78784941835329,18.675247588194907,16.959501092787832
12,1.0,9,0.8182,The botanical specimen case holds accession number,CS97,SW99,0.6139717102050781,0.22521448135375977,0.5848269462585449,17.514010636368766,16.41707196063362,16.75077849579975
12,1.0,10,0.9091,The lighthouse relief roster follows schedule,LX61,JA97,2.8348898887634277,1.8745932579040527,1.7465314865112305,17.705490097869188,18.26101101655513,18.050379923544824
12,1.0,11,1.0,The eastern pumping station runs on circuit label,CA17,ET44,-0.33399152755737305,-3.430809736251831,-2.345149040222168,17.84057348780334,18.52116402750835,19.27895450522192
12,2.0,0,0.0,The survey team's theodolite bears serial number,RJ94,VA44,-0.9893460273742676,-0.9980325698852539,-0.1803889274597168,15.391269968124107,11.170039415359497,12.624977260828018
12,2.0,1,0.0909,The quartermaster's tally sheet uses form number,SX54,LF40,0.21175003051757812,2.2547945976257324,1.947232723236084,14.844530348200351,11.989187277853489,12.534741954877973
12,2.0,2,0.1818,The medical supply locker was closed with seal number,EN11,AS15,-1.2519168853759766,-1.9797306060791016,-3.387979507446289,16.198228972498327,12.618148416280746,10.861502468585968
12,2.0,3,0.2727,The coastal watchtower is designated post,MR45,HV24,0.7128438949584961,0.7110428810119629,1.6508145332336426,16.231083314400166,16.392814641818404,16.788598533719778
12,2.0,4,0.3636,The signal lamp housing takes fitting code,VH81,MT74,-1.8008074760437012,-1.6314449310302734,-2.9398193359375,17.66218765999656,14.864962466992438,13.356513649225235
12,2.0,5,0.4545,The winter quarters roof panel came from batch,AX89,EA51,1.1591572761535645,0.10240888595581055,1.2450523376464844,18.773933331714943,18.612943498417735,19.164596174377948
12,2.0,6,0.5455,The hydrographic chart set reached edition,EQ57,DH77,-5.806734085083008,-1.0040197372436523,-0.6780376434326172,16.008607480558567,9.834317438304424,7.915283650159836
12,2.0,7,0.6364,The winter supply manifest lists lot number,FL36,SR72,-1.0749378204345703,-2.284726142883301,-3.7674660682678223,15.270664195064455,13.944101981818676,13.923576645553112
12,2.0,8,0.7273,Feld's field notebook carries catalogue reference,BU35,WM43,-0.8164362907409668,0.12404489517211914,0.7952637672424316,16.78784941835329,15.75026884675026,15.430199440568686
12,2.0,9,0.8182,The botanical specimen case holds accession number,CS97,SW99,0.6139717102050781,1.5201950073242188,0.6763577461242676,17.514010636368766,13.726018998771906,14.14809200912714
12,2.0,10,0.9091,The lighthouse relief roster follows schedule,LX61,JA97,2.8348898887634277,1.4422011375427246,2.139359474182129,17.705490097869188,15.355129592120647,16.56282010115683
12,2.0,11,1.0,The eastern pumping station runs on circuit label,CA17,ET44,-0.33399152755737305,-3.0319461822509766,-3.2068328857421875,17.84057348780334,15.916966784745455,18.309315839782357
12,3.0,0,0.0,The survey team's theodolite bears serial number,RJ94,VA44,-0.9893460273742676,-4.6479997634887695,-2.095709800720215,15.391269968124107,11.717329025268555,10.052799820899963
12,3.0,1,0.0909,The quartermaster's tally sheet uses form number,SX54,LF40,0.21175003051757812,0.1877307891845703,2.3441429138183594,14.844530348200351,11.22794322669506,13.26573121547699
12,3.0,2,0.1818,The medical supply locker was closed with seal number,EN11,AS15,-1.2519168853759766,-3.9954729080200195,-4.745962142944336,16.198228972498327,17.837220326066017,19.384751863777637
12,3.0,3,0.2727,The coastal watchtower is designated post,MR45,HV24,0.7128438949584961,4.878492832183838,4.716752052307129,16.231083314400166,17.45342928171158,17.332564502954483
12,3.0,4,0.3636,The signal lamp housing takes fitting code,VH81,MT74,-1.8008074760437012,-4.148195266723633,-4.088031768798828,17.66218765999656,15.530825823545456,16.80040818452835
12,3.0,5,0.4545,The winter quarters roof panel came from batch,AX89,EA51,1.1591572761535645,-0.1776595115661621,2.259868621826172,18.773933331714943,19.941795248538256,21.831236734986305
12,3.0,6,0.5455,The hydrographic chart set reached edition,EQ57,DH77,-5.806734085083008,-1.0405240058898926,-1.6135859489440918,16.008607480558567,13.90529901534319,12.730876624584198
12,3.0,7,0.6364,The winter supply manifest lists lot number,FL36,SR72,-1.0749378204345703,-0.1745905876159668,-3.529019355773926,15.270664195064455,16.300989657640457,16.31344199180603
12,3.0,8,0.7273,Feld's field notebook carries catalogue reference,BU35,WM43,-0.8164362907409668,0.5970134735107422,1.8039212226867676,16.78784941835329,15.806135937571526,17.214295089244843
12,3.0,9,0.8182,The botanical specimen case holds accession number,CS97,SW99,0.6139717102050781,0.9846072196960449,1.9171462059020996,17.514010636368766,17.39082384854555,19.26598059013486
12,3.0,10,0.9091,The lighthouse relief roster follows schedule,LX61,JA97,2.8348898887634277,-1.191544532775879,0.42771005630493164,17.705490097869188,18.24697949178517,16.840188844129443
12,3.0,11,1.0,The eastern pumping station runs on circuit label,CA17,ET44,-0.33399152755737305,0.10031652450561523,-7.028065204620361,17.84057348780334,18.632008396089077,19.36843255162239
12,4.0,0,0.0,The survey team's theodolite bears serial number,RJ94,VA44,-0.9893460273742676,-4.701541900634766,-2.7316365242004395,15.391269968124107,7.607820510864258,8.272942066192627
12,4.0,1,0.0909,The quartermaster's tally sheet uses form number,SX54,LF40,0.21175003051757812,1.6638569831848145,1.8225364685058594,14.844530348200351,9.238571405410767,11.202305555343628
12,4.0,2,0.1818,The medical supply locker was closed with seal number,EN11,AS15,-1.2519168853759766,-3.9842000007629395,-2.2482800483703613,16.198228972498327,10.732856690883636,16.91101499646902
12,4.0,3,0.2727,The coastal watchtower is designated post,MR45,HV24,0.7128438949584961,5.9594221115112305,6.685640811920166,16.231083314400166,13.26202043890953,15.632762417197227
12,4.0,4,0.3636,The signal lamp housing takes fitting code,VH81,MT74,-1.8008074760437012,-1.1423664093017578,-2.799835681915283,17.66218765999656,12.294976025819778,13.717416167259216
12,4.0,5,0.4545,The winter quarters roof panel came from batch,AX89,EA51,1.1591572761535645,4.127947568893433,0.8656420707702637,18.773933331714943,14.534168362617493,19.131254624575377
12,4.0,6,0.5455,The hydrographic chart set reached edition,EQ57,DH77,-5.806734085083008,-6.118203639984131,-2.227080821990967,16.008607480558567,5.736007809638977,10.647088766098022
12,4.0,7,0.6364,The winter supply manifest lists lot number,FL36,SR72,-1.0749378204345703,-2.7633657455444336,-2.9639744758605957,15.270664195064455,10.690125048160553,12.835338830947876
12,4.0,8,0.7273,Feld's field notebook carries catalogue reference,BU35,WM43,-0.8164362907409668,0.45432424545288086,3.0770821571350098,16.78784941835329,10.87519907951355,12.526544690132141
12,4.0,9,0.8182,The botanical specimen case holds accession number,CS97,SW99,0.6139717102050781,1.8241963386535645,1.9271106719970703,17.514010636368766,16.635458171367645,18.29608827829361
12,4.0,10,0.9091,The lighthouse relief roster follows schedule,LX61,JA97,2.8348898887634277,-0.35744285583496094,-1.750967025756836,17.705490097869188,15.271123170852661,17.715008517727256
12,4.0,11,1.0,The eastern pumping station runs on circuit label,CA17,ET44,-0.33399152755737305,2.8649253845214844,-0.5725679397583008,17.84057348780334,18.909985803067684,19.617646604776382
12,5.0,0,0.0,The survey team's theodolite bears serial number,RJ94,VA44,-0.9893460273742676,-5.117123126983643,-4.09306001663208,15.391269968124107,3.3967928886413574,0.27255725860595703
12,5.0,1,0.0909,The quartermaster's tally sheet uses form number,SX54,LF40,0.21175003051757812,2.118657112121582,-0.8963027000427246,14.844530348200351,9.055779695510864,10.51999643445015
12,5.0,2,0.1818,The medical supply locker was closed with seal number,EN11,AS15,-1.2519168853759766,-3.045714855194092,-2.26181697845459,16.198228972498327,10.947086840867996,13.738567769527435
12,5.0,3,0.2727,The coastal watchtower is designated post,MR45,HV24,0.7128438949584961,4.882326602935791,4.178826332092285,16.231083314400166,13.328364461660385,13.378902912139893
12,5.0,4,0.3636,The signal lamp housing takes fitting code,VH81,MT74,-1.8008074760437012,1.0311031341552734,-0.5770330429077148,17.66218765999656,10.244839906692505,10.073325991630554
12,5.0,5,0.4545,The winter quarters roof panel came from batch,AX89,EA51,1.1591572761535645,-0.7537546157836914,0.06388568878173828,18.773933331714943,14.113113105297089,13.546099543571472
12,5.0,6,0.5455,The hydrographic chart set reached edition,EQ57,DH77,-5.806734085083008,-2.4224600791931152,-1.151437520980835,16.008607480558567,6.433185875415802,4.650546312332153
12,5.0,7,0.6364,The winter supply manifest lists lot number,FL36,SR72,-1.0749378204345703,-3.955282211303711,-1.912907600402832,15.270664195064455,9.264535665512085,14.494190633296967
12,5.0,8,0.7273,Feld's field notebook carries catalogue reference,BU35,WM43,-0.8164362907409668,-0.8729805946350098,-0.11904335021972656,16.78784941835329,14.068270683288574,12.89529001712799
12,5.0,9,0.8182,The botanical specimen case holds accession number,CS97,SW99,0.6139717102050781,2.3257718086242676,0.9618673324584961,17.514010636368766,15.940488431602716,15.62040901184082
12,5.0,10,0.9091,The lighthouse relief roster follows schedule,LX61,JA97,2.8348898887634277,-1.1419870853424072,-0.8162147998809814,17.705490097869188,14.809348411858082,14.46306999027729
12,5.0,11,1.0,The eastern pumping station runs on circuit label,CA17,ET44,-0.33399152755737305,1.4045557975769043,0.5336380004882812,17.84057348780334,18.687765307724476,19.662396248430014
12,6.0,0,0.0,The survey team's theodolite bears serial number,RJ94,VA44,-0.9893460273742676,-4.8936944007873535,-5.752215385437012,15.391269968124107,0.8741335868835449,-4.164087295532227
12,6.0,1,0.0909,The quartermaster's tally sheet uses form number,SX54,LF40,0.21175003051757812,0.29300880432128906,-1.1653342247009277,14.844530348200351,7.595691919326782,11.283532500267029
12,6.0,2,0.1818,The medical supply locker was closed with seal number,EN11,AS15,-1.2519168853759766,-1.604090690612793,-2.1817851066589355,16.198228972498327,9.065053224563599,9.180675745010376
12,6.0,3,0.2727,The coastal watchtower is designated post,MR45,HV24,0.7128438949584961,-0.31252527236938477,3.1322126388549805,16.231083314400166,12.3549262881279,13.59270191192627
12,6.0,4,0.3636,The signal lamp housing takes fitting code,VH81,MT74,-1.8008074760437012,0.4153928756713867,-0.9530816078186035,17.66218765999656,11.447930097579956,12.92428743839264
12,6.0,5,0.4545,The winter quarters roof panel came from batch,AX89,EA51,1.1591572761535645,-0.7325034141540527,-2.8649816513061523,18.773933331714943,13.527600765228271,14.978053867816925
12,6.0,6,0.5455,The hydrographic chart set reached edition,EQ57,DH77,-5.806734085083008,-2.1562047004699707,0.5841798782348633,16.008607480558567,4.322323441505432,6.423197269439697
12,6.0,7,0.6364,The winter supply manifest lists lot number,FL36,SR72,-1.0749378204345703,-3.522956371307373,-2.437711715698242,15.270664195064455,7.955470323562622,12.475308239459991
12,6.0,8,0.7273,Feld's field notebook carries catalogue reference,BU35,WM43,-0.8164362907409668,-0.12940073013305664,-0.034780025482177734,16.78784941835329,12.868797540664673,15.245564192533493
12,6.0,9,0.8182,The botanical specimen case holds accession number,CS97,SW99,0.6139717102050781,1.8615283966064453,0.11301565170288086,17.514010636368766,13.60010053217411,16.118088573217392
12,6.0,10,0.9091,The lighthouse relief roster follows schedule,LX61,JA97,2.8348898887634277,-1.0951223373413086,-2.439291000366211,17.705490097869188,11.884160846471786,16.161393590271473
12,6.0,11,1.0,The eastern pumping station runs on circuit label,CA17,ET44,-0.33399152755737305,0.08762931823730469,2.051046848297119,17.84057348780334,15.815499931573868,20.378214679658413
12,7.0,0,0.0,The survey team's theodolite bears serial number,RJ94,VA44,-0.9893460273742676,-3.970431327819824,-4.395893096923828,15.391269968124107,-0.2888193130493164,-1.5508766174316406
12,7.0,1,0.0909,The quartermaster's tally sheet uses form number,SX54,LF40,0.21175003051757812,-1.305152416229248,0.9217209815979004,14.844530348200351,6.774211645126343,11.006036192178726
12,7.0,2,0.1818,The medical supply locker was closed with seal number,EN11,AS15,-1.2519168853759766,-2.5602149963378906,-3.342052936553955,16.198228972498327,9.592586040496826,9.504390716552734
12,7.0,3,0.2727,The coastal watchtower is designated post,MR45,HV24,0.7128438949584961,2.6397690773010254,2.234729290008545,16.231083314400166,14.806329190731049,11.729228377342224
12,7.0,4,0.3636,The signal lamp housing takes fitting code,VH81,MT74,-1.8008074760437012,-1.425076961517334,-2.1839022636413574,17.66218765999656,10.627041935920715,11.328786373138428
12,7.0,5,0.4545,The winter quarters roof panel came from batch,AX89,EA51,1.1591572761535645,-1.1194829940795898,-1.3494014739990234,18.773933331714943,13.250801801681519,16.990426272153854
12,7.0,6,0.5455,The hydrographic chart set reached edition,EQ57,DH77,-5.806734085083008,-0.6909105777740479,1.250938892364502,16.008607480558567,5.746098875999451,7.640675604343414
12,7.0,7,0.6364,The winter supply manifest lists lot number,FL36,SR72,-1.0749378204345703,-2.0013294219970703,0.48984193801879883,15.270664195064455,7.5468369126319885,10.898992478847504
12,7.0,8,0.7273,Feld's field notebook carries catalogue reference,BU35,WM43,-0.8164362907409668,1.1541748046875,0.8983778953552246,16.78784941835329,12.225792169570923,15.456559032201767
12,7.0,9,0.8182,The botanical specimen case holds accession number,CS97,SW99,0.6139717102050781,0.6395688056945801,-0.07601308822631836,17.514010636368766,14.34381252527237,14.995809480547905
12,7.0,10,0.9091,The lighthouse relief roster follows schedule,LX61,JA97,2.8348898887634277,-1.126683235168457,0.5881433486938477,17.705490097869188,12.692921996116638,15.673675447702408
12,7.0,11,1.0,The eastern pumping station runs on circuit label,CA17,ET44,-0.33399152755737305,-0.706085205078125,2.9074525833129883,17.84057348780334,13.571433424949646,19.54448725283146
12,8.0,0,0.0,The survey team's theodolite bears serial number,RJ94,VA44,-0.9893460273742676,-2.3580102920532227,-4.251030445098877,15.391269968124107,-1.2906827926635742,0.30052614212036133
12,8.0,1,0.0909,The quartermaster's tally sheet uses form number,SX54,LF40,0.21175003051757812,1.883934497833252,0.9790534973144531,14.844530348200351,6.906571865081787,8.023629821836948
12,8.0,2,0.1818,The medical supply locker was closed with seal number,EN11,AS15,-1.2519168853759766,-2.9622015953063965,-4.183231830596924,16.198228972498327,12.922482669353485,7.30074155330658
12,8.0,3,0.2727,The coastal watchtower is designated post,MR45,HV24,0.7128438949584961,3.0474891662597656,1.7944049835205078,16.231083314400166,15.482586979866028,10.32210448384285
12,8.0,4,0.3636,The signal lamp housing takes fitting code,VH81,MT74,-1.8008074760437012,-2.664452075958252,-3.3923115730285645,17.66218765999656,5.245858192443848,12.397421836853027
12,8.0,5,0.4545,The winter quarters roof panel came from batch,AX89,EA51,1.1591572761535645,-0.28087711334228516,-0.15041828155517578,18.773933331714943,14.785962104797363,18.06355806440115
12,8.0,6,0.5455,The hydrographic chart set reached edition,EQ57,DH77,-5.806734085083008,-2.0194311141967773,-0.11530208587646484,16.008607480558567,4.58655858039856,9.954345375299454
12,8.0,7,0.6364,The winter supply manifest lists lot number,FL36,SR72,-1.0749378204345703,-0.6024665832519531,1.074455738067627,15.270664195064455,10.535864412784576,9.189112275838852
12,8.0,8,0.7273,Feld's field notebook carries catalogue reference,BU35,WM43,-0.8164362907409668,1.0874834060668945,-0.23457765579223633,16.78784941835329,12.320514559745789,16.15616810321808
12,8.0,9,0.8182,The botanical specimen case holds accession number,CS97,SW99,0.6139717102050781,-0.21738815307617188,-0.22739601135253906,17.514010636368766,14.242269724607468,14.332943215966225
12,8.0,10,0.9091,The lighthouse relief roster follows schedule,LX61,JA97,2.8348898887634277,4.009364128112793,1.652033805847168,17.705490097869188,15.42426185309887,17.705442398786545
12,8.0,11,1.0,The eastern pumping station runs on circuit label,CA17,ET44,-0.33399152755737305,-0.43053770065307617,1.2604622840881348,17.84057348780334,15.012800991535187,19.942004069685936
13,1.0,0,0.0,The hydrographic chart set reached edition,JK97,BA50,0.3776078224182129,-0.16985678672790527,-0.5437664985656738,17.84793384675868,17.02123998105526,17.725530186202377
13,1.0,1,0.0909,The telegraph repeater hut answers to station code,HX28,LE73,-0.8434147834777832,0.7189116477966309,1.1103980541229248,19.32658671133686,15.019363841973245,15.738626186735928
13,1.0,2,0.1818,The sealed crate in the annex is marked with inventory tag,HW33,TT76,-0.8151183128356934,-0.7558159828186035,-1.05861234664917,21.856917898607207,21.581468718475662,22.155706381774507
13,1.0,3,0.2727,The archive microfilm reel is filed under shelf mark,EC78,RH95,0.6647837162017822,-0.5223312377929688,-0.47972702980041504,18.407665026839823,16.850967302918434,15.686588546261191
13,1.0,4,0.3636,The expedition's spare sledge carries equipment tag,AP26,GK14,0.2934398651123047,0.709068775177002,0.875948429107666,17.377762083895504,17.70168654981535,18.156650084652938
13,1.0,5,0.4545,Ansel's transit permit was issued as document number,XV11,NS30,-0.5830297470092773,-4.0456013679504395,-3.543215751647949,17.059894470730796,18.951072075404227,19.020760854007676
13,1.0,6,0.5455,The customs declaration quotes reference code,JE20,PX37,-1.167067527770996,-0.5025348663330078,-0.41118335723876953,16.48624553962145,18.2019884895999,18.706377967610024
13,1.0,7,0.6364,The northern relay station operates under callsign,HR80,JP85,0.05159187316894531,-0.10523462295532227,0.3725767135620117,17.726575731299818,18.421897597028874,19.02237069630064
13,1.0,8,0.7273,The reserve fuel depot is listed at site code,UP95,HM41,-0.14725160598754883,-0.414553165435791,-0.16731786727905273,16.82511992531363,17.751357856206596,18.057141307741404
13,1.0,9,0.8182,The harbour pilot's licence shows registration code,MP91,UK64,1.198683261871338,0.812354326248169,0.9966614246368408,17.18054556660354,17.802388731739484,18.204782621352933
13,1.0,10,0.9091,The radio operator's logbook continues in volume,LW25,GW54,-0.35959672927856445,0.27584266662597656,0.3320960998535156,19.50563021376729,22.593936044489965,22.05309689580463
13,1.0,11,1.0,The ice core drilling rig was delivered as unit,MV91,PB50,0.5948257446289062,3.002254009246826,3.3286006450653076,14.285623347852379,15.314148879610002,16.223553522955626
13,2.0,0,0.0,The hydrographic chart set reached edition,JK97,BA50,0.3776078224182129,-2.512603759765625,-0.9004065990447998,17.84793384675868,15.492369778454304,15.370849668979645
13,2.0,1,0.0909,The telegraph repeater hut answers to station code,HX28,LE73,-0.8434147834777832,2.573387622833252,1.9389514923095703,19.32658671133686,13.478727212175727,12.997035337612033
13,2.0,2,0.1818,The sealed crate in the annex is marked with inventory tag,HW33,TT76,-0.8151183128356934,-0.5422277450561523,-0.8672442436218262,21.856917898607207,16.593359170481563,18.47724306024611
13,2.0,3,0.2727,The archive microfilm reel is filed under shelf mark,EC78,RH95,0.6647837162017822,-1.0542631149291992,-1.7826828956604004,18.407665026839823,16.38589533418417,13.299315519630909
13,2.0,4,0.3636,The expedition's spare sledge carries equipment tag,AP26,GK14,0.2934398651123047,1.8334035873413086,1.7174310684204102,17.377762083895504,17.397095538210124,16.37060968275182
13,2.0,5,0.4545,Ansel's transit permit was issued as document number,XV11,NS30,-0.5830297470092773,-0.7891197204589844,-0.6774144172668457,17.059894470730796,15.626337515655905,16.645904175005853
13,2.0,6,0.5455,The customs declaration quotes reference code,JE20,PX37,-1.167067527770996,-0.4891519546508789,0.4727044105529785,16.48624553962145,16.573410226032138,16.509817786049098
13,2.0,7,0.6364,The northern relay station operates under callsign,HR80,JP85,0.05159187316894531,1.2247209548950195,0.6106233596801758,17.726575731299818,14.541726554511115,16.422744172858074
13,2.0,8,0.7273,The reserve fuel depot is listed at site code,UP95,HM41,-0.14725160598754883,-0.21710610389709473,1.6515593528747559,16.82511992531363,16.488601566292346,16.95009912829846
13,2.0,9,0.8182,The harbour pilot's licence shows registration code,MP91,UK64,1.198683261871338,0.2891733646392822,0.9976391792297363,17.18054556660354,16.636490001808852,17.34236906375736
13,2.0,10,0.9091,The radio operator's logbook continues in volume,LW25,GW54,-0.35959672927856445,-0.3350348472595215,0.17606449127197266,19.50563021376729,20.95325911650434,20.350608461070806
13,2.0,11,1.0,The ice core drilling rig was delivered as unit,MV91,PB50,0.5948257446289062,5.371218681335449,5.834615707397461,14.285623347852379,15.271152696106583,15.81906396523118
13,3.0,0,0.0,The hydrographic chart set reached edition,JK97,BA50,0.3776078224182129,-3.6634583473205566,-3.680225372314453,17.84793384675868,13.655112534761429,13.896093368530273
13,3.0,1,0.0909,The telegraph repeater hut answers to station code,HX28,LE73,-0.8434147834777832,4.420095443725586,2.8399267196655273,19.32658671133686,7.1846537590026855,12.037773624062538
13,3.0,2,0.1818,The sealed crate in the annex is marked with inventory tag,HW33,TT76,-0.8151183128356934,2.2055931091308594,2.4614267349243164,21.856917898607207,14.373038977384567,17.57836151495576
13,3.0,3,0.2727,The archive microfilm reel is filed under shelf mark,EC78,RH95,0.6647837162017822,-4.04941725730896,-0.8283162117004395,18.407665026839823,19.853523589670658,18.494223970919847
13,3.0,4,0.3636,The expedition's spare sledge carries equipment tag,AP26,GK14,0.2934398651123047,3.190006732940674,0.18134641647338867,17.377762083895504,17.625695385038853,16.93588177114725
13,3.0,5,0.4545,Ansel's transit permit was issued as document number,XV11,NS30,-0.5830297470092773,-8.795697212219238,-5.723209381103516,17.059894470730796,17.343218912370503,22.232688068645075
13,3.0,6,0.5455,The customs declaration quotes reference code,JE20,PX37,-1.167067527770996,-0.02001810073852539,-0.09196662902832031,16.48624553962145,18.898839878849685,16.35424339491874
13,3.0,7,0.6364,The northern relay station operates under callsign,HR80,JP85,0.05159187316894531,5.827020168304443,5.4775543212890625,17.726575731299818,18.404092522338033,18.271338765043765
13,3.0,8,0.7273,The reserve fuel depot is listed at site code,UP95,HM41,-0.14725160598754883,-0.6267824172973633,-0.14746475219726562,16.82511992531363,19.18995321262628,20.307810626924038
13,3.0,9,0.8182,The harbour pilot's licence shows registration code,MP91,UK64,1.198683261871338,-0.7985730171203613,0.727257251739502,17.18054556660354,19.062524324050173,18.091742023359984
13,3.0,10,0.9091,The radio operator's logbook continues in volume,LW25,GW54,-0.35959672927856445,0.29902076721191406,-1.6647052764892578,19.50563021376729,21.20308492227923,20.285010676365346
13,3.0,11,1.0,The ice core drilling rig was delivered as unit,MV91,PB50,0.5948257446289062,3.988375663757324,2.040670871734619,14.285623347852379,16.90549396723509,15.195265633054078
13,4.0,0,0.0,The hydrographic chart set reached edition,JK97,BA50,0.3776078224182129,-0.31359004974365234,-5.15420389175415,17.84793384675868,5.862234115600586,11.26973608136177
13,4.0,1,0.0909,The telegraph repeater hut answers to station code,HX28,LE73,-0.8434147834777832,7.575976848602295,7.149991989135742,19.32658671133686,11.972254812717438,14.357763394713402
13,4.0,2,0.1818,The sealed crate in the annex is marked with inventory tag,HW33,TT76,-0.8151183128356934,0.41440486907958984,3.710969924926758,21.856917898607207,17.510849833488464,18.807448476552963
13,4.0,3,0.2727,The archive microfilm reel is filed under shelf mark,EC78,RH95,0.6647837162017822,-4.770238399505615,-2.376936435699463,18.407665026839823,19.521248787641525,17.134207352995872
13,4.0,4,0.3636,The expedition's spare sledge carries equipment tag,AP26,GK14,0.2934398651123047,1.6981077194213867,0.837226390838623,17.377762083895504,13.468490526080132,13.167691133916378
13,4.0,5,0.4545,Ansel's transit permit was issued as document number,XV11,NS30,-0.5830297470092773,-2.9552254676818848,-6.708867073059082,17.059894470730796,17.32218272984028,15.373391658067703
13,4.0,6,0.5455,The customs declaration quotes reference code,JE20,PX37,-1.167067527770996,1.5244579315185547,1.7618093490600586,16.48624553962145,19.390652848407626,17.99058080278337
13,4.0,7,0.6364,The northern relay station operates under callsign,HR80,JP85,0.05159187316894531,2.536198616027832,7.414459407329559,17.726575731299818,20.752653447445482,16.235807321965694
13,4.0,8,0.7273,The reserve fuel depot is listed at site code,UP95,HM41,-0.14725160598754883,0.5853409767150879,-0.6729540824890137,16.82511992531363,17.733800251968205,16.07645288296044
13,4.0,9,0.8182,The harbour pilot's licence shows registration code,MP91,UK64,1.198683261871338,0.39969396591186523,-2.3390040397644043,17.18054556660354,20.373451220802963,17.369489334523678
13,4.0,10,0.9091,The radio operator's logbook continues in volume,LW25,GW54,-0.35959672927856445,-1.0754098892211914,-2.0475106239318848,19.50563021376729,18.990390081889927,19.193871344905347
13,4.0,11,1.0,The ice core drilling rig was delivered as unit,MV91,PB50,0.5948257446289062,5.639493465423584,3.9058146476745605,14.285623347852379,18.265792222693563,17.208983802003786
13,5.0,0,0.0,The hydrographic chart set reached edition,JK97,BA50,0.3776078224182129,-5.5580267906188965,-3.109415054321289,17.84793384675868,4.357587575912476,2.8766589164733887
13,5.0,1,0.0909,The telegraph repeater hut answers to station code,HX28,LE73,-0.8434147834777832,2.31768798828125,7.056287407875061,19.32658671133686,0.4396791458129883,10.064890384674072
13,5.0,2,0.1818,The sealed crate in the annex is marked with inventory tag,HW33,TT76,-0.8151183128356934,-0.9982972145080566,0.783383846282959,21.856917898607207,11.406505584716797,16.153331741690636
13,5.0,3,0.2727,The archive microfilm reel is filed under shelf mark,EC78,RH95,0.6647837162017822,1.0055975914001465,-0.9067506790161133,18.407665026839823,13.509134352207184,18.19563329219818
13,5.0,4,0.3636,The expedition's spare sledge carries equipment tag,AP26,GK14,0.2934398651123047,3.62534236907959,2.9027438163757324,17.377762083895504,13.197343587875366,8.964355856180191
13,5.0,5,0.4545,Ansel's transit permit was issued as document number,XV11,NS30,-0.5830297470092773,-4.329697132110596,-4.733299732208252,17.059894470730796,16.51759846508503,16.718251943588257
13,5.0,6,0.5455,The customs declaration quotes reference code,JE20,PX37,-1.167067527770996,0.7186694145202637,1.4800529479980469,16.48624553962145,20.16675867140293,21.436520759016275
13,5.0,7,0.6364,The northern relay station operates under callsign,HR80,JP85,0.05159187316894531,3.902214527130127,2.191403388977051,17.726575731299818,18.825936920009553,18.60259204590693
13,5.0,8,0.7273,The reserve fuel depot is listed at site code,UP95,HM41,-0.14725160598754883,0.6358194351196289,0.2813119888305664,16.82511992531363,15.566882135346532,18.53754487633705
13,5.0,9,0.8182,The harbour pilot's licence shows registration code,MP91,UK64,1.198683261871338,3.5887277126312256,-3.2578864097595215,17.18054556660354,17.17259406670928,20.594094793777913
13,5.0,10,0.9091,The radio operator's logbook continues in volume,LW25,GW54,-0.35959672927856445,-0.6658596992492676,-2.2762584686279297,19.50563021376729,17.595185023732483,18.620936782099307
13,5.0,11,1.0,The ice core drilling rig was delivered as unit,MV91,PB50,0.5948257446289062,7.118036270141602,4.674912452697754,14.285623347852379,16.45129905641079,18.75739504210651
13,6.0,0,0.0,The hydrographic chart set reached edition,JK97,BA50,0.3776078224182129,-6.982982635498047,-5.594452857971191,17.84793384675868,3.8453102111816406,-0.04200315475463867
13,6.0,1,0.0909,The telegraph repeater hut answers to station code,HX28,LE73,-0.8434147834777832,9.442312121391296,6.6692609786987305,19.32658671133686,1.56480073928833,10.721059031784534
13,6.0,2,0.1818,The sealed crate in the annex is marked with inventory tag,HW33,TT76,-0.8151183128356934,1.553555965423584,0.6651930809020996,21.856917898607207,14.843019723892212,13.709700360894203
13,6.0,3,0.2727,The archive microfilm reel is filed under shelf mark,EC78,RH95,0.6647837162017822,-0.1984729766845703,-0.9418468475341797,18.407665026839823,13.859670668840408,15.358533412218094
13,6.0,4,0.3636,The expedition's spare sledge carries equipment tag,AP26,GK14,0.2934398651123047,1.3528566360473633,1.9019346237182617,17.377762083895504,10.94112041592598,5.321071922779083
13,6.0,5,0.4545,Ansel's transit permit was issued as document number,XV11,NS30,-0.5830297470092773,-3.919680118560791,-6.864502429962158,17.059894470730796,15.458007082343102,15.090988978743553
13,6.0,6,0.5455,The customs declaration quotes reference code,JE20,PX37,-1.167067527770996,1.2971043586730957,0.17658472061157227,16.48624553962145,19.030250377953053,17.66764471307397
13,6.0,7,0.6364,The northern relay station operates under callsign,HR80,JP85,0.05159187316894531,3.6580893993377686,3.6393046379089355,17.726575731299818,16.42107930406928,16.99546700157225
13,6.0,8,0.7273,The reserve fuel depot is listed at site code,UP95,HM41,-0.14725160598754883,-2.0205202102661133,-4.427487850189209,16.82511992531363,16.467943515628576,15.051792735233903
13,6.0,9,0.8182,The harbour pilot's licence shows registration code,MP91,UK64,1.198683261871338,2.818592071533203,-2.7973508834838867,17.18054556660354,17.338877118192613,18.284974990412593
13,6.0,10,0.9091,The radio operator's logbook continues in volume,LW25,GW54,-0.35959672927856445,-0.11601114273071289,-3.560389995574951,19.50563021376729,17.112956676632166,17.015197798609734
13,6.0,11,1.0,The ice core drilling rig was delivered as unit,MV91,PB50,0.5948257446289062,6.459014892578125,1.95137357711792,14.285623347852379,14.76051332987845,16.627848712727427
13,7.0,0,0.0,The hydrographic chart set reached edition,JK97,BA50,0.3776078224182129,-3.974040985107422,-2.789886951446533,17.84793384675868,1.688225269317627,-4.317506313323975
13,7.0,1,0.0909,The telegraph repeater hut answers to station code,HX28,LE73,-0.8434147834777832,7.434109210968018,4.934995055198669,19.32658671133686,6.330867767333984,8.060077548027039
13,7.0,2,0.1818,The sealed crate in the annex is marked with inventory tag,HW33,TT76,-0.8151183128356934,2.9000864028930664,1.4175410270690918,21.856917898607207,15.564379930496216,6.907509088516235
13,7.0,3,0.2727,The archive microfilm reel is filed under shelf mark,EC78,RH95,0.6647837162017822,-2.8921639919281006,1.1848945617675781,18.407665026839823,11.696396231651306,4.575073719024658
13,7.0,4,0.3636,The expedition's spare sledge carries equipment tag,AP26,GK14,0.2934398651123047,0.9607195854187012,2.3066177368164062,17.377762083895504,7.905927836894989,2.344327360391617
13,7.0,5,0.4545,Ansel's transit permit was issued as document number,XV11,NS30,-0.5830297470092773,-3.790106773376465,-4.546740531921387,17.059894470730796,14.873661279678345,11.734687685966492
13,7.0,6,0.5455,The customs declaration quotes reference code,JE20,PX37,-1.167067527770996,4.108663558959961,2.279203414916992,16.48624553962145,17.632589355111122,12.671282812952995
13,7.0,7,0.6364,The northern relay station operates under callsign,HR80,JP85,0.05159187316894531,2.3792834281921387,1.8316173553466797,17.726575731299818,14.99405563250184,13.68484665453434
13,7.0,8,0.7273,The reserve fuel depot is listed at site code,UP95,HM41,-0.14725160598754883,-1.315774917602539,-2.2395453453063965,16.82511992531363,17.263735752552748,12.331096470355988
13,7.0,9,0.8182,The harbour pilot's licence shows registration code,MP91,UK64,1.198683261871338,3.883591651916504,-0.8189706802368164,17.18054556660354,15.208251371979713,16.14413583278656
13,7.0,10,0.9091,The radio operator's logbook continues in volume,LW25,GW54,-0.35959672927856445,-4.184220790863037,-3.3861799240112305,19.50563021376729,17.84860423207283,13.374421238899231
13,7.0,11,1.0,The ice core drilling rig was delivered as unit,MV91,PB50,0.5948257446289062,9.049262523651123,1.9825005531311035,14.285623347852379,14.639553852379322,10.363408729434013
13,8.0,0,0.0,The hydrographic chart set reached edition,JK97,BA50,0.3776078224182129,0.5546431541442871,-3.5576391220092773,17.84793384675868,-0.6548471450805664,-2.210439682006836
13,8.0,1,0.0909,The telegraph repeater hut answers to station code,HX28,LE73,-0.8434147834777832,5.826128721237183,3.6034321784973145,19.32658671133686,4.645047187805176,4.201410293579102
13,8.0,2,0.1818,The sealed crate in the annex is marked with inventory tag,HW33,TT76,-0.8151183128356934,3.777730941772461,-0.14665603637695312,21.856917898607207,10.775918006896973,4.168009996414185
13,8.0,3,0.2727,The archive microfilm reel is filed under shelf mark,EC78,RH95,0.6647837162017822,-4.5691304206848145,1.69858980178833,18.407665026839823,4.976855278015137,1.2604269981384277
13,8.0,4,0.3636,The expedition's spare sledge carries equipment tag,AP26,GK14,0.2934398651123047,0.5997524261474609,0.8675007820129395,17.377762083895504,1.982506275177002,2.1285964250564575
13,8.0,5,0.4545,Ansel's transit permit was issued as document number,XV11,NS30,-0.5830297470092773,-3.273987293243408,-3.825326919555664,17.059894470730796,15.193744659423828,11.312264800071716
13,8.0,6,0.5455,The customs declaration quotes reference code,JE20,PX37,-1.167067527770996,2.178863048553467,3.3322415351867676,16.48624553962145,15.549862295389175,11.090839147567749
13,8.0,7,0.6364,The northern relay station operates under callsign,HR80,JP85,0.05159187316894531,1.4628300666809082,1.8306877613067627,17.726575731299818,14.318819135427475,10.706621557474136
13,8.0,8,0.7273,The reserve fuel depot is listed at site code,UP95,HM41,-0.14725160598754883,-2.0888373851776123,-1.1353421211242676,16.82511992531363,14.358707934617996,11.248555190861225
13,8.0,9,0.8182,The harbour pilot's licence shows registration code,MP91,UK64,1.198683261871338,2.9474434852600098,-1.494898796081543,17.18054556660354,13.93437597155571,15.132297866046429
13,8.0,10,0.9091,The radio operator's logbook continues in volume,LW25,GW54,-0.35959672927856445,-5.005471706390381,-2.9591755867004395,19.50563021376729,15.506492733955383,14.444360792636871
13,8.0,11,1.0,The ice core drilling rig was delivered as unit,MV91,PB50,0.5948257446289062,8.409196376800537,1.1345453262329102,14.285623347852379,11.857864201068878,9.705704435706139
14,1.0,0,0.0,The reserve fuel depot is listed at site code,DV99,ND14,0.06692171096801758,0.10783910751342773,0.16272592544555664,16.04127675271593,17.205243975506164,16.43426019581966
14,1.0,1,0.0909,The lighthouse relief roster follows schedule,WS41,GK13,1.8295378684997559,0.856412410736084,0.7021145820617676,18.586218633223325,18.021005910239182,17.162437628023326
14,1.0,2,0.1818,Ansel's transit permit was issued as document number,ND43,AU74,-0.5381355285644531,-1.5373988151550293,-0.8761062622070312,17.184133782517165,15.771041200321633,15.520592238404788
14,1.0,3,0.2727,The diesel storage tank is stencilled vessel number,HL55,KS55,-0.7726907730102539,-0.027399063110351562,-0.40337228775024414,17.60707310703583,15.22457187762484,16.109726849244907
14,1.0,4,0.3636,The medical supply locker was closed with seal number,JM90,JD14,-2.9212865829467773,-3.2903976440429688,-2.9658546447753906,15.751995527651161,12.542478892020881,12.269792371429503
14,1.0,5,0.4545,The border checkpoint ledger opens at entry code,WS29,EG10,0.3648982048034668,0.047892093658447266,0.41066932678222656,16.803199377842247,15.136610545450822,15.521326950052753
14,1.0,6,0.5455,The glacier survey stake is recorded as marker,FT95,GV97,-0.7364206314086914,0.17110681533813477,0.10601043701171875,15.879274274688214,17.045417316257954,17.39214173029177
14,1.0,7,0.6364,The archive microfilm reel is filed under shelf mark,AW18,BT86,0.9027547836303711,0.9696354866027832,0.7337651252746582,18.496231106109917,19.703707091975957,20.26607736351434
14,1.0,8,0.7273,The observatory's spare mirror was ordered as part number,DV53,ZF75,0.9294905662536621,0.6841912269592285,0.5909013748168945,16.826715059170965,17.27508321183268,18.19754304116941
14,1.0,9,0.8182,The meteorological buoy broadcasts on transponder code,AC45,WG56,0.1428232192993164,0.712855339050293,0.6468327045440674,18.596373049076647,17.29866978607606,17.51912694144994
14,1.0,10,0.9091,The freight siding at Kelder appears on the plan as track,GN61,RN41,-1.8395724296569824,-0.12697744369506836,-0.1785283088684082,15.524180934298784,15.422953656525351,16.65120404830668
14,1.0,11,1.0,The survey team's theodolite bears serial number,DW97,NT80,2.4968061447143555,0.9222688674926758,0.5619301795959473,18.525022307876498,17.579059395124204,18.855684295180254
14,2.0,0,0.0,The reserve fuel depot is listed at site code,DV99,ND14,0.06692171096801758,0.19228839874267578,0.1852893829345703,16.04127675271593,13.368054014630616,13.897834498435259
14,2.0,1,0.0909,The lighthouse relief roster follows schedule,WS41,GK13,1.8295378684997559,3.715529441833496,4.0794148445129395,18.586218633223325,16.317743414081633,16.914136508479714
14,2.0,2,0.1818,Ansel's transit permit was issued as document number,ND43,AU74,-0.5381355285644531,-0.7337937355041504,-0.8637223243713379,17.184133782517165,13.268752784701064,13.715866685146466
14,2.0,3,0.2727,The diesel storage tank is stencilled vessel number,HL55,KS55,-0.7726907730102539,-1.0818967819213867,-1.1492533683776855,17.60707310703583,14.430115406401455,14.783929470926523
14,2.0,4,0.3636,The medical supply locker was closed with seal number,JM90,JD14,-2.9212865829467773,-2.4452157020568848,-3.078942060470581,15.751995527651161,11.641058150678873,12.502748068422079
14,2.0,5,0.4545,The border checkpoint ledger opens at entry code,WS29,EG10,0.3648982048034668,2.402650833129883,1.4622430801391602,16.803199377842247,13.150581441819668,13.707567896693945
14,2.0,6,0.5455,The glacier survey stake is recorded as marker,FT95,GV97,-0.7364206314086914,-0.4112415313720703,-0.16694211959838867,15.879274274688214,14.79671360598877,15.35025598295033
14,2.0,7,0.6364,The archive microfilm reel is filed under shelf mark,AW18,BT86,0.9027547836303711,0.1651625633239746,0.2543492317199707,18.496231106109917,19.536097805481404,20.11493814503774
14,2.0,8,0.7273,The observatory's spare mirror was ordered as part number,DV53,ZF75,0.9294905662536621,1.4332904815673828,0.4413113594055176,16.826715059170965,16.50232570618391,14.864820822724141
14,2.0,9,0.8182,The meteorological buoy broadcasts on transponder code,AC45,WG56,0.1428232192993164,0.15485072135925293,1.3944122791290283,18.596373049076647,17.85387403133791,17.093180320196552
14,2.0,10,0.9091,The freight siding at Kelder appears on the plan as track,GN61,RN41,-1.8395724296569824,-1.273383617401123,-1.6829662322998047,15.524180934298784,14.500558291561902,14.564890621230006
14,2.0,11,1.0,The survey team's theodolite bears serial number,DW97,NT80,2.4968061447143555,1.5996875762939453,-0.43572092056274414,18.525022307876498,16.515270756557584,16.678864546120167
14,3.0,0,0.0,The reserve fuel depot is listed at site code,DV99,ND14,0.06692171096801758,-0.7602763175964355,-2.680713653564453,16.04127675271593,12.742859363555908,12.911458164453506
14,3.0,1,0.0909,The lighthouse relief roster follows schedule,WS41,GK13,1.8295378684997559,7.238158464431763,7.821435451507568,18.586218633223325,15.54593114554882,15.944051265716553
14,3.0,2,0.1818,Ansel's transit permit was issued as document number,ND43,AU74,-0.5381355285644531,0.2890434265136719,1.8084840774536133,17.184133782517165,15.049809247255325,16.071555465459824
14,3.0,3,0.2727,The diesel storage tank is stencilled vessel number,HL55,KS55,-0.7726907730102539,-2.7806777954101562,-2.4271440505981445,17.60707310703583,14.242749150842428,16.04262935370207
14,3.0,4,0.3636,The medical supply locker was closed with seal number,JM90,JD14,-2.9212865829467773,-8.962046146392822,-7.817410230636597,15.751995527651161,16.073767244815826,14.435457341372967
14,3.0,5,0.4545,The border checkpoint ledger opens at entry code,WS29,EG10,0.3648982048034668,0.8750419616699219,-0.5257382392883301,16.803199377842247,20.247157314792275,19.02645067870617
14,3.0,6,0.5455,The glacier survey stake is recorded as marker,FT95,GV97,-0.7364206314086914,-1.2696900367736816,-3.191714286804199,15.879274274688214,15.900465667247772,17.489186719059944
14,3.0,7,0.6364,The archive microfilm reel is filed under shelf mark,AW18,BT86,0.9027547836303711,0.46962690353393555,-0.6297826766967773,18.496231106109917,18.994345664978027,19.94707664474845
14,3.0,8,0.7273,The observatory's spare mirror was ordered as part number,DV53,ZF75,0.9294905662536621,3.61372447013855,2.804687023162842,16.826715059170965,16.704484086483717,16.80109090730548
14,3.0,9,0.8182,The meteorological buoy broadcasts on transponder code,AC45,WG56,0.1428232192993164,2.5803003311157227,1.4124276638031006,18.596373049076647,22.80844673793763,20.268743929453194
14,3.0,10,0.9091,The freight siding at Kelder appears on the plan as track,GN61,RN41,-1.8395724296569824,0.817258358001709,0.7211551666259766,15.524180934298784,14.648014143109322,14.569759726524353
14,3.0,11,1.0,The survey team's theodolite bears serial number,DW97,NT80,2.4968061447143555,2.9901862144470215,-2.151036262512207,18.525022307876498,19.591698195785284,21.84428982855752
14,4.0,0,0.0,The reserve fuel depot is listed at site code,DV99,ND14,0.06692171096801758,-0.8025617599487305,-4.735782623291016,16.04127675271593,10.720679700374603,9.532285571098328
14,4.0,1,0.0909,The lighthouse relief roster follows schedule,WS41,GK13,1.8295378684997559,4.85071325302124,6.323066711425781,18.586218633223325,16.3393677175045,18.297173380851746
14,4.0,2,0.1818,Ansel's transit permit was issued as document number,ND43,AU74,-0.5381355285644531,-0.8819999694824219,0.9287776947021484,17.184133782517165,13.684072822332382,14.91277301311493
14,4.0,3,0.2727,The diesel storage tank is stencilled vessel number,HL55,KS55,-0.7726907730102539,-1.2382574081420898,-4.429819107055664,17.60707310703583,10.073479175567627,11.950386047363281
14,4.0,4,0.3636,The medical supply locker was closed with seal number,JM90,JD14,-2.9212865829467773,-5.30119514465332,-7.499367713928223,15.751995527651161,12.413110077381134,15.50830064713955
14,4.0,5,0.4545,The border checkpoint ledger opens at entry code,WS29,EG10,0.3648982048034668,1.8779358863830566,-1.695709228515625,16.803199377842247,14.995383530855179,16.30481779575348
14,4.0,6,0.5455,The glacier survey stake is recorded as marker,FT95,GV97,-0.7364206314086914,-4.252645492553711,-0.8366708755493164,15.879274274688214,13.239775724709034,16.585744984447956
14,4.0,7,0.6364,The archive microfilm reel is filed under shelf mark,AW18,BT86,0.9027547836303711,0.3690609931945801,-3.035484552383423,18.496231106109917,13.523187965154648,18.043479025363922
14,4.0,8,0.7273,The observatory's spare mirror was ordered as part number,DV53,ZF75,0.9294905662536621,1.2829408645629883,0.8937702178955078,16.826715059170965,15.247834622859955,14.53580591082573
14,4.0,9,0.8182,The meteorological buoy broadcasts on transponder code,AC45,WG56,0.1428232192993164,0.9393985271453857,2.7676689624786377,18.596373049076647,16.868210576474667,18.672409031540155
14,4.0,10,0.9091,The freight siding at Kelder appears on the plan as track,GN61,RN41,-1.8395724296569824,2.3440775871276855,0.03302335739135742,15.524180934298784,14.339158542454243,14.885337799787521
14,4.0,11,1.0,The survey team's theodolite bears serial number,DW97,NT80,2.4968061447143555,4.39178991317749,-1.224470615386963,18.525022307876498,19.409724263474345,20.14586394559592
14,5.0,0,0.0,The reserve fuel depot is listed at site code,DV99,ND14,0.06692171096801758,1.446357250213623,-3.3643670082092285,16.04127675271593,8.631540179252625,10.607332468032837
14,5.0,1,0.0909,The lighthouse relief roster follows schedule,WS41,GK13,1.8295378684997559,2.2603683471679688,3.88651704788208,18.586218633223325,9.75671911239624,17.098301351070404
14,5.0,2,0.1818,Ansel's transit permit was issued as document number,ND43,AU74,-0.5381355285644531,-3.5721993446350098,-0.17484045028686523,17.184133782517165,8.356561541557312,15.560088157653809
14,5.0,3,0.2727,The diesel storage tank is stencilled vessel number,HL55,KS55,-0.7726907730102539,-2.8970298767089844,-2.17634916305542,17.60707310703583,9.528425127267838,15.99930028617382
14,5.0,4,0.3636,The medical supply locker was closed with seal number,JM90,JD14,-2.9212865829467773,-4.101430654525757,-6.334533214569092,15.751995527651161,9.79625689983368,13.712974548339844
14,5.0,5,0.4545,The border checkpoint ledger opens at entry code,WS29,EG10,0.3648982048034668,2.4861350059509277,-0.3719978332519531,16.803199377842247,9.47560715675354,14.37974128127098
14,5.0,6,0.5455,The glacier survey stake is recorded as marker,FT95,GV97,-0.7364206314086914,-3.171274185180664,-3.7255654335021973,15.879274274688214,12.240046754479408,17.98517158254981
14,5.0,7,0.6364,The archive microfilm reel is filed under shelf mark,AW18,BT86,0.9027547836303711,1.789597511291504,-0.44779109954833984,18.496231106109917,14.277307897806168,16.37664668262005
14,5.0,8,0.7273,The observatory's spare mirror was ordered as part number,DV53,ZF75,0.9294905662536621,3.2935571670532227,5.2672119140625,16.826715059170965,14.203760176897049,16.40514849126339
14,5.0,9,0.8182,The meteorological buoy broadcasts on transponder code,AC45,WG56,0.1428232192993164,2.8935704231262207,4.922979533672333,18.596373049076647,15.932898163795471,18.70303262770176
14,5.0,10,0.9091,The freight siding at Kelder appears on the plan as track,GN61,RN41,-1.8395724296569824,2.768929958343506,1.3823084831237793,15.524180934298784,14.205637268722057,15.258742690086365
14,5.0,11,1.0,The survey team's theodolite bears serial number,DW97,NT80,2.4968061447143555,6.327147483825684,0.14340496063232422,18.525022307876498,16.478738822042942,19.37677307240665
14,6.0,0,0.0,The reserve fuel depot is listed at site code,DV99,ND14,0.06692171096801758,0.787074089050293,-2.1520938873291016,16.04127675271593,2.768305778503418,3.2529854774475098
14,6.0,1,0.0909,The lighthouse relief roster follows schedule,WS41,GK13,1.8295378684997559,2.548647880554199,4.008637428283691,18.586218633223325,11.02106261253357,12.427551746368408
14,6.0,2,0.1818,Ansel's transit permit was issued as document number,ND43,AU74,-0.5381355285644531,-0.612006664276123,-0.03153562545776367,17.184133782517165,4.47727108001709,15.261571109294891
14,6.0,3,0.2727,The diesel storage tank is stencilled vessel number,HL55,KS55,-0.7726907730102539,-1.428891658782959,-1.55023193359375,17.60707310703583,10.177402973175049,14.306758761405945
14,6.0,4,0.3636,The medical supply locker was closed with seal number,JM90,JD14,-2.9212865829467773,-3.1345810890197754,-3.654026985168457,15.751995527651161,11.501167476177216,15.139342904090881
14,6.0,5,0.4545,The border checkpoint ledger opens at entry code,WS29,EG10,0.3648982048034668,1.9524154663085938,-0.5820770263671875,16.803199377842247,11.018017172813416,14.253303825855255
14,6.0,6,0.5455,The glacier survey stake is recorded as marker,FT95,GV97,-0.7364206314086914,-3.4815492630004883,-2.5592126846313477,15.879274274688214,8.881502509117126,16.696322225034237
14,6.0,7,0.6364,The archive microfilm reel is filed under shelf mark,AW18,BT86,0.9027547836303711,0.19483280181884766,1.3032574653625488,18.496231106109917,11.692747801542282,17.664490573108196
14,6.0,8,0.7273,The observatory's spare mirror was ordered as part number,DV53,ZF75,0.9294905662536621,3.0399656295776367,4.245835304260254,16.826715059170965,13.501473844051361,14.472861140966415
14,6.0,9,0.8182,The meteorological buoy broadcasts on transponder code,AC45,WG56,0.1428232192993164,1.4294366836547852,3.404573678970337,18.596373049076647,14.371733710169792,17.65900296717882
14,6.0,10,0.9091,The freight siding at Kelder appears on the plan as track,GN61,RN41,-1.8395724296569824,0.21933841705322266,1.5807294845581055,15.524180934298784,14.093672916293144,14.13792684674263
14,6.0,11,1.0,The survey team's theodolite bears serial number,DW97,NT80,2.4968061447143555,2.823164939880371,2.0476021766662598,18.525022307876498,15.551475696265697,17.54824022576213
14,7.0,0,0.0,The reserve fuel depot is listed at site code,DV99,ND14,0.06692171096801758,-1.2562074661254883,-3.8171887397766113,16.04127675271593,0.13953733444213867,1.3560190200805664
14,7.0,1,0.0909,The lighthouse relief roster follows schedule,WS41,GK13,1.8295378684997559,3.2150087356567383,2.982438087463379,18.586218633223325,10.754496335983276,4.790395259857178
14,7.0,2,0.1818,Ansel's transit permit was issued as document number,ND43,AU74,-0.5381355285644531,0.3810715675354004,-0.7556686401367188,17.184133782517165,6.6471452713012695,5.124507427215576
14,7.0,3,0.2727,The diesel storage tank is stencilled vessel number,HL55,KS55,-0.7726907730102539,0.9008827209472656,-3.5691609382629395,17.60707310703583,8.507689237594604,9.192259669303894
14,7.0,4,0.3636,The medical supply locker was closed with seal number,JM90,JD14,-2.9212865829467773,-4.750504970550537,-5.297003269195557,15.751995527651161,12.994664549827576,13.019802272319794
14,7.0,5,0.4545,The border checkpoint ledger opens at entry code,WS29,EG10,0.3648982048034668,5.898529052734375,-1.5482988357543945,16.803199377842247,12.79053270816803,15.833381414413452
14,7.0,6,0.5455,The glacier survey stake is recorded as marker,FT95,GV97,-0.7364206314086914,-0.03238534927368164,-1.0246686935424805,15.879274274688214,13.88850799202919,13.730809777975082
14,7.0,7,0.6364,The archive microfilm reel is filed under shelf mark,AW18,BT86,0.9027547836303711,1.5259332656860352,0.8279228210449219,18.496231106109917,15.850051417946815,15.325003519654274
14,7.0,8,0.7273,The observatory's spare mirror was ordered as part number,DV53,ZF75,0.9294905662536621,5.77064323425293,1.9344305992126465,16.826715059170965,15.705905973911285,9.738263130187988
14,7.0,9,0.8182,The meteorological buoy broadcasts on transponder code,AC45,WG56,0.1428232192993164,4.006031513214111,5.988266944885254,18.596373049076647,14.825781136751175,14.995978027582169
14,7.0,10,0.9091,The freight siding at Kelder appears on the plan as track,GN61,RN41,-1.8395724296569824,-1.9935708045959473,-1.3490104675292969,15.524180934298784,15.1682960242033,11.859238237142563
14,7.0,11,1.0,The survey team's theodolite bears serial number,DW97,NT80,2.4968061447143555,3.3606600761413574,-0.9175195693969727,18.525022307876498,16.88644491881132,15.241186566650867
14,8.0,0,0.0,The reserve fuel depot is listed at site code,DV99,ND14,0.06692171096801758,-0.5080347061157227,-4.49554443359375,16.04127675271593,0.30730104446411133,1.0801830291748047
14,8.0,1,0.0909,The lighthouse relief roster follows schedule,WS41,GK13,1.8295378684997559,3.9859180450439453,2.6059226989746094,18.586218633223325,4.665801048278809,2.44387149810791
14,8.0,2,0.1818,Ansel's transit permit was issued as document number,ND43,AU74,-0.5381355285644531,-1.6418662071228027,-1.359013557434082,17.184133782517165,3.770578622817993,5.771268844604492
14,8.0,3,0.2727,The diesel storage tank is stencilled vessel number,HL55,KS55,-0.7726907730102539,-0.42489147186279297,-2.7503185272216797,17.60707310703583,4.668176651000977,9.924633026123047
14,8.0,4,0.3636,The medical supply locker was closed with seal number,JM90,JD14,-2.9212865829467773,-4.128414154052734,-3.330265522003174,15.751995527651161,10.104925751686096,12.528988242149353
14,8.0,5,0.4545,The border checkpoint ledger opens at entry code,WS29,EG10,0.3648982048034668,4.844792366027832,0.24759244918823242,16.803199377842247,4.5394874811172485,14.113075494766235
14,8.0,6,0.5455,The glacier survey stake is recorded as marker,FT95,GV97,-0.7364206314086914,-0.7025227546691895,-1.7811598777770996,15.879274274688214,10.615633487701416,12.67426460981369
14,8.0,7,0.6364,The archive microfilm reel is filed under shelf mark,AW18,BT86,0.9027547836303711,0.3489694595336914,0.6347579956054688,18.496231106109917,14.729391157627106,14.670454561710358
14,8.0,8,0.7273,The observatory's spare mirror was ordered as part number,DV53,ZF75,0.9294905662536621,3.1632142066955566,1.3622379302978516,16.826715059170965,14.784329891204834,6.924901962280273
14,8.0,9,0.8182,The meteorological buoy broadcasts on transponder code,AC45,WG56,0.1428232192993164,3.3043413162231445,6.516099452972412,18.596373049076647,12.935084223747253,12.596066236495972
14,8.0,10,0.9091,The freight siding at Kelder appears on the plan as track,GN61,RN41,-1.8395724296569824,-1.319364070892334,-0.0961923599243164,15.524180934298784,13.851896226406097,9.145284056663513
14,8.0,11,1.0,The survey team's theodolite bears serial number,DW97,NT80,2.4968061447143555,1.4587764739990234,-2.8174538612365723,18.525022307876498,16.20681980252266,16.014692217111588
15,1.0,0,0.0,The meteorological buoy broadcasts on transponder code,GA76,HX85,-0.1353907585144043,0.7597923278808594,0.36673927307128906,14.376352964900434,15.75057284370996,14.719942304538563
15,1.0,1,0.0909,The signal lamp housing takes fitting code,HA17,LR50,-0.9080896377563477,-1.5141730308532715,0.23461580276489258,15.3375572883524,15.031250870786607,14.216477738693357
15,1.0,2,0.1818,The freight siding at Kelder appears on the plan as track,MH24,AV55,1.805741786956787,0.7204668521881104,0.4737119674682617,17.981503852875903,14.793693842366338,13.74885781109333
15,1.0,3,0.2727,The radio operator's logbook continues in volume,MH36,BF92,-0.49097108840942383,0.28882789611816406,0.9243502616882324,17.415240217087558,16.574667896027677,16.771564869908616
15,1.0,4,0.3636,The reserve fuel depot is listed at site code,ML38,SZ23,-0.16437339782714844,-0.08196258544921875,-0.026319026947021484,19.17166345915757,19.281606988515705,17.200490029528737
15,1.0,5,0.4545,The coastal watchtower is designated post,PH83,LE52,-2.590176582336426,-2.97774600982666,-2.9260525703430176,19.146832192549482,16.8517132634297,15.44558351370506
15,1.0,6,0.5455,The customs declaration quotes reference code,QP72,DL53,0.22936630249023438,-1.4707937240600586,-1.452226161956787,13.433005422120914,13.990435300627723,13.51376575930044
15,1.0,7,0.6364,The botanical specimen case holds accession number,CQ82,TV71,-0.26688098907470703,-0.6620445251464844,-0.6373262405395508,16.98022162821144,18.961507505737245,18.684023406822234
15,1.0,8,0.7273,The lighthouse relief roster follows schedule,MQ82,UD60,0.36750173568725586,-2.444336414337158,-2.2490992546081543,16.454939683899283,16.8300747750327,17.582717265351675
15,1.0,9,0.8182,The hydrographic chart set reached edition,RA35,UA22,1.977513313293457,0.8637142181396484,1.511876106262207,16.848564296728,18.583099349867553,18.580441192840226
15,1.0,10,0.9091,The expedition's spare sledge carries equipment tag,ET32,GU79,0.7376766204833984,-0.3173842430114746,0.9706864356994629,20.93754294712562,20.839021151536144,19.84679517429322
15,1.0,11,1.0,The assay laboratory furnace is a model,KS73,TV51,2.362006664276123,0.11752939224243164,0.14441537857055664,17.66639965539798,18.725963491480798,17.229826024733484
15,2.0,0,0.0,The meteorological buoy broadcasts on transponder code,GA76,HX85,-0.1353907585144043,0.9811420440673828,-0.9120283126831055,14.376352964900434,14.443915993906558,12.209223635494709
15,2.0,1,0.0909,The signal lamp housing takes fitting code,HA17,LR50,-0.9080896377563477,-0.11069846153259277,-1.8354384899139404,15.3375572883524,16.03930592862889,12.233129866421223
15,2.0,2,0.1818,The freight siding at Kelder appears on the plan as track,MH24,AV55,1.805741786956787,-0.6995148658752441,1.5201501846313477,17.981503852875903,15.197735612280667,12.545911863446236
15,2.0,3,0.2727,The radio operator's logbook continues in volume,MH36,BF92,-0.49097108840942383,1.1425867080688477,0.827176570892334,17.415240217087558,15.636503692367114,14.851111483760178
15,2.0,4,0.3636,The reserve fuel depot is listed at site code,ML38,SZ23,-0.16437339782714844,0.8330216407775879,-0.4744892120361328,19.17166345915757,20.124773527961224,17.611852442845702
15,2.0,5,0.4545,The coastal watchtower is designated post,PH83,LE52,-2.590176582336426,-2.3799734115600586,-2.289407253265381,19.146832192549482,19.16933744319249,15.292671852046624
15,2.0,6,0.5455,The customs declaration quotes reference code,QP72,DL53,0.22936630249023438,-0.8832614421844482,-1.8450334072113037,13.433005422120914,13.610551677178591,14.919885557610542
15,2.0,7,0.6364,The botanical specimen case holds accession number,CQ82,TV71,-0.26688098907470703,-0.674619197845459,-0.516726016998291,16.98022162821144,22.6613768976531,18.973912748973817
15,2.0,8,0.7273,The lighthouse relief roster follows schedule,MQ82,UD60,0.36750173568725586,-2.110344886779785,-1.9845266342163086,16.454939683899283,16.961507095838897,15.335179221816361
15,2.0,9,0.8182,The hydrographic chart set reached edition,RA35,UA22,1.977513313293457,2.3244519233703613,1.968564510345459,16.848564296728,17.945190116006415,17.57343495253008
15,2.0,10,0.9091,The expedition's spare sledge carries equipment tag,ET32,GU79,0.7376766204833984,-0.5443177223205566,-1.2653899192810059,20.93754294712562,21.277296104002744,19.303807427175343
15,2.0,11,1.0,The assay laboratory furnace is a model,KS73,TV51,2.362006664276123,0.6043820381164551,1.692807674407959,17.66639965539798,19.321608470287174,16.612236082553864
15,3.0,0,0.0,The meteorological buoy broadcasts on transponder code,GA76,HX85,-0.1353907585144043,0.9959921836853027,-1.18837308883667,14.376352964900434,17.77041911147535,17.207900017499924
15,3.0,1,0.0909,The signal lamp housing takes fitting code,HA17,LR50,-0.9080896377563477,-1.7237513065338135,-1.9401116371154785,15.3375572883524,14.97785596549511,15.506793186068535
15,3.0,2,0.1818,The freight siding at Kelder appears on the plan as track,MH24,AV55,1.805741786956787,0.004588603973388672,0.9520564079284668,17.981503852875903,14.990447998046875,14.910480603575706
15,3.0,3,0.2727,The radio operator's logbook continues in volume,MH36,BF92,-0.49097108840942383,1.3277883529663086,-0.6219468116760254,17.415240217087558,18.365531818941236,16.242262341082096
15,3.0,4,0.3636,The reserve fuel depot is listed at site code,ML38,SZ23,-0.16437339782714844,-1.2775235176086426,0.26326942443847656,19.17166345915757,20.034630477428436,17.339826621115208
15,3.0,5,0.4545,The coastal watchtower is designated post,PH83,LE52,-2.590176582336426,-1.4849600791931152,-2.656933307647705,19.146832192549482,14.440599113702774,11.336913749575615
15,3.0,6,0.5455,The customs declaration quotes reference code,QP72,DL53,0.22936630249023438,-5.569106340408325,-4.066458702087402,13.433005422120914,14.34412083402276,14.289789715781808
15,3.0,7,0.6364,The botanical specimen case holds accession number,CQ82,TV71,-0.26688098907470703,-1.2698030471801758,2.6821746826171875,16.98022162821144,23.275701018981636,21.14975306391716
15,3.0,8,0.7273,The lighthouse relief roster follows schedule,MQ82,UD60,0.36750173568725586,0.10213279724121094,-0.8334808349609375,16.454939683899283,16.73657287377864,18.011563327163458
15,3.0,9,0.8182,The hydrographic chart set reached edition,RA35,UA22,1.977513313293457,1.2698984146118164,4.280933380126953,16.848564296728,16.15173488575965,16.556444937363267
15,3.0,10,0.9091,The expedition's spare sledge carries equipment tag,ET32,GU79,0.7376766204833984,-3.9247400760650635,-0.7616543769836426,20.93754294712562,22.670624344144017,22.0063722464256
15,3.0,11,1.0,The assay laboratory furnace is a model,KS73,TV51,2.362006664276123,3.5960776805877686,-2.415234088897705,17.66639965539798,19.961480618920177,22.140260147862136
15,4.0,0,0.0,The meteorological buoy broadcasts on transponder code,GA76,HX85,-0.1353907585144043,0.7619161605834961,-3.3147192001342773,14.376352964900434,16.295687828212976,2.855241894721985
15,4.0,1,0.0909,The signal lamp housing takes fitting code,HA17,LR50,-0.9080896377563477,-4.005091667175293,-3.4686849117279053,15.3375572883524,15.536294415593147,14.50013780593872
15,4.0,2,0.1818,The freight siding at Kelder appears on the plan as track,MH24,AV55,1.805741786956787,0.6967663764953613,-0.4779839515686035,17.981503852875903,17.01407077163458,13.697678327560425
15,4.0,3,0.2727,The radio operator's logbook continues in volume,MH36,BF92,-0.49097108840942383,2.1570310592651367,3.2469844818115234,17.415240217087558,14.001648411154747,13.754173755645752
15,4.0,4,0.3636,The reserve fuel depot is listed at site code,ML38,SZ23,-0.16437339782714844,-0.929196834564209,2.832087516784668,19.17166345915757,19.19801940023899,13.881451100111008
15,4.0,5,0.4545,The coastal watchtower is designated post,PH83,LE52,-2.590176582336426,-1.0989537239074707,-1.639552116394043,19.146832192549482,12.769480027258396,11.154681853950024
15,4.0,6,0.5455,The customs declaration quotes reference code,QP72,DL53,0.22936630249023438,0.7955284118652344,-1.895711898803711,13.433005422120914,12.98260809481144,9.991588115692139
15,4.0,7,0.6364,The botanical specimen case holds accession number,CQ82,TV71,-0.26688098907470703,0.7874789237976074,-1.6648640632629395,16.98022162821144,17.74568350892514,16.957795292139053
15,4.0,8,0.7273,The lighthouse relief roster follows schedule,MQ82,UD60,0.36750173568725586,-0.01937723159790039,-0.4836845397949219,16.454939683899283,17.45343005657196,16.06764280796051
15,4.0,9,0.8182,The hydrographic chart set reached edition,RA35,UA22,1.977513313293457,3.1613712310791016,4.261800289154053,16.848564296728,18.130627177190036,18.358658500015736
15,4.0,10,0.9091,The expedition's spare sledge carries equipment tag,ET32,GU79,0.7376766204833984,-0.5851230621337891,1.8426899909973145,20.93754294712562,20.982011459302157,18.205964730121195
15,4.0,11,1.0,The assay laboratory furnace is a model,KS73,TV51,2.362006664276123,6.614537715911865,-2.9105701446533203,17.66639965539798,21.656709742266685,17.94314323924482
15,5.0,0,0.0,The meteorological buoy broadcasts on transponder code,GA76,HX85,-0.1353907585144043,1.209123134613037,0.38762521743774414,14.376352964900434,13.037642270326614,-0.5406690835952759
15,5.0,1,0.0909,The signal lamp housing takes fitting code,HA17,LR50,-0.9080896377563477,-3.690156936645508,-5.122503280639648,15.3375572883524,14.9798593968153,3.8919296264648438
15,5.0,2,0.1818,The freight siding at Kelder appears on the plan as track,MH24,AV55,1.805741786956787,-1.7360429763793945,-1.5798602104187012,17.981503852875903,15.05721327662468,10.305994033813477
15,5.0,3,0.2727,The radio operator's logbook continues in volume,MH36,BF92,-0.49097108840942383,0.909736156463623,4.088542938232422,17.415240217087558,15.046692594885826,8.988428831100464
15,5.0,4,0.3636,The reserve fuel depot is listed at site code,ML38,SZ23,-0.16437339782714844,1.3478174209594727,3.370190143585205,19.17166345915757,14.38828019052744,10.286331951618195
15,5.0,5,0.4545,The coastal watchtower is designated post,PH83,LE52,-2.590176582336426,2.0843234062194824,-1.8210792541503906,19.146832192549482,9.196125283837318,8.258462190628052
15,5.0,6,0.5455,The customs declaration quotes reference code,QP72,DL53,0.22936630249023438,0.322176456451416,-0.8234193325042725,13.433005422120914,10.672434449195862,7.532787561416626
15,5.0,7,0.6364,The botanical specimen case holds accession number,CQ82,TV71,-0.26688098907470703,2.6297707557678223,3.1829171180725098,16.98022162821144,17.63824401795864,15.5711070895195
15,5.0,8,0.7273,The lighthouse relief roster follows schedule,MQ82,UD60,0.36750173568725586,-0.9094991683959961,0.6395359039306641,16.454939683899283,16.287167072296143,12.742599189281464
15,5.0,9,0.8182,The hydrographic chart set reached edition,RA35,UA22,1.977513313293457,3.3296542167663574,4.26205587387085,16.848564296728,16.098725290969014,18.406810760498047
15,5.0,10,0.9091,The expedition's spare sledge carries equipment tag,ET32,GU79,0.7376766204833984,1.252993106842041,2.1416540145874023,20.93754294712562,19.013512764126062,16.509140346199274
15,5.0,11,1.0,The assay laboratory furnace is a model,KS73,TV51,2.362006664276123,3.7291259765625,-0.9132809638977051,17.66639965539798,21.964170549064875,17.396736539900303
15,6.0,0,0.0,The meteorological buoy broadcasts on transponder code,GA76,HX85,-0.1353907585144043,-2.1469736099243164,-0.7785778045654297,14.376352964900434,5.669261932373047,-1.662308931350708
15,6.0,1,0.0909,The signal lamp housing takes fitting code,HA17,LR50,-0.9080896377563477,-3.066835403442383,-3.4432358741760254,15.3375572883524,9.534060001373291,1.1233720779418945
15,6.0,2,0.1818,The freight siding at Kelder appears on the plan as track,MH24,AV55,1.805741786956787,-1.6978092193603516,-2.0310893058776855,17.981503852875903,12.553983926773071,8.528888702392578
15,6.0,3,0.2727,The radio operator's logbook continues in volume,MH36,BF92,-0.49097108840942383,2.292281150817871,2.188283920288086,17.415240217087558,13.00432901084423,8.693754196166992
15,6.0,4,0.3636,The reserve fuel depot is listed at site code,ML38,SZ23,-0.16437339782714844,0.03209686279296875,3.569239616394043,19.17166345915757,10.473427325487137,7.740591526031494
15,6.0,5,0.4545,The coastal watchtower is designated post,PH83,LE52,-2.590176582336426,0.3172721862792969,-0.015648841857910156,19.146832192549482,10.862406745553017,8.069638729095459
15,6.0,6,0.5455,The customs declaration quotes reference code,QP72,DL53,0.22936630249023438,0.8017797470092773,1.2983973026275635,13.433005422120914,10.33818781375885,7.469346582889557
15,6.0,7,0.6364,The botanical specimen case holds accession number,CQ82,TV71,-0.26688098907470703,4.649868965148926,3.6572799682617188,16.98022162821144,15.643779218196869,14.11060380935669
15,6.0,8,0.7273,The lighthouse relief roster follows schedule,MQ82,UD60,0.36750173568725586,1.1065449714660645,-1.8269686698913574,16.454939683899283,13.365474380552769,12.229556143283844
15,6.0,9,0.8182,The hydrographic chart set reached edition,RA35,UA22,1.977513313293457,5.456453323364258,3.1600747108459473,16.848564296728,15.283965919166803,17.56461626291275
15,6.0,10,0.9091,The expedition's spare sledge carries equipment tag,ET32,GU79,0.7376766204833984,2.3391857147216797,0.7950563430786133,20.93754294712562,18.241338796913624,15.820224285125732
15,6.0,11,1.0,The assay laboratory furnace is a model,KS73,TV51,2.362006664276123,2.837437152862549,-1.9824113845825195,17.66639965539798,19.21178144402802,17.97434462979436
15,7.0,0,0.0,The meteorological buoy broadcasts on transponder code,GA76,HX85,-0.1353907585144043,-0.5045862197875977,-1.3792810440063477,14.376352964900434,0.653630256652832,2.530945658683777
15,7.0,1,0.0909,The signal lamp housing takes fitting code,HA17,LR50,-0.9080896377563477,-3.5205936431884766,-2.399332046508789,15.3375572883524,7.407181739807129,0.0931854248046875
15,7.0,2,0.1818,The freight siding at Kelder appears on the plan as track,MH24,AV55,1.805741786956787,-2.8900060653686523,-1.1555418968200684,17.981503852875903,7.3553924560546875,7.253102540969849
15,7.0,3,0.2727,The radio operator's logbook continues in volume,MH36,BF92,-0.49097108840942383,0.6915287971496582,-0.741610050201416,17.415240217087558,8.690134167671204,9.834169745445251
15,7.0,4,0.3636,The reserve fuel depot is listed at site code,ML38,SZ23,-0.16437339782714844,1.0377678871154785,0.7373971939086914,19.17166345915757,12.740609645843506,11.136277318000793
15,7.0,5,0.4545,The coastal watchtower is designated post,PH83,LE52,-2.590176582336426,-1.3032832145690918,-1.4925885200500488,19.146832192549482,8.031572103500366,8.546915590763092
15,7.0,6,0.5455,The customs declaration quotes reference code,QP72,DL53,0.22936630249023438,-0.8977870941162109,-1.184084415435791,13.433005422120914,7.808810114860535,8.773160457611084
15,7.0,7,0.6364,The botanical specimen case holds accession number,CQ82,TV71,-0.26688098907470703,3.6797728538513184,3.1252636909484863,16.98022162821144,13.987005800008774,14.322211265563965
15,7.0,8,0.7273,The lighthouse relief roster follows schedule,MQ82,UD60,0.36750173568725586,1.934915542602539,-3.2539238929748535,16.454939683899283,15.235959969460964,11.02692997455597
15,7.0,9,0.8182,The hydrographic chart set reached edition,RA35,UA22,1.977513313293457,5.264679431915283,4.620438575744629,16.848564296728,15.817748606204987,16.563679844141006
15,7.0,10,0.9091,The expedition's spare sledge carries equipment tag,ET32,GU79,0.7376766204833984,2.127495288848877,2.9606213569641113,20.93754294712562,16.834608018398285,14.257070869207382
15,7.0,11,1.0,The assay laboratory furnace is a model,KS73,TV51,2.362006664276123,2.0919761657714844,-0.7209854125976562,17.66639965539798,18.30027288198471,15.76852822303772
15,8.0,0,0.0,The meteorological buoy broadcasts on transponder code,GA76,HX85,-0.1353907585144043,0.33940601348876953,0.9966449737548828,14.376352964900434,2.977795362472534,1.2452068328857422
15,8.0,1,0.0909,The signal lamp housing takes fitting code,HA17,LR50,-0.9080896377563477,-4.315127372741699,-1.5854792594909668,15.3375572883524,5.872230291366577,2.3265600204467773
15,8.0,2,0.1818,The freight siding at Kelder appears on the plan as track,MH24,AV55,1.805741786956787,-2.406167984008789,-1.2562475204467773,17.981503852875903,5.939566135406494,7.8589324951171875
15,8.0,3,0.2727,The radio operator's logbook continues in volume,MH36,BF92,-0.49097108840942383,0.9581713676452637,1.3779430389404297,17.415240217087558,8.403725504875183,5.976430892944336
15,8.0,4,0.3636,The reserve fuel depot is listed at site code,ML38,SZ23,-0.16437339782714844,-0.08561372756958008,1.9797630310058594,19.17166345915757,11.637594997882843,6.632612943649292
15,8.0,5,0.4545,The coastal watchtower is designated post,PH83,LE52,-2.590176582336426,-0.8978590965270996,-0.7766704559326172,19.146832192549482,10.376272901892662,8.19403862953186
15,8.0,6,0.5455,The customs declaration quotes reference code,QP72,DL53,0.22936630249023438,0.891716480255127,-0.6032841205596924,13.433005422120914,8.527536928653717,6.386841535568237
15,8.0,7,0.6364,The botanical specimen case holds accession number,CQ82,TV71,-0.26688098907470703,3.165600299835205,-0.4889860153198242,16.98022162821144,12.549960255622864,10.80055046081543
15,8.0,8,0.7273,The lighthouse relief roster follows schedule,MQ82,UD60,0.36750173568725586,0.17369794845581055,-3.699324131011963,16.454939683899283,14.248816698789597,8.619179010391235
15,8.0,9,0.8182,The hydrographic chart set reached edition,RA35,UA22,1.977513313293457,4.9148478507995605,3.7017645835876465,16.848564296728,16.38506829738617,16.889451801776886
15,8.0,10,0.9091,The expedition's spare sledge carries equipment tag,ET32,GU79,0.7376766204833984,1.6140944957733154,1.8978509902954102,20.93754294712562,16.449814543128014,14.364540010690689
15,8.0,11,1.0,The assay laboratory furnace is a model,KS73,TV51,2.362006664276123,-0.17526865005493164,0.13430070877075195,17.66639965539798,16.49802878499031,15.267182052135468
16,1.0,0,0.0,The border checkpoint ledger opens at entry code,MR71,WE44,2.172018051147461,2.2190866470336914,2.029327392578125,16.9849245515652,14.844864210113883,14.520260900259018
16,1.0,1,0.0909,The cartography office safe opens with combination,KP39,NP14,-0.27800607681274414,-0.569216251373291,-0.5593242645263672,16.717170252930373,15.594107314012945,15.454672385007143
16,1.0,2,0.1818,The assay laboratory furnace is a model,QA62,BA35,-0.9833292961120605,0.4910244941711426,0.5450010299682617,16.409599599894136,13.824173301458359,14.520172696560621
16,1.0,3,0.2727,The diesel storage tank is stencilled vessel number,XY43,PX42,-0.896395206451416,-1.122696876525879,-1.3561077117919922,18.44146099151112,17.96391364885494,18.38723993487656
16,1.0,4,0.3636,The observatory's spare mirror was ordered as part number,HW38,SN23,-1.25156831741333,-1.3139209747314453,-1.4467167854309082,17.495888825505972,16.040523479692638,17.23112471587956
16,1.0,5,0.4545,Ansel's transit permit was issued as document number,AK48,GD63,0.5551424026489258,0.7854328155517578,0.7826519012451172,19.390345888677984,17.619542208034545,18.32741057383828
16,1.0,6,0.5455,The telegraph repeater hut answers to station code,LX28,WD46,-0.04630565643310547,-0.7687206268310547,-0.2848362922668457,16.365382954012603,13.846828889101744,14.0781090259552
16,1.0,7,0.6364,The survey team's theodolite bears serial number,AH87,DQ65,0.423828125,0.8140816688537598,0.9024949073791504,19.980178840458393,18.981466605560854,19.607192720286548
16,1.0,8,0.7273,The harbour pilot's licence shows registration code,JA29,EN40,0.4445972442626953,1.0666909217834473,0.9812188148498535,20.502617145888507,19.062734686769545,18.244598865974694
16,1.0,9,0.8182,The reserve fuel depot is listed at site code,AQ68,EE61,-0.042215824127197266,0.5918722152709961,0.4290752410888672,20.19708777894266,16.957749355467968,16.052286504069343
16,1.0,10,0.9091,The freight siding at Kelder appears on the plan as track,VW47,PS38,-1.6832027435302734,-1.6626529693603516,-1.703488826751709,17.868799415417016,16.752258208114654,16.805376531090587
16,1.0,11,1.0,The medical supply locker was closed with seal number,HK56,NF56,0.5666537284851074,0.8410253524780273,0.8484864234924316,16.993282109382562,16.79127873131074,16.292564743198454
16,2.0,0,0.0,The border checkpoint ledger opens at entry code,MR71,WE44,2.172018051147461,5.008135557174683,5.354830980300903,16.9849245515652,13.626199239864945,12.775211907923222
16,2.0,1,0.0909,The cartography office safe opens with combination,KP39,NP14,-0.27800607681274414,-0.9710602760314941,-1.6437606811523438,16.717170252930373,17.293883292237297,15.22504623606801
16,2.0,2,0.1818,The assay laboratory furnace is a model,QA62,BA35,-0.9833292961120605,-0.16679000854492188,0.1524968147277832,16.409599599894136,12.444913698360324,14.224719114601612
16,2.0,3,0.2727,The diesel storage tank is stencilled vessel number,XY43,PX42,-0.896395206451416,-0.34777307510375977,-1.2212648391723633,18.44146099151112,17.690272162668407,17.844573009759188
16,2.0,4,0.3636,The observatory's spare mirror was ordered as part number,HW38,SN23,-1.25156831741333,-1.1244821548461914,-1.1865129470825195,17.495888825505972,16.701263592694886,16.18148124497384
16,2.0,5,0.4545,Ansel's transit permit was issued as document number,AK48,GD63,0.5551424026489258,0.5857276916503906,0.10182380676269531,19.390345888677984,17.46160186547786,16.67281931359321
16,2.0,6,0.5455,The telegraph repeater hut answers to station code,LX28,WD46,-0.04630565643310547,0.5088696479797363,-0.7276020050048828,16.365382954012603,13.96554671227932,15.985639392398298
16,2.0,7,0.6364,The survey team's theodolite bears serial number,AH87,DQ65,0.423828125,1.6227831840515137,1.9199390411376953,19.980178840458393,17.512663434026763,18.442993937525898
16,2.0,8,0.7273,The harbour pilot's licence shows registration code,JA29,EN40,0.4445972442626953,2.113138198852539,1.8746633529663086,20.502617145888507,20.552878788672388,17.87705689948052
16,2.0,9,0.8182,The reserve fuel depot is listed at site code,AQ68,EE61,-0.042215824127197266,1.3135480880737305,1.8800344467163086,20.19708777894266,17.990831636358052,16.603262507356703
16,2.0,10,0.9091,The freight siding at Kelder appears on the plan as track,VW47,PS38,-1.6832027435302734,-0.9436779022216797,-1.7985148429870605,17.868799415417016,17.581586800748482,18.5257219793275
16,2.0,11,1.0,The medical supply locker was closed with seal number,HK56,NF56,0.5666537284851074,1.9455265998840332,3.4040956497192383,16.993282109382562,15.048288739286363,15.30832883529365
16,3.0,0,0.0,The border checkpoint ledger opens at entry code,MR71,WE44,2.172018051147461,1.974477767944336,4.814589023590088,16.9849245515652,12.950723081827164,15.125760346651077
16,3.0,1,0.0909,The cartography office safe opens with combination,KP39,NP14,-0.27800607681274414,-0.9234905242919922,3.0694522857666016,16.717170252930373,17.43164485692978,16.026499897241592
16,3.0,2,0.1818,The assay laboratory furnace is a model,QA62,BA35,-0.9833292961120605,-1.7960257530212402,-0.40672969818115234,16.409599599894136,14.181000471115112,11.645953297615051
16,3.0,3,0.2727,The diesel storage tank is stencilled vessel number,XY43,PX42,-0.896395206451416,0.7137160301208496,-0.2652926445007324,18.44146099151112,17.61421674489975,17.549477964639664
16,3.0,4,0.3636,The observatory's spare mirror was ordered as part number,HW38,SN23,-1.25156831741333,-3.675658702850342,-6.262773036956787,17.495888825505972,13.39421746134758,13.843750596046448
16,3.0,5,0.4545,Ansel's transit permit was issued as document number,AK48,GD63,0.5551424026489258,-0.1597459316253662,-2.066364288330078,19.390345888677984,16.30751997232437,15.791102647781372
16,3.0,6,0.5455,The telegraph repeater hut answers to station code,LX28,WD46,-0.04630565643310547,1.970017433166504,2.1634302139282227,16.365382954012603,14.90830260142684,14.197369754314423
16,3.0,7,0.6364,The survey team's theodolite bears serial number,AH87,DQ65,0.423828125,2.4841294288635254,-0.23501873016357422,19.980178840458393,18.02839009836316,19.09503073990345
16,3.0,8,0.7273,The harbour pilot's licence shows registration code,JA29,EN40,0.4445972442626953,1.1250109672546387,-0.527956485748291,20.502617145888507,20.550003945827484,17.43911451101303
16,3.0,9,0.8182,The reserve fuel depot is listed at site code,AQ68,EE61,-0.042215824127197266,0.8440775871276855,0.5639801025390625,20.19708777894266,17.92253875359893,13.275817483663559
16,3.0,10,0.9091,The freight siding at Kelder appears on the plan as track,VW47,PS38,-1.6832027435302734,-2.7848334312438965,-6.436413288116455,17.868799415417016,16.665695829316974,18.008101493120193
16,3.0,11,1.0,The medical supply locker was closed with seal number,HK56,NF56,0.5666537284851074,6.588629245758057,6.166062355041504,16.993282109382562,21.067948912270367,19.714994891081005
16,4.0,0,0.0,The border checkpoint ledger opens at entry code,MR71,WE44,2.172018051147461,1.8367414474487305,6.103725910186768,16.9849245515652,15.433867551386356,13.61343538761139
16,4.0,1,0.0909,The cartography office safe opens with combination,KP39,NP14,-0.27800607681274414,-0.19734716415405273,1.373521327972412,16.717170252930373,17.244920440018177,16.344085559248924
16,4.0,2,0.1818,The assay laboratory furnace is a model,QA62,BA35,-0.9833292961120605,-1.6465034484863281,0.30066871643066406,16.409599599894136,13.115262631326914,14.681625597178936
16,4.0,3,0.2727,The diesel storage tank is stencilled vessel number,XY43,PX42,-0.896395206451416,-0.4200119972229004,-2.2239084243774414,18.44146099151112,16.941969826817513,21.051698997616768
16,4.0,4,0.3636,The observatory's spare mirror was ordered as part number,HW38,SN23,-1.25156831741333,-2.8343071937561035,-4.686928987503052,17.495888825505972,10.781885206699371,12.832027584314346
16,4.0,5,0.4545,Ansel's transit permit was issued as document number,AK48,GD63,0.5551424026489258,2.1759390830993652,0.1317157745361328,19.390345888677984,15.707716166973114,14.172748684883118
16,4.0,6,0.5455,The telegraph repeater hut answers to station code,LX28,WD46,-0.04630565643310547,-0.7416548728942871,-1.5923786163330078,16.365382954012603,12.217116549611092,14.751738548278809
16,4.0,7,0.6364,The survey team's theodolite bears serial number,AH87,DQ65,0.423828125,1.2196764945983887,3.6380977630615234,19.980178840458393,18.362721517682076,18.509008653461933
16,4.0,8,0.7273,The harbour pilot's licence shows registration code,JA29,EN40,0.4445972442626953,0.31442689895629883,0.4994807243347168,20.502617145888507,17.418932408094406,14.67659443616867
16,4.0,9,0.8182,The reserve fuel depot is listed at site code,AQ68,EE61,-0.042215824127197266,-0.0906229019165039,0.2542600631713867,20.19708777894266,19.066250931471586,13.775611728429794
16,4.0,10,0.9091,The freight siding at Kelder appears on the plan as track,VW47,PS38,-1.6832027435302734,-3.2124907970428467,-1.8528599739074707,17.868799415417016,16.515828661620617,18.419163905084133
16,4.0,11,1.0,The medical supply locker was closed with seal number,HK56,NF56,0.5666537284851074,4.030111789703369,2.7619752883911133,16.993282109382562,21.756846085423604,21.13261278439313
16,5.0,0,0.0,The border checkpoint ledger opens at entry code,MR71,WE44,2.172018051147461,1.431147575378418,2.193246364593506,16.9849245515652,10.036057770252228,10.58482375741005
16,5.0,1,0.0909,The cartography office safe opens with combination,KP39,NP14,-0.27800607681274414,-3.641328811645508,2.1475019454956055,16.717170252930373,15.969985116273165,15.762583255767822
16,5.0,2,0.1818,The assay laboratory furnace is a model,QA62,BA35,-0.9833292961120605,0.576509952545166,-0.10733413696289062,16.409599599894136,14.235085643827915,11.035138309001923
16,5.0,3,0.2727,The diesel storage tank is stencilled vessel number,XY43,PX42,-0.896395206451416,2.2575197219848633,0.5636782646179199,18.44146099151112,18.85889338888228,21.65466815419495
16,5.0,4,0.3636,The observatory's spare mirror was ordered as part number,HW38,SN23,-1.25156831741333,-0.8115625381469727,-2.4777040481567383,17.495888825505972,11.641755938529968,8.845147877931595
16,5.0,5,0.4545,Ansel's transit permit was issued as document number,AK48,GD63,0.5551424026489258,1.091536045074463,0.6876673698425293,19.390345888677984,17.467644661664963,14.889372706413269
16,5.0,6,0.5455,The telegraph repeater hut answers to station code,LX28,WD46,-0.04630565643310547,0.8570728302001953,-2.727771759033203,16.365382954012603,14.920880915597081,16.922633171081543
16,5.0,7,0.6364,The survey team's theodolite bears serial number,AH87,DQ65,0.423828125,1.0006022453308105,2.4267191886901855,19.980178840458393,17.816846169531345,18.388031095266342
16,5.0,8,0.7273,The harbour pilot's licence shows registration code,JA29,EN40,0.4445972442626953,0.5325517654418945,-0.21582365036010742,20.502617145888507,17.43182062357664,14.81500893831253
16,5.0,9,0.8182,The reserve fuel depot is listed at site code,AQ68,EE61,-0.042215824127197266,2.602229118347168,1.4616570472717285,20.19708777894266,18.32604574598372,16.423735678195953
16,5.0,10,0.9091,The freight siding at Kelder appears on the plan as track,VW47,PS38,-1.6832027435302734,-0.7986841201782227,0.32936668395996094,17.868799415417016,17.140773121267557,18.038624618202448
16,5.0,11,1.0,The medical supply locker was closed with seal number,HK56,NF56,0.5666537284851074,1.8765592575073242,-0.38610076904296875,16.993282109382562,22.738144759787247,22.197340432088822
16,6.0,0,0.0,The border checkpoint ledger opens at entry code,MR71,WE44,2.172018051147461,0.948155403137207,6.418360710144043,16.9849245515652,4.099543571472168,5.334438681602478
16,6.0,1,0.0909,The cartography office safe opens with combination,KP39,NP14,-0.27800607681274414,-1.5478763580322266,0.19557905197143555,16.717170252930373,10.069134712219238,11.978333234786987
16,6.0,2,0.1818,The assay laboratory furnace is a model,QA62,BA35,-0.9833292961120605,-0.9916439056396484,2.012770652770996,16.409599599894136,10.941551879048347,6.248286612331867
16,6.0,3,0.2727,The diesel storage tank is stencilled vessel number,XY43,PX42,-0.896395206451416,0.1632390022277832,-0.09381484985351562,18.44146099151112,17.109464064240456,18.244664745405316
16,6.0,4,0.3636,The observatory's spare mirror was ordered as part number,HW38,SN23,-1.25156831741333,0.10039663314819336,-1.8997752666473389,17.495888825505972,12.85006619989872,7.842268884181976
16,6.0,5,0.4545,Ansel's transit permit was issued as document number,AK48,GD63,0.5551424026489258,3.843350887298584,-1.4609546661376953,19.390345888677984,17.53603208065033,14.384904265403748
16,6.0,6,0.5455,The telegraph repeater hut answers to station code,LX28,WD46,-0.04630565643310547,-0.1635150909423828,-0.8964476585388184,16.365382954012603,14.195995405316353,16.319808922708035
16,6.0,7,0.6364,The survey team's theodolite bears serial number,AH87,DQ65,0.423828125,-0.4094734191894531,-0.14226245880126953,19.980178840458393,15.010546118021011,13.368289351463318
16,6.0,8,0.7273,The harbour pilot's licence shows registration code,JA29,EN40,0.4445972442626953,2.0798258781433105,0.22809696197509766,20.502617145888507,12.693725228309631,17.338966235518456
16,6.0,9,0.8182,The reserve fuel depot is listed at site code,AQ68,EE61,-0.042215824127197266,1.4504404067993164,1.4137639999389648,20.19708777894266,17.973122676834464,17.866014517843723
16,6.0,10,0.9091,The freight siding at Kelder appears on the plan as track,VW47,PS38,-1.6832027435302734,1.677699089050293,0.12782955169677734,17.868799415417016,14.996192786842585,18.555440517142415
16,6.0,11,1.0,The medical supply locker was closed with seal number,HK56,NF56,0.5666537284851074,1.3772482872009277,-1.1462879180908203,16.993282109382562,19.112547893077135,19.21917612478137
16,7.0,0,0.0,The border checkpoint ledger opens at entry code,MR71,WE44,2.172018051147461,2.868605613708496,5.79953670501709,16.9849245515652,0.6634397506713867,0.8733377456665039
16,7.0,1,0.0909,The cartography office safe opens with combination,KP39,NP14,-0.27800607681274414,0.6332268714904785,0.6988306045532227,16.717170252930373,9.1533921957016,10.048456072807312
16,7.0,2,0.1818,The assay laboratory furnace is a model,QA62,BA35,-0.9833292961120605,1.0353913307189941,-0.42180681228637695,16.409599599894136,8.217078357934952,8.322407126426697
16,7.0,3,0.2727,The diesel storage tank is stencilled vessel number,XY43,PX42,-0.896395206451416,1.3834457397460938,-0.23638391494750977,18.44146099151112,16.040230706334114,15.64906345307827
16,7.0,4,0.3636,The observatory's spare mirror was ordered as part number,HW38,SN23,-1.25156831741333,1.0674171447753906,-1.4452099800109863,17.495888825505972,10.249051451683044,10.064649134874344
16,7.0,5,0.4545,Ansel's transit permit was issued as document number,AK48,GD63,0.5551424026489258,3.1017298698425293,0.03727149963378906,19.390345888677984,15.71973729133606,16.737040132284164
16,7.0,6,0.5455,The telegraph repeater hut answers to station code,LX28,WD46,-0.04630565643310547,-1.392866611480713,1.4016671180725098,16.365382954012603,13.341751128435135,14.53756795823574
16,7.0,7,0.6364,The survey team's theodolite bears serial number,AH87,DQ65,0.423828125,-1.5632753372192383,1.3406982421875,19.980178840458393,10.928969502449036,13.84524181485176
16,7.0,8,0.7273,The harbour pilot's licence shows registration code,JA29,EN40,0.4445972442626953,1.576889991760254,2.8392534255981445,20.502617145888507,12.177977919578552,13.41477045416832
16,7.0,9,0.8182,The reserve fuel depot is listed at site code,AQ68,EE61,-0.042215824127197266,1.2559003829956055,1.2327661514282227,20.19708777894266,16.418573305010796,15.98050644993782
16,7.0,10,0.9091,The freight siding at Kelder appears on the plan as track,VW47,PS38,-1.6832027435302734,2.7464699745178223,-0.4607667922973633,17.868799415417016,15.029655255377293,15.696825001388788
16,7.0,11,1.0,The medical supply locker was closed with seal number,HK56,NF56,0.5666537284851074,1.878941535949707,-0.10615825653076172,16.993282109382562,13.416924193501472,14.425644263625145
16,8.0,0,0.0,The border checkpoint ledger opens at entry code,MR71,WE44,2.172018051147461,3.3906335830688477,4.090062141418457,16.9849245515652,1.1214542388916016,1.047670841217041
16,8.0,1,0.0909,The cartography office safe opens with combination,KP39,NP14,-0.27800607681274414,-0.2445354461669922,2.6151604652404785,16.717170252930373,8.428725719451904,10.07345199584961
16,8.0,2,0.1818,The assay laboratory furnace is a model,QA62,BA35,-0.9833292961120605,-0.19923734664916992,1.9674949645996094,16.409599599894136,7.8181469440460205,10.825223982334137
16,8.0,3,0.2727,The diesel storage tank is stencilled vessel number,XY43,PX42,-0.896395206451416,2.8766531944274902,-0.8113923072814941,18.44146099151112,15.625544518232346,9.025813817977905
16,8.0,4,0.3636,The observatory's spare mirror was ordered as part number,HW38,SN23,-1.25156831741333,-0.07200288772583008,-0.457977294921875,17.495888825505972,11.04334382712841,10.134781137108803
16,8.0,5,0.4545,Ansel's transit permit was issued as document number,AK48,GD63,0.5551424026489258,0.9722599983215332,1.7961955070495605,19.390345888677984,16.888491451740265,14.91484272480011
16,8.0,6,0.5455,The telegraph repeater hut answers to station code,LX28,WD46,-0.04630565643310547,-0.6296730041503906,1.5256619453430176,16.365382954012603,13.56093329936266,13.02812996506691
16,8.0,7,0.6364,The survey team's theodolite bears serial number,AH87,DQ65,0.423828125,1.9391369819641113,2.2116575241088867,19.980178840458393,12.009839296340942,15.097849369049072
16,8.0,8,0.7273,The harbour pilot's licence shows registration code,JA29,EN40,0.4445972442626953,1.6915054321289062,2.5815038681030273,20.502617145888507,10.46874749660492,13.914331555366516
16,8.0,9,0.8182,The reserve fuel depot is listed at site code,AQ68,EE61,-0.042215824127197266,1.2875351905822754,1.36885404586792,20.19708777894266,13.881839230656624,14.098597303032875
16,8.0,10,0.9091,The freight siding at Kelder appears on the plan as track,VW47,PS38,-1.6832027435302734,1.4453248977661133,1.6230554580688477,17.868799415417016,15.035671517252922,16.345842480659485
16,8.0,11,1.0,The medical supply locker was closed with seal number,HK56,NF56,0.5666537284851074,0.8665933609008789,0.6366462707519531,16.993282109382562,13.290081948041916,12.88177940249443
17,1.0,0,0.0,The border checkpoint ledger opens at entry code,SP48,TJ83,0.5163955688476562,0.7127161026000977,0.42215728759765625,17.8898313640384,16.314553775824606,16.77587398607284
17,1.0,1,0.0909,The observatory's spare mirror was ordered as part number,MK32,FK16,1.616590976715088,1.0972437858581543,1.4858736991882324,16.40169920504559,15.333479618653655,16.51228815387003
17,1.0,2,0.1818,The hydrographic chart set reached edition,YY79,NR38,-0.9163832664489746,-0.8183908462524414,-0.30578136444091797,18.13281646859832,17.922279306221753,18.80917660216801
17,1.0,3,0.2727,The customs declaration quotes reference code,AH59,TP76,-1.3264241218566895,-0.537604808807373,-0.9127206802368164,16.69174375780858,13.930799051187932,16.0178201663075
17,1.0,4,0.3636,The coastal watchtower is designated post,SL91,RL34,-1.9525227546691895,-2.1828413009643555,-1.8098154067993164,17.667054100660607,19.140370360575616,19.410513338516466
17,1.0,5,0.4545,The meteorological buoy broadcasts on transponder code,ET17,MV13,-0.03518247604370117,0.007162570953369141,-0.2551851272583008,17.207372261909768,16.838257243129192,17.23272164806258
17,1.0,6,0.5455,The sealed crate in the annex is marked with inventory tag,EG29,SP16,-1.034773826599121,-1.0474562644958496,-1.141169548034668,18.102239836473018,17.577399846399203,18.555273587699048
17,1.0,7,0.6364,The glacier survey stake is recorded as marker,TD91,LU31,-0.44261789321899414,-0.16414546966552734,-0.061187744140625,17.954861151985824,19.679084755131043,19.889351702993736
17,1.0,8,0.7273,The radio operator's logbook continues in volume,CK62,TH88,-1.2947206497192383,-0.7207350730895996,-0.7960762977600098,16.131707086227834,15.60606009978801,16.235901857260615
17,1.0,9,0.8182,The assay laboratory furnace is a model,CS70,LM32,-1.5872387886047363,-1.0004923343658447,-1.4505133628845215,19.589898287085816,19.00676182238385,19.466436167247593
17,1.0,10,0.9091,The winter quarters roof panel came from batch,WV28,GK65,1.501722812652588,1.522688388824463,1.4416999816894531,19.609124429756775,18.82550821453333,19.137747236760333
17,1.0,11,1.0,The lighthouse relief roster follows schedule,XP74,MQ85,-1.2946233749389648,-0.2080540657043457,-0.3045024871826172,18.13669602223672,18.25478878163267,17.450807122979313
17,2.0,0,0.0,The border checkpoint ledger opens at entry code,SP48,TJ83,0.5163955688476562,0.8144235610961914,0.7913436889648438,17.8898313640384,18.17602290958166,17.48866785876453
17,2.0,1,0.0909,The observatory's spare mirror was ordered as part number,MK32,FK16,1.616590976715088,0.6091694831848145,0.1473102569580078,16.40169920504559,13.280685802921653,12.036102002020925
17,2.0,2,0.1818,The hydrographic chart set reached edition,YY79,NR38,-0.9163832664489746,-1.1083457469940186,-1.3513145446777344,18.13281646859832,19.842214507749304,16.914229688234627
17,2.0,3,0.2727,The customs declaration quotes reference code,AH59,TP76,-1.3264241218566895,0.5156207084655762,1.1873531341552734,16.69174375780858,15.563397378195077,15.233995702117682
17,2.0,4,0.3636,The coastal watchtower is designated post,SL91,RL34,-1.9525227546691895,-2.4117774963378906,-1.651477336883545,17.667054100660607,19.442165829008445,20.040173678891733
17,2.0,5,0.4545,The meteorological buoy broadcasts on transponder code,ET17,MV13,-0.03518247604370117,0.19731569290161133,-0.24699878692626953,17.207372261909768,14.429259709722828,14.159670790890232
17,2.0,6,0.5455,The sealed crate in the annex is marked with inventory tag,EG29,SP16,-1.034773826599121,-1.3830466270446777,-1.4592719078063965,18.102239836473018,16.547906353138387,16.044594802893698
17,2.0,7,0.6364,The glacier survey stake is recorded as marker,TD91,LU31,-0.44261789321899414,-0.8186945915222168,-1.7859101295471191,17.954861151985824,22.77938390552299,20.09918320144061
17,2.0,8,0.7273,The radio operator's logbook continues in volume,CK62,TH88,-1.2947206497192383,-0.8413500785827637,-0.4397907257080078,16.131707086227834,15.473868842702359,14.311595156323165
17,2.0,9,0.8182,The assay laboratory furnace is a model,CS70,LM32,-1.5872387886047363,-0.4421663284301758,-1.3292741775512695,19.589898287085816,18.10982009023428,18.16377721168101
17,2.0,10,0.9091,The winter quarters roof panel came from batch,WV28,GK65,1.501722812652588,2.832533359527588,2.379798412322998,19.609124429756775,20.04035875503905,17.99865031335503
17,2.0,11,1.0,The lighthouse relief roster follows schedule,XP74,MQ85,-1.2946233749389648,-0.0717320442199707,-1.1698479652404785,18.13669602223672,16.23258681036532,15.039866430684924
17,3.0,0,0.0,The border checkpoint ledger opens at entry code,SP48,TJ83,0.5163955688476562,0.8529253005981445,0.8856992721557617,17.8898313640384,15.552171736955643,12.052056968212128
17,3.0,1,0.0909,The observatory's spare mirror was ordered as part number,MK32,FK16,1.616590976715088,2.6800103187561035,3.0037145614624023,16.40169920504559,16.0467344308272,12.463557340204716
17,3.0,2,0.1818,The hydrographic chart set reached edition,YY79,NR38,-0.9163832664489746,1.324284553527832,-3.671135425567627,18.13281646859832,15.328891783952713,17.208701699972153
17,3.0,3,0.2727,The customs declaration quotes reference code,AH59,TP76,-1.3264241218566895,-2.2378101348876953,1.837315559387207,16.69174375780858,11.677653297781944,14.967490170150995
17,3.0,4,0.3636,The coastal watchtower is designated post,SL91,RL34,-1.9525227546691895,-2.8820109367370605,-4.436350107192993,17.667054100660607,20.153318405151367,17.862141955643892
17,3.0,5,0.4545,The meteorological buoy broadcasts on transponder code,ET17,MV13,-0.03518247604370117,0.46783924102783203,-1.1251177787780762,17.207372261909768,17.78760238783434,18.439721652772278
17,3.0,6,0.5455,The sealed crate in the annex is marked with inventory tag,EG29,SP16,-1.034773826599121,-1.5547208786010742,0.46764278411865234,18.102239836473018,14.3533351495862,13.382649824023247
17,3.0,7,0.6364,The glacier survey stake is recorded as marker,TD91,LU31,-0.44261789321899414,-2.264700412750244,-2.5443787574768066,17.954861151985824,21.84781439625658,19.856655295938253
17,3.0,8,0.7273,The radio operator's logbook continues in volume,CK62,TH88,-1.2947206497192383,-0.26088857650756836,1.2406487464904785,16.131707086227834,17.923334167106077,14.005969453137368
17,3.0,9,0.8182,The assay laboratory furnace is a model,CS70,LM32,-1.5872387886047363,-0.5873208045959473,-2.254840612411499,19.589898287085816,23.89181354129687,22.540962897241116
17,3.0,10,0.9091,The winter quarters roof panel came from batch,WV28,GK65,1.501722812652588,3.17681884765625,4.661766052246094,19.609124429756775,18.240255555137992,16.547790490090847
17,3.0,11,1.0,The lighthouse relief roster follows schedule,XP74,MQ85,-1.2946233749389648,6.6675896644592285,-1.7759490013122559,18.13669602223672,17.0703169927001,16.85730828717351
17,4.0,0,0.0,The border checkpoint ledger opens at entry code,SP48,TJ83,0.5163955688476562,-1.2745394706726074,0.34044933319091797,17.8898313640384,6.489921569824219,10.190626978874207
17,4.0,1,0.0909,The observatory's spare mirror was ordered as part number,MK32,FK16,1.616590976715088,4.86625337600708,2.2130799293518066,16.40169920504559,14.771443385630846,8.899143740534782
17,4.0,2,0.1818,The hydrographic chart set reached edition,YY79,NR38,-0.9163832664489746,-1.0330586433410645,-2.4395570755004883,18.13281646859832,14.029351949691772,14.652104318141937
17,4.0,3,0.2727,The customs declaration quotes reference code,AH59,TP76,-1.3264241218566895,-0.9290127754211426,0.983273983001709,16.69174375780858,10.114435911178589,11.426009818911552
17,4.0,4,0.3636,The coastal watchtower is designated post,SL91,RL34,-1.9525227546691895,-4.066797256469727,-5.311014175415039,17.667054100660607,13.785870298743248,17.09150005877018
17,4.0,5,0.4545,The meteorological buoy broadcasts on transponder code,ET17,MV13,-0.03518247604370117,-0.9222269058227539,-0.4566960334777832,17.207372261909768,16.113183557987213,13.41816732287407
17,4.0,6,0.5455,The sealed crate in the annex is marked with inventory tag,EG29,SP16,-1.034773826599121,0.3080587387084961,-0.6751198768615723,18.102239836473018,13.679463729262352,13.482472270727158
17,4.0,7,0.6364,The glacier survey stake is recorded as marker,TD91,LU31,-0.44261789321899414,-3.4771499633789062,-2.908672332763672,17.954861151985824,19.830843210220337,16.141279563307762
17,4.0,8,0.7273,The radio operator's logbook continues in volume,CK62,TH88,-1.2947206497192383,0.1168208122253418,-2.340078830718994,16.131707086227834,16.10498809814453,13.19144494831562
17,4.0,9,0.8182,The assay laboratory furnace is a model,CS70,LM32,-1.5872387886047363,-4.925632476806641,1.237741470336914,19.589898287085816,19.722848787903786,20.359141629189253
17,4.0,10,0.9091,The winter quarters roof panel came from batch,WV28,GK65,1.501722812652588,5.105334758758545,4.872439861297607,19.609124429756775,17.661613849923015,14.613857567310333
17,4.0,11,1.0,The lighthouse relief roster follows schedule,XP74,MQ85,-1.2946233749389648,3.4403343200683594,-1.7000336647033691,18.13669602223672,19.800471687689424,16.361981377005577
17,5.0,0,0.0,The border checkpoint ledger opens at entry code,SP48,TJ83,0.5163955688476562,1.9744372367858887,2.347930908203125,17.8898313640384,8.077567875385284,5.544344902038574
17,5.0,1,0.0909,The observatory's spare mirror was ordered as part number,MK32,FK16,1.616590976715088,3.0513358116149902,2.6238484382629395,16.40169920504559,11.48550933599472,8.775065958499908
17,5.0,2,0.1818,The hydrographic chart set reached edition,YY79,NR38,-0.9163832664489746,-0.14452028274536133,-4.073489189147949,18.13281646859832,14.20566576719284,16.44542920589447
17,5.0,3,0.2727,The customs declaration quotes reference code,AH59,TP76,-1.3264241218566895,0.11062097549438477,1.8612499237060547,16.69174375780858,7.133123159408569,8.962157964706421
17,5.0,4,0.3636,The coastal watchtower is designated post,SL91,RL34,-1.9525227546691895,-3.6579556465148926,-5.1495959758758545,17.667054100660607,13.452170968055725,13.297075510025024
17,5.0,5,0.4545,The meteorological buoy broadcasts on transponder code,ET17,MV13,-0.03518247604370117,-0.689915657043457,-2.8391847610473633,17.207372261909768,9.8739515542984,8.544741153717041
17,5.0,6,0.5455,The sealed crate in the annex is marked with inventory tag,EG29,SP16,-1.034773826599121,-0.06103992462158203,0.853177547454834,18.102239836473018,11.64761734008789,13.087052941322327
17,5.0,7,0.6364,The glacier survey stake is recorded as marker,TD91,LU31,-0.44261789321899414,-1.1026339530944824,-5.3002028465271,17.954861151985824,15.79093912243843,13.101553082466125
17,5.0,8,0.7273,The radio operator's logbook continues in volume,CK62,TH88,-1.2947206497192383,0.8099184036254883,-1.4904413223266602,16.131707086227834,11.833328992128372,12.920514941215515
17,5.0,9,0.8182,The assay laboratory furnace is a model,CS70,LM32,-1.5872387886047363,-4.744070053100586,0.24804258346557617,19.589898287085816,13.471764326095581,20.27551019564271
17,5.0,10,0.9091,The winter quarters roof panel came from batch,WV28,GK65,1.501722812652588,4.210850238800049,2.827101707458496,19.609124429756775,16.381591960787773,18.6148142516613
17,5.0,11,1.0,The lighthouse relief roster follows schedule,XP74,MQ85,-1.2946233749389648,1.3351054191589355,-1.316908836364746,18.13669602223672,17.8612088188529,17.12464002519846
17,6.0,0,0.0,The border checkpoint ledger opens at entry code,SP48,TJ83,0.5163955688476562,2.6977977752685547,1.9938278198242188,17.8898313640384,4.102851629257202,7.683698892593384
17,6.0,1,0.0909,The observatory's spare mirror was ordered as part number,MK32,FK16,1.616590976715088,2.716844081878662,2.853151321411133,16.40169920504559,3.93423593044281,3.9625097513198853
17,6.0,2,0.1818,The hydrographic chart set reached edition,YY79,NR38,-0.9163832664489746,-2.805715560913086,-0.6558041572570801,18.13281646859832,5.258290767669678,13.98641312122345
17,6.0,3,0.2727,The customs declaration quotes reference code,AH59,TP76,-1.3264241218566895,-0.3076767921447754,-1.604240894317627,16.69174375780858,4.6463799476623535,7.908177375793457
17,6.0,4,0.3636,The coastal watchtower is designated post,SL91,RL34,-1.9525227546691895,-3.550375461578369,-2.337021827697754,17.667054100660607,12.16390836238861,11.91922390460968
17,6.0,5,0.4545,The meteorological buoy broadcasts on transponder code,ET17,MV13,-0.03518247604370117,1.149749755859375,-0.22082090377807617,17.207372261909768,4.129363536834717,9.904497027397156
17,6.0,6,0.5455,The sealed crate in the annex is marked with inventory tag,EG29,SP16,-1.034773826599121,-0.05217456817626953,0.9864425659179688,18.102239836473018,11.801101922988892,12.008667707443237
17,6.0,7,0.6364,The glacier survey stake is recorded as marker,TD91,LU31,-0.44261789321899414,-4.94139289855957,-4.773384094238281,17.954861151985824,12.020100235939026,11.995086073875427
17,6.0,8,0.7273,The radio operator's logbook continues in volume,CK62,TH88,-1.2947206497192383,-1.3684043884277344,-0.3751864433288574,16.131707086227834,10.272163152694702,12.095005452632904
17,6.0,9,0.8182,The assay laboratory furnace is a model,CS70,LM32,-1.5872387886047363,-1.1134519577026367,1.0917377471923828,19.589898287085816,14.667346805334091,16.611208215355873
17,6.0,10,0.9091,The winter quarters roof panel came from batch,WV28,GK65,1.501722812652588,6.975560188293457,2.740248203277588,19.609124429756775,16.381754338741302,17.379007257521152
17,6.0,11,1.0,The lighthouse relief roster follows schedule,XP74,MQ85,-1.2946233749389648,2.8595333099365234,-0.697667121887207,18.13669602223672,17.120149560272694,16.04334209114313
17,7.0,0,0.0,The border checkpoint ledger opens at entry code,SP48,TJ83,0.5163955688476562,1.9414896965026855,1.9738407135009766,17.8898313640384,2.152270793914795,2.577782154083252
17,7.0,1,0.0909,The observatory's spare mirror was ordered as part number,MK32,FK16,1.616590976715088,2.9091410636901855,1.7676987648010254,16.40169920504559,5.587796926498413,5.793751955032349
17,7.0,2,0.1818,The hydrographic chart set reached edition,YY79,NR38,-0.9163832664489746,-2.442929267883301,-1.685403823852539,18.13281646859832,8.887184262275696,8.01745867729187
17,7.0,3,0.2727,The customs declaration quotes reference code,AH59,TP76,-1.3264241218566895,0.21971511840820312,-0.8786993026733398,16.69174375780858,7.7762404680252075,8.094026565551758
17,7.0,4,0.3636,The coastal watchtower is designated post,SL91,RL34,-1.9525227546691895,-3.2365241050720215,-1.9560489654541016,17.667054100660607,12.798251032829285,13.291761040687561
17,7.0,5,0.4545,The meteorological buoy broadcasts on transponder code,ET17,MV13,-0.03518247604370117,1.2044134140014648,-0.7262792587280273,17.207372261909768,6.789659023284912,11.3784019947052
17,7.0,6,0.5455,The sealed crate in the annex is marked with inventory tag,EG29,SP16,-1.034773826599121,-0.28986024856567383,0.9660654067993164,18.102239836473018,9.446229457855225,12.495218217372894
17,7.0,7,0.6364,The glacier survey stake is recorded as marker,TD91,LU31,-0.44261789321899414,-2.894815444946289,-2.346452236175537,17.954861151985824,10.310259699821472,16.149694204330444
17,7.0,8,0.7273,The radio operator's logbook continues in volume,CK62,TH88,-1.2947206497192383,-2.0779738426208496,0.42233896255493164,16.131707086227834,11.139652907848358,12.897645980119705
17,7.0,9,0.8182,The assay laboratory furnace is a model,CS70,LM32,-1.5872387886047363,-0.8634552955627441,-0.14049911499023438,19.589898287085816,14.16472578048706,16.356199845671654
17,7.0,10,0.9091,The winter quarters roof panel came from batch,WV28,GK65,1.501722812652588,7.349593162536621,3.6013078689575195,19.609124429756775,11.613775610923767,18.496335834264755
17,7.0,11,1.0,The lighthouse relief roster follows schedule,XP74,MQ85,-1.2946233749389648,1.4450078010559082,-0.5349917411804199,18.13669602223672,16.32880038022995,15.29877157509327
17,8.0,0,0.0,The border checkpoint ledger opens at entry code,SP48,TJ83,0.5163955688476562,2.0358476638793945,2.58413028717041,17.8898313640384,2.488982677459717,5.427699565887451
17,8.0,1,0.0909,The observatory's spare mirror was ordered as part number,MK32,FK16,1.616590976715088,2.7884092330932617,-0.15828609466552734,16.40169920504559,-0.3970193862915039,9.684653967618942
17,8.0,2,0.1818,The hydrographic chart set reached edition,YY79,NR38,-0.9163832664489746,-0.41312742233276367,-5.159932374954224,18.13281646859832,-0.49574947357177734,10.083946704864502
17,8.0,3,0.2727,The customs declaration quotes reference code,AH59,TP76,-1.3264241218566895,0.9723310470581055,4.0383477210998535,16.69174375780858,3.3640384674072266,10.389505326747894
17,8.0,4,0.3636,The coastal watchtower is designated post,SL91,RL34,-1.9525227546691895,-1.0781497955322266,-3.4894332885742188,17.667054100660607,8.918044924736023,11.287784934043884
17,8.0,5,0.4545,The meteorological buoy broadcasts on transponder code,ET17,MV13,-0.03518247604370117,1.1100645065307617,-3.008162021636963,17.207372261909768,3.648375630378723,9.766557276248932
17,8.0,6,0.5455,The sealed crate in the annex is marked with inventory tag,EG29,SP16,-1.034773826599121,0.7375211715698242,-0.3091297149658203,18.102239836473018,6.576402187347412,13.258775293827057
17,8.0,7,0.6364,The glacier survey stake is recorded as marker,TD91,LU31,-0.44261789321899414,-3.038261890411377,-3.9817991256713867,17.954861151985824,9.847795248031616,14.085982710123062
17,8.0,8,0.7273,The radio operator's logbook continues in volume,CK62,TH88,-1.2947206497192383,-0.5335650444030762,-0.3624715805053711,16.131707086227834,7.731914222240448,14.212897032499313
17,8.0,9,0.8182,The assay laboratory furnace is a model,CS70,LM32,-1.5872387886047363,0.25241565704345703,-0.8414492607116699,19.589898287085816,12.61493980884552,19.996465638279915
17,8.0,10,0.9091,The winter quarters roof panel came from batch,WV28,GK65,1.501722812652588,5.504834175109863,3.908266544342041,19.609124429756775,13.473429799079895,18.189984649419785
17,8.0,11,1.0,The lighthouse relief roster follows schedule,XP74,MQ85,-1.2946233749389648,-0.36811304092407227,-3.0156807899475098,18.13669602223672,13.900694668293,14.754370227456093
18,1.0,0,0.0,The radio operator's logbook continues in volume,FD94,VT70,1.6336565017700195,0.12093496322631836,-0.04732847213745117,14.926778726745397,18.190334548940882,15.721618324052542
18,1.0,1,0.0909,The coastal watchtower is designated post,GR90,PE38,1.2506561279296875,0.8578152656555176,0.5575156211853027,18.767338025849313,17.34199438430369,18.940903829410672
18,1.0,2,0.1818,The telegraph repeater hut answers to station code,RF71,FF57,1.9413657188415527,3.8611464500427246,3.966799736022949,19.231923640938476,16.94728167913854,17.041231932118535
18,1.0,3,0.2727,The hydrographic chart set reached edition,DL76,RB21,0.1755819320678711,0.5251445770263672,1.0228171348571777,16.482401159009896,15.700603497214615,15.800787390209734
18,1.0,4,0.3636,The seismograph at Ridge Camp reports as instrument,FH35,MT32,-0.6496238708496094,-1.7583656311035156,-1.7315139770507812,14.631182120880112,11.610890897922218,11.061395658180118
18,1.0,5,0.4545,The shipment of core samples travelled under consignment code,SG96,SE37,-0.09868621826171875,1.2929267883300781,1.3090405464172363,13.338982154382393,13.097214643843472,12.340598644688725
18,1.0,6,0.5455,The signal lamp housing takes fitting code,RG48,JC30,1.8433876037597656,1.9724626541137695,1.30922269821167,14.450418374268338,18.738702706526965,16.391955085098743
18,1.0,7,0.6364,The reserve fuel depot is listed at site code,JA53,UM18,0.8581242561340332,1.5998587608337402,1.3022832870483398,15.590269789332524,18.346696827793494,17.76671979157254
18,1.0,8,0.7273,The lighthouse relief roster follows schedule,NH61,ML21,-1.1254286766052246,0.4983806610107422,0.8022341728210449,15.21357475174591,16.261803157627583,15.8697291854769
18,1.0,9,0.8182,The eastern pumping station runs on circuit label,TM85,ZF60,0.17516088485717773,2.929436683654785,2.7353768348693848,14.658368576318026,18.783756480552256,17.6268769223243
18,1.0,10,0.9091,The observatory's spare mirror was ordered as part number,US44,YA44,-0.3182868957519531,0.8640780448913574,1.2371702194213867,17.262792689027265,20.575231025344692,19.087483327602968
18,1.0,11,1.0,The border checkpoint ledger opens at entry code,JV48,JC37,-1.1433334350585938,-0.47505760192871094,-0.7609796524047852,16.47253913572058,16.630373714491725,16.052612715866417
18,2.0,0,0.0,The radio operator's logbook continues in volume,FD94,VT70,1.6336565017700195,-0.4071540832519531,-1.3219919204711914,14.926778726745397,17.559699283912778,15.033847596496344
18,2.0,1,0.0909,The coastal watchtower is designated post,GR90,PE38,1.2506561279296875,4.314033269882202,1.7222139835357666,18.767338025849313,15.766987159848213,17.343951120972633
18,2.0,2,0.1818,The telegraph repeater hut answers to station code,RF71,FF57,1.9413657188415527,5.676295518875122,3.8705968856811523,19.231923640938476,19.08004278317094,16.091795317828655
18,2.0,3,0.2727,The hydrographic chart set reached edition,DL76,RB21,0.1755819320678711,0.06975078582763672,-0.44669198989868164,16.482401159009896,14.894358105957508,15.01841028034687
18,2.0,4,0.3636,The seismograph at Ridge Camp reports as instrument,FH35,MT32,-0.6496238708496094,-3.362741470336914,-2.5860848426818848,14.631182120880112,11.866182643920183,10.509902939200401
18,2.0,5,0.4545,The shipment of core samples travelled under consignment code,SG96,SE37,-0.09868621826171875,1.1305301189422607,1.0568366050720215,13.338982154382393,12.837497798725963,10.517680630087852
18,2.0,6,0.5455,The signal lamp housing takes fitting code,RG48,JC30,1.8433876037597656,1.0755157470703125,1.9616913795471191,14.450418374268338,14.469752246513963,14.966059705242515
18,2.0,7,0.6364,The reserve fuel depot is listed at site code,JA53,UM18,0.8581242561340332,3.2977399826049805,1.4154624938964844,15.590269789332524,17.962772006634623,17.187226477544755
18,2.0,8,0.7273,The lighthouse relief roster follows schedule,NH61,ML21,-1.1254286766052246,0.8850412368774414,1.6569228172302246,15.21357475174591,17.170760633423924,17.48716089501977
18,2.0,9,0.8182,The eastern pumping station runs on circuit label,TM85,ZF60,0.17516088485717773,3.280304431915283,3.0161232948303223,14.658368576318026,18.078667564317584,17.123108118772507
18,2.0,10,0.9091,The observatory's spare mirror was ordered as part number,US44,YA44,-0.3182868957519531,1.6053438186645508,1.3084826469421387,17.262792689027265,21.39045944949612,18.698806401807815
18,2.0,11,1.0,The border checkpoint ledger opens at entry code,JV48,JC37,-1.1433334350585938,-1.7270441055297852,-1.4098734855651855,16.47253913572058,15.01391532830894,15.023649161681533
18,3.0,0,0.0,The radio operator's logbook continues in volume,FD94,VT70,1.6336565017700195,-6.054624080657959,-5.068617820739746,14.926778726745397,16.30050538480282,11.092881567776203
18,3.0,1,0.0909,The coastal watchtower is designated post,GR90,PE38,1.2506561279296875,10.133241653442383,8.536576271057129,18.767338025849313,15.189531326293945,20.590280681848526
18,3.0,2,0.1818,The telegraph repeater hut answers to station code,RF71,FF57,1.9413657188415527,6.062113046646118,6.326646327972412,19.231923640938476,17.709417648613453,20.195120591670275
18,3.0,3,0.2727,The hydrographic chart set reached edition,DL76,RB21,0.1755819320678711,-1.4100046157836914,0.18678760528564453,16.482401159009896,19.631771832704544,21.919084783643484
18,3.0,4,0.3636,The seismograph at Ridge Camp reports as instrument,FH35,MT32,-0.6496238708496094,-3.3247036933898926,-1.5241312980651855,14.631182120880112,9.531850755214691,11.960254266858101
18,3.0,5,0.4545,The shipment of core samples travelled under consignment code,SG96,SE37,-0.09868621826171875,0.7323360443115234,4.447147846221924,13.338982154382393,11.719957381486893,12.271583791822195
18,3.0,6,0.5455,The signal lamp housing takes fitting code,RG48,JC30,1.8433876037597656,-1.7678313255310059,-1.1133885383605957,14.450418374268338,15.406568214297295,17.461112678050995
18,3.0,7,0.6364,The reserve fuel depot is listed at site code,JA53,UM18,0.8581242561340332,1.3641281127929688,1.1576547622680664,15.590269789332524,17.918009534478188,19.56042586453259
18,3.0,8,0.7273,The lighthouse relief roster follows schedule,NH61,ML21,-1.1254286766052246,0.6935024261474609,2.4610190391540527,15.21357475174591,15.897687450051308,16.71940179169178
18,3.0,9,0.8182,The eastern pumping station runs on circuit label,TM85,ZF60,0.17516088485717773,7.063450336456299,4.354240894317627,14.658368576318026,18.91192553937435,17.01564732193947
18,3.0,10,0.9091,The observatory's spare mirror was ordered as part number,US44,YA44,-0.3182868957519531,3.4696779251098633,3.953869342803955,17.262792689027265,22.186634017154574,20.365348960272968
18,3.0,11,1.0,The border checkpoint ledger opens at entry code,JV48,JC37,-1.1433334350585938,-2.979114532470703,-2.546658754348755,16.47253913572058,17.33465704577975,17.97034793184139
18,4.0,0,0.0,The radio operator's logbook continues in volume,FD94,VT70,1.6336565017700195,-4.772288799285889,-5.243506908416748,14.926778726745397,15.609109953045845,12.581241250038147
18,4.0,1,0.0909,The coastal watchtower is designated post,GR90,PE38,1.2506561279296875,10.13009923696518,9.675637543201447,18.767338025849313,12.292804300785065,15.844713732600212
18,4.0,2,0.1818,The telegraph repeater hut answers to station code,RF71,FF57,1.9413657188415527,4.580885410308838,4.547661781311035,19.231923640938476,14.140268445014954,14.95857834815979
18,4.0,3,0.2727,The hydrographic chart set reached edition,DL76,RB21,0.1755819320678711,-2.2001495361328125,-0.6817331314086914,16.482401159009896,13.801163911819458,14.557641983032227
18,4.0,4,0.3636,The seismograph at Ridge Camp reports as instrument,FH35,MT32,-0.6496238708496094,-3.5910444259643555,-0.8363442420959473,14.631182120880112,8.191197454929352,9.7825345993042
18,4.0,5,0.4545,The shipment of core samples travelled under consignment code,SG96,SE37,-0.09868621826171875,1.596977710723877,1.3532423973083496,13.338982154382393,9.76755690574646,11.42909562587738
18,4.0,6,0.5455,The signal lamp housing takes fitting code,RG48,JC30,1.8433876037597656,-3.8813443183898926,-0.8116874694824219,14.450418374268338,13.961834490299225,16.981361269950867
18,4.0,7,0.6364,The reserve fuel depot is listed at site code,JA53,UM18,0.8581242561340332,2.377657890319824,0.020531654357910156,15.590269789332524,17.21291947364807,17.87512240000069
18,4.0,8,0.7273,The lighthouse relief roster follows schedule,NH61,ML21,-1.1254286766052246,0.5477304458618164,0.9360542297363281,15.21357475174591,12.277325868606567,14.550584524869919
18,4.0,9,0.8182,The eastern pumping station runs on circuit label,TM85,ZF60,0.17516088485717773,5.846546173095703,4.550915718078613,14.658368576318026,17.922387823462486,18.128456741571426
18,4.0,10,0.9091,The observatory's spare mirror was ordered as part number,US44,YA44,-0.3182868957519531,4.587951183319092,3.338304042816162,17.262792689027265,21.691150836646557,19.519750975072384
18,4.0,11,1.0,The border checkpoint ledger opens at entry code,JV48,JC37,-1.1433334350585938,-3.543442964553833,-1.9493908882141113,16.47253913572058,18.49920537881553,17.785328762605786
18,5.0,0,0.0,The radio operator's logbook continues in volume,FD94,VT70,1.6336565017700195,-5.03523063659668,-4.916295051574707,14.926778726745397,14.863966464996338,12.044172704219818
18,5.0,1,0.0909,The coastal watchtower is designated post,GR90,PE38,1.2506561279296875,9.896519005298615,8.031721353530884,18.767338025849313,9.815343856811523,14.87990516424179
18,5.0,2,0.1818,The telegraph repeater hut answers to station code,RF71,FF57,1.9413657188415527,4.693683624267578,5.493893146514893,19.231923640938476,13.292213678359985,16.49081090092659
18,5.0,3,0.2727,The hydrographic chart set reached edition,DL76,RB21,0.1755819320678711,-2.219294548034668,-0.31422948837280273,16.482401159009896,11.9881911277771,12.675158739089966
18,5.0,4,0.3636,The seismograph at Ridge Camp reports as instrument,FH35,MT32,-0.6496238708496094,-4.856268405914307,-2.9531664848327637,14.631182120880112,8.397916674613953,8.413343966007233
18,5.0,5,0.4545,The shipment of core samples travelled under consignment code,SG96,SE37,-0.09868621826171875,1.9112024307250977,2.329181671142578,13.338982154382393,11.885185062885284,11.715351819992065
18,5.0,6,0.5455,The signal lamp housing takes fitting code,RG48,JC30,1.8433876037597656,-4.462074279785156,0.2405552864074707,14.450418374268338,15.729399025440216,15.917774617671967
18,5.0,7,0.6364,The reserve fuel depot is listed at site code,JA53,UM18,0.8581242561340332,0.6371922492980957,-0.28472471237182617,15.590269789332524,14.998503237962723,13.568216294050217
18,5.0,8,0.7273,The lighthouse relief roster follows schedule,NH61,ML21,-1.1254286766052246,-0.9477195739746094,-0.43332386016845703,15.21357475174591,13.922000765800476,15.43272978067398
18,5.0,9,0.8182,The eastern pumping station runs on circuit label,TM85,ZF60,0.17516088485717773,6.247617244720459,6.175538539886475,14.658368576318026,15.42614471912384,16.988167997449636
18,5.0,10,0.9091,The observatory's spare mirror was ordered as part number,US44,YA44,-0.3182868957519531,6.254207611083984,5.007110118865967,17.262792689027265,19.44435678422451,19.32037665322423
18,5.0,11,1.0,The border checkpoint ledger opens at entry code,JV48,JC37,-1.1433334350585938,-5.632603645324707,-3.3533191680908203,16.47253913572058,18.181129217147827,16.656637102365494
18,6.0,0,0.0,The radio operator's logbook continues in volume,FD94,VT70,1.6336565017700195,-3.3958687782287598,-4.081072807312012,14.926778726745397,7.843343019485474,7.61353600025177
18,6.0,1,0.0909,The coastal watchtower is designated post,GR90,PE38,1.2506561279296875,8.738502860069275,6.779943287372589,18.767338025849313,9.559381008148193,12.207330346107483
18,6.0,2,0.1818,The telegraph repeater hut answers to station code,RF71,FF57,1.9413657188415527,5.630959510803223,5.50278377532959,19.231923640938476,12.714671611785889,14.009186804294586
18,6.0,3,0.2727,The hydrographic chart set reached edition,DL76,RB21,0.1755819320678711,-2.860037326812744,-1.6884303092956543,16.482401159009896,10.875190496444702,9.17693829536438
18,6.0,4,0.3636,The seismograph at Ridge Camp reports as instrument,FH35,MT32,-0.6496238708496094,-3.416067123413086,-3.900190830230713,14.631182120880112,7.570186257362366,4.515084981918335
18,6.0,5,0.4545,The shipment of core samples travelled under consignment code,SG96,SE37,-0.09868621826171875,1.6853485107421875,1.2882652282714844,13.338982154382393,10.050297021865845,10.341646492481232
18,6.0,6,0.5455,The signal lamp housing takes fitting code,RG48,JC30,1.8433876037597656,-1.8203554153442383,-0.07068920135498047,14.450418374268338,13.288235425949097,14.0307115316391
18,6.0,7,0.6364,The reserve fuel depot is listed at site code,JA53,UM18,0.8581242561340332,-0.8149814605712891,-0.012252330780029297,15.590269789332524,11.64566683769226,13.833210214972496
18,6.0,8,0.7273,The lighthouse relief roster follows schedule,NH61,ML21,-1.1254286766052246,-0.5104336738586426,-1.0138874053955078,15.21357475174591,11.230573654174805,13.667928516864777
18,6.0,9,0.8182,The eastern pumping station runs on circuit label,TM85,ZF60,0.17516088485717773,4.242214202880859,4.03400993347168,14.658368576318026,15.528435498476028,17.83182557299733
18,6.0,10,0.9091,The observatory's spare mirror was ordered as part number,US44,YA44,-0.3182868957519531,5.599735736846924,4.722753047943115,17.262792689027265,17.611891694366932,18.39953138679266
18,6.0,11,1.0,The border checkpoint ledger opens at entry code,JV48,JC37,-1.1433334350585938,-5.670561790466309,-4.562107086181641,16.47253913572058,15.721158981323242,14.792734131217003
18,7.0,0,0.0,The radio operator's logbook continues in volume,FD94,VT70,1.6336565017700195,-3.3338050842285156,-2.111539840698242,14.926778726745397,2.965756416320801,3.0962343215942383
18,7.0,1,0.0909,The coastal watchtower is designated post,GR90,PE38,1.2506561279296875,7.386029303073883,4.749962091445923,18.767338025849313,2.99129581451416,8.499584913253784
18,7.0,2,0.1818,The telegraph repeater hut answers to station code,RF71,FF57,1.9413657188415527,4.987060070037842,4.606124401092529,19.231923640938476,11.971654057502747,13.44337248802185
18,7.0,3,0.2727,The hydrographic chart set reached edition,DL76,RB21,0.1755819320678711,-3.9093689918518066,-0.8462896347045898,16.482401159009896,8.260326862335205,9.923752784729004
18,7.0,4,0.3636,The seismograph at Ridge Camp reports as instrument,FH35,MT32,-0.6496238708496094,-4.417054176330566,-3.012937545776367,14.631182120880112,8.722581028938293,7.372764348983765
18,7.0,5,0.4545,The shipment of core samples travelled under consignment code,SG96,SE37,-0.09868621826171875,2.380615711212158,0.1742100715637207,13.338982154382393,8.721580386161804,10.067476153373718
18,7.0,6,0.5455,The signal lamp housing takes fitting code,RG48,JC30,1.8433876037597656,-1.7823295593261719,0.7457842826843262,14.450418374268338,12.088641047477722,13.43579763174057
18,7.0,7,0.6364,The reserve fuel depot is listed at site code,JA53,UM18,0.8581242561340332,-0.7797589302062988,-0.6330771446228027,15.590269789332524,10.742057025432587,11.022250920534134
18,7.0,8,0.7273,The lighthouse relief roster follows schedule,NH61,ML21,-1.1254286766052246,-0.8009071350097656,-2.1549248695373535,15.21357475174591,9.41782021522522,11.725309908390045
18,7.0,9,0.8182,The eastern pumping station runs on circuit label,TM85,ZF60,0.17516088485717773,3.2066564559936523,3.616547107696533,14.658368576318026,15.42829766869545,15.028831765055656
18,7.0,10,0.9091,The observatory's spare mirror was ordered as part number,US44,YA44,-0.3182868957519531,5.730197906494141,5.705423355102539,17.262792689027265,15.386267587542534,16.091308414936066
18,7.0,11,1.0,The border checkpoint ledger opens at entry code,JV48,JC37,-1.1433334350585938,-6.798048496246338,-4.397418975830078,16.47253913572058,13.804955676198006,12.191367208957672
18,8.0,0,0.0,The radio operator's logbook continues in volume,FD94,VT70,1.6336565017700195,-2.8319625854492188,-1.2356185913085938,14.926778726745397,1.1074132919311523,3.9374728202819824
18,8.0,1,0.0909,The coastal watchtower is designated post,GR90,PE38,1.2506561279296875,6.490105152130127,4.238678812980652,18.767338025849313,5.217194557189941,1.473719596862793
18,8.0,2,0.1818,The telegraph repeater hut answers to station code,RF71,FF57,1.9413657188415527,5.433658838272095,3.39662504196167,19.231923640938476,9.47706425189972,12.229407787322998
18,8.0,3,0.2727,The hydrographic chart set reached edition,DL76,RB21,0.1755819320678711,-2.126173973083496,1.2506351470947266,16.482401159009896,6.22719407081604,10.490648031234741
18,8.0,4,0.3636,The seismograph at Ridge Camp reports as instrument,FH35,MT32,-0.6496238708496094,-3.477959632873535,-1.561903953552246,14.631182120880112,6.763382911682129,6.812817811965942
18,8.0,5,0.4545,The shipment of core samples travelled under consignment code,SG96,SE37,-0.09868621826171875,1.938178539276123,0.022552967071533203,13.338982154382393,6.336536288261414,9.499581575393677
18,8.0,6,0.5455,The signal lamp housing takes fitting code,RG48,JC30,1.8433876037597656,-0.40769100189208984,-1.0805048942565918,14.450418374268338,9.432170271873474,12.536344289779663
18,8.0,7,0.6364,The reserve fuel depot is listed at site code,JA53,UM18,0.8581242561340332,-2.692408561706543,-0.9452395439147949,15.590269789332524,10.59644365310669,9.5117928981781
18,8.0,8,0.7273,The lighthouse relief roster follows schedule,NH61,ML21,-1.1254286766052246,-1.106806755065918,-0.6969537734985352,15.21357475174591,7.31968891620636,8.017393589019775
18,8.0,9,0.8182,The eastern pumping station runs on circuit label,TM85,ZF60,0.17516088485717773,3.1559700965881348,3.1289358139038086,14.658368576318026,13.863572776317596,14.546219497919083
18,8.0,10,0.9091,The observatory's spare mirror was ordered as part number,US44,YA44,-0.3182868957519531,4.347194194793701,4.870395660400391,17.262792689027265,14.801928013563156,14.564077109098434
18,8.0,11,1.0,The border checkpoint ledger opens at entry code,JV48,JC37,-1.1433334350585938,-5.259768486022949,-4.694696426391602,16.47253913572058,12.62921530008316,11.439980834722519
19,1.0,0,0.0,The signal lamp housing takes fitting code,XB76,TU55,0.4005155563354492,-0.4488062858581543,0.34332847595214844,16.060970527934842,15.373648589476943,15.628534263465554
19,1.0,1,0.0909,The customs declaration quotes reference code,DS35,SL17,0.35363292694091797,1.5816459655761719,1.6781659126281738,18.722714931354858,18.67530141910538,18.388338889926672
19,1.0,2,0.1818,The assay laboratory furnace is a model,NM77,AJ93,0.2895030975341797,-0.43435144424438477,-0.34644269943237305,16.98743684706278,15.663794323801994,15.922072047367692
19,1.0,3,0.2727,The medical supply locker was closed with seal number,JP51,GC35,0.44965362548828125,2.7428455352783203,2.578097343444824,17.064472984871827,15.73750558309257,16.51001174747944
19,1.0,4,0.3636,The salvage tender was registered with hull number,JD51,KS69,-0.3740997314453125,-0.18981361389160156,-0.4726226329803467,17.805234997998923,18.575196309015155,18.586061041802168
19,1.0,5,0.4545,The shipment of core samples travelled under consignment code,VG19,SE51,-1.1601738929748535,-3.1670584678649902,-2.49415922164917,14.23512972635217,13.071421932429075,13.499496726319194
19,1.0,6,0.5455,The cartography office safe opens with combination,GD79,SJ81,0.2795267105102539,-0.14306354522705078,0.027729034423828125,19.16803554922808,20.37793240067549,20.857423867098987
19,1.0,7,0.6364,The sealed crate in the annex is marked with inventory tag,DP12,SK92,-0.9545354843139648,-1.8064608573913574,-2.2478256225585938,16.743299392284825,18.463352577527985,18.287574413232505
19,1.0,8,0.7273,Ansel's transit permit was issued as document number,DU64,SU64,0.012423992156982422,-0.2919778823852539,-0.15381288528442383,15.406272643245757,18.48506852798164,18.550928269978613
19,1.0,9,0.8182,The hydrographic chart set reached edition,FW62,RB38,1.8302583694458008,0.5605611801147461,0.16261720657348633,18.267367417225614,17.956423725001514,17.402972075156868
19,1.0,10,0.9091,The glacier survey stake is recorded as marker,HT83,EB68,-1.221804141998291,-2.406628131866455,-1.8661930561065674,17.946007235208526,17.627837659791112,17.498511164914817
19,1.0,11,1.0,The winter quarters roof panel came from batch,NG27,DS85,-0.9202256202697754,-1.739227294921875,-2.748091697692871,15.899375333450735,16.70628918381408,15.48550716880709
19,2.0,0,0.0,The signal lamp housing takes fitting code,XB76,TU55,0.4005155563354492,-0.5481925010681152,0.2777099609375,16.060970527934842,11.110885173082352,13.831664863973856
19,2.0,1,0.0909,The customs declaration quotes reference code,DS35,SL17,0.35363292694091797,2.6575217247009277,3.1502413749694824,18.722714931354858,14.51104636490345,14.942992839962244
19,2.0,2,0.1818,The assay laboratory furnace is a model,NM77,AJ93,0.2895030975341797,-0.7747864723205566,0.1929187774658203,16.98743684706278,12.695181749761105,13.802462924271822
19,2.0,3,0.2727,The medical supply locker was closed with seal number,JP51,GC35,0.44965362548828125,3.2637240886688232,2.758883237838745,17.064472984871827,14.173071280121803,12.904291033744812
19,2.0,4,0.3636,The salvage tender was registered with hull number,JD51,KS69,-0.3740997314453125,0.1905512809753418,-0.1771259307861328,17.805234997998923,18.190823532640934,16.701281242072582
19,2.0,5,0.4545,The shipment of core samples travelled under consignment code,VG19,SE51,-1.1601738929748535,-3.1554877758026123,-2.7068793773651123,14.23512972635217,12.912476869300008,12.653769545257092
19,2.0,6,0.5455,The cartography office safe opens with combination,GD79,SJ81,0.2795267105102539,-0.08051729202270508,-0.4562416076660156,19.16803554922808,14.853182654827833,16.190217547118664
19,2.0,7,0.6364,The sealed crate in the annex is marked with inventory tag,DP12,SK92,-0.9545354843139648,-1.6852192878723145,-2.1470232009887695,16.743299392284825,15.773999206721783,15.749821994453669
19,2.0,8,0.7273,Ansel's transit permit was issued as document number,DU64,SU64,0.012423992156982422,0.09160232543945312,-0.14304542541503906,15.406272643245757,15.971797379665077,17.890510546043515
19,2.0,9,0.8182,The hydrographic chart set reached edition,FW62,RB38,1.8302583694458008,1.0544934272766113,0.1981339454650879,18.267367417225614,15.672465085983276,15.700619772076607
19,2.0,10,0.9091,The glacier survey stake is recorded as marker,HT83,EB68,-1.221804141998291,-1.4572458267211914,-1.7560758590698242,17.946007235208526,14.669915579259396,16.55075018387288
19,2.0,11,1.0,The winter quarters roof panel came from batch,NG27,DS85,-0.9202256202697754,-1.2019391059875488,-2.802950382232666,15.899375333450735,14.690537385642529,13.581866778433323
19,3.0,0,0.0,The signal lamp housing takes fitting code,XB76,TU55,0.4005155563354492,-1.531064510345459,2.491182804107666,16.060970527934842,9.368435978889465,8.419136643409729
19,3.0,1,0.0909,The customs declaration quotes reference code,DS35,SL17,0.35363292694091797,2.033377170562744,2.083383083343506,18.722714931354858,18.551840525120497,14.239879131317139
19,3.0,2,0.1818,The assay laboratory furnace is a model,NM77,AJ93,0.2895030975341797,0.010460853576660156,-0.65814208984375,16.98743684706278,13.760292142629623,10.345279455184937
19,3.0,3,0.2727,The medical supply locker was closed with seal number,JP51,GC35,0.44965362548828125,3.7591042518615723,4.953335762023926,17.064472984871827,14.042889207601547,6.590834200382233
19,3.0,4,0.3636,The salvage tender was registered with hull number,JD51,KS69,-0.3740997314453125,-1.4734859466552734,-0.6501100063323975,17.805234997998923,21.131337746977806,19.91300767660141
19,3.0,5,0.4545,The shipment of core samples travelled under consignment code,VG19,SE51,-1.1601738929748535,1.6624035835266113,-2.254762649536133,14.23512972635217,14.889816336333752,16.27574527449906
19,3.0,6,0.5455,The cartography office safe opens with combination,GD79,SJ81,0.2795267105102539,-0.2600677013397217,-1.0697145462036133,19.16803554922808,18.85741750895977,16.965001091361046
19,3.0,7,0.6364,The sealed crate in the annex is marked with inventory tag,DP12,SK92,-0.9545354843139648,1.8905344009399414,0.3411521911621094,16.743299392284825,16.050407126545906,15.470412731170654
19,3.0,8,0.7273,Ansel's transit permit was issued as document number,DU64,SU64,0.012423992156982422,0.9433860778808594,-1.0634098052978516,15.406272643245757,17.138316225260496,17.005291420966387
19,3.0,9,0.8182,The hydrographic chart set reached edition,FW62,RB38,1.8302583694458008,0.041063785552978516,-1.7985129356384277,18.267367417225614,19.79186361283064,18.152281749993563
19,3.0,10,0.9091,The glacier survey stake is recorded as marker,HT83,EB68,-1.221804141998291,0.2777442932128906,-1.0131776332855225,17.946007235208526,15.167827671393752,13.287546660751104
19,3.0,11,1.0,The winter quarters roof panel came from batch,NG27,DS85,-0.9202256202697754,3.6766834259033203,-1.6722040176391602,15.899375333450735,15.270980363711715,13.502235680818558
19,4.0,0,0.0,The signal lamp housing takes fitting code,XB76,TU55,0.4005155563354492,5.2928924560546875e-05,5.282996654510498,16.060970527934842,-7.1313676834106445,8.613547563552856
19,4.0,1,0.0909,The customs declaration quotes reference code,DS35,SL17,0.35363292694091797,0.33971452713012695,3.8162479400634766,18.722714931354858,13.30591332912445,15.970562309026718
19,4.0,2,0.1818,The assay laboratory furnace is a model,NM77,AJ93,0.2895030975341797,-4.552250623703003,0.8055911064147949,16.98743684706278,12.42162835597992,9.071484804153442
19,4.0,3,0.2727,The medical supply locker was closed with seal number,JP51,GC35,0.44965362548828125,1.0233359336853027,1.051760196685791,17.064472984871827,12.206811606884003,12.426492221653461
19,4.0,4,0.3636,The salvage tender was registered with hull number,JD51,KS69,-0.3740997314453125,-0.3850722312927246,-2.7751288414001465,17.805234997998923,18.001791656017303,16.818848431110382
19,4.0,5,0.4545,The shipment of core samples travelled under consignment code,VG19,SE51,-1.1601738929748535,2.80271577835083,1.6387338638305664,14.23512972635217,11.38840465247631,11.338970892131329
19,4.0,6,0.5455,The cartography office safe opens with combination,GD79,SJ81,0.2795267105102539,1.2621355056762695,1.5124397277832031,19.16803554922808,14.140548884868622,15.961397409439087
19,4.0,7,0.6364,The sealed crate in the annex is marked with inventory tag,DP12,SK92,-0.9545354843139648,0.7055511474609375,-1.7960729598999023,16.743299392284825,17.97420807182789,18.711301669478416
19,4.0,8,0.7273,Ansel's transit permit was issued as document number,DU64,SU64,0.012423992156982422,1.2753801345825195,-2.2617616653442383,15.406272643245757,15.127237565815449,17.640822753310204
19,4.0,9,0.8182,The hydrographic chart set reached edition,FW62,RB38,1.8302583694458008,0.7403397560119629,3.152137279510498,18.267367417225614,15.899757660925388,17.502263620495796
19,4.0,10,0.9091,The glacier survey stake is recorded as marker,HT83,EB68,-1.221804141998291,-0.8502769470214844,-2.056135654449463,17.946007235208526,14.117168486118317,14.707249831408262
19,4.0,11,1.0,The winter quarters roof panel came from batch,NG27,DS85,-0.9202256202697754,7.267048120498657,-0.8198981285095215,15.899375333450735,13.828722320497036,13.891163084656
19,5.0,0,0.0,The signal lamp housing takes fitting code,XB76,TU55,0.4005155563354492,-0.3962841033935547,1.042872428894043,16.060970527934842,-3.2052533626556396,0.33384501934051514
19,5.0,1,0.0909,The customs declaration quotes reference code,DS35,SL17,0.35363292694091797,0.9368319511413574,4.08293342590332,18.722714931354858,8.43735957145691,15.309376001358032
19,5.0,2,0.1818,The assay laboratory furnace is a model,NM77,AJ93,0.2895030975341797,-0.5613210201263428,1.0079050064086914,16.98743684706278,12.947420597076416,9.317744135856628
19,5.0,3,0.2727,The medical supply locker was closed with seal number,JP51,GC35,0.44965362548828125,0.5185556411743164,4.683789253234863,17.064472984871827,9.043769836425781,8.08894395828247
19,5.0,4,0.3636,The salvage tender was registered with hull number,JD51,KS69,-0.3740997314453125,-4.923500299453735,-2.130164861679077,17.805234997998923,16.934284523129463,15.483072400093079
19,5.0,5,0.4545,The shipment of core samples travelled under consignment code,VG19,SE51,-1.1601738929748535,3.790123462677002,0.08286762237548828,14.23512972635217,11.498957306146622,13.079866632819176
19,5.0,6,0.5455,The cartography office safe opens with combination,GD79,SJ81,0.2795267105102539,0.6737871170043945,-0.4472084045410156,19.16803554922808,14.34304141998291,13.080919742584229
19,5.0,7,0.6364,The sealed crate in the annex is marked with inventory tag,DP12,SK92,-0.9545354843139648,1.1758651733398438,0.487274169921875,16.743299392284825,18.03854514658451,16.174875244498253
19,5.0,8,0.7273,Ansel's transit permit was issued as document number,DU64,SU64,0.012423992156982422,-0.6815853118896484,0.3443136215209961,15.406272643245757,13.953873723745346,13.14018090069294
19,5.0,9,0.8182,The hydrographic chart set reached edition,FW62,RB38,1.8302583694458008,3.002289295196533,2.943060874938965,18.267367417225614,16.36166560649872,15.447975501418114
19,5.0,10,0.9091,The glacier survey stake is recorded as marker,HT83,EB68,-1.221804141998291,-0.982480525970459,-3.1844840049743652,17.946007235208526,11.826360285282135,11.942805796861649
19,5.0,11,1.0,The winter quarters roof panel came from batch,NG27,DS85,-0.9202256202697754,4.651457786560059,-1.0291266441345215,15.899375333450735,12.36704906821251,11.990269802510738
19,6.0,0,0.0,The signal lamp housing takes fitting code,XB76,TU55,0.4005155563354492,-0.7153396606445312,2.432784080505371,16.060970527934842,-2.9973864555358887,0.754288911819458
19,6.0,1,0.0909,The customs declaration quotes reference code,DS35,SL17,0.35363292694091797,0.1537933349609375,3.359470844268799,18.722714931354858,2.8936073780059814,7.258929014205933
19,6.0,2,0.1818,The assay laboratory furnace is a model,NM77,AJ93,0.2895030975341797,-1.244145393371582,-1.2868709564208984,16.98743684706278,3.9202051162719727,3.862743377685547
19,6.0,3,0.2727,The medical supply locker was closed with seal number,JP51,GC35,0.44965362548828125,3.8760337829589844,3.55645751953125,17.064472984871827,2.970630407333374,7.982198238372803
19,6.0,4,0.3636,The salvage tender was registered with hull number,JD51,KS69,-0.3740997314453125,0.1217031478881836,1.691833734512329,17.805234997998923,8.527218103408813,11.636032104492188
19,6.0,5,0.4545,The shipment of core samples travelled under consignment code,VG19,SE51,-1.1601738929748535,2.750190258026123,0.5537948608398438,14.23512972635217,8.297119140625,9.496121883392334
19,6.0,6,0.5455,The cartography office safe opens with combination,GD79,SJ81,0.2795267105102539,-1.200798511505127,-1.9646787643432617,19.16803554922808,12.532762587070465,10.809697389602661
19,6.0,7,0.6364,The sealed crate in the annex is marked with inventory tag,DP12,SK92,-0.9545354843139648,-0.03371095657348633,-0.018064498901367188,16.743299392284825,14.745098888874054,14.64739203453064
19,6.0,8,0.7273,Ansel's transit permit was issued as document number,DU64,SU64,0.012423992156982422,-0.8817501068115234,-0.8199896812438965,15.406272643245757,10.51877737045288,11.641980022192001
19,6.0,9,0.8182,The hydrographic chart set reached edition,FW62,RB38,1.8302583694458008,0.70758056640625,1.324239730834961,18.267367417225614,12.994270592927933,12.252442330121994
19,6.0,10,0.9091,The glacier survey stake is recorded as marker,HT83,EB68,-1.221804141998291,-3.186166286468506,-1.866666316986084,17.946007235208526,11.096128225326538,9.085901379585266
19,6.0,11,1.0,The winter quarters roof panel came from batch,NG27,DS85,-0.9202256202697754,4.291004657745361,0.10727453231811523,15.899375333450735,9.611025929450989,8.702186167240143
19,7.0,0,0.0,The signal lamp housing takes fitting code,XB76,TU55,0.4005155563354492,-1.2314090728759766,0.027585506439208984,16.060970527934842,-3.1421542167663574,-0.6517677307128906
19,7.0,1,0.0909,The customs declaration quotes reference code,DS35,SL17,0.35363292694091797,2.5177226066589355,2.296834945678711,18.722714931354858,1.2430672645568848,1.0679316520690918
19,7.0,2,0.1818,The assay laboratory furnace is a model,NM77,AJ93,0.2895030975341797,-0.9882898330688477,1.2136836051940918,16.98743684706278,4.936260938644409,4.331727504730225
19,7.0,3,0.2727,The medical supply locker was closed with seal number,JP51,GC35,0.44965362548828125,6.013071060180664,5.017544746398926,17.064472984871827,3.2980215549468994,3.166461944580078
19,7.0,4,0.3636,The salvage tender was registered with hull number,JD51,KS69,-0.3740997314453125,2.428527355194092,1.293579339981079,17.805234997998923,6.130320072174072,12.517849028110504
19,7.0,5,0.4545,The shipment of core samples travelled under consignment code,VG19,SE51,-1.1601738929748535,-0.007780551910400391,0.5265202522277832,14.23512972635217,8.7384113073349,10.10567718744278
19,7.0,6,0.5455,The cartography office safe opens with combination,GD79,SJ81,0.2795267105102539,-2.6125855445861816,-1.7833142280578613,19.16803554922808,8.595688223838806,9.424688577651978
19,7.0,7,0.6364,The sealed crate in the annex is marked with inventory tag,DP12,SK92,-0.9545354843139648,-0.8464374542236328,0.6655917167663574,16.743299392284825,10.717105150222778,14.671842515468597
19,7.0,8,0.7273,Ansel's transit permit was issued as document number,DU64,SU64,0.012423992156982422,-0.33621644973754883,-0.31716442108154297,15.406272643245757,4.484084606170654,10.0319282412529
19,7.0,9,0.8182,The hydrographic chart set reached edition,FW62,RB38,1.8302583694458008,-2.67402982711792,1.495988368988037,18.267367417225614,10.024723052978516,12.591251373291016
19,7.0,10,0.9091,The glacier survey stake is recorded as marker,HT83,EB68,-1.221804141998291,-2.8933026790618896,-4.223376274108887,17.946007235208526,10.44115561246872,9.543792724609375
19,7.0,11,1.0,The winter quarters roof panel came from batch,NG27,DS85,-0.9202256202697754,0.6246066093444824,-0.17169666290283203,15.899375333450735,8.16469669342041,9.317201673984528
19,8.0,0,0.0,The signal lamp housing takes fitting code,XB76,TU55,0.4005155563354492,-1.0082173347473145,0.5099959373474121,16.060970527934842,-2.415846824645996,-0.19554948806762695
19,8.0,1,0.0909,The customs declaration quotes reference code,DS35,SL17,0.35363292694091797,2.903076171875,2.1670265197753906,18.722714931354858,2.5127158164978027,-0.1361689567565918
19,8.0,2,0.1818,The assay laboratory furnace is a model,NM77,AJ93,0.2895030975341797,-0.2768549919128418,-0.7452964782714844,16.98743684706278,2.995805263519287,0.477419376373291
19,8.0,3,0.2727,The medical supply locker was closed with seal number,JP51,GC35,0.44965362548828125,3.342334270477295,4.18757963180542,17.064472984871827,2.683150053024292,1.1392345428466797
19,8.0,4,0.3636,The salvage tender was registered with hull number,JD51,KS69,-0.3740997314453125,0.668724536895752,2.360945224761963,17.805234997998923,6.407791614532471,9.678263485431671
19,8.0,5,0.4545,The shipment of core samples travelled under consignment code,VG19,SE51,-1.1601738929748535,0.24038314819335938,1.411191463470459,14.23512972635217,6.880281448364258,10.262295216321945
19,8.0,6,0.5455,The cartography office safe opens with combination,GD79,SJ81,0.2795267105102539,-1.1512680053710938,-1.5227503776550293,19.16803554922808,10.120909333229065,9.828898787498474
19,8.0,7,0.6364,The sealed crate in the annex is marked with inventory tag,DP12,SK92,-0.9545354843139648,0.348480224609375,0.5611705780029297,16.743299392284825,8.805819034576416,10.534301519393921
19,8.0,8,0.7273,Ansel's transit permit was issued as document number,DU64,SU64,0.012423992156982422,0.4564814567565918,0.09842300415039062,15.406272643245757,5.668757915496826,12.285188555717468
19,8.0,9,0.8182,The hydrographic chart set reached edition,FW62,RB38,1.8302583694458008,-0.321197509765625,1.8875746726989746,18.267367417225614,8.578597903251648,13.450349032878876
19,8.0,10,0.9091,The glacier survey stake is recorded as marker,HT83,EB68,-1.221804141998291,-1.843313217163086,-1.6548409461975098,17.946007235208526,7.3670265674591064,9.101465106010437
19,8.0,11,1.0,The winter quarters roof panel came from batch,NG27,DS85,-0.9202256202697754,0.331906795501709,-0.054630279541015625,15.899375333450735,7.113477945327759,8.186005711555481
20,1.0,0,0.0,The eastern pumping station runs on circuit label,ZX29,KE81,-0.5577893257141113,-1.22426176071167,-1.3177671432495117,18.932888413080946,18.42799217812717,16.997974585276097
20,1.0,1,0.0909,The signal lamp housing takes fitting code,DL83,NE92,0.9708142280578613,0.4734463691711426,0.6207313537597656,14.27976905927062,15.315151335671544,15.151110608130693
20,1.0,2,0.1818,The cartography office safe opens with combination,FA62,CQ72,-0.15015316009521484,1.1457395553588867,1.1296958923339844,17.49444287735969,16.531177423894405,18.92281530611217
20,1.0,3,0.2727,The shipment of core samples travelled under consignment code,PC23,AF34,-0.3246927261352539,-0.22808170318603516,-0.2464461326599121,15.616081706248224,12.2659373707138,14.693456856999546
20,1.0,4,0.3636,The lighthouse relief roster follows schedule,EL70,WK61,0.04227590560913086,0.07197093963623047,1.6303339004516602,18.367613776237704,19.02126188809052,20.323212271323428
20,1.0,5,0.4545,The hydrographic chart set reached edition,GG50,DK36,-2.723294734954834,-0.04651165008544922,-0.3110184669494629,16.658687937189825,19.017071861424483,20.01277623977512
20,1.0,6,0.5455,The winter supply manifest lists lot number,WX52,MV48,1.1160268783569336,1.9154820442199707,2.083712577819824,19.81733347917907,23.074645456508733,21.972211201064056
20,1.0,7,0.6364,The meteorological buoy broadcasts on transponder code,LP21,EX22,0.11208009719848633,0.4978489875793457,0.23132848739624023,17.107326436322182,17.894786994205788,17.947929069865495
20,1.0,8,0.7273,The telegraph repeater hut answers to station code,WS72,AJ17,0.8491215705871582,1.9183287620544434,1.9803719520568848,15.604335846146569,21.72903306002263,22.18090662494069
20,1.0,9,0.8182,The auxiliary generator was tagged asset number,NC36,NM46,-0.4507274627685547,-0.5374183654785156,-0.899019718170166,19.28521142352838,20.295005822496023,19.64764758205274
20,1.0,10,0.9091,The archive microfilm reel is filed under shelf mark,GD20,CU70,0.1821422576904297,0.5054676532745361,1.0427818298339844,16.636193960905075,19.39017192774918,19.928638882294763
20,1.0,11,1.0,The ice core drilling rig was delivered as unit,KK98,GA99,-1.215364933013916,-0.9864177703857422,-0.5865497589111328,19.631659815553576,18.867969940649346,19.52865708223544
20,2.0,0,0.0,The eastern pumping station runs on circuit label,ZX29,KE81,-0.5577893257141113,-2.6074233055114746,-2.9369382858276367,18.932888413080946,17.12791590951383,18.847469358704984
20,2.0,1,0.0909,The signal lamp housing takes fitting code,DL83,NE92,0.9708142280578613,1.3659944534301758,1.6056857109069824,14.27976905927062,15.710695201531053,14.352455178275704
20,2.0,2,0.1818,The cartography office safe opens with combination,FA62,CQ72,-0.15015316009521484,2.674558639526367,3.965536594390869,17.49444287735969,14.676301266998053,17.314175239764154
20,2.0,3,0.2727,The shipment of core samples travelled under consignment code,PC23,AF34,-0.3246927261352539,0.3915586471557617,-0.025205135345458984,15.616081706248224,11.925719033926725,13.10478279273957
20,2.0,4,0.3636,The lighthouse relief roster follows schedule,EL70,WK61,0.04227590560913086,-0.020541667938232422,0.45746326446533203,18.367613776237704,15.283538160845637,19.135154295014217
20,2.0,5,0.4545,The hydrographic chart set reached edition,GG50,DK36,-2.723294734954834,-0.6682333946228027,-1.4339747428894043,16.658687937189825,16.125110280234367,18.2654452084098
20,2.0,6,0.5455,The winter supply manifest lists lot number,WX52,MV48,1.1160268783569336,2.207392692565918,3.3524117469787598,19.81733347917907,22.170951682026498,20.739573052618653
20,2.0,7,0.6364,The meteorological buoy broadcasts on transponder code,LP21,EX22,0.11208009719848633,1.555455207824707,1.811546802520752,17.107326436322182,15.331594116985798,17.024434443563223
20,2.0,8,0.7273,The telegraph repeater hut answers to station code,WS72,AJ17,0.8491215705871582,3.188737392425537,3.126711845397949,15.604335846146569,21.998724258039147,23.104243812034838
20,2.0,9,0.8182,The auxiliary generator was tagged asset number,NC36,NM46,-0.4507274627685547,-1.1760554313659668,-0.5700998306274414,19.28521142352838,16.564478748012334,18.652109698858112
20,2.0,10,0.9091,The archive microfilm reel is filed under shelf mark,GD20,CU70,0.1821422576904297,1.466017723083496,3.6758129596710205,16.636193960905075,17.554931684862822,19.967414870974608
20,2.0,11,1.0,The ice core drilling rig was delivered as unit,KK98,GA99,-1.215364933013916,0.45711565017700195,1.4982295036315918,19.631659815553576,14.816133461892605,14.30490245949477
20,3.0,0,0.0,The eastern pumping station runs on circuit label,ZX29,KE81,-0.5577893257141113,-1.8360767364501953,-3.436429023742676,18.932888413080946,19.896790485829115,17.114423349499702
20,3.0,1,0.0909,The signal lamp housing takes fitting code,DL83,NE92,0.9708142280578613,-0.30483341217041016,1.2633247375488281,14.27976905927062,18.28226764500141,15.948001580312848
20,3.0,2,0.1818,The cartography office safe opens with combination,FA62,CQ72,-0.15015316009521484,3.308993339538574,0.489530086517334,17.49444287735969,16.387322962284088,16.07272817194462
20,3.0,3,0.2727,The shipment of core samples travelled under consignment code,PC23,AF34,-0.3246927261352539,2.6449875831604004,3.4584484100341797,15.616081706248224,14.486651375889778,19.74764457717538
20,3.0,4,0.3636,The lighthouse relief roster follows schedule,EL70,WK61,0.04227590560913086,-1.5008573532104492,-3.4627137184143066,18.367613776237704,19.408832795917988,17.32833582162857
20,3.0,5,0.4545,The hydrographic chart set reached edition,GG50,DK36,-2.723294734954834,-1.244715690612793,-1.5465779304504395,16.658687937189825,14.621750458609313,16.47137343417853
20,3.0,6,0.5455,The winter supply manifest lists lot number,WX52,MV48,1.1160268783569336,3.2175731658935547,4.647891998291016,19.81733347917907,23.81121932528913,24.577454586979
20,3.0,7,0.6364,The meteorological buoy broadcasts on transponder code,LP21,EX22,0.11208009719848633,1.7056522369384766,3.043360710144043,17.107326436322182,18.20791286882013,19.14183829817921
20,3.0,8,0.7273,The telegraph repeater hut answers to station code,WS72,AJ17,0.8491215705871582,3.3590445518493652,4.124413013458252,15.604335846146569,25.655840926105157,24.666722774971277
20,3.0,9,0.8182,The auxiliary generator was tagged asset number,NC36,NM46,-0.4507274627685547,-0.30608320236206055,0.2960700988769531,19.28521142352838,22.04777561640367,21.461443910375237
20,3.0,10,0.9091,The archive microfilm reel is filed under shelf mark,GD20,CU70,0.1821422576904297,-1.9866344928741455,0.8235265016555786,16.636193960905075,24.04401558591053,24.53865114785731
20,3.0,11,1.0,The ice core drilling rig was delivered as unit,KK98,GA99,-1.215364933013916,8.915330648422241,3.730360984802246,19.631659815553576,18.3277191426605,14.807940154336393
20,4.0,0,0.0,The eastern pumping station runs on circuit label,ZX29,KE81,-0.5577893257141113,-3.9130616188049316,-3.0687999725341797,18.932888413080946,12.326873064041138,10.855618923902512
20,4.0,1,0.0909,The signal lamp housing takes fitting code,DL83,NE92,0.9708142280578613,-2.958749294281006,0.09134674072265625,14.27976905927062,17.124834343791008,13.771493941545486
20,4.0,2,0.1818,The cartography office safe opens with combination,FA62,CQ72,-0.15015316009521484,1.8686919212341309,2.1043591499328613,17.49444287735969,16.978325217962265,14.685135930776596
20,4.0,3,0.2727,The shipment of core samples travelled under consignment code,PC23,AF34,-0.3246927261352539,2.4573659896850586,3.4295802116394043,15.616081706248224,13.297804027795792,15.400402665138245
20,4.0,4,0.3636,The lighthouse relief roster follows schedule,EL70,WK61,0.04227590560913086,-1.9309725761413574,0.17033815383911133,18.367613776237704,16.835902616381645,17.0918472930789
20,4.0,5,0.4545,The hydrographic chart set reached edition,GG50,DK36,-2.723294734954834,-2.430100679397583,-2.6530890464782715,16.658687937189825,13.424744945019484,12.20762437582016
20,4.0,6,0.5455,The winter supply manifest lists lot number,WX52,MV48,1.1160268783569336,2.4990286827087402,2.729360580444336,19.81733347917907,20.953432405367494,18.7076433673501
20,4.0,7,0.6364,The meteorological buoy broadcasts on transponder code,LP21,EX22,0.11208009719848633,2.231631278991699,3.9176082611083984,17.107326436322182,17.176981445401907,16.266940757632256
20,4.0,8,0.7273,The telegraph repeater hut answers to station code,WS72,AJ17,0.8491215705871582,2.8852758407592773,4.524382591247559,15.604335846146569,21.001948662102222,20.42695601657033
20,4.0,9,0.8182,The auxiliary generator was tagged asset number,NC36,NM46,-0.4507274627685547,0.06566619873046875,0.9017558097839355,19.28521142352838,20.74611359834671,19.04444344341755
20,4.0,10,0.9091,The archive microfilm reel is filed under shelf mark,GD20,CU70,0.1821422576904297,2.0912784337997437,1.5530346632003784,16.636193960905075,21.236676171422005,21.751041505485773
20,4.0,11,1.0,The ice core drilling rig was delivered as unit,KK98,GA99,-1.215364933013916,9.021216630935669,2.634474277496338,19.631659815553576,14.913685221225023,15.083534475415945
20,5.0,0,0.0,The eastern pumping station runs on circuit label,ZX29,KE81,-0.5577893257141113,-3.5651965141296387,-3.0554885864257812,18.932888413080946,5.844489097595215,4.516061782836914
20,5.0,1,0.0909,The signal lamp housing takes fitting code,DL83,NE92,0.9708142280578613,-1.2297677993774414,-2.070124626159668,14.27976905927062,15.818933814764023,10.861290335655212
20,5.0,2,0.1818,The cartography office safe opens with combination,FA62,CQ72,-0.15015316009521484,4.562241554260254,3.8219447135925293,17.49444287735969,15.310679584741592,15.726315796375275
20,5.0,3,0.2727,The shipment of core samples travelled under consignment code,PC23,AF34,-0.3246927261352539,1.0952038764953613,3.005889415740967,15.616081706248224,11.33566403388977,14.187478989362717
20,5.0,4,0.3636,The lighthouse relief roster follows schedule,EL70,WK61,0.04227590560913086,-2.6173224449157715,-0.8464155197143555,18.367613776237704,15.1433225274086,14.753197729587555
20,5.0,5,0.4545,The hydrographic chart set reached edition,GG50,DK36,-2.723294734954834,-1.1276085376739502,-0.8986048698425293,16.658687937189825,12.373635977506638,13.11056412011385
20,5.0,6,0.5455,The winter supply manifest lists lot number,WX52,MV48,1.1160268783569336,-0.0830984115600586,0.07536649703979492,19.81733347917907,18.397065818309784,19.52026727050543
20,5.0,7,0.6364,The meteorological buoy broadcasts on transponder code,LP21,EX22,0.11208009719848633,1.7590413093566895,2.5164480209350586,17.107326436322182,17.51723700761795,18.444365054368973
20,5.0,8,0.7273,The telegraph repeater hut answers to station code,WS72,AJ17,0.8491215705871582,2.6622753143310547,5.116194248199463,15.604335846146569,19.475792840123177,22.06274439767003
20,5.0,9,0.8182,The auxiliary generator was tagged asset number,NC36,NM46,-0.4507274627685547,-1.3368382453918457,0.2894935607910156,19.28521142352838,20.605319999158382,19.19883680343628
20,5.0,10,0.9091,The archive microfilm reel is filed under shelf mark,GD20,CU70,0.1821422576904297,-0.11260533332824707,0.2341470718383789,16.636193960905075,17.225685000419617,20.951139453798532
20,5.0,11,1.0,The ice core drilling rig was delivered as unit,KK98,GA99,-1.215364933013916,10.088180303573608,1.5545544624328613,19.631659815553576,14.648875402286649,19.41856688633561
20,6.0,0,0.0,The eastern pumping station runs on circuit label,ZX29,KE81,-0.5577893257141113,-4.353781223297119,-3.14149808883667,18.932888413080946,6.199044227600098,1.8798556327819824
20,6.0,1,0.0909,The signal lamp housing takes fitting code,DL83,NE92,0.9708142280578613,1.0953960418701172,-0.9856300354003906,14.27976905927062,11.16196858882904,6.39732027053833
20,6.0,2,0.1818,The cartography office safe opens with combination,FA62,CQ72,-0.15015316009521484,5.06016206741333,2.2106146812438965,17.49444287735969,11.401319533586502,16.66760742664337
20,6.0,3,0.2727,The shipment of core samples travelled under consignment code,PC23,AF34,-0.3246927261352539,0.12968969345092773,1.5658998489379883,15.616081706248224,8.44641101360321,15.437309324741364
20,6.0,4,0.3636,The lighthouse relief roster follows schedule,EL70,WK61,0.04227590560913086,-0.4260878562927246,-2.3327207565307617,18.367613776237704,12.331963539123535,8.010611295700073
20,6.0,5,0.4545,The hydrographic chart set reached edition,GG50,DK36,-2.723294734954834,-1.818272590637207,-0.255098819732666,16.658687937189825,11.419238179922104,12.285654678940773
20,6.0,6,0.5455,The winter supply manifest lists lot number,WX52,MV48,1.1160268783569336,-1.4351587295532227,0.27066946029663086,19.81733347917907,11.77530163526535,17.548081375658512
20,6.0,7,0.6364,The meteorological buoy broadcasts on transponder code,LP21,EX22,0.11208009719848633,1.4991121292114258,1.3981575965881348,17.107326436322182,16.36543481051922,15.97536937892437
20,6.0,8,0.7273,The telegraph repeater hut answers to station code,WS72,AJ17,0.8491215705871582,1.875868797302246,4.472302436828613,15.604335846146569,14.806957557797432,18.99268789589405
20,6.0,9,0.8182,The auxiliary generator was tagged asset number,NC36,NM46,-0.4507274627685547,1.2277498245239258,0.6626238822937012,19.28521142352838,18.50393083691597,18.614833742380142
20,6.0,10,0.9091,The archive microfilm reel is filed under shelf mark,GD20,CU70,0.1821422576904297,2.1124868392944336,-1.09161376953125,16.636193960905075,14.484237432479858,19.586420446634293
20,6.0,11,1.0,The ice core drilling rig was delivered as unit,KK98,GA99,-1.215364933013916,7.676082134246826,1.7090954780578613,19.631659815553576,11.95528312586248,19.994299594312906
20,7.0,0,0.0,The eastern pumping station runs on circuit label,ZX29,KE81,-0.5577893257141113,-4.324939727783203,-0.7011170387268066,18.932888413080946,2.692244529724121,0.08681154251098633
20,7.0,1,0.0909,The signal lamp housing takes fitting code,DL83,NE92,0.9708142280578613,1.660987377166748,1.9794645309448242,14.27976905927062,8.291173458099365,3.6157784461975098
20,7.0,2,0.1818,The cartography office safe opens with combination,FA62,CQ72,-0.15015316009521484,5.86738395690918,3.0193114280700684,17.49444287735969,13.032935917377472,12.335426807403564
20,7.0,3,0.2727,The shipment of core samples travelled under consignment code,PC23,AF34,-0.3246927261352539,-0.36640024185180664,0.5641131401062012,15.616081706248224,4.894413590431213,5.46574854850769
20,7.0,4,0.3636,The lighthouse relief roster follows schedule,EL70,WK61,0.04227590560913086,1.8322839736938477,-0.31551504135131836,18.367613776237704,13.371819853782654,7.5262556076049805
20,7.0,5,0.4545,The hydrographic chart set reached edition,GG50,DK36,-2.723294734954834,-2.1127967834472656,-0.1508631706237793,16.658687937189825,10.101010203361511,11.222399592399597
20,7.0,6,0.5455,The winter supply manifest lists lot number,WX52,MV48,1.1160268783569336,-0.5845947265625,0.4518399238586426,19.81733347917907,15.980517439544201,14.386633098125458
20,7.0,7,0.6364,The meteorological buoy broadcasts on transponder code,LP21,EX22,0.11208009719848633,1.7865214347839355,0.7989096641540527,17.107326436322182,16.774986743927002,14.362393334507942
20,7.0,8,0.7273,The telegraph repeater hut answers to station code,WS72,AJ17,0.8491215705871582,3.966843605041504,5.486757755279541,15.604335846146569,16.815340653061867,16.145777344703674
20,7.0,9,0.8182,The auxiliary generator was tagged asset number,NC36,NM46,-0.4507274627685547,-1.2811288833618164,-0.4079265594482422,19.28521142352838,17.16793903708458,16.123759865760803
20,7.0,10,0.9091,The archive microfilm reel is filed under shelf mark,GD20,CU70,0.1821422576904297,-0.48595428466796875,-0.34552431106567383,16.636193960905075,16.00191330909729,16.924318075180054
20,7.0,11,1.0,The ice core drilling rig was delivered as unit,KK98,GA99,-1.215364933013916,5.568121433258057,2.898320198059082,19.631659815553576,15.179430034011602,19.482025280594826
20,8.0,0,0.0,The eastern pumping station runs on circuit label,ZX29,KE81,-0.5577893257141113,-3.8475046157836914,-0.4482884407043457,18.932888413080946,3.3300905227661133,2.4507970809936523
20,8.0,1,0.0909,The signal lamp housing takes fitting code,DL83,NE92,0.9708142280578613,3.7183895111083984,4.252468109130859,14.27976905927062,6.2830610275268555,0.16393804550170898
20,8.0,2,0.1818,The cartography office safe opens with combination,FA62,CQ72,-0.15015316009521484,4.368077754974365,3.448601722717285,17.49444287735969,5.884014129638672,7.143795490264893
20,8.0,3,0.2727,The shipment of core samples travelled under consignment code,PC23,AF34,-0.3246927261352539,-1.218151569366455,0.6203808784484863,15.616081706248224,4.270671486854553,9.342093020677567
20,8.0,4,0.3636,The lighthouse relief roster follows schedule,EL70,WK61,0.04227590560913086,-0.07233190536499023,-2.2779831886291504,18.367613776237704,11.750235557556152,3.5388917922973633
20,8.0,5,0.4545,The hydrographic chart set reached edition,GG50,DK36,-2.723294734954834,-4.185672283172607,-3.0278172492980957,16.658687937189825,8.297156393527985,9.448416948318481
20,8.0,6,0.5455,The winter supply manifest lists lot number,WX52,MV48,1.1160268783569336,-0.24987220764160156,0.7780470848083496,19.81733347917907,13.504016995429993,13.848425775766373
20,8.0,7,0.6364,The meteorological buoy broadcasts on transponder code,LP21,EX22,0.11208009719848633,2.60235595703125,1.7568955421447754,17.107326436322182,15.554208099842072,14.658502876758575
20,8.0,8,0.7273,The telegraph repeater hut answers to station code,WS72,AJ17,0.8491215705871582,3.2182865142822266,3.5227088928222656,15.604335846146569,14.247308850288391,14.68388557434082
20,8.0,9,0.8182,The auxiliary generator was tagged asset number,NC36,NM46,-0.4507274627685547,-0.2904806137084961,0.7007946968078613,19.28521142352838,16.400818049907684,13.417703628540039
20,8.0,10,0.9091,The archive microfilm reel is filed under shelf mark,GD20,CU70,0.1821422576904297,1.3289475440979004,0.8703374862670898,16.636193960905075,15.785902082920074,15.440051913261414
20,8.0,11,1.0,The ice core drilling rig was delivered as unit,KK98,GA99,-1.215364933013916,4.8105387687683105,1.8242902755737305,19.631659815553576,12.183712124824524,16.025128185749054
21,1.0,0,0.0,Feld's field notebook carries catalogue reference,FP98,PF85,1.9298014640808105,1.050034523010254,1.334005355834961,19.019142439588904,17.92699310556054,16.323939826339483
21,1.0,1,0.0909,The northern relay station operates under callsign,PW46,AM72,-2.519869804382324,-1.4484343528747559,-1.4730887413024902,16.690409720642492,15.645080957561731,15.65034111123532
21,1.0,2,0.1818,Ansel's transit permit was issued as document number,RG70,SN95,-0.019655704498291016,0.5380873680114746,-0.14937734603881836,18.519938907586038,18.5053981646779,16.057863109977916
21,1.0,3,0.2727,The hydrographic chart set reached edition,SF74,HH30,-1.5755324363708496,-0.12944650650024414,-0.21157455444335938,19.070115531096235,19.438716645585373,17.442764348816127
21,1.0,4,0.3636,The survey team's theodolite bears serial number,SH10,TC66,-1.9017729759216309,-2.0466017723083496,-1.9683470726013184,17.10403219948057,16.504842570750043,15.185978760477155
21,1.0,5,0.4545,The expedition's spare sledge carries equipment tag,AM84,BK16,0.5668988227844238,0.6851282119750977,0.9359164237976074,17.501658389577642,17.981111962581053,16.76336512947455
21,1.0,6,0.5455,The freight siding at Kelder appears on the plan as track,PC28,BP41,-1.4314608573913574,-0.9030742645263672,-0.5341734886169434,18.591780341928825,19.90881463274127,18.699141429911833
21,1.0,7,0.6364,The shipment of core samples travelled under consignment code,HH98,FN18,-0.3868699073791504,0.963712215423584,1.155383586883545,19.843399094766937,19.312937392183812,19.002491949591786
21,1.0,8,0.7273,The observatory's spare mirror was ordered as part number,BP62,LW28,0.9724826812744141,0.19114303588867188,0.43477535247802734,22.559348562033847,24.137652287143283,24.324368092929944
21,1.0,9,0.8182,The winter quarters roof panel came from batch,LT73,EZ71,1.2277593612670898,1.6240863800048828,1.4172897338867188,20.3845009781071,20.78136122142314,20.936453817645088
21,1.0,10,0.9091,The harbour pilot's licence shows registration code,MA29,WS71,1.0775351524353027,2.2463130950927734,1.7212519645690918,17.347764941398054,18.839311916090082,17.060306889819913
21,1.0,11,1.0,The sealed crate in the annex is marked with inventory tag,AQ30,AG56,-0.6434950828552246,-0.3936290740966797,-0.7981033325195312,14.595959038008004,15.796623688889667,15.150294267339632
21,2.0,0,0.0,Feld's field notebook carries catalogue reference,FP98,PF85,1.9298014640808105,0.4022541046142578,0.2731308937072754,19.019142439588904,15.000644655898213,16.279601238667965
21,2.0,1,0.0909,The northern relay station operates under callsign,PW46,AM72,-2.519869804382324,-1.4048123359680176,-1.5940513610839844,16.690409720642492,13.773635497316718,11.765787428244948
21,2.0,2,0.1818,Ansel's transit permit was issued as document number,RG70,SN95,-0.019655704498291016,-0.08422088623046875,0.05374908447265625,18.519938907586038,17.374813801725395,14.953986343927681
21,2.0,3,0.2727,The hydrographic chart set reached edition,SF74,HH30,-1.5755324363708496,-0.5765304565429688,-0.6201868057250977,19.070115531096235,17.04675622470677,16.103399032726884
21,2.0,4,0.3636,The survey team's theodolite bears serial number,SH10,TC66,-1.9017729759216309,-1.7428374290466309,-1.209716796875,17.10403219948057,16.112124531762674,15.25665798643604
21,2.0,5,0.4545,The expedition's spare sledge carries equipment tag,AM84,BK16,0.5668988227844238,0.9509625434875488,1.14215087890625,17.501658389577642,17.666597548872232,14.527021560817957
21,2.0,6,0.5455,The freight siding at Kelder appears on the plan as track,PC28,BP41,-1.4314608573913574,-1.163546085357666,-0.4862661361694336,18.591780341928825,19.8006944807712,17.986115776002407
21,2.0,7,0.6364,The shipment of core samples travelled under consignment code,HH98,FN18,-0.3868699073791504,0.767765998840332,0.764930248260498,19.843399094766937,17.896658655954525,16.48096466390416
21,2.0,8,0.7273,The observatory's spare mirror was ordered as part number,BP62,LW28,0.9724826812744141,-0.018546581268310547,-0.30412912368774414,22.559348562033847,22.592196176410653,21.807579857530072
21,2.0,9,0.8182,The winter quarters roof panel came from batch,LT73,EZ71,1.2277593612670898,1.8657350540161133,1.5981192588806152,20.3845009781071,20.248799079592573,18.423976373975165
21,2.0,10,0.9091,The harbour pilot's licence shows registration code,MA29,WS71,1.0775351524353027,1.586522102355957,1.4513163566589355,17.347764941398054,16.36618163762614,15.150658658705652
21,2.0,11,1.0,The sealed crate in the annex is marked with inventory tag,AQ30,AG56,-0.6434950828552246,-1.4210505485534668,-1.0249180793762207,14.595959038008004,13.59276319667697,14.160095219500363
21,3.0,0,0.0,Feld's field notebook carries catalogue reference,FP98,PF85,1.9298014640808105,0.23729324340820312,0.07249975204467773,19.019142439588904,15.83444356918335,17.13963732868433
21,3.0,1,0.0909,The northern relay station operates under callsign,PW46,AM72,-2.519869804382324,2.0214314460754395,0.30167150497436523,16.690409720642492,15.963384054601192,14.995224133133888
21,3.0,2,0.1818,Ansel's transit permit was issued as document number,RG70,SN95,-0.019655704498291016,0.810420036315918,2.0699706077575684,18.519938907586038,16.48353472352028,16.326265513896942
21,3.0,3,0.2727,The hydrographic chart set reached edition,SF74,HH30,-1.5755324363708496,-5.431924104690552,-4.825139045715332,19.070115531096235,16.96295404434204,17.541080236434937
21,3.0,4,0.3636,The survey team's theodolite bears serial number,SH10,TC66,-1.9017729759216309,-2.8751139640808105,-1.6632986068725586,17.10403219948057,17.170331612229347,18.09822495467961
21,3.0,5,0.4545,The expedition's spare sledge carries equipment tag,AM84,BK16,0.5668988227844238,-1.7645978927612305,-1.6732349395751953,17.501658389577642,19.371457582339644,18.70767324231565
21,3.0,6,0.5455,The freight siding at Kelder appears on the plan as track,PC28,BP41,-1.4314608573913574,0.3893623352050781,0.5831913948059082,18.591780341928825,21.232351325452328,24.03358006849885
21,3.0,7,0.6364,The shipment of core samples travelled under consignment code,HH98,FN18,-0.3868699073791504,3.4660897254943848,6.220582485198975,19.843399094766937,18.437097476795316,18.782829063013196
21,3.0,8,0.7273,The observatory's spare mirror was ordered as part number,BP62,LW28,0.9724826812744141,0.4505128860473633,0.5170364379882812,22.559348562033847,23.650164183229208,21.783783013001084
21,3.0,9,0.8182,The winter quarters roof panel came from batch,LT73,EZ71,1.2277593612670898,2.536594867706299,3.176064968109131,20.3845009781071,18.890006692148745,19.500835138373077
21,3.0,10,0.9091,The harbour pilot's licence shows registration code,MA29,WS71,1.0775351524353027,2.319787859916687,2.126525402069092,17.347764941398054,19.056200043298304,18.79426816571504
21,3.0,11,1.0,The sealed crate in the annex is marked with inventory tag,AQ30,AG56,-0.6434950828552246,2.0208442211151123,-4.751182675361633,14.595959038008004,17.484891168773174,17.189729254692793
21,4.0,0,0.0,Feld's field notebook carries catalogue reference,FP98,PF85,1.9298014640808105,0.7042465209960938,0.8298940658569336,19.019142439588904,12.986618369817734,9.526550233364105
21,4.0,1,0.0909,The northern relay station operates under callsign,PW46,AM72,-2.519869804382324,2.752842903137207,1.0474114418029785,16.690409720642492,15.56199350208044,15.230632819235325
21,4.0,2,0.1818,Ansel's transit permit was issued as document number,RG70,SN95,-0.019655704498291016,-0.44181394577026367,-0.37578678131103516,18.519938907586038,14.11772345006466,13.819658860564232
21,4.0,3,0.2727,The hydrographic chart set reached edition,SF74,HH30,-1.5755324363708496,-2.686830520629883,-1.0314278602600098,19.070115531096235,18.57487290352583,14.525977075099945
21,4.0,4,0.3636,The survey team's theodolite bears serial number,SH10,TC66,-1.9017729759216309,-3.876164436340332,-1.0416836738586426,17.10403219948057,14.142135046422482,15.467028170824051
21,4.0,5,0.4545,The expedition's spare sledge carries equipment tag,AM84,BK16,0.5668988227844238,-2.6053123474121094,-1.2510247230529785,17.501658389577642,15.747423857450485,14.713143736124039
21,4.0,6,0.5455,The freight siding at Kelder appears on the plan as track,PC28,BP41,-1.4314608573913574,-0.3496854305267334,-0.4391160011291504,18.591780341928825,18.6427503824234,21.58849687129259
21,4.0,7,0.6364,The shipment of core samples travelled under consignment code,HH98,FN18,-0.3868699073791504,0.9830336570739746,4.559929847717285,19.843399094766937,18.48798957467079,18.508928563445807
21,4.0,8,0.7273,The observatory's spare mirror was ordered as part number,BP62,LW28,0.9724826812744141,-0.33887815475463867,2.2402191162109375,22.559348562033847,21.08615855127573,20.381565362215042
21,4.0,9,0.8182,The winter quarters roof panel came from batch,LT73,EZ71,1.2277593612670898,2.100576877593994,3.570497989654541,20.3845009781071,19.213535329326987,20.703675158321857
21,4.0,10,0.9091,The harbour pilot's licence shows registration code,MA29,WS71,1.0775351524353027,1.3544273376464844,1.6861281394958496,17.347764941398054,17.959656096994877,16.872507516294718
21,4.0,11,1.0,The sealed crate in the annex is marked with inventory tag,AQ30,AG56,-0.6434950828552246,3.5078070163726807,-2.9353299140930176,14.595959038008004,17.294059988111258,16.55893813446164
21,5.0,0,0.0,Feld's field notebook carries catalogue reference,FP98,PF85,1.9298014640808105,1.9243497848510742,2.321928024291992,19.019142439588904,4.4128416776657104,2.95050048828125
21,5.0,1,0.0909,The northern relay station operates under callsign,PW46,AM72,-2.519869804382324,1.0478696823120117,0.1836700439453125,16.690409720642492,14.58836404979229,13.534104377031326
21,5.0,2,0.1818,Ansel's transit permit was issued as document number,RG70,SN95,-0.019655704498291016,0.8955869674682617,0.4842677116394043,18.519938907586038,15.41817219555378,10.437679529190063
21,5.0,3,0.2727,The hydrographic chart set reached edition,SF74,HH30,-1.5755324363708496,-0.3605332374572754,-0.40891599655151367,19.070115531096235,12.913683719933033,8.946551442146301
21,5.0,4,0.3636,The survey team's theodolite bears serial number,SH10,TC66,-1.9017729759216309,-1.1263508796691895,-0.6641073226928711,17.10403219948057,12.706707179546356,15.769504457712173
21,5.0,5,0.4545,The expedition's spare sledge carries equipment tag,AM84,BK16,0.5668988227844238,-0.5874166488647461,0.5905094146728516,17.501658389577642,14.799897655844688,16.327804893255234
21,5.0,6,0.5455,The freight siding at Kelder appears on the plan as track,PC28,BP41,-1.4314608573913574,-0.3643763065338135,-1.4571514129638672,18.591780341928825,15.797076225280762,18.902947664260864
21,5.0,7,0.6364,The shipment of core samples travelled under consignment code,HH98,FN18,-0.3868699073791504,-0.07577037811279297,1.9455833435058594,19.843399094766937,16.657211393117905,17.023730784654617
21,5.0,8,0.7273,The observatory's spare mirror was ordered as part number,BP62,LW28,0.9724826812744141,-2.2343344688415527,-0.6636648178100586,22.559348562033847,15.287464099004865,19.819860391318798
21,5.0,9,0.8182,The winter quarters roof panel came from batch,LT73,EZ71,1.2277593612670898,0.659940242767334,2.2988171577453613,20.3845009781071,14.90834086947143,19.920222943648696
21,5.0,10,0.9091,The harbour pilot's licence shows registration code,MA29,WS71,1.0775351524353027,1.5363354682922363,1.4415035247802734,17.347764941398054,15.75042761862278,17.314446348696947
21,5.0,11,1.0,The sealed crate in the annex is marked with inventory tag,AQ30,AG56,-0.6434950828552246,2.594311475753784,-0.07958602905273438,14.595959038008004,17.873543276451528,16.73246568441391
21,6.0,0,0.0,Feld's field notebook carries catalogue reference,FP98,PF85,1.9298014640808105,0.31882476806640625,1.829660415649414,19.019142439588904,1.6121177673339844,0.39862728118896484
21,6.0,1,0.0909,The northern relay station operates under callsign,PW46,AM72,-2.519869804382324,1.988077163696289,-0.4572148323059082,16.690409720642492,10.090360164642334,7.998676180839539
21,6.0,2,0.1818,Ansel's transit permit was issued as document number,RG70,SN95,-0.019655704498291016,-1.415048599243164,-1.52962064743042,18.519938907586038,13.41189032793045,9.551532506942749
21,6.0,3,0.2727,The hydrographic chart set reached edition,SF74,HH30,-1.5755324363708496,-0.732903003692627,-0.7131209373474121,19.070115531096235,10.023727893829346,5.283708542585373
21,6.0,4,0.3636,The survey team's theodolite bears serial number,SH10,TC66,-1.9017729759216309,-2.044126033782959,-1.0737872123718262,17.10403219948057,13.2036874294281,14.052961498498917
21,6.0,5,0.4545,The expedition's spare sledge carries equipment tag,AM84,BK16,0.5668988227844238,0.952519416809082,0.04314374923706055,17.501658389577642,13.444717168807983,12.984431385993958
21,6.0,6,0.5455,The freight siding at Kelder appears on the plan as track,PC28,BP41,-1.4314608573913574,-0.8900971412658691,-1.033414363861084,18.591780341928825,13.712504744529724,16.914778470993042
21,6.0,7,0.6364,The shipment of core samples travelled under consignment code,HH98,FN18,-0.3868699073791504,0.06091642379760742,2.4411821365356445,19.843399094766937,14.751978933811188,14.24443843960762
21,6.0,8,0.7273,The observatory's spare mirror was ordered as part number,BP62,LW28,0.9724826812744141,-0.49486780166625977,-1.0995569229125977,22.559348562033847,17.79878754168749,16.589687511324883
21,6.0,9,0.8182,The winter quarters roof panel came from batch,LT73,EZ71,1.2277593612670898,1.7058849334716797,2.172532081604004,20.3845009781071,15.010772868990898,18.13741271942854
21,6.0,10,0.9091,The harbour pilot's licence shows registration code,MA29,WS71,1.0775351524353027,2.9292306900024414,0.6916694641113281,17.347764941398054,14.600096892565489,15.356093909591436
21,6.0,11,1.0,The sealed crate in the annex is marked with inventory tag,AQ30,AG56,-0.6434950828552246,0.9144835472106934,1.118868350982666,14.595959038008004,15.837190084159374,13.962917357683182
21,7.0,0,0.0,Feld's field notebook carries catalogue reference,FP98,PF85,1.9298014640808105,0.4186720848083496,-0.06809759140014648,19.019142439588904,0.7470006942749023,-0.9962835311889648
21,7.0,1,0.0909,The northern relay station operates under callsign,PW46,AM72,-2.519869804382324,0.057444095611572266,-0.3799715042114258,16.690409720642492,8.664678812026978,7.288377821445465
21,7.0,2,0.1818,Ansel's transit permit was issued as document number,RG70,SN95,-0.019655704498291016,-1.2285280227661133,-1.141599178314209,18.519938907586038,12.29166555404663,11.238824665546417
21,7.0,3,0.2727,The hydrographic chart set reached edition,SF74,HH30,-1.5755324363708496,-1.842268466949463,0.5655941963195801,19.070115531096235,9.637909710407257,8.196286290884018
21,7.0,4,0.3636,The survey team's theodolite bears serial number,SH10,TC66,-1.9017729759216309,-1.7706809043884277,-0.729499340057373,17.10403219948057,13.41149514913559,11.401419550180435
21,7.0,5,0.4545,The expedition's spare sledge carries equipment tag,AM84,BK16,0.5668988227844238,-1.25679349899292,0.6176519393920898,17.501658389577642,15.5882708132267,13.414272606372833
21,7.0,6,0.5455,The freight siding at Kelder appears on the plan as track,PC28,BP41,-1.4314608573913574,1.7220101356506348,0.5735287666320801,18.591780341928825,13.314409017562866,13.652821019291878
21,7.0,7,0.6364,The shipment of core samples travelled under consignment code,HH98,FN18,-0.3868699073791504,0.13370227813720703,2.0666003227233887,19.843399094766937,12.340073972940445,12.563050121068954
21,7.0,8,0.7273,The observatory's spare mirror was ordered as part number,BP62,LW28,0.9724826812744141,0.03612470626831055,-1.399604320526123,22.559348562033847,18.974374540150166,16.055987879633904
21,7.0,9,0.8182,The winter quarters roof panel came from batch,LT73,EZ71,1.2277593612670898,2.3556909561157227,2.3328452110290527,20.3845009781071,15.018025353550911,16.12874748557806
21,7.0,10,0.9091,The harbour pilot's licence shows registration code,MA29,WS71,1.0775351524353027,1.146695613861084,2.608104705810547,17.347764941398054,16.473728014156222,15.831315383315086
21,7.0,11,1.0,The sealed crate in the annex is marked with inventory tag,AQ30,AG56,-0.6434950828552246,1.9330536127090454,1.2175443172454834,14.595959038008004,14.789112083613873,13.48303396999836
21,8.0,0,0.0,Feld's field notebook carries catalogue reference,FP98,PF85,1.9298014640808105,-2.764462471008301,0.9015016555786133,19.019142439588904,2.665447235107422,-1.0718207359313965
21,8.0,1,0.0909,The northern relay station operates under callsign,PW46,AM72,-2.519869804382324,2.752017021179199,-0.1485896110534668,16.690409720642492,4.881187915802002,7.637443244457245
21,8.0,2,0.1818,Ansel's transit permit was issued as document number,RG70,SN95,-0.019655704498291016,-1.5863957405090332,-0.09497833251953125,18.519938907586038,6.205115795135498,10.089757770299911
21,8.0,3,0.2727,The hydrographic chart set reached edition,SF74,HH30,-1.5755324363708496,1.44004487991333,0.5880980491638184,19.070115531096235,9.638333231210709,7.981495812535286
21,8.0,4,0.3636,The survey team's theodolite bears serial number,SH10,TC66,-1.9017729759216309,-3.570465564727783,-0.6276435852050781,17.10403219948057,13.173956632614136,13.191962987184525
21,8.0,5,0.4545,The expedition's spare sledge carries equipment tag,AM84,BK16,0.5668988227844238,-1.4805488586425781,0.8642077445983887,17.501658389577642,11.866891205310822,12.956756323575974
21,8.0,6,0.5455,The freight siding at Kelder appears on the plan as track,PC28,BP41,-1.4314608573913574,-0.14026451110839844,1.3260726928710938,18.591780341928825,14.485968440771103,13.337267845869064
21,8.0,7,0.6364,The shipment of core samples travelled under consignment code,HH98,FN18,-0.3868699073791504,-2.428020477294922,2.3405537605285645,19.843399094766937,11.637992918491364,13.373585850000381
21,8.0,8,0.7273,The observatory's spare mirror was ordered as part number,BP62,LW28,0.9724826812744141,-0.9726710319519043,-2.103018283843994,22.559348562033847,18.195734560489655,17.102121971547604
21,8.0,9,0.8182,The winter quarters roof panel came from batch,LT73,EZ71,1.2277593612670898,2.5064916610717773,1.948624610900879,20.3845009781071,11.98503252863884,13.501788511872292
21,8.0,10,0.9091,The harbour pilot's licence shows registration code,MA29,WS71,1.0775351524353027,0.9242196083068848,2.762059211730957,17.347764941398054,16.69091309607029,15.750186316668987
21,8.0,11,1.0,The sealed crate in the annex is marked with inventory tag,AQ30,AG56,-0.6434950828552246,0.3279249668121338,-0.8361871242523193,14.595959038008004,12.686601012945175,12.533134549856186
22,1.0,0,0.0,The signal lamp housing takes fitting code,EH13,DV43,-0.48386096954345703,-0.07453727722167969,-0.023938655853271484,16.287758754217066,12.84712439775467,16.046307367272675
22,1.0,1,0.0909,The auxiliary generator was tagged asset number,MC39,DA33,-0.05059623718261719,-0.19858217239379883,0.06298351287841797,12.599612577352673,14.016792288050056,14.157856800593436
22,1.0,2,0.1818,The expedition's spare sledge carries equipment tag,JB50,SM91,-2.3390026092529297,-2.05726957321167,-2.2016000747680664,15.284782783128321,14.988510000519454,16.47047843411565
22,1.0,3,0.2727,The survey team's theodolite bears serial number,VF80,CL22,-1.0725431442260742,-0.41147565841674805,-0.6621322631835938,14.188312833197415,12.01439599134028,12.894428376108408
22,1.0,4,0.3636,The sealed crate in the annex is marked with inventory tag,AU43,FW98,-0.5348334312438965,-1.2735142707824707,-1.0204133987426758,16.90721740911249,16.175650573335588,17.14492236217484
22,1.0,5,0.4545,The winter quarters roof panel came from batch,KP34,VP99,-0.7801380157470703,-1.7858588695526123,-1.6265630722045898,17.059603154892102,17.196057870518416,18.37692850851454
22,1.0,6,0.5455,The salvage tender was registered with hull number,FD84,CG55,0.4091787338256836,0.8280606269836426,0.2189617156982422,16.596280195517465,17.754495525732636,18.921646755421534
22,1.0,7,0.6364,The harbour pilot's licence shows registration code,SZ82,XD37,1.5239014625549316,2.2715015411376953,2.7463736534118652,14.5524918443989,14.389820808544755,14.766538366675377
22,1.0,8,0.7273,The reserve fuel depot is listed at site code,BY51,TJ72,-1.2824792861938477,-1.2681636810302734,-1.111374855041504,18.276272491610143,18.731566651549656,18.703386163397226
22,1.0,9,0.8182,The customs declaration quotes reference code,VL43,CF12,0.2112565040588379,-0.47720956802368164,-0.3134956359863281,13.775637712562457,15.531758284196258,16.137896415311843
22,1.0,10,0.9091,The northern relay station operates under callsign,FN49,JD84,0.5191059112548828,-1.3015546798706055,-1.1157951354980469,16.91182761080563,22.91307392937597,22.01591774285771
22,1.0,11,1.0,The observatory's spare mirror was ordered as part number,WS28,RV36,-0.37847232818603516,0.7810721397399902,0.14392614364624023,20.410163668217137,19.887846181285568,19.437293818918988
22,2.0,0,0.0,The signal lamp housing takes fitting code,EH13,DV43,-0.48386096954345703,0.4042081832885742,-0.5685091018676758,16.287758754217066,11.986834421753883,11.760544031858444
22,2.0,1,0.0909,The auxiliary generator was tagged asset number,MC39,DA33,-0.05059623718261719,-0.9258947372436523,-0.6497359275817871,12.599612577352673,12.159523230046034,11.30137911438942
22,2.0,2,0.1818,The expedition's spare sledge carries equipment tag,JB50,SM91,-2.3390026092529297,-1.8500761985778809,-3.1049270629882812,15.284782783128321,12.903911277651787,13.669471085071564
22,2.0,3,0.2727,The survey team's theodolite bears serial number,VF80,CL22,-1.0725431442260742,-0.011721611022949219,0.3237447738647461,14.188312833197415,13.154336793348193,12.856733456254005
22,2.0,4,0.3636,The sealed crate in the annex is marked with inventory tag,AU43,FW98,-0.5348334312438965,-0.6571717262268066,-0.6206645965576172,16.90721740911249,14.174323288723826,15.103786278516054
22,2.0,5,0.4545,The winter quarters roof panel came from batch,KP34,VP99,-0.7801380157470703,-1.5195059776306152,-1.8435001373291016,17.059603154892102,16.135709108784795,15.582427529618144
22,2.0,6,0.5455,The salvage tender was registered with hull number,FD84,CG55,0.4091787338256836,1.6661591529846191,0.2993338108062744,16.596280195517465,18.222111536189914,19.338332852814347
22,2.0,7,0.6364,The harbour pilot's licence shows registration code,SZ82,XD37,1.5239014625549316,2.2099852561950684,2.4421496391296387,14.5524918443989,14.041731540113688,13.016963832080364
22,2.0,8,0.7273,The reserve fuel depot is listed at site code,BY51,TJ72,-1.2824792861938477,-1.3449516296386719,-1.1373538970947266,18.276272491610143,17.786332555580884,17.473699115216732
22,2.0,9,0.8182,The customs declaration quotes reference code,VL43,CF12,0.2112565040588379,-0.36214590072631836,-1.315028190612793,13.775637712562457,18.646737618371844,16.81894309259951
22,2.0,10,0.9091,The northern relay station operates under callsign,FN49,JD84,0.5191059112548828,-0.8330135345458984,0.026031494140625,16.91182761080563,22.30116600636393,21.60772897535935
22,2.0,11,1.0,The observatory's spare mirror was ordered as part number,WS28,RV36,-0.37847232818603516,1.2567191123962402,-0.22014713287353516,20.410163668217137,17.722190527245402,17.589505278971046
22,3.0,0,0.0,The signal lamp housing takes fitting code,EH13,DV43,-0.48386096954345703,1.7498564720153809,0.3680992126464844,16.287758754217066,12.38231672346592,14.077720895409584
22,3.0,1,0.0909,The auxiliary generator was tagged asset number,MC39,DA33,-0.05059623718261719,-1.5056729316711426,-3.108761787414551,12.599612577352673,12.342013001441956,12.498609885573387
22,3.0,2,0.1818,The expedition's spare sledge carries equipment tag,JB50,SM91,-2.3390026092529297,-6.172365188598633,-4.96337890625,15.284782783128321,15.891859114170074,15.524881020188332
22,3.0,3,0.2727,The survey team's theodolite bears serial number,VF80,CL22,-1.0725431442260742,4.969972133636475,2.571645736694336,14.188312833197415,15.518993735313416,17.510668244212866
22,3.0,4,0.3636,The sealed crate in the annex is marked with inventory tag,AU43,FW98,-0.5348334312438965,-4.329965591430664,0.2153172492980957,16.90721740911249,15.25762452185154,14.286146342754364
22,3.0,5,0.4545,The winter quarters roof panel came from batch,KP34,VP99,-0.7801380157470703,-2.7655677795410156,-3.9772093296051025,17.059603154892102,18.934303861111403,18.53606920130551
22,3.0,6,0.5455,The salvage tender was registered with hull number,FD84,CG55,0.4091787338256836,-0.6875903606414795,-2.4210434556007385,16.596280195517465,15.521906286478043,20.477987203747034
22,3.0,7,0.6364,The harbour pilot's licence shows registration code,SZ82,XD37,1.5239014625549316,2.5398483276367188,1.9200000762939453,14.5524918443989,15.109546974301338,15.273213103413582
22,3.0,8,0.7273,The reserve fuel depot is listed at site code,BY51,TJ72,-1.2824792861938477,-1.3993444442749023,0.08710908889770508,18.276272491610143,20.059020151384175,19.43105696514249
22,3.0,9,0.8182,The customs declaration quotes reference code,VL43,CF12,0.2112565040588379,-0.5538177490234375,-2.2136611938476562,13.775637712562457,19.64825139939785,18.09105473384261
22,3.0,10,0.9091,The northern relay station operates under callsign,FN49,JD84,0.5191059112548828,1.2223320007324219,0.6045956611633301,16.91182761080563,19.884972852654755,21.19920402020216
22,3.0,11,1.0,The observatory's spare mirror was ordered as part number,WS28,RV36,-0.37847232818603516,7.504203796386719,0.9323415756225586,20.410163668217137,19.407916804077104,19.04825317603536
22,4.0,0,0.0,The signal lamp housing takes fitting code,EH13,DV43,-0.48386096954345703,-1.840528964996338,-1.3671150207519531,16.287758754217066,10.988158613443375,11.365011394023895
22,4.0,1,0.0909,The auxiliary generator was tagged asset number,MC39,DA33,-0.05059623718261719,3.2290329933166504,1.061683177947998,12.599612577352673,13.162057042121887,11.635721355676651
22,4.0,2,0.1818,The expedition's spare sledge carries equipment tag,JB50,SM91,-2.3390026092529297,-2.366130828857422,-4.183482646942139,15.284782783128321,14.144217848777771,13.014435678720474
22,4.0,3,0.2727,The survey team's theodolite bears serial number,VF80,CL22,-1.0725431442260742,-2.6455111503601074,-1.1343326568603516,14.188312833197415,13.338221967220306,14.886644721031189
22,4.0,4,0.3636,The sealed crate in the annex is marked with inventory tag,AU43,FW98,-0.5348334312438965,0.7122387886047363,-0.2584228515625,16.90721740911249,11.358657002449036,9.667707204818726
22,4.0,5,0.4545,The winter quarters roof panel came from batch,KP34,VP99,-0.7801380157470703,-3.781348943710327,-4.062836647033691,17.059603154892102,11.778538465499878,11.232234120368958
22,4.0,6,0.5455,The salvage tender was registered with hull number,FD84,CG55,0.4091787338256836,-6.767033517360687,-6.373150825500488,16.596280195517465,11.322245478630066,14.82781782746315
22,4.0,7,0.6364,The harbour pilot's licence shows registration code,SZ82,XD37,1.5239014625549316,-1.23585844039917,2.3856711387634277,14.5524918443989,8.950171709060669,10.153055667877197
22,4.0,8,0.7273,The reserve fuel depot is listed at site code,BY51,TJ72,-1.2824792861938477,-0.9787616729736328,-0.650599479675293,18.276272491610143,14.53869155049324,16.792849630117416
22,4.0,9,0.8182,The customs declaration quotes reference code,VL43,CF12,0.2112565040588379,-0.38059329986572266,-1.3449888229370117,13.775637712562457,16.073560804128647,14.752849102020264
22,4.0,10,0.9091,The northern relay station operates under callsign,FN49,JD84,0.5191059112548828,4.732789039611816,0.3483262062072754,16.91182761080563,16.454419136047363,18.29795351624489
22,4.0,11,1.0,The observatory's spare mirror was ordered as part number,WS28,RV36,-0.37847232818603516,5.279450416564941,1.043722152709961,20.410163668217137,18.078150109387934,19.441941023804247
22,5.0,0,0.0,The signal lamp housing takes fitting code,EH13,DV43,-0.48386096954345703,0.14698266983032227,-1.49910306930542,16.287758754217066,11.351452231407166,12.25021281838417
22,5.0,1,0.0909,The auxiliary generator was tagged asset number,MC39,DA33,-0.05059623718261719,3.3883471488952637,1.3838253021240234,12.599612577352673,11.989726334810257,9.337081000208855
22,5.0,2,0.1818,The expedition's spare sledge carries equipment tag,JB50,SM91,-2.3390026092529297,-2.812695026397705,-4.566318511962891,15.284782783128321,13.875485181808472,11.357256412506104
22,5.0,3,0.2727,The survey team's theodolite bears serial number,VF80,CL22,-1.0725431442260742,-3.172605514526367,0.9545168876647949,14.188312833197415,9.682751059532166,12.842489272356033
22,5.0,4,0.3636,The sealed crate in the annex is marked with inventory tag,AU43,FW98,-0.5348334312438965,-0.7093620300292969,0.49948644638061523,16.90721740911249,9.592931926250458,9.486324787139893
22,5.0,5,0.4545,The winter quarters roof panel came from batch,KP34,VP99,-0.7801380157470703,-3.815213203430176,-4.957786560058594,17.059603154892102,12.057770907878876,11.310284614562988
22,5.0,6,0.5455,The salvage tender was registered with hull number,FD84,CG55,0.4091787338256836,-3.6913230419158936,-1.3880045413970947,16.596280195517465,12.24482136964798,13.831377983093262
22,5.0,7,0.6364,The harbour pilot's licence shows registration code,SZ82,XD37,1.5239014625549316,0.18587636947631836,2.5694565773010254,14.5524918443989,9.694161415100098,11.208281368017197
22,5.0,8,0.7273,The reserve fuel depot is listed at site code,BY51,TJ72,-1.2824792861938477,-2.780292510986328,-2.161642551422119,18.276272491610143,14.21346689760685,13.644484996795654
22,5.0,9,0.8182,The customs declaration quotes reference code,VL43,CF12,0.2112565040588379,0.5265684127807617,-1.3868417739868164,13.775637712562457,15.502372771501541,13.111240088939667
22,5.0,10,0.9091,The northern relay station operates under callsign,FN49,JD84,0.5191059112548828,3.3928890228271484,1.2490243911743164,16.91182761080563,14.385626792907715,15.845516353845596
22,5.0,11,1.0,The observatory's spare mirror was ordered as part number,WS28,RV36,-0.37847232818603516,5.556649208068848,-0.1838240623474121,20.410163668217137,16.106430396437645,15.24440248310566
22,6.0,0,0.0,The signal lamp housing takes fitting code,EH13,DV43,-0.48386096954345703,-0.5361537933349609,-1.0404095649719238,16.287758754217066,3.5892181396484375,10.642354011535645
22,6.0,1,0.0909,The auxiliary generator was tagged asset number,MC39,DA33,-0.05059623718261719,3.340648651123047,1.2137165069580078,12.599612577352673,5.9859535694122314,8.763888835906982
22,6.0,2,0.1818,The expedition's spare sledge carries equipment tag,JB50,SM91,-2.3390026092529297,-3.9518470764160156,-4.176294326782227,15.284782783128321,8.326310873031616,11.816752851009369
22,6.0,3,0.2727,The survey team's theodolite bears serial number,VF80,CL22,-1.0725431442260742,-1.447862148284912,-0.6592512130737305,14.188312833197415,8.244898080825806,12.153645396232605
22,6.0,4,0.3636,The sealed crate in the annex is marked with inventory tag,AU43,FW98,-0.5348334312438965,-2.2977781295776367,-0.07640457153320312,16.90721740911249,9.79973155260086,9.162848353385925
22,6.0,5,0.4545,The winter quarters roof panel came from batch,KP34,VP99,-0.7801380157470703,-4.066118240356445,-5.724905490875244,17.059603154892102,11.610401153564453,9.3557448387146
22,6.0,6,0.5455,The salvage tender was registered with hull number,FD84,CG55,0.4091787338256836,-2.9822747707366943,-1.9723613262176514,16.596280195517465,12.173147916793823,13.817513167858124
22,6.0,7,0.6364,The harbour pilot's licence shows registration code,SZ82,XD37,1.5239014625549316,4.81623911857605,1.671816349029541,14.5524918443989,9.673575520515442,10.915307581424713
22,6.0,8,0.7273,The reserve fuel depot is listed at site code,BY51,TJ72,-1.2824792861938477,-1.5402107238769531,-0.7176356315612793,18.276272491610143,13.7493214905262,12.108214139938354
22,6.0,9,0.8182,The customs declaration quotes reference code,VL43,CF12,0.2112565040588379,0.47753190994262695,-1.987682819366455,13.775637712562457,14.207340866327286,13.405359834432602
22,6.0,10,0.9091,The northern relay station operates under callsign,FN49,JD84,0.5191059112548828,2.4057273864746094,1.8562569618225098,16.91182761080563,14.517219185829163,13.539792239665985
22,6.0,11,1.0,The observatory's spare mirror was ordered as part number,WS28,RV36,-0.37847232818603516,4.924922466278076,1.5750198364257812,20.410163668217137,11.88685131072998,10.9131840467453
22,7.0,0,0.0,The signal lamp housing takes fitting code,EH13,DV43,-0.48386096954345703,-1.0943970680236816,-1.8002333641052246,16.287758754217066,0.6696176528930664,4.6430394649505615
22,7.0,1,0.0909,The auxiliary generator was tagged asset number,MC39,DA33,-0.05059623718261719,3.5987205505371094,1.058821678161621,12.599612577352673,6.022317171096802,4.877100467681885
22,7.0,2,0.1818,The expedition's spare sledge carries equipment tag,JB50,SM91,-2.3390026092529297,-2.697000503540039,-3.7913856506347656,15.284782783128321,7.648094415664673,9.614087343215942
22,7.0,3,0.2727,The survey team's theodolite bears serial number,VF80,CL22,-1.0725431442260742,0.031004905700683594,-1.200230360031128,14.188312833197415,8.532364130020142,11.81721580028534
22,7.0,4,0.3636,The sealed crate in the annex is marked with inventory tag,AU43,FW98,-0.5348334312438965,-1.7364320755004883,0.1596822738647461,16.90721740911249,9.957927107810974,8.62925410270691
22,7.0,5,0.4545,The winter quarters roof panel came from batch,KP34,VP99,-0.7801380157470703,-4.890194892883301,-5.976846694946289,17.059603154892102,9.892256379127502,7.304028391838074
22,7.0,6,0.5455,The salvage tender was registered with hull number,FD84,CG55,0.4091787338256836,-4.6004661321640015,-5.699480056762695,16.596280195517465,12.419870257377625,13.653478384017944
22,7.0,7,0.6364,The harbour pilot's licence shows registration code,SZ82,XD37,1.5239014625549316,2.113868236541748,1.8854999542236328,14.5524918443989,10.135165452957153,9.887024283409119
22,7.0,8,0.7273,The reserve fuel depot is listed at site code,BY51,TJ72,-1.2824792861938477,-0.8536133766174316,0.1401662826538086,18.276272491610143,15.152447983622551,11.898904830217361
22,7.0,9,0.8182,The customs declaration quotes reference code,VL43,CF12,0.2112565040588379,0.08361959457397461,-0.7077827453613281,13.775637712562457,12.50203013420105,11.971140444278717
22,7.0,10,0.9091,The northern relay station operates under callsign,FN49,JD84,0.5191059112548828,1.277428150177002,1.6128978729248047,16.91182761080563,14.471329092979431,13.355420768260956
22,7.0,11,1.0,The observatory's spare mirror was ordered as part number,WS28,RV36,-0.37847232818603516,4.441353797912598,1.0914802551269531,20.410163668217137,13.152301296591759,11.563871562480927
22,8.0,0,0.0,The signal lamp housing takes fitting code,EH13,DV43,-0.48386096954345703,-0.10488128662109375,-0.3860483169555664,16.287758754217066,0.9037326574325562,3.676720142364502
22,8.0,1,0.0909,The auxiliary generator was tagged asset number,MC39,DA33,-0.05059623718261719,4.043165683746338,1.518425464630127,12.599612577352673,5.590213239192963,4.18322217464447
22,8.0,2,0.1818,The expedition's spare sledge carries equipment tag,JB50,SM91,-2.3390026092529297,-3.487481117248535,-5.544785499572754,15.284782783128321,5.050041437149048,10.488488674163818
22,8.0,3,0.2727,The survey team's theodolite bears serial number,VF80,CL22,-1.0725431442260742,0.6850128173828125,-0.7074108123779297,14.188312833197415,9.438773393630981,11.347904324531555
22,8.0,4,0.3636,The sealed crate in the annex is marked with inventory tag,AU43,FW98,-0.5348334312438965,-0.6476240158081055,-1.8517451286315918,16.90721740911249,10.582059741020203,9.141616940498352
22,8.0,5,0.4545,The winter quarters roof panel came from batch,KP34,VP99,-0.7801380157470703,-4.063688278198242,-3.8188185691833496,17.059603154892102,10.913490414619446,9.137049674987793
22,8.0,6,0.5455,The salvage tender was registered with hull number,FD84,CG55,0.4091787338256836,-4.505057692527771,-4.888074636459351,16.596280195517465,13.926599681377411,13.058253586292267
22,8.0,7,0.6364,The harbour pilot's licence shows registration code,SZ82,XD37,1.5239014625549316,3.417064905166626,1.5637478828430176,14.5524918443989,10.198749780654907,11.247913882136345
22,8.0,8,0.7273,The reserve fuel depot is listed at site code,BY51,TJ72,-1.2824792861938477,-2.7603607177734375,-0.288815975189209,18.276272491610143,15.467237994074821,12.301254153251648
22,8.0,9,0.8182,The customs declaration quotes reference code,VL43,CF12,0.2112565040588379,1.4580163955688477,0.02446269989013672,13.775637712562457,12.449110448360443,14.218537420034409
22,8.0,10,0.9091,The northern relay station operates under callsign,FN49,JD84,0.5191059112548828,1.746347427368164,2.4494986534118652,16.91182761080563,13.307800590991974,14.764672547578812
22,8.0,11,1.0,The observatory's spare mirror was ordered as part number,WS28,RV36,-0.37847232818603516,4.047878742218018,0.42571544647216797,20.410163668217137,10.987242221832275,12.202190637588501
23,1.0,0,0.0,The reserve fuel depot is listed at site code,KC12,LX63,1.172377586364746,1.2753815650939941,1.6372630596160889,14.195622104220092,16.91256393957883,16.970430021174252
23,1.0,1,0.0909,The ice core drilling rig was delivered as unit,UK64,PC98,-2.722454071044922,-2.5684962272644043,-2.861630916595459,17.775378476362675,16.429175714030862,16.48371351696551
23,1.0,2,0.1818,The assay laboratory furnace is a model,NS55,TK64,0.015140056610107422,-0.4397878646850586,-0.27987146377563477,16.246408379171044,16.942947356961668,16.635521734133363
23,1.0,3,0.2727,The expedition's spare sledge carries equipment tag,EZ34,PK81,-0.9717350006103516,-0.3298664093017578,-1.2141780853271484,15.999984301626682,16.608545050024986,17.045130111277103
23,1.0,4,0.3636,The shipment of core samples travelled under consignment code,HV68,VT16,0.3753981590270996,-1.0089879035949707,-1.1190638542175293,17.11954986443743,18.4429752221331,18.394931686576456
23,1.0,5,0.4545,The botanical specimen case holds accession number,AD20,KD13,0.559931755065918,0.7258706092834473,0.8512296676635742,20.425033517414704,19.585479819215834,18.839540445478633
23,1.0,6,0.5455,The hydrographic chart set reached edition,AS90,WE52,4.204288482666016,2.9775314331054688,2.9947314262390137,17.434488928760402,17.923700935207307,18.239329773467034
23,1.0,7,0.6364,The medical supply locker was closed with seal number,BG14,TZ65,1.3547258377075195,1.1492204666137695,1.3607211112976074,15.373509924858809,16.880101158400066,16.737038188322913
23,1.0,8,0.7273,The quartermaster's tally sheet uses form number,UM94,HF94,-1.1331191062927246,-0.24545764923095703,-0.362764835357666,17.340669335098937,16.37614094419405,16.445034181233495
23,1.0,9,0.8182,The archive microfilm reel is filed under shelf mark,MU46,CL81,-1.2523612976074219,0.8499326705932617,0.9514446258544922,19.159908340778202,19.70152198895812,18.921024985262193
23,1.0,10,0.9091,The border checkpoint ledger opens at entry code,XL83,HT70,-0.8809704780578613,-0.361112117767334,-0.25548839569091797,18.436809303238988,20.490679006790742,19.776967266807333
23,1.0,11,1.0,The radio operator's logbook continues in volume,CR32,AL58,1.7413315773010254,0.6714813709259033,-0.3995175361633301,19.227502612862736,19.702752253739163,21.478429520095233
23,2.0,0,0.0,The reserve fuel depot is listed at site code,KC12,LX63,1.172377586364746,2.2198824882507324,1.7974152565002441,14.195622104220092,14.143179476261139,12.508613020181656
23,2.0,1,0.0909,The ice core drilling rig was delivered as unit,UK64,PC98,-2.722454071044922,-2.619945526123047,-2.5236363410949707,17.775378476362675,15.643532272428274,15.597203701734543
23,2.0,2,0.1818,The assay laboratory furnace is a model,NS55,TK64,0.015140056610107422,-1.3289165496826172,-0.23485088348388672,16.246408379171044,15.4592724442482,15.240030501037836
23,2.0,3,0.2727,The expedition's spare sledge carries equipment tag,EZ34,PK81,-0.9717350006103516,-1.1661713123321533,-2.0572967529296875,15.999984301626682,12.89032044261694,13.854673147201538
23,2.0,4,0.3636,The shipment of core samples travelled under consignment code,HV68,VT16,0.3753981590270996,-0.7629947662353516,-1.337773323059082,17.11954986443743,15.202461257576942,17.592131100594997
23,2.0,5,0.4545,The botanical specimen case holds accession number,AD20,KD13,0.559931755065918,-0.08350563049316406,0.5087027549743652,20.425033517414704,16.02794859558344,15.258871003985405
23,2.0,6,0.5455,The hydrographic chart set reached edition,AS90,WE52,4.204288482666016,3.3562965393066406,3.0654425621032715,17.434488928760402,15.236647663637996,15.602184472605586
23,2.0,7,0.6364,The medical supply locker was closed with seal number,BG14,TZ65,1.3547258377075195,0.9461989402770996,1.1750669479370117,15.373509924858809,17.907285637920722,16.68512707890477
23,2.0,8,0.7273,The quartermaster's tally sheet uses form number,UM94,HF94,-1.1331191062927246,0.27616024017333984,0.7839841842651367,17.340669335098937,12.98519816994667,12.790170209482312
23,2.0,9,0.8182,The archive microfilm reel is filed under shelf mark,MU46,CL81,-1.2523612976074219,0.24330854415893555,0.7804250717163086,19.159908340778202,18.747818077914417,18.334073905367404
23,2.0,10,0.9091,The border checkpoint ledger opens at entry code,XL83,HT70,-0.8809704780578613,0.28787803649902344,-0.18313217163085938,18.436809303238988,15.533554075285792,16.146123350597918
23,2.0,11,1.0,The radio operator's logbook continues in volume,CR32,AL58,1.7413315773010254,2.1854469776153564,0.01749277114868164,19.227502612862736,16.010773673653603,15.624600644921884
23,3.0,0,0.0,The reserve fuel depot is listed at site code,KC12,LX63,1.172377586364746,0.9331834316253662,0.2596583366394043,14.195622104220092,15.627944201231003,16.650752007961273
23,3.0,1,0.0909,The ice core drilling rig was delivered as unit,UK64,PC98,-2.722454071044922,-2.139626979827881,-3.9111785888671875,17.775378476362675,15.668654456734657,20.766828856430948
23,3.0,2,0.1818,The assay laboratory furnace is a model,NS55,TK64,0.015140056610107422,-0.41279077529907227,1.2789793014526367,16.246408379171044,13.933839201927185,20.134414127096534
23,3.0,3,0.2727,The expedition's spare sledge carries equipment tag,EZ34,PK81,-0.9717350006103516,-4.361660480499268,-3.0411033630371094,15.999984301626682,19.87328556831926,22.05677150655538
23,3.0,4,0.3636,The shipment of core samples travelled under consignment code,HV68,VT16,0.3753981590270996,-3.6021108627319336,-3.164398670196533,17.11954986443743,18.911232982762158,21.618813013192266
23,3.0,5,0.4545,The botanical specimen case holds accession number,AD20,KD13,0.559931755065918,-1.0186257362365723,-1.0644817352294922,20.425033517414704,15.345834337174892,18.210632421076298
23,3.0,6,0.5455,The hydrographic chart set reached edition,AS90,WE52,4.204288482666016,9.271464109420776,8.144493699073792,17.434488928760402,18.698921425268054,18.21558851841837
23,3.0,7,0.6364,The medical supply locker was closed with seal number,BG14,TZ65,1.3547258377075195,-0.3247523307800293,2.2035603523254395,15.373509924858809,19.087526064366102,20.364305117633194
23,3.0,8,0.7273,The quartermaster's tally sheet uses form number,UM94,HF94,-1.1331191062927246,1.5388307571411133,-2.3004775047302246,17.340669335098937,13.378347956575453,15.947912431322038
23,3.0,9,0.8182,The archive microfilm reel is filed under shelf mark,MU46,CL81,-1.2523612976074219,1.0267882347106934,0.17872190475463867,19.159908340778202,20.099660933949053,22.316351070068777
23,3.0,10,0.9091,The border checkpoint ledger opens at entry code,XL83,HT70,-0.8809704780578613,-2.089531421661377,-0.15954923629760742,18.436809303238988,18.090070761274546,19.888024300336838
23,3.0,11,1.0,The radio operator's logbook continues in volume,CR32,AL58,1.7413315773010254,3.9926936626434326,2.0245373249053955,19.227502612862736,17.413944758940488,18.270353756844997
23,4.0,0,0.0,The reserve fuel depot is listed at site code,KC12,LX63,1.172377586364746,5.028917074203491,-0.15657448768615723,14.195622104220092,8.622624158859253,15.154981523752213
23,4.0,1,0.0909,The ice core drilling rig was delivered as unit,UK64,PC98,-2.722454071044922,-4.235744953155518,-2.725255250930786,17.775378476362675,18.952276289463043,20.58847700059414
23,4.0,2,0.1818,The assay laboratory furnace is a model,NS55,TK64,0.015140056610107422,0.502957820892334,2.3526387214660645,16.246408379171044,14.661838233470917,20.013962484896183
23,4.0,3,0.2727,The expedition's spare sledge carries equipment tag,EZ34,PK81,-0.9717350006103516,-4.769869804382324,-3.5375566482543945,15.999984301626682,12.503733277320862,16.427065327763557
23,4.0,4,0.3636,The shipment of core samples travelled under consignment code,HV68,VT16,0.3753981590270996,-1.864804744720459,-2.636857032775879,17.11954986443743,16.19058594107628,18.789366647601128
23,4.0,5,0.4545,The botanical specimen case holds accession number,AD20,KD13,0.559931755065918,0.25987958908081055,-0.19260406494140625,20.425033517414704,19.34106630831957,19.58016975224018
23,4.0,6,0.5455,The hydrographic chart set reached edition,AS90,WE52,4.204288482666016,7.638513803482056,6.436260223388672,17.434488928760402,16.120514020323753,12.742995150387287
23,4.0,7,0.6364,The medical supply locker was closed with seal number,BG14,TZ65,1.3547258377075195,0.9423742294311523,2.305940628051758,15.373509924858809,15.329014360904694,11.508762419223785
23,4.0,8,0.7273,The quartermaster's tally sheet uses form number,UM94,HF94,-1.1331191062927246,0.655022144317627,-0.05228376388549805,17.340669335098937,12.174362823367119,12.042761113494635
23,4.0,9,0.8182,The archive microfilm reel is filed under shelf mark,MU46,CL81,-1.2523612976074219,1.4225101470947266,0.2813687324523926,19.159908340778202,17.195529593154788,18.56787119805813
23,4.0,10,0.9091,The border checkpoint ledger opens at entry code,XL83,HT70,-0.8809704780578613,-2.4971041679382324,-1.0760436058044434,18.436809303238988,19.463693272322416,19.08013477176428
23,4.0,11,1.0,The radio operator's logbook continues in volume,CR32,AL58,1.7413315773010254,3.7989110946655273,-1.0763187408447266,19.227502612862736,14.67267794907093,13.280330061912537
23,5.0,0,0.0,The reserve fuel depot is listed at site code,KC12,LX63,1.172377586364746,4.519746541976929,0.6238279342651367,14.195622104220092,6.42887270450592,13.956272602081299
23,5.0,1,0.0909,The ice core drilling rig was delivered as unit,UK64,PC98,-2.722454071044922,-3.043240547180176,-0.6194419860839844,17.775378476362675,19.460752747952938,18.42749997973442
23,5.0,2,0.1818,The assay laboratory furnace is a model,NS55,TK64,0.015140056610107422,-1.2598800659179688,3.1823301315307617,16.246408379171044,18.530155926942825,10.040969133377075
23,5.0,3,0.2727,The expedition's spare sledge carries equipment tag,EZ34,PK81,-0.9717350006103516,-8.197760105133057,-1.4415555000305176,15.999984301626682,14.853753089904785,13.254063487052917
23,5.0,4,0.3636,The shipment of core samples travelled under consignment code,HV68,VT16,0.3753981590270996,-4.668103218078613,-2.3657822608947754,17.11954986443743,19.368222281336784,18.233690351247787
23,5.0,5,0.4545,The botanical specimen case holds accession number,AD20,KD13,0.559931755065918,1.3049955368041992,0.6314182281494141,20.425033517414704,15.368841744959354,18.54606242477894
23,5.0,6,0.5455,The hydrographic chart set reached edition,AS90,WE52,4.204288482666016,9.170683860778809,7.802280902862549,17.434488928760402,16.40305496752262,12.877928107976913
23,5.0,7,0.6364,The medical supply locker was closed with seal number,BG14,TZ65,1.3547258377075195,1.0758018493652344,3.3502554893493652,15.373509924858809,16.459215562790632,9.771649301052094
23,5.0,8,0.7273,The quartermaster's tally sheet uses form number,UM94,HF94,-1.1331191062927246,4.7572479248046875,-2.0041542053222656,17.340669335098937,13.390976049005985,13.657912120223045
23,5.0,9,0.8182,The archive microfilm reel is filed under shelf mark,MU46,CL81,-1.2523612976074219,-1.650174617767334,1.7316627502441406,19.159908340778202,15.931390723213553,17.174837104976177
23,5.0,10,0.9091,The border checkpoint ledger opens at entry code,XL83,HT70,-0.8809704780578613,0.40935730934143066,0.3510904312133789,18.436809303238988,19.44192007277161,17.039203226566315
23,5.0,11,1.0,The radio operator's logbook continues in volume,CR32,AL58,1.7413315773010254,2.987666606903076,-4.942610263824463,19.227502612862736,14.19345859438181,11.289160773158073
23,6.0,0,0.0,The reserve fuel depot is listed at site code,KC12,LX63,1.172377586364746,5.095931529998779,1.863647222518921,14.195622104220092,5.429468154907227,8.56993818283081
23,6.0,1,0.0909,The ice core drilling rig was delivered as unit,UK64,PC98,-2.722454071044922,-5.040218353271484,-0.4068751335144043,17.775378476362675,15.308193854987621,15.845145106315613
23,6.0,2,0.1818,The assay laboratory furnace is a model,NS55,TK64,0.015140056610107422,0.31435489654541016,3.208721160888672,16.246408379171044,18.495220713317394,9.117510199546814
23,6.0,3,0.2727,The expedition's spare sledge carries equipment tag,EZ34,PK81,-0.9717350006103516,-4.28420352935791,-1.2604632377624512,15.999984301626682,17.576099082827568,10.538746654987335
23,6.0,4,0.3636,The shipment of core samples travelled under consignment code,HV68,VT16,0.3753981590270996,-2.7926130294799805,-4.623284816741943,17.11954986443743,18.480838119983673,17.536329209804535
23,6.0,5,0.4545,The botanical specimen case holds accession number,AD20,KD13,0.559931755065918,1.0596189498901367,0.7709460258483887,20.425033517414704,15.357160478830338,16.745951741933823
23,6.0,6,0.5455,The hydrographic chart set reached edition,AS90,WE52,4.204288482666016,9.09794282913208,6.984021902084351,17.434488928760402,14.982444703578949,14.883922472596169
23,6.0,7,0.6364,The medical supply locker was closed with seal number,BG14,TZ65,1.3547258377075195,0.26819849014282227,2.8650331497192383,15.373509924858809,15.913991622626781,11.458913683891296
23,6.0,8,0.7273,The quartermaster's tally sheet uses form number,UM94,HF94,-1.1331191062927246,0.8112988471984863,0.5845599174499512,17.340669335098937,13.938955053687096,15.345848388969898
23,6.0,9,0.8182,The archive microfilm reel is filed under shelf mark,MU46,CL81,-1.2523612976074219,0.9692983627319336,2.0144267082214355,19.159908340778202,16.497687321156263,16.609257981181145
23,6.0,10,0.9091,The border checkpoint ledger opens at entry code,XL83,HT70,-0.8809704780578613,-0.4947934150695801,1.784780502319336,18.436809303238988,18.88592972420156,16.757906407117844
23,6.0,11,1.0,The radio operator's logbook continues in volume,CR32,AL58,1.7413315773010254,2.1903486251831055,-4.80480432510376,19.227502612862736,15.182194486260414,9.991357460618019
23,7.0,0,0.0,The reserve fuel depot is listed at site code,KC12,LX63,1.172377586364746,3.715433120727539,0.7805929183959961,14.195622104220092,2.6368303298950195,4.312501430511475
23,7.0,1,0.0909,The ice core drilling rig was delivered as unit,UK64,PC98,-2.722454071044922,-2.9673714637756348,0.007890701293945312,17.775378476362675,13.957987442612648,15.187432885169983
23,7.0,2,0.1818,The assay laboratory furnace is a model,NS55,TK64,0.015140056610107422,2.661179542541504,1.6141252517700195,16.246408379171044,15.017079547047615,4.766912579536438
23,7.0,3,0.2727,The expedition's spare sledge carries equipment tag,EZ34,PK81,-0.9717350006103516,-4.110942840576172,-1.6202888488769531,15.999984301626682,16.772312566637993,9.084536254405975
23,7.0,4,0.3636,The shipment of core samples travelled under consignment code,HV68,VT16,0.3753981590270996,-3.233107566833496,-3.1591506004333496,17.11954986443743,18.067875750362873,14.578706860542297
23,7.0,5,0.4545,The botanical specimen case holds accession number,AD20,KD13,0.559931755065918,0.9894566535949707,-0.0874485969543457,20.425033517414704,16.342298358678818,12.505423426628113
23,7.0,6,0.5455,The hydrographic chart set reached edition,AS90,WE52,4.204288482666016,10.181129455566406,5.410063743591309,17.434488928760402,14.36604756116867,13.475436627864838
23,7.0,7,0.6364,The medical supply locker was closed with seal number,BG14,TZ65,1.3547258377075195,2.647433280944824,-0.1862192153930664,15.373509924858809,11.908127784729004,11.513022541999817
23,7.0,8,0.7273,The quartermaster's tally sheet uses form number,UM94,HF94,-1.1331191062927246,1.8998045921325684,0.226898193359375,17.340669335098937,14.392920106649399,14.517082810401917
23,7.0,9,0.8182,The archive microfilm reel is filed under shelf mark,MU46,CL81,-1.2523612976074219,2.2325239181518555,1.696378231048584,19.159908340778202,15.220985136926174,15.802164897322655
23,7.0,10,0.9091,The border checkpoint ledger opens at entry code,XL83,HT70,-0.8809704780578613,-3.692992687225342,0.5884795188903809,18.436809303238988,19.103007098659873,15.613105982542038
23,7.0,11,1.0,The radio operator's logbook continues in volume,CR32,AL58,1.7413315773010254,0.9533877372741699,-4.267958164215088,19.227502612862736,13.66499949246645,9.272357761859894
23,8.0,0,0.0,The reserve fuel depot is listed at site code,KC12,LX63,1.172377586364746,4.249712705612183,3.848526954650879,14.195622104220092,3.266251564025879,3.7738332748413086
23,8.0,1,0.0909,The ice core drilling rig was delivered as unit,UK64,PC98,-2.722454071044922,-0.45987987518310547,0.18590259552001953,17.775378476362675,4.775282382965088,10.669419288635254
23,8.0,2,0.1818,The assay laboratory furnace is a model,NS55,TK64,0.015140056610107422,2.3883180618286133,2.0795788764953613,16.246408379171044,14.590960562229156,5.146196603775024
23,8.0,3,0.2727,The expedition's spare sledge carries equipment tag,EZ34,PK81,-0.9717350006103516,-1.8827848434448242,-2.0321898460388184,15.999984301626682,13.908122509717941,7.746819734573364
23,8.0,4,0.3636,The shipment of core samples travelled under consignment code,HV68,VT16,0.3753981590270996,-2.77427339553833,-3.9111318588256836,17.11954986443743,14.36179131269455,11.400230884552002
23,8.0,5,0.4545,The botanical specimen case holds accession number,AD20,KD13,0.559931755065918,0.9800162315368652,-0.14373016357421875,20.425033517414704,13.897056758403778,9.41918832063675
23,8.0,6,0.5455,The hydrographic chart set reached edition,AS90,WE52,4.204288482666016,9.04636549949646,5.464076042175293,17.434488928760402,12.965454906225204,11.773553550243378
23,8.0,7,0.6364,The medical supply locker was closed with seal number,BG14,TZ65,1.3547258377075195,2.137521266937256,1.4460301399230957,15.373509924858809,9.056066989898682,12.689576864242554
23,8.0,8,0.7273,The quartermaster's tally sheet uses form number,UM94,HF94,-1.1331191062927246,0.3964247703552246,-1.1671199798583984,17.340669335098937,14.26388455927372,13.268354058265686
23,8.0,9,0.8182,The archive microfilm reel is filed under shelf mark,MU46,CL81,-1.2523612976074219,1.5204205513000488,-0.027606487274169922,19.159908340778202,10.758094847202301,15.772796630859375
23,8.0,10,0.9091,The border checkpoint ledger opens at entry code,XL83,HT70,-0.8809704780578613,-1.0114965438842773,0.5825176239013672,18.436809303238988,14.133741565048695,15.374930441379547
23,8.0,11,1.0,The radio operator's logbook continues in volume,CR32,AL58,1.7413315773010254,0.39229440689086914,-2.304015636444092,19.227502612862736,8.2432941198349,10.279843270778656
