seed,alpha,item,depth,stem,correct,wrong,cold,warm,mismatched,coldB,warmB,mismB
0,0.25,0,0.0,The quartermaster's tally sheet uses form number,NP15,PB22,-1.8546149730682373,-1.7129852771759033,-2.259800672531128,20.15101282019168,20.721121637150645,21.276320832781494
0,0.25,1,0.0909,The diesel storage tank is stencilled vessel number,JS72,BU91,0.13506746292114258,-0.11484098434448242,-0.14425325393676758,17.5580970402807,17.64035472040996,17.75540316547267
0,0.25,2,0.1818,The harbour pilot's licence shows registration code,NK71,TV97,0.9097819328308105,0.8274517059326172,1.100104808807373,19.556194969569333,18.7480361929629,19.101092675002292
0,0.25,3,0.2727,The eastern pumping station runs on circuit label,MU37,CA25,-0.6272311210632324,-0.7598311901092529,-0.7823760509490967,17.79171660344582,18.91753540886566,19.199831435456872
0,0.25,4,0.3636,The radio operator's logbook continues in volume,SE46,WG87,1.2646069526672363,1.2960700988769531,1.2992134094238281,18.28104548412375,18.54273943201406,19.08180369157344
0,0.25,5,0.4545,The survey team's theodolite bears serial number,ED89,UD60,1.4730377197265625,1.432528018951416,1.7366344928741455,19.65852615237236,20.117556450422853,20.250085891457275
0,0.25,6,0.5455,The seismograph at Ridge Camp reports as instrument,JT87,CM24,0.7057490348815918,0.5893607139587402,-0.023185253143310547,17.012966267066076,17.584972609765828,17.917317939689383
0,0.25,7,0.6364,The winter quarters roof panel came from batch,LR81,BV12,-0.21684980392456055,-0.30619335174560547,0.21370983123779297,18.16511170193553,18.471172488527372,19.218409833847545
0,0.25,8,0.7273,The customs declaration quotes reference code,DM65,GF25,0.4762401580810547,0.6779356002807617,0.5498747825622559,19.169248669059016,18.964519737579394,18.90372924262192
0,0.25,9,0.8182,The reserve fuel depot is listed at site code,LV91,RG17,0.4870634078979492,0.43038225173950195,0.5544357299804688,19.423630821926054,19.172612046822906,19.591728513070848
0,0.25,10,0.9091,The ice core drilling rig was delivered as unit,GT71,PV22,0.3324260711669922,0.2271265983581543,0.011617898941040039,21.338226908585057,21.81310687039513,22.314168842567597
0,0.25,11,1.0,The mail packet from Vlissen came in pouch number,QS43,JC38,-0.47894906997680664,-0.4087505340576172,-0.2251429557800293,18.721352213877253,18.379757153103128,18.67839798121713
0,0.5,0,0.0,The quartermaster's tally sheet uses form number,NP15,PB22,-1.8546149730682373,-2.4998960494995117,-2.5594027042388916,20.15101282019168,20.7227735981578,19.925485267536715
0,0.5,1,0.0909,The diesel storage tank is stencilled vessel number,JS72,BU91,0.13506746292114258,-0.16457080841064453,-0.312741756439209,17.5580970402807,17.777644721325487,17.441729748388752
0,0.5,2,0.1818,The harbour pilot's licence shows registration code,NK71,TV97,0.9097819328308105,1.0509815216064453,1.2068042755126953,19.556194969569333,18.530878593912348,18.119127231184393
0,0.5,3,0.2727,The eastern pumping station runs on circuit label,MU37,CA25,-0.6272311210632324,-0.502727746963501,-0.3285388946533203,17.79171660344582,18.930199090158567,18.913104332168587
0,0.5,4,0.3636,The radio operator's logbook continues in volume,SE46,WG87,1.2646069526672363,0.5372066497802734,0.8033533096313477,18.28104548412375,19.804787729866803,19.87444762251107
0,0.5,5,0.4545,The survey team's theodolite bears serial number,ED89,UD60,1.4730377197265625,2.095778465270996,2.12459397315979,19.65852615237236,20.670949903316796,21.465761690749787
0,0.5,6,0.5455,The seismograph at Ridge Camp reports as instrument,JT87,CM24,0.7057490348815918,-0.1393289566040039,-0.31238269805908203,17.012966267066076,17.000774880405515,17.13241596519947
0,0.5,7,0.6364,The winter quarters roof panel came from batch,LR81,BV12,-0.21684980392456055,0.2881636619567871,0.25194835662841797,18.16511170193553,19.495833006920293,18.687180761247873
0,0.5,8,0.7273,The customs declaration quotes reference code,DM65,GF25,0.4762401580810547,0.8239903450012207,0.7513828277587891,19.169248669059016,19.41086420742795,19.38567726232577
0,0.5,9,0.8182,The reserve fuel depot is listed at site code,LV91,RG17,0.4870634078979492,0.43593263626098633,0.30768299102783203,19.423630821926054,19.728371787641663,19.916342376876855
0,0.5,10,0.9091,The ice core drilling rig was delivered as unit,GT71,PV22,0.3324260711669922,0.562840461730957,0.3998990058898926,21.338226908585057,22.21813388931332,22.170831482566427
0,0.5,11,1.0,The mail packet from Vlissen came in pouch number,QS43,JC38,-0.47894906997680664,-0.05592775344848633,-0.0475153923034668,18.721352213877253,18.97566728084348,19.129024395602755
0,0.75,0,0.0,The quartermaster's tally sheet uses form number,NP15,PB22,-1.8546149730682373,-1.5771684646606445,-1.9270610809326172,20.15101282019168,19.60605209134519,19.799974648281932
0,0.75,1,0.0909,The diesel storage tank is stencilled vessel number,JS72,BU91,0.13506746292114258,-0.5082297325134277,-0.2695884704589844,17.5580970402807,16.815910055767745,16.313208147883415
0,0.75,2,0.1818,The harbour pilot's licence shows registration code,NK71,TV97,0.9097819328308105,0.3767971992492676,0.5799574851989746,19.556194969569333,16.784885064698756,16.55199729464948
0,0.75,3,0.2727,The eastern pumping station runs on circuit label,MU37,CA25,-0.6272311210632324,-0.13058233261108398,0.17033672332763672,17.79171660344582,18.711958259169478,18.159764709766023
0,0.75,4,0.3636,The radio operator's logbook continues in volume,SE46,WG87,1.2646069526672363,0.10088443756103516,0.24361276626586914,18.28104548412375,19.08019225508906,18.482608031190466
0,0.75,5,0.4545,The survey team's theodolite bears serial number,ED89,UD60,1.4730377197265625,0.978905200958252,1.3772594928741455,19.65852615237236,19.490464358823374,18.69622012320906
0,0.75,6,0.5455,The seismograph at Ridge Camp reports as instrument,JT87,CM24,0.7057490348815918,-0.0877847671508789,-0.15447092056274414,17.012966267066076,15.44825787562877,15.843364509986714
0,0.75,7,0.6364,The winter quarters roof panel came from batch,LR81,BV12,-0.21684980392456055,-0.1271958351135254,-0.18782567977905273,18.16511170193553,17.722382182255387,17.574635638855398
0,0.75,8,0.7273,The customs declaration quotes reference code,DM65,GF25,0.4762401580810547,0.18509626388549805,0.3389902114868164,19.169248669059016,19.096542865037918,17.978568641468883
0,0.75,9,0.8182,The reserve fuel depot is listed at site code,LV91,RG17,0.4870634078979492,0.47008275985717773,0.2909388542175293,19.423630821926054,19.332292447041254,19.102704896067735
0,0.75,10,0.9091,The ice core drilling rig was delivered as unit,GT71,PV22,0.3324260711669922,0.8907771110534668,0.5875706672668457,21.338226908585057,21.413581465312745,20.753933699597837
0,0.75,11,1.0,The mail packet from Vlissen came in pouch number,QS43,JC38,-0.47894906997680664,-0.3965945243835449,-0.3961977958679199,18.721352213877253,17.11166747484822,17.53596500772983
0,1.0,0,0.0,The quartermaster's tally sheet uses form number,NP15,PB22,-1.8546149730682373,-1.3664569854736328,-1.0181591510772705,20.15101282019168,21.598825866356492,22.561334950849414
0,1.0,1,0.0909,The diesel storage tank is stencilled vessel number,JS72,BU91,0.13506746292114258,0.1542820930480957,0.24781179428100586,17.5580970402807,15.247483292594552,15.651599265635014
0,1.0,2,0.1818,The harbour pilot's licence shows registration code,NK71,TV97,0.9097819328308105,0.7847542762756348,0.7119617462158203,19.556194969569333,15.45643076300621,15.721567273139954
0,1.0,3,0.2727,The eastern pumping station runs on circuit label,MU37,CA25,-0.6272311210632324,-0.5447158813476562,-0.71356201171875,17.79171660344582,17.763003177242354,16.94601147202775
0,1.0,4,0.3636,The radio operator's logbook continues in volume,SE46,WG87,1.2646069526672363,0.5668773651123047,0.25179576873779297,18.28104548412375,17.484724188689142,17.468886672053486
0,1.0,5,0.4545,The survey team's theodolite bears serial number,ED89,UD60,1.4730377197265625,0.7789664268493652,0.4569845199584961,19.65852615237236,19.478979278123006,19.52090570377186
0,1.0,6,0.5455,The seismograph at Ridge Camp reports as instrument,JT87,CM24,0.7057490348815918,0.9995083808898926,0.8582444190979004,17.012966267066076,14.40193337853998,14.728337381966412
0,1.0,7,0.6364,The winter quarters roof panel came from batch,LR81,BV12,-0.21684980392456055,-0.10167884826660156,-0.04195117950439453,18.16511170193553,13.099327270872891,13.816081200260669
0,1.0,8,0.7273,The customs declaration quotes reference code,DM65,GF25,0.4762401580810547,0.13991117477416992,0.45757198333740234,19.169248669059016,17.52963239233941,17.618709795409814
0,1.0,9,0.8182,The reserve fuel depot is listed at site code,LV91,RG17,0.4870634078979492,-0.6651115417480469,-0.9074509143829346,19.423630821926054,18.211931166006252,18.798289501748513
0,1.0,10,0.9091,The ice core drilling rig was delivered as unit,GT71,PV22,0.3324260711669922,-0.10801887512207031,0.023836612701416016,21.338226908585057,20.52584645827301,20.63279204524588
0,1.0,11,1.0,The mail packet from Vlissen came in pouch number,QS43,JC38,-0.47894906997680664,-1.6697731018066406,-1.4543170928955078,18.721352213877253,16.84336184337735,18.038178184302524
0,2.0,0,0.0,The quartermaster's tally sheet uses form number,NP15,PB22,-1.8546149730682373,-1.2260456085205078,-1.7671589851379395,20.15101282019168,20.8415137687698,22.262981541687623
0,2.0,1,0.0909,The diesel storage tank is stencilled vessel number,JS72,BU91,0.13506746292114258,1.2963037490844727,0.6733551025390625,17.5580970402807,16.019904881715775,14.932084880769253
0,2.0,2,0.1818,The harbour pilot's licence shows registration code,NK71,TV97,0.9097819328308105,-0.024283885955810547,0.20838403701782227,19.556194969569333,12.098976418375969,12.627792343497276
0,2.0,3,0.2727,The eastern pumping station runs on circuit label,MU37,CA25,-0.6272311210632324,-0.4005856513977051,-0.37253427505493164,17.79171660344582,16.972261121496558,16.029209607746452
0,2.0,4,0.3636,The radio operator's logbook continues in volume,SE46,WG87,1.2646069526672363,1.3779621124267578,0.8581728935241699,18.28104548412375,16.403410687111318,16.311925513204187
0,2.0,5,0.4545,The survey team's theodolite bears serial number,ED89,UD60,1.4730377197265625,1.4208002090454102,1.6495461463928223,19.65852615237236,21.225978729315102,21.708661460783333
0,2.0,6,0.5455,The seismograph at Ridge Camp reports as instrument,JT87,CM24,0.7057490348815918,2.0350513458251953,1.2688674926757812,17.012966267066076,13.60121737420559,14.104410786181688
0,2.0,7,0.6364,The winter quarters roof panel came from batch,LR81,BV12,-0.21684980392456055,-0.4360947608947754,0.21745061874389648,18.16511170193553,13.739295445382595,12.783036109060049
0,2.0,8,0.7273,The customs declaration quotes reference code,DM65,GF25,0.4762401580810547,0.007545948028564453,-0.005878925323486328,19.169248669059016,17.088459325954318,17.281789747066796
0,2.0,9,0.8182,The reserve fuel depot is listed at site code,LV91,RG17,0.4870634078979492,1.3489274978637695,1.4777073860168457,19.423630821926054,16.80665159225464,17.885016235988587
0,2.0,10,0.9091,The ice core drilling rig was delivered as unit,GT71,PV22,0.3324260711669922,0.47953128814697266,0.7153744697570801,21.338226908585057,17.61019826028496,19.053618017118424
0,2.0,11,1.0,The mail packet from Vlissen came in pouch number,QS43,JC38,-0.47894906997680664,-0.5312390327453613,-1.9426536560058594,18.721352213877253,15.593275445513427,17.70109941251576
0,3.0,0,0.0,The quartermaster's tally sheet uses form number,NP15,PB22,-1.8546149730682373,-4.936789035797119,-2.318770408630371,20.15101282019168,18.215213790535927,16.415654361248016
0,3.0,1,0.0909,The diesel storage tank is stencilled vessel number,JS72,BU91,0.13506746292114258,3.858449935913086,-0.5813560485839844,17.5580970402807,18.195260018110275,20.114179104566574
0,3.0,2,0.1818,The harbour pilot's licence shows registration code,NK71,TV97,0.9097819328308105,-2.631715774536133,-5.13466215133667,19.556194969569333,13.721512146294117,12.754538178443909
0,3.0,3,0.2727,The eastern pumping station runs on circuit label,MU37,CA25,-0.6272311210632324,-2.34682035446167,-3.031538486480713,17.79171660344582,14.481776434928179,17.100339978933334
0,3.0,4,0.3636,The radio operator's logbook continues in volume,SE46,WG87,1.2646069526672363,3.1211180686950684,3.5866055488586426,18.28104548412375,17.478866305202246,19.184907857328653
0,3.0,5,0.4545,The survey team's theodolite bears serial number,ED89,UD60,1.4730377197265625,2.765878677368164,0.9363899230957031,19.65852615237236,20.214574724435806,20.12261663377285
0,3.0,6,0.5455,The seismograph at Ridge Camp reports as instrument,JT87,CM24,0.7057490348815918,6.699465751647949,0.20111083984375,17.012966267066076,15.07828176021576,18.484259251505136
0,3.0,7,0.6364,The winter quarters roof panel came from batch,LR81,BV12,-0.21684980392456055,-2.4358301162719727,-3.9352498054504395,18.16511170193553,15.808092867955565,17.53572604060173
0,3.0,8,0.7273,The customs declaration quotes reference code,DM65,GF25,0.4762401580810547,0.8822169303894043,-0.9498648643493652,19.169248669059016,20.707552252337337,20.140002166852355
0,3.0,9,0.8182,The reserve fuel depot is listed at site code,LV91,RG17,0.4870634078979492,0.17316079139709473,1.4398012161254883,19.423630821926054,20.19964499771595,19.784775665961206
0,3.0,10,0.9091,The ice core drilling rig was delivered as unit,GT71,PV22,0.3324260711669922,2.5773425102233887,0.13620281219482422,21.338226908585057,21.06644194573164,19.701619304716587
0,3.0,11,1.0,The mail packet from Vlissen came in pouch number,QS43,JC38,-0.47894906997680664,4.148666620254517,0.007117748260498047,18.721352213877253,17.78563640266657,18.570582411251962
0,4.0,0,0.0,The quartermaster's tally sheet uses form number,NP15,PB22,-1.8546149730682373,-4.8825507164001465,-5.343865394592285,20.15101282019168,13.159956216812134,13.352340817451477
0,4.0,1,0.0909,The diesel storage tank is stencilled vessel number,JS72,BU91,0.13506746292114258,2.654362201690674,1.2481694221496582,17.5580970402807,16.539285838603973,18.115671157836914
0,4.0,2,0.1818,The harbour pilot's licence shows registration code,NK71,TV97,0.9097819328308105,-1.124072551727295,-2.3728904724121094,19.556194969569333,11.238602757453918,12.50831614434719
0,4.0,3,0.2727,The eastern pumping station runs on circuit label,MU37,CA25,-0.6272311210632324,0.5928778648376465,-2.096749782562256,17.79171660344582,10.372133538126945,15.697365786880255
0,4.0,4,0.3636,The radio operator's logbook continues in volume,SE46,WG87,1.2646069526672363,1.5941400527954102,3.2852964401245117,18.28104548412375,12.180555418133736,16.85504251718521
0,4.0,5,0.4545,The survey team's theodolite bears serial number,ED89,UD60,1.4730377197265625,0.8802971839904785,2.885380744934082,19.65852615237236,18.098808243870735,17.766757301986217
0,4.0,6,0.5455,The seismograph at Ridge Camp reports as instrument,JT87,CM24,0.7057490348815918,7.135498046875,5.965857982635498,17.012966267066076,14.329418078064919,15.158346757292747
0,4.0,7,0.6364,The winter quarters roof panel came from batch,LR81,BV12,-0.21684980392456055,0.004497528076171875,-4.557153701782227,18.16511170193553,12.963867038488388,15.11099037528038
0,4.0,8,0.7273,The customs declaration quotes reference code,DM65,GF25,0.4762401580810547,0.46177101135253906,1.1269726753234863,19.169248669059016,17.68340650945902,17.76271966099739
0,4.0,9,0.8182,The reserve fuel depot is listed at site code,LV91,RG17,0.4870634078979492,1.8277473449707031,0.10207653045654297,19.423630821926054,17.592922115698457,17.358823113143444
0,4.0,10,0.9091,The ice core drilling rig was delivered as unit,GT71,PV22,0.3324260711669922,1.4513130187988281,0.5647916793823242,21.338226908585057,18.081060837954283,17.03714419901371
0,4.0,11,1.0,The mail packet from Vlissen came in pouch number,QS43,JC38,-0.47894906997680664,2.3242545127868652,0.7170991897583008,18.721352213877253,21.429384099319577,18.799233630299568
0,6.0,0,0.0,The quartermaster's tally sheet uses form number,NP15,PB22,-1.8546149730682373,-2.2015371322631836,-0.6816415786743164,20.15101282019168,14.129050970077515,5.710290908813477
0,6.0,1,0.0909,The diesel storage tank is stencilled vessel number,JS72,BU91,0.13506746292114258,3.1314945220947266,0.47833776473999023,17.5580970402807,12.917005777359009,9.809840440750122
0,6.0,2,0.1818,The harbour pilot's licence shows registration code,NK71,TV97,0.9097819328308105,-1.9409270286560059,-1.1269197463989258,19.556194969569333,15.449348777532578,11.194197475910187
0,6.0,3,0.2727,The eastern pumping station runs on circuit label,MU37,CA25,-0.6272311210632324,0.3740510940551758,1.0817859172821045,17.79171660344582,12.168768733739853,11.906423926353455
0,6.0,4,0.3636,The radio operator's logbook continues in volume,SE46,WG87,1.2646069526672363,0.9733343124389648,0.8523926734924316,18.28104548412375,11.846015304327011,11.403928369283676
0,6.0,5,0.4545,The survey team's theodolite bears serial number,ED89,UD60,1.4730377197265625,-0.9750361442565918,2.3460068702697754,19.65852615237236,16.339576870203018,13.481618195772171
0,6.0,6,0.5455,The seismograph at Ridge Camp reports as instrument,JT87,CM24,0.7057490348815918,5.243721008300781,5.241772174835205,17.012966267066076,14.046790458261967,14.87133601307869
0,6.0,7,0.6364,The winter quarters roof panel came from batch,LR81,BV12,-0.21684980392456055,3.0397443771362305,1.6236090660095215,18.16511170193553,11.899199292063713,13.077545449137688
0,6.0,8,0.7273,The customs declaration quotes reference code,DM65,GF25,0.4762401580810547,-0.8121895790100098,-2.9297962188720703,19.169248669059016,13.626835286617279,16.675223857164383
0,6.0,9,0.8182,The reserve fuel depot is listed at site code,LV91,RG17,0.4870634078979492,-1.1299748420715332,0.3472118377685547,19.423630821926054,16.156302947551012,13.566298007965088
0,6.0,10,0.9091,The ice core drilling rig was delivered as unit,GT71,PV22,0.3324260711669922,4.047550678253174,2.8934645652770996,21.338226908585057,17.48302471637726,15.057265758514404
0,6.0,11,1.0,The mail packet from Vlissen came in pouch number,QS43,JC38,-0.47894906997680664,-1.0383872985839844,-1.2206101417541504,18.721352213877253,18.557204145938158,17.99707525409758
1,0.25,0,0.0,The cartography office safe opens with combination,EU18,TG74,-0.654749870300293,-0.7986254692077637,-0.6511950492858887,15.024624491110444,14.80882072285749,14.532840294064954
1,0.25,1,0.0909,The lighthouse relief roster follows schedule,JD73,PR55,-0.9006252288818359,-0.8621835708618164,-0.7088408470153809,15.629640271188691,14.927814234048128,14.860997669980861
1,0.25,2,0.1818,The sealed crate in the annex is marked with inventory tag,QR93,PM10,0.942601203918457,0.9402527809143066,0.9333977699279785,14.806180632207543,15.105586657766253,15.053185503464192
1,0.25,3,0.2727,The telegraph repeater hut answers to station code,NG22,TT89,-0.8292245864868164,-0.8446431159973145,-0.8912954330444336,16.25793323852122,15.19332045619376,15.217807752778754
1,0.25,4,0.3636,The customs declaration quotes reference code,RA59,VL68,0.45245790481567383,0.20762014389038086,0.2952399253845215,15.81447047716938,16.508228394843172,15.954326144536026
1,0.25,5,0.4545,The seismograph at Ridge Camp reports as instrument,PV10,VA39,0.09975624084472656,0.03721475601196289,0.12167119979858398,14.173771319910884,15.290521048009396,14.825658545363694
1,0.25,6,0.5455,The archive microfilm reel is filed under shelf mark,DL13,WF80,0.04717063903808594,0.13297080993652344,0.19149017333984375,15.426900855731219,16.64098285441287,15.966269446536899
1,0.25,7,0.6364,The radio operator's logbook continues in volume,AA93,UF21,-0.1514568328857422,-0.32869386672973633,-0.15443801879882812,15.08332931669429,16.13194551912602,16.23208865011111
1,0.25,8,0.7273,The expedition's spare sledge carries equipment tag,TA58,TJ14,-0.8602080345153809,-0.6272740364074707,-0.5977849960327148,16.493343249429017,17.26728001749143,16.820058902958408
1,0.25,9,0.8182,The quartermaster's tally sheet uses form number,HQ73,XC20,0.5462942123413086,0.655238151550293,0.5373044013977051,17.322671727626584,17.83348434761865,17.673358322645072
1,0.25,10,0.9091,The hydrographic chart set reached edition,TH54,AQ11,-1.6914381980895996,-1.531219482421875,-1.5221762657165527,15.765057034790516,16.20164850866422,16.292480828240514
1,0.25,11,1.0,Feld's field notebook carries catalogue reference,HX38,DV33,-1.1074261665344238,-1.0604510307312012,-0.8520379066467285,17.79775174986571,18.73739519144874,19.345774196030106
1,0.5,0,0.0,The cartography office safe opens with combination,EU18,TG74,-0.654749870300293,-0.9016594886779785,-0.9206552505493164,15.024624491110444,15.11586780846119,15.24050389090553
1,0.5,1,0.0909,The lighthouse relief roster follows schedule,JD73,PR55,-0.9006252288818359,-1.0380511283874512,-0.8738088607788086,15.629640271188691,15.337531255208887,15.431827192776836
1,0.5,2,0.1818,The sealed crate in the annex is marked with inventory tag,QR93,PM10,0.942601203918457,1.199162483215332,1.1549148559570312,14.806180632207543,16.235057178419083,16.205502391327173
1,0.5,3,0.2727,The telegraph repeater hut answers to station code,NG22,TT89,-0.8292245864868164,-1.0608453750610352,-0.9282360076904297,16.25793323852122,16.287511280504987,16.346848811022937
1,0.5,4,0.3636,The customs declaration quotes reference code,RA59,VL68,0.45245790481567383,0.15425682067871094,0.040853023529052734,15.81447047716938,16.732453493052162,16.630569342290983
1,0.5,5,0.4545,The seismograph at Ridge Camp reports as instrument,PV10,VA39,0.09975624084472656,0.11883306503295898,0.30257749557495117,14.173771319910884,15.884257888421416,15.711210433626547
1,0.5,6,0.5455,The archive microfilm reel is filed under shelf mark,DL13,WF80,0.04717063903808594,-0.06952667236328125,0.09931135177612305,15.426900855731219,18.230258218944073,18.878737698832992
1,0.5,7,0.6364,The radio operator's logbook continues in volume,AA93,UF21,-0.1514568328857422,-0.5203537940979004,-0.2995109558105469,15.08332931669429,16.625388881890103,17.4150476923096
1,0.5,8,0.7273,The expedition's spare sledge carries equipment tag,TA58,TJ14,-0.8602080345153809,-0.788205623626709,-0.7898893356323242,16.493343249429017,17.707797222654335,17.994311771413777
1,0.5,9,0.8182,The quartermaster's tally sheet uses form number,HQ73,XC20,0.5462942123413086,0.385040283203125,0.427518367767334,17.322671727626584,18.455647131544538,17.910802236408927
1,0.5,10,0.9091,The hydrographic chart set reached edition,TH54,AQ11,-1.6914381980895996,-2.215729236602783,-2.022895336151123,15.765057034790516,17.771385935600847,17.757626993814483
1,0.5,11,1.0,Feld's field notebook carries catalogue reference,HX38,DV33,-1.1074261665344238,-1.050447940826416,-1.2596759796142578,17.79775174986571,18.05752940592356,18.31298867019359
1,0.75,0,0.0,The cartography office safe opens with combination,EU18,TG74,-0.654749870300293,-0.8857364654541016,-1.0108256340026855,15.024624491110444,14.933684650808573,15.289934715954587
1,0.75,1,0.0909,The lighthouse relief roster follows schedule,JD73,PR55,-0.9006252288818359,-0.9434728622436523,-0.7051701545715332,15.629640271188691,15.641139455372468,15.750524895265698
1,0.75,2,0.1818,The sealed crate in the annex is marked with inventory tag,QR93,PM10,0.942601203918457,0.9317827224731445,0.974339485168457,14.806180632207543,15.171630073338747,14.213812844827771
1,0.75,3,0.2727,The telegraph repeater hut answers to station code,NG22,TT89,-0.8292245864868164,-1.249856948852539,-1.2958416938781738,16.25793323852122,16.18327444186434,16.041985262185335
1,0.75,4,0.3636,The customs declaration quotes reference code,RA59,VL68,0.45245790481567383,0.3677253723144531,0.3889627456665039,15.81447047716938,16.461526522180066,15.846822415944189
1,0.75,5,0.4545,The seismograph at Ridge Camp reports as instrument,PV10,VA39,0.09975624084472656,0.015790939331054688,-0.0714263916015625,14.173771319910884,15.676556009566411,16.55960637377575
1,0.75,6,0.5455,The archive microfilm reel is filed under shelf mark,DL13,WF80,0.04717063903808594,0.3570518493652344,0.19164133071899414,15.426900855731219,17.541173900826834,17.479418453294784
1,0.75,7,0.6364,The radio operator's logbook continues in volume,AA93,UF21,-0.1514568328857422,-0.5673203468322754,-0.457366943359375,15.08332931669429,15.183210622752085,16.128827158361673
1,0.75,8,0.7273,The expedition's spare sledge carries equipment tag,TA58,TJ14,-0.8602080345153809,-0.7491979598999023,-0.6083898544311523,16.493343249429017,16.276886383420788,16.37207838660106
1,0.75,9,0.8182,The quartermaster's tally sheet uses form number,HQ73,XC20,0.5462942123413086,0.465728759765625,0.5349588394165039,17.322671727626584,17.980269476101967,18.05063161236467
1,0.75,10,0.9091,The hydrographic chart set reached edition,TH54,AQ11,-1.6914381980895996,-1.7841863632202148,-1.4957027435302734,15.765057034790516,16.604002308798954,16.810653369291686
1,0.75,11,1.0,Feld's field notebook carries catalogue reference,HX38,DV33,-1.1074261665344238,-0.6854887008666992,-0.9759163856506348,17.79775174986571,16.665520583745092,18.070795211242512
1,1.0,0,0.0,The cartography office safe opens with combination,EU18,TG74,-0.654749870300293,-1.1004595756530762,-1.4392294883728027,15.024624491110444,16.832551455358043,16.61716930475086
1,1.0,1,0.0909,The lighthouse relief roster follows schedule,JD73,PR55,-0.9006252288818359,-2.523756980895996,-2.165536880493164,15.629640271188691,14.409925951622427,15.786988601088524
1,1.0,2,0.1818,The sealed crate in the annex is marked with inventory tag,QR93,PM10,0.942601203918457,0.2756185531616211,0.3578205108642578,14.806180632207543,14.170144200325012,12.997298560105264
1,1.0,3,0.2727,The telegraph repeater hut answers to station code,NG22,TT89,-0.8292245864868164,-1.0923771858215332,-1.2086753845214844,16.25793323852122,14.98955788766034,15.79937697807327
1,1.0,4,0.3636,The customs declaration quotes reference code,RA59,VL68,0.45245790481567383,0.5825304985046387,0.7011256217956543,15.81447047716938,15.90134099824354,15.990043879603036
1,1.0,5,0.4545,The seismograph at Ridge Camp reports as instrument,PV10,VA39,0.09975624084472656,1.2895402908325195,0.9613966941833496,14.173771319910884,16.45455911150202,16.58313312381506
1,1.0,6,0.5455,The archive microfilm reel is filed under shelf mark,DL13,WF80,0.04717063903808594,0.6002092361450195,0.1632680892944336,15.426900855731219,18.381071163807064,17.965284124249592
1,1.0,7,0.6364,The radio operator's logbook continues in volume,AA93,UF21,-0.1514568328857422,0.07657241821289062,-0.020347118377685547,15.08332931669429,18.132402751478367,18.836994675919414
1,1.0,8,0.7273,The expedition's spare sledge carries equipment tag,TA58,TJ14,-0.8602080345153809,-0.7468357086181641,-0.5606536865234375,16.493343249429017,16.60240013198927,17.60872090799967
1,1.0,9,0.8182,The quartermaster's tally sheet uses form number,HQ73,XC20,0.5462942123413086,0.27466440200805664,0.5808882713317871,17.322671727626584,17.792480590374907,18.1445655565185
1,1.0,10,0.9091,The hydrographic chart set reached edition,TH54,AQ11,-1.6914381980895996,0.20197534561157227,0.19306421279907227,15.765057034790516,17.45500759279821,16.596463625261094
1,1.0,11,1.0,Feld's field notebook carries catalogue reference,HX38,DV33,-1.1074261665344238,-0.6142830848693848,-0.8011798858642578,17.79775174986571,17.989500745898113,19.691679277573712
1,2.0,0,0.0,The cartography office safe opens with combination,EU18,TG74,-0.654749870300293,-0.10503435134887695,-1.5795798301696777,15.024624491110444,13.366803446784616,14.191469539888203
1,2.0,1,0.0909,The lighthouse relief roster follows schedule,JD73,PR55,-0.9006252288818359,-2.338047504425049,-3.0464420318603516,15.629640271188691,11.226694412529469,13.54263131506741
1,2.0,2,0.1818,The sealed crate in the annex is marked with inventory tag,QR93,PM10,0.942601203918457,0.4650688171386719,0.6573948860168457,14.806180632207543,10.59140945225954,11.293380495160818
1,2.0,3,0.2727,The telegraph repeater hut answers to station code,NG22,TT89,-0.8292245864868164,-2.3184971809387207,-2.174344539642334,16.25793323852122,8.591135516762733,11.312614992260933
1,2.0,4,0.3636,The customs declaration quotes reference code,RA59,VL68,0.45245790481567383,1.8653316497802734,1.9249067306518555,15.81447047716938,13.17649179045111,13.465013488195837
1,2.0,5,0.4545,The seismograph at Ridge Camp reports as instrument,PV10,VA39,0.09975624084472656,0.33933496475219727,0.6388187408447266,14.173771319910884,14.13995105586946,15.25546923559159
1,2.0,6,0.5455,The archive microfilm reel is filed under shelf mark,DL13,WF80,0.04717063903808594,0.7719206809997559,0.6667656898498535,15.426900855731219,14.710745798423886,16.052407196722925
1,2.0,7,0.6364,The radio operator's logbook continues in volume,AA93,UF21,-0.1514568328857422,0.15475940704345703,-0.0603940486907959,15.08332931669429,15.739603320602328,17.657521469984204
1,2.0,8,0.7273,The expedition's spare sledge carries equipment tag,TA58,TJ14,-0.8602080345153809,-0.34368085861206055,-0.40178966522216797,16.493343249429017,12.49405518360436,15.573296694085002
1,2.0,9,0.8182,The quartermaster's tally sheet uses form number,HQ73,XC20,0.5462942123413086,1.2101359367370605,1.7221970558166504,17.322671727626584,15.300667676143348,16.308215799275786
1,2.0,10,0.9091,The hydrographic chart set reached edition,TH54,AQ11,-1.6914381980895996,0.40599918365478516,1.5460772514343262,15.765057034790516,12.618842443916947,14.55821556597948
1,2.0,11,1.0,Feld's field notebook carries catalogue reference,HX38,DV33,-1.1074261665344238,-0.3807196617126465,-0.11614322662353516,17.79775174986571,15.205085327848792,16.231268478557467
1,3.0,0,0.0,The cartography office safe opens with combination,EU18,TG74,-0.654749870300293,1.3795208930969238,1.8048710823059082,15.024624491110444,12.888494551181793,14.306614205241203
1,3.0,1,0.0909,The lighthouse relief roster follows schedule,JD73,PR55,-0.9006252288818359,-5.988470554351807,-4.460376262664795,15.629640271188691,14.477588005363941,12.544390492141247
1,3.0,2,0.1818,The sealed crate in the annex is marked with inventory tag,QR93,PM10,0.942601203918457,0.5173559188842773,0.34793663024902344,14.806180632207543,8.62919008731842,12.052073940634727
1,3.0,3,0.2727,The telegraph repeater hut answers to station code,NG22,TT89,-0.8292245864868164,-2.335437297821045,-0.8964333534240723,16.25793323852122,11.924274273216724,13.205894187092781
1,3.0,4,0.3636,The customs declaration quotes reference code,RA59,VL68,0.45245790481567383,4.709597110748291,3.7392988204956055,15.81447047716938,16.37305852305144,15.43236482469365
1,3.0,5,0.4545,The seismograph at Ridge Camp reports as instrument,PV10,VA39,0.09975624084472656,2.1973533630371094,0.9613661766052246,14.173771319910884,17.300287690013647,17.560138405067846
1,3.0,6,0.5455,The archive microfilm reel is filed under shelf mark,DL13,WF80,0.04717063903808594,0.9021062850952148,-3.809054374694824,15.426900855731219,16.088027864694595,18.798610776662827
1,3.0,7,0.6364,The radio operator's logbook continues in volume,AA93,UF21,-0.1514568328857422,1.1489975452423096,0.7036585807800293,15.08332931669429,18.004512034356594,18.17631067149341
1,3.0,8,0.7273,The expedition's spare sledge carries equipment tag,TA58,TJ14,-0.8602080345153809,2.141599655151367,1.5704841613769531,16.493343249429017,16.885802689939737,17.143626999109983
1,3.0,9,0.8182,The quartermaster's tally sheet uses form number,HQ73,XC20,0.5462942123413086,0.2260122299194336,5.9830780029296875,17.322671727626584,19.456602089107037,16.561598159372807
1,3.0,10,0.9091,The hydrographic chart set reached edition,TH54,AQ11,-1.6914381980895996,1.3781685829162598,-0.3585643768310547,15.765057034790516,14.054915466113016,13.75013397843577
1,3.0,11,1.0,Feld's field notebook carries catalogue reference,HX38,DV33,-1.1074261665344238,4.293441295623779,1.963550090789795,17.79775174986571,17.717518797144294,19.403651404194534
1,4.0,0,0.0,The cartography office safe opens with combination,EU18,TG74,-0.654749870300293,0.9457921981811523,2.1548385620117188,15.024624491110444,11.456489950418472,15.23343525826931
1,4.0,1,0.0909,The lighthouse relief roster follows schedule,JD73,PR55,-0.9006252288818359,-3.771399974822998,-7.090188980102539,15.629640271188691,13.230000019073486,13.711274713277817
1,4.0,2,0.1818,The sealed crate in the annex is marked with inventory tag,QR93,PM10,0.942601203918457,-1.381169319152832,0.6377706527709961,14.806180632207543,10.544637501239777,12.941814683377743
1,4.0,3,0.2727,The telegraph repeater hut answers to station code,NG22,TT89,-0.8292245864868164,-2.6420998573303223,-0.8946199417114258,16.25793323852122,12.08656194806099,13.958154149353504
1,4.0,4,0.3636,The customs declaration quotes reference code,RA59,VL68,0.45245790481567383,2.897463321685791,7.235694885253906,15.81447047716938,16.65729176066816,14.03733529523015
1,4.0,5,0.4545,The seismograph at Ridge Camp reports as instrument,PV10,VA39,0.09975624084472656,-1.641655445098877,-0.7610249519348145,14.173771319910884,13.716328561306,15.16899038106203
1,4.0,6,0.5455,The archive microfilm reel is filed under shelf mark,DL13,WF80,0.04717063903808594,0.10090112686157227,-2.138566493988037,15.426900855731219,19.89271993562579,16.050684049725533
1,4.0,7,0.6364,The radio operator's logbook continues in volume,AA93,UF21,-0.1514568328857422,2.1874074935913086,0.5652542114257812,15.08332931669429,16.659708738327026,17.921833902597427
1,4.0,8,0.7273,The expedition's spare sledge carries equipment tag,TA58,TJ14,-0.8602080345153809,0.28255748748779297,1.461137294769287,16.493343249429017,15.894555196166039,20.020376455038786
1,4.0,9,0.8182,The quartermaster's tally sheet uses form number,HQ73,XC20,0.5462942123413086,-0.08636331558227539,2.3433895111083984,17.322671727626584,17.167353704571724,17.461262803524733
1,4.0,10,0.9091,The hydrographic chart set reached edition,TH54,AQ11,-1.6914381980895996,-1.784341812133789,-0.6040453910827637,15.765057034790516,15.267905202694237,13.401787151116878
1,4.0,11,1.0,Feld's field notebook carries catalogue reference,HX38,DV33,-1.1074261665344238,0.9211931228637695,-1.8801326751708984,17.79775174986571,19.12844909541309,19.833411248400807
1,6.0,0,0.0,The cartography office safe opens with combination,EU18,TG74,-0.654749870300293,2.6438989639282227,0.846649169921875,15.024624491110444,1.7050848007202148,3.8846311569213867
1,6.0,1,0.0909,The lighthouse relief roster follows schedule,JD73,PR55,-0.9006252288818359,-3.023012638092041,-0.5580120086669922,15.629640271188691,8.053426861763,7.147882699966431
1,6.0,2,0.1818,The sealed crate in the annex is marked with inventory tag,QR93,PM10,0.942601203918457,2.9333925247192383,2.583512783050537,14.806180632207543,6.908330321311951,3.8387457132339478
1,6.0,3,0.2727,The telegraph repeater hut answers to station code,NG22,TT89,-0.8292245864868164,-1.6991910934448242,-1.9915351867675781,16.25793323852122,8.952266693115234,5.963293552398682
1,6.0,4,0.3636,The customs declaration quotes reference code,RA59,VL68,0.45245790481567383,2.803765296936035,6.108316421508789,15.81447047716938,10.803018391132355,10.24200850725174
1,6.0,5,0.4545,The seismograph at Ridge Camp reports as instrument,PV10,VA39,0.09975624084472656,0.04064130783081055,-0.10812997817993164,14.173771319910884,10.075275778770447,7.7797428369522095
1,6.0,6,0.5455,The archive microfilm reel is filed under shelf mark,DL13,WF80,0.04717063903808594,2.4985103607177734,-0.8641695976257324,15.426900855731219,11.831629157066345,12.22416615486145
1,6.0,7,0.6364,The radio operator's logbook continues in volume,AA93,UF21,-0.1514568328857422,4.780621767044067,-0.3204050064086914,15.08332931669429,9.459548830986023,9.936104893684387
1,6.0,8,0.7273,The expedition's spare sledge carries equipment tag,TA58,TJ14,-0.8602080345153809,-0.35988903045654297,2.8388051986694336,16.493343249429017,14.572091817855835,17.212579518556595
1,6.0,9,0.8182,The quartermaster's tally sheet uses form number,HQ73,XC20,0.5462942123413086,2.0897393226623535,1.9444880485534668,17.322671727626584,12.317621648311615,14.041123032569885
1,6.0,10,0.9091,The hydrographic chart set reached edition,TH54,AQ11,-1.6914381980895996,-0.5021910667419434,-1.0789175033569336,15.765057034790516,7.222496390342712,9.811329960823059
1,6.0,11,1.0,Feld's field notebook carries catalogue reference,HX38,DV33,-1.1074261665344238,0.8384475708007812,-1.9115967750549316,17.79775174986571,14.193895816802979,15.377049446105957
2,0.25,0,0.0,The meteorological buoy broadcasts on transponder code,BC20,AC24,0.005362987518310547,0.022888660430908203,0.06903457641601562,17.040394271258265,16.67770586023107,16.77630813140422
2,0.25,1,0.0909,The salvage tender was registered with hull number,MF95,CA15,2.231168746948242,2.3449835777282715,2.264315128326416,17.97481711790897,18.051904695341364,17.56559570878744
2,0.25,2,0.1818,The medical supply locker was closed with seal number,GV14,JE30,-0.9844608306884766,-1.0352587699890137,-1.0852642059326172,19.510119580489118,18.637062784284353,18.493332569894847
2,0.25,3,0.2727,The observatory's spare mirror was ordered as part number,UX30,ZF76,-1.1921820640563965,-1.264380931854248,-1.181562900543213,16.90916015789844,17.96633827034384,17.461975739337504
2,0.25,4,0.3636,The cartography office safe opens with combination,PW60,YA59,2.026714324951172,1.8101110458374023,1.9636645317077637,17.843883196881507,18.487998573749792,18.821604317286983
2,0.25,5,0.4545,Feld's field notebook carries catalogue reference,JB13,UB41,1.0081276893615723,0.8178267478942871,0.9831104278564453,18.820995611371472,19.06532802764559,18.96355578303337
2,0.25,6,0.5455,The reserve fuel depot is listed at site code,MQ50,EB10,2.634246826171875,2.95139741897583,2.6914329528808594,18.32033606735058,16.80017697252333,16.750065666157752
2,0.25,7,0.6364,The telegraph repeater hut answers to station code,NP77,MV90,0.1986379623413086,0.3177180290222168,0.33352136611938477,15.750919435173273,16.17284666164778,15.973313537891954
2,0.25,8,0.7273,The northern relay station operates under callsign,FT32,KL72,-1.3853051662445068,-1.266035795211792,-1.0049726963043213,16.9545013353345,16.57778243033681,16.53195771778701
2,0.25,9,0.8182,The archive microfilm reel is filed under shelf mark,HH13,AK67,-1.6295037269592285,-1.7932157516479492,-1.7767691612243652,17.120394291123375,17.416996513609774,17.256265021511354
2,0.25,10,0.9091,The expedition's spare sledge carries equipment tag,FL32,TV15,-0.22600030899047852,-0.28629398345947266,-0.13800811767578125,23.030485145282,22.34666631813161,22.159770228900015
2,0.25,11,1.0,The survey team's theodolite bears serial number,ES75,YE70,0.1657090187072754,0.2042555809020996,0.2641892433166504,15.918459410197102,15.402274686843157,15.883239175193012
2,0.5,0,0.0,The meteorological buoy broadcasts on transponder code,BC20,AC24,0.005362987518310547,0.05825233459472656,-0.05731058120727539,17.040394271258265,16.594736243598163,16.947797496570274
2,0.5,1,0.0909,The salvage tender was registered with hull number,MF95,CA15,2.231168746948242,2.296638011932373,2.3003134727478027,17.97481711790897,18.12483837082982,18.61316736624576
2,0.5,2,0.1818,The medical supply locker was closed with seal number,GV14,JE30,-0.9844608306884766,-1.0762348175048828,-1.0897040367126465,19.510119580489118,19.674729176418623,20.03501265886007
2,0.5,3,0.2727,The observatory's spare mirror was ordered as part number,UX30,ZF76,-1.1921820640563965,-1.3369593620300293,-1.1464228630065918,16.90916015789844,18.920233041862957,18.579248044406995
2,0.5,4,0.3636,The cartography office safe opens with combination,PW60,YA59,2.026714324951172,1.872711181640625,1.8530092239379883,17.843883196881507,19.267343182407785,19.189934580703266
2,0.5,5,0.4545,Feld's field notebook carries catalogue reference,JB13,UB41,1.0081276893615723,0.9437093734741211,0.5748071670532227,18.820995611371472,18.971085173310712,19.020506136585027
2,0.5,6,0.5455,The reserve fuel depot is listed at site code,MQ50,EB10,2.634246826171875,2.60579776763916,2.7109251022338867,18.32033606735058,18.65918555308599,18.36233438900672
2,0.5,7,0.6364,The telegraph repeater hut answers to station code,NP77,MV90,0.1986379623413086,0.30506277084350586,0.2732100486755371,15.750919435173273,17.0612610548269,16.750557503895834
2,0.5,8,0.7273,The northern relay station operates under callsign,FT32,KL72,-1.3853051662445068,-1.4688265323638916,-1.2481989860534668,16.9545013353345,17.452606688340893,17.94854540063534
2,0.5,9,0.8182,The archive microfilm reel is filed under shelf mark,HH13,AK67,-1.6295037269592285,-2.1119236946105957,-1.8262014389038086,17.120394291123375,18.006431540707126,18.176890231552534
2,0.5,10,0.9091,The expedition's spare sledge carries equipment tag,FL32,TV15,-0.22600030899047852,0.06865978240966797,-0.18797731399536133,23.030485145282,23.074465523357503,22.708680574665777
2,0.5,11,1.0,The survey team's theodolite bears serial number,ES75,YE70,0.1657090187072754,0.3442392349243164,0.4133615493774414,15.918459410197102,17.151989006553777,17.427382975583896
2,0.75,0,0.0,The meteorological buoy broadcasts on transponder code,BC20,AC24,0.005362987518310547,-0.2355027198791504,0.04544496536254883,17.040394271258265,18.374063112190925,18.184572188125458
2,0.75,1,0.0909,The salvage tender was registered with hull number,MF95,CA15,2.231168746948242,1.267399787902832,1.8116116523742676,17.97481711790897,18.498991365078837,18.038840415421873
2,0.75,2,0.1818,The medical supply locker was closed with seal number,GV14,JE30,-0.9844608306884766,-0.6480731964111328,-0.9801373481750488,19.510119580489118,20.522953581996262,19.918573736824328
2,0.75,3,0.2727,The observatory's spare mirror was ordered as part number,UX30,ZF76,-1.1921820640563965,-0.9474754333496094,-1.122035026550293,16.90916015789844,19.204174056998454,18.51028803596273
2,0.75,4,0.3636,The cartography office safe opens with combination,PW60,YA59,2.026714324951172,1.6605782508850098,1.7523269653320312,17.843883196881507,19.688554193940945,18.807144146761857
2,0.75,5,0.4545,Feld's field notebook carries catalogue reference,JB13,UB41,1.0081276893615723,-0.6806116104125977,-0.5234918594360352,18.820995611371472,19.11437109974213,18.348609195731115
2,0.75,6,0.5455,The reserve fuel depot is listed at site code,MQ50,EB10,2.634246826171875,2.036436080932617,2.3373517990112305,18.32033606735058,17.507238893012982,17.030423994292505
2,0.75,7,0.6364,The telegraph repeater hut answers to station code,NP77,MV90,0.1986379623413086,0.3669252395629883,0.470489501953125,15.750919435173273,17.535419075284153,17.78995914949337
2,0.75,8,0.7273,The northern relay station operates under callsign,FT32,KL72,-1.3853051662445068,-1.151686668395996,-1.1848294734954834,16.9545013353345,17.213404334936058,16.85337322310079
2,0.75,9,0.8182,The archive microfilm reel is filed under shelf mark,HH13,AK67,-1.6295037269592285,-1.6760039329528809,-1.4126644134521484,17.120394291123375,19.114132505987072,18.577538005192764
2,0.75,10,0.9091,The expedition's spare sledge carries equipment tag,FL32,TV15,-0.22600030899047852,-0.45172548294067383,-0.4733595848083496,23.030485145282,23.615766160131898,23.348905086691957
2,0.75,11,1.0,The survey team's theodolite bears serial number,ES75,YE70,0.1657090187072754,-0.20290708541870117,0.21825265884399414,15.918459410197102,17.223107363388408,17.171978602709714
2,1.0,0,0.0,The meteorological buoy broadcasts on transponder code,BC20,AC24,0.005362987518310547,0.4186677932739258,0.689570426940918,17.040394271258265,16.28060636552982,17.211144914734177
2,1.0,1,0.0909,The salvage tender was registered with hull number,MF95,CA15,2.231168746948242,2.3657989501953125,2.1870880126953125,17.97481711790897,16.75057855155319,16.46443818649277
2,1.0,2,0.1818,The medical supply locker was closed with seal number,GV14,JE30,-0.9844608306884766,-2.534219980239868,-2.2959423065185547,19.510119580489118,18.38181092578452,18.726022348040715
2,1.0,3,0.2727,The observatory's spare mirror was ordered as part number,UX30,ZF76,-1.1921820640563965,0.8980998992919922,1.0294222831726074,16.90916015789844,16.71815431327559,17.08941281121224
2,1.0,4,0.3636,The cartography office safe opens with combination,PW60,YA59,2.026714324951172,1.059591293334961,1.1233181953430176,17.843883196881507,18.01388516195584,18.29284746129997
2,1.0,5,0.4545,Feld's field notebook carries catalogue reference,JB13,UB41,1.0081276893615723,-0.10146760940551758,-0.6916205883026123,18.820995611371472,17.78203688468784,17.62698658904992
2,1.0,6,0.5455,The reserve fuel depot is listed at site code,MQ50,EB10,2.634246826171875,3.0297436714172363,2.8000454902648926,18.32033606735058,15.679431612137705,16.32751072687097
2,1.0,7,0.6364,The telegraph repeater hut answers to station code,NP77,MV90,0.1986379623413086,0.22254323959350586,-0.09526181221008301,15.750919435173273,17.34274196624756,18.1283027138561
2,1.0,8,0.7273,The northern relay station operates under callsign,FT32,KL72,-1.3853051662445068,-1.6786623001098633,-1.7127974033355713,16.9545013353345,16.3979617432924,16.895499186357483
2,1.0,9,0.8182,The archive microfilm reel is filed under shelf mark,HH13,AK67,-1.6295037269592285,-1.4817075729370117,-1.4058547019958496,17.120394291123375,18.06451545865275,17.886395585839637
2,1.0,10,0.9091,The expedition's spare sledge carries equipment tag,FL32,TV15,-0.22600030899047852,-0.8619399070739746,-0.6150689125061035,23.030485145282,24.445781873888336,23.917334229161497
2,1.0,11,1.0,The survey team's theodolite bears serial number,ES75,YE70,0.1657090187072754,0.8463964462280273,0.48304080963134766,15.918459410197102,16.985088447807357,16.647640551440418
2,2.0,0,0.0,The meteorological buoy broadcasts on transponder code,BC20,AC24,0.005362987518310547,0.15228509902954102,1.3121647834777832,17.040394271258265,13.832361159846187,11.431601878255606
2,2.0,1,0.0909,The salvage tender was registered with hull number,MF95,CA15,2.231168746948242,1.5715904235839844,3.16729736328125,17.97481711790897,17.221292127855122,17.272892609238625
2,2.0,2,0.1818,The medical supply locker was closed with seal number,GV14,JE30,-0.9844608306884766,-3.0142455101013184,-4.219295024871826,19.510119580489118,18.337422814918682,19.157200576737523
2,2.0,3,0.2727,The observatory's spare mirror was ordered as part number,UX30,ZF76,-1.1921820640563965,-0.16998767852783203,1.6873483657836914,16.90916015789844,15.661929687485099,17.26760466583073
2,2.0,4,0.3636,The cartography office safe opens with combination,PW60,YA59,2.026714324951172,1.0924477577209473,0.9453845024108887,17.843883196881507,16.501459762454033,17.70621976768598
2,2.0,5,0.4545,Feld's field notebook carries catalogue reference,JB13,UB41,1.0081276893615723,0.03778409957885742,-0.2938370704650879,18.820995611371472,16.86006386950612,17.782314884476364
2,2.0,6,0.5455,The reserve fuel depot is listed at site code,MQ50,EB10,2.634246826171875,3.6414036750793457,7.031430721282959,18.32033606735058,14.20745219103992,13.940729023888707
2,2.0,7,0.6364,The telegraph repeater hut answers to station code,NP77,MV90,0.1986379623413086,1.6398735046386719,0.18625116348266602,15.750919435173273,17.693066731095314,19.520497297868133
2,2.0,8,0.7273,The northern relay station operates under callsign,FT32,KL72,-1.3853051662445068,-2.9242734909057617,-2.109499454498291,16.9545013353345,14.751819180324674,17.462111772969365
2,2.0,9,0.8182,The archive microfilm reel is filed under shelf mark,HH13,AK67,-1.6295037269592285,-1.8869504928588867,-3.2406866550445557,17.120394291123375,17.768016076181084,16.048546554520726
2,2.0,10,0.9091,The expedition's spare sledge carries equipment tag,FL32,TV15,-0.22600030899047852,0.12984609603881836,1.2733397483825684,23.030485145282,20.758453886723146,22.815888329176232
2,2.0,11,1.0,The survey team's theodolite bears serial number,ES75,YE70,0.1657090187072754,2.1914384365081787,2.1796908378601074,15.918459410197102,16.612890532705933,16.542274283245206
2,3.0,0,0.0,The meteorological buoy broadcasts on transponder code,BC20,AC24,0.005362987518310547,-0.8153996467590332,0.8619122505187988,17.040394271258265,15.64298839122057,8.952946305274963
2,3.0,1,0.0909,The salvage tender was registered with hull number,MF95,CA15,2.231168746948242,2.9511518478393555,2.768853187561035,17.97481711790897,15.874151609838009,14.549497842788696
2,3.0,2,0.1818,The medical supply locker was closed with seal number,GV14,JE30,-0.9844608306884766,-3.9672436714172363,-2.679102897644043,19.510119580489118,19.53264443948865,19.70650362968445
2,3.0,3,0.2727,The observatory's spare mirror was ordered as part number,UX30,ZF76,-1.1921820640563965,0.7149486541748047,-1.259692668914795,16.90916015789844,11.210996448993683,14.839480638504028
2,3.0,4,0.3636,The cartography office safe opens with combination,PW60,YA59,2.026714324951172,1.4799790382385254,1.6421418190002441,17.843883196881507,14.115854442119598,13.878394365310669
2,3.0,5,0.4545,Feld's field notebook carries catalogue reference,JB13,UB41,1.0081276893615723,-4.249356031417847,-1.7207746505737305,18.820995611371472,15.549389690160751,14.836658954620361
2,3.0,6,0.5455,The reserve fuel depot is listed at site code,MQ50,EB10,2.634246826171875,4.382645606994629,-0.7280316352844238,18.32033606735058,12.821431338787079,14.006728507578373
2,3.0,7,0.6364,The telegraph repeater hut answers to station code,NP77,MV90,0.1986379623413086,1.4543571472167969,0.41584014892578125,15.750919435173273,16.62195873260498,18.517762649804354
2,3.0,8,0.7273,The northern relay station operates under callsign,FT32,KL72,-1.3853051662445068,-5.7532243728637695,-4.130444526672363,16.9545013353345,15.38568165525794,18.542335122823715
2,3.0,9,0.8182,The archive microfilm reel is filed under shelf mark,HH13,AK67,-1.6295037269592285,-3.143566608428955,-1.6721553802490234,17.120394291123375,16.828273952007294,16.13268794491887
2,3.0,10,0.9091,The expedition's spare sledge carries equipment tag,FL32,TV15,-0.22600030899047852,1.1168112754821777,1.854191780090332,23.030485145282,21.83168451488018,22.008796472102404
2,3.0,11,1.0,The survey team's theodolite bears serial number,ES75,YE70,0.1657090187072754,7.207201242446899,1.5268001556396484,15.918459410197102,17.01106057316065,15.616328671574593
2,4.0,0,0.0,The meteorological buoy broadcasts on transponder code,BC20,AC24,0.005362987518310547,-1.341221809387207,0.6513795852661133,17.040394271258265,13.139719665050507,10.063596844673157
2,4.0,1,0.0909,The salvage tender was registered with hull number,MF95,CA15,2.231168746948242,1.3742060661315918,1.1918163299560547,17.97481711790897,14.133393049240112,11.87986135482788
2,4.0,2,0.1818,The medical supply locker was closed with seal number,GV14,JE30,-0.9844608306884766,-3.5622825622558594,-1.4445037841796875,19.510119580489118,13.422947376966476,15.312013626098633
2,4.0,3,0.2727,The observatory's spare mirror was ordered as part number,UX30,ZF76,-1.1921820640563965,0.6675710678100586,0.5654697418212891,16.90916015789844,13.976505935192108,11.554884791374207
2,4.0,4,0.3636,The cartography office safe opens with combination,PW60,YA59,2.026714324951172,1.37739896774292,0.1181478500366211,17.843883196881507,13.633939623832703,11.632132411003113
2,4.0,5,0.4545,Feld's field notebook carries catalogue reference,JB13,UB41,1.0081276893615723,-5.843382835388184,-1.3002715110778809,18.820995611371472,13.208771407604218,15.670677170157433
2,4.0,6,0.5455,The reserve fuel depot is listed at site code,MQ50,EB10,2.634246826171875,-0.186798095703125,2.9317574501037598,18.32033606735058,11.574649810791016,14.026456207036972
2,4.0,7,0.6364,The telegraph repeater hut answers to station code,NP77,MV90,0.1986379623413086,1.6496281623840332,-0.8914070129394531,15.750919435173273,17.996971901506186,16.73680506646633
2,4.0,8,0.7273,The northern relay station operates under callsign,FT32,KL72,-1.3853051662445068,-4.265792369842529,-4.16609001159668,16.9545013353345,15.31654879450798,16.130331866443157
2,4.0,9,0.8182,The archive microfilm reel is filed under shelf mark,HH13,AK67,-1.6295037269592285,-7.35703444480896,-1.3105027675628662,17.120394291123375,16.745515435934067,16.6346842572093
2,4.0,10,0.9091,The expedition's spare sledge carries equipment tag,FL32,TV15,-0.22600030899047852,2.448275089263916,2.7734193801879883,23.030485145282,19.855867229402065,19.36617760360241
2,4.0,11,1.0,The survey team's theodolite bears serial number,ES75,YE70,0.1657090187072754,7.11137592792511,2.9913330078125,15.918459410197102,16.685644844546914,14.530685203149915
2,6.0,0,0.0,The meteorological buoy broadcasts on transponder code,BC20,AC24,0.005362987518310547,-1.2093114852905273,-0.3200702667236328,17.040394271258265,5.218884706497192,5.799280643463135
2,6.0,1,0.0909,The salvage tender was registered with hull number,MF95,CA15,2.231168746948242,-0.5507001876831055,-0.22148370742797852,17.97481711790897,9.78530901670456,14.98850616812706
2,6.0,2,0.1818,The medical supply locker was closed with seal number,GV14,JE30,-0.9844608306884766,-3.4154276847839355,1.6315836906433105,19.510119580489118,11.417503595352173,13.18699985742569
2,6.0,3,0.2727,The observatory's spare mirror was ordered as part number,UX30,ZF76,-1.1921820640563965,1.1678223609924316,2.8176231384277344,16.90916015789844,4.262383580207825,12.6820427775383
2,6.0,4,0.3636,The cartography office safe opens with combination,PW60,YA59,2.026714324951172,0.5796518325805664,-0.7674546241760254,17.843883196881507,12.627513647079468,15.289290726184845
2,6.0,5,0.4545,Feld's field notebook carries catalogue reference,JB13,UB41,1.0081276893615723,-2.36561918258667,-0.5746421813964844,18.820995611371472,13.74859994649887,15.939664840698242
2,6.0,6,0.5455,The reserve fuel depot is listed at site code,MQ50,EB10,2.634246826171875,-0.5071773529052734,-1.669081687927246,18.32033606735058,11.888003826141357,13.254655361175537
2,6.0,7,0.6364,The telegraph repeater hut answers to station code,NP77,MV90,0.1986379623413086,-0.16523957252502441,-0.5638508796691895,15.750919435173273,14.52195280790329,17.67131521552801
2,6.0,8,0.7273,The northern relay station operates under callsign,FT32,KL72,-1.3853051662445068,-2.3927407264709473,-3.1407084465026855,16.9545013353345,16.761517360806465,20.368809651583433
2,6.0,9,0.8182,The archive microfilm reel is filed under shelf mark,HH13,AK67,-1.6295037269592285,-3.523858070373535,-0.21978187561035156,17.120394291123375,12.92091578245163,15.101581260561943
2,6.0,10,0.9091,The expedition's spare sledge carries equipment tag,FL32,TV15,-0.22600030899047852,1.703885555267334,0.8250603675842285,23.030485145282,19.349035128951073,21.08961259573698
2,6.0,11,1.0,The survey team's theodolite bears serial number,ES75,YE70,0.1657090187072754,7.1643900871276855,3.224297523498535,15.918459410197102,15.64861873537302,13.881023168563843
3,0.25,0,0.0,The shipment of core samples travelled under consignment code,HU79,SN92,-1.694298505783081,-1.9515721797943115,-2.2846481800079346,16.092702586669475,15.658040929585695,16.096936609596014
3,0.25,1,0.0909,The freight siding at Kelder appears on the plan as track,EM87,DV74,4.141169548034668,3.4762635231018066,3.7271170616149902,12.82147924322635,13.002418717835099,12.840029774233699
3,0.25,2,0.1818,The signal lamp housing takes fitting code,RW84,JP91,0.48580121994018555,0.5986175537109375,0.5449838638305664,15.659023858606815,15.08835666300729,15.266101786401123
3,0.25,3,0.2727,The coastal watchtower is designated post,CV11,KP43,-3.015475273132324,-4.003787040710449,-3.3016366958618164,17.144490694161505,17.517109965439886,16.802614450920373
3,0.25,4,0.3636,The winter supply manifest lists lot number,RJ80,SK80,0.13831377029418945,0.2503695487976074,0.17975759506225586,15.85596306109801,15.41945015778765,15.35127121815458
3,0.25,5,0.4545,The ice core drilling rig was delivered as unit,HG70,LA63,-0.7992572784423828,-0.9711089134216309,-1.2554879188537598,17.3677276946255,16.28183984849602,16.52627915609628
3,0.25,6,0.5455,The lighthouse relief roster follows schedule,TT70,UL12,-2.0172104835510254,-1.4243502616882324,-1.4723186492919922,14.951238365261815,14.793054760200903,14.820486391428858
3,0.25,7,0.6364,The harbour pilot's licence shows registration code,NW29,NV85,0.0004153251647949219,0.025806427001953125,0.026106834411621094,17.099556782399304,17.5275102982705,17.523292121710256
3,0.25,8,0.7273,The cartography office safe opens with combination,HW29,WE17,-0.050766944885253906,-0.17050457000732422,-0.19565534591674805,15.98337981523946,15.616954578785226,15.86409011343494
3,0.25,9,0.8182,The reserve fuel depot is listed at site code,SN11,WW52,0.5231595039367676,0.4869718551635742,0.39174938201904297,18.231455217581242,17.80428673233837,17.73949036281556
3,0.25,10,0.9091,The medical supply locker was closed with seal number,XC30,QM96,-0.7600650787353516,-1.0792360305786133,-1.0584807395935059,16.686289760516956,16.239048451185226,17.19173392257653
3,0.25,11,1.0,The diesel storage tank is stencilled vessel number,UB48,MV45,0.35266590118408203,0.3046751022338867,0.10697078704833984,17.926674020010978,18.251580396667123,18.482447925955057
3,0.5,0,0.0,The shipment of core samples travelled under consignment code,HU79,SN92,-1.694298505783081,-1.9763312339782715,-2.3871569633483887,16.092702586669475,15.695193722378463,16.638954810798168
3,0.5,1,0.0909,The freight siding at Kelder appears on the plan as track,EM87,DV74,4.141169548034668,4.04713249206543,4.470503568649292,12.82147924322635,12.649539101868868,13.25443191966042
3,0.5,2,0.1818,The signal lamp housing takes fitting code,RW84,JP91,0.48580121994018555,0.49526548385620117,0.5312867164611816,15.659023858606815,15.47577642975375,16.340926114004105
3,0.5,3,0.2727,The coastal watchtower is designated post,CV11,KP43,-3.015475273132324,-3.9939231872558594,-3.8497872352600098,17.144490694161505,17.149737653322518,17.469843944185413
3,0.5,4,0.3636,The winter supply manifest lists lot number,RJ80,SK80,0.13831377029418945,0.37566089630126953,0.5342278480529785,15.85596306109801,15.85080627957359,16.087601037696004
3,0.5,5,0.4545,The ice core drilling rig was delivered as unit,HG70,LA63,-0.7992572784423828,-0.5986471176147461,-1.1492266654968262,17.3677276946255,17.467996150342515,17.88771596486913
3,0.5,6,0.5455,The lighthouse relief roster follows schedule,TT70,UL12,-2.0172104835510254,-1.3487563133239746,-1.7485771179199219,14.951238365261815,15.167242981726304,15.434809459373355
3,0.5,7,0.6364,The harbour pilot's licence shows registration code,NW29,NV85,0.0004153251647949219,-0.13435983657836914,-0.14092254638671875,17.099556782399304,17.940068935538875,18.41556905800826
3,0.5,8,0.7273,The cartography office safe opens with combination,HW29,WE17,-0.050766944885253906,-0.01172018051147461,0.052752017974853516,15.98337981523946,17.189878239354584,17.75001090648584
3,0.5,9,0.8182,The reserve fuel depot is listed at site code,SN11,WW52,0.5231595039367676,0.6296100616455078,0.5828495025634766,18.231455217581242,18.151036342140287,19.712874157587066
3,0.5,10,0.9091,The medical supply locker was closed with seal number,XC30,QM96,-0.7600650787353516,-0.9489021301269531,-1.3946533203125,16.686289760516956,17.58429015299771,18.681414969149046
3,0.5,11,1.0,The diesel storage tank is stencilled vessel number,UB48,MV45,0.35266590118408203,0.2978057861328125,0.20370197296142578,17.926674020010978,17.670519267441705,18.720511125866324
3,0.75,0,0.0,The shipment of core samples travelled under consignment code,HU79,SN92,-1.694298505783081,-1.579638957977295,-2.14268159866333,16.092702586669475,16.815196795854717,16.62344809481874
3,0.75,1,0.0909,The freight siding at Kelder appears on the plan as track,EM87,DV74,4.141169548034668,2.7431468963623047,3.1411526203155518,12.82147924322635,12.685236574616283,13.158665220020339
3,0.75,2,0.1818,The signal lamp housing takes fitting code,RW84,JP91,0.48580121994018555,0.9303340911865234,0.9827351570129395,15.659023858606815,14.139313537627459,14.577134394086897
3,0.75,3,0.2727,The coastal watchtower is designated post,CV11,KP43,-3.015475273132324,-4.791469097137451,-4.057596683502197,17.144490694161505,16.295965450583026,16.04258360899985
3,0.75,4,0.3636,The winter supply manifest lists lot number,RJ80,SK80,0.13831377029418945,0.21929073333740234,-0.2506141662597656,15.85596306109801,14.559737589210272,14.124240893870592
3,0.75,5,0.4545,The ice core drilling rig was delivered as unit,HG70,LA63,-0.7992572784423828,-0.4749422073364258,-0.9476757049560547,17.3677276946255,15.812351114815101,15.73615627642721
3,0.75,6,0.5455,The lighthouse relief roster follows schedule,TT70,UL12,-2.0172104835510254,-0.6612687110900879,-0.6031808853149414,14.951238365261815,13.484048533253372,13.350283687002957
3,0.75,7,0.6364,The harbour pilot's licence shows registration code,NW29,NV85,0.0004153251647949219,-0.16544294357299805,-0.04342317581176758,17.099556782399304,16.407649396220222,15.989512280095369
3,0.75,8,0.7273,The cartography office safe opens with combination,HW29,WE17,-0.050766944885253906,-0.6005902290344238,-0.36667537689208984,15.98337981523946,16.08171383442823,16.45279265474528
3,0.75,9,0.8182,The reserve fuel depot is listed at site code,SN11,WW52,0.5231595039367676,0.3877987861633301,0.2752537727355957,18.231455217581242,17.368896051310003,17.961722263600677
3,0.75,10,0.9091,The medical supply locker was closed with seal number,XC30,QM96,-0.7600650787353516,-0.3028593063354492,-0.5247125625610352,16.686289760516956,16.535485047847033,16.715918875532225
3,0.75,11,1.0,The diesel storage tank is stencilled vessel number,UB48,MV45,0.35266590118408203,0.7925896644592285,0.4999666213989258,17.926674020010978,16.53984714485705,16.88960410747677
3,1.0,0,0.0,The shipment of core samples travelled under consignment code,HU79,SN92,-1.694298505783081,-1.2160835266113281,-1.3188037872314453,16.092702586669475,14.91192297078669,14.67947836779058
3,1.0,1,0.0909,The freight siding at Kelder appears on the plan as track,EM87,DV74,4.141169548034668,2.0771124362945557,2.6151187419891357,12.82147924322635,9.9715974368155,9.524674023501575
3,1.0,2,0.1818,The signal lamp housing takes fitting code,RW84,JP91,0.48580121994018555,0.304628849029541,0.6805124282836914,15.659023858606815,12.74089436698705,13.966455802321434
3,1.0,3,0.2727,The coastal watchtower is designated post,CV11,KP43,-3.015475273132324,-3.5776758193969727,-3.821202278137207,17.144490694161505,14.772536334581673,14.77882885467261
3,1.0,4,0.3636,The winter supply manifest lists lot number,RJ80,SK80,0.13831377029418945,-0.04325580596923828,-0.17822551727294922,15.85596306109801,13.747947860509157,13.370342679321766
3,1.0,5,0.4545,The ice core drilling rig was delivered as unit,HG70,LA63,-0.7992572784423828,-0.0017218589782714844,-0.5624847412109375,17.3677276946255,12.441760985879228,12.17335789394565
3,1.0,6,0.5455,The lighthouse relief roster follows schedule,TT70,UL12,-2.0172104835510254,-0.5011153221130371,-0.06750297546386719,14.951238365261815,12.510463523678482,13.474887256510556
3,1.0,7,0.6364,The harbour pilot's licence shows registration code,NW29,NV85,0.0004153251647949219,-0.401395320892334,-0.1665792465209961,17.099556782399304,17.362313508521765,16.826758004259318
3,1.0,8,0.7273,The cartography office safe opens with combination,HW29,WE17,-0.050766944885253906,-0.8486700057983398,-0.5413694381713867,15.98337981523946,15.63826847821474,15.68615853600204
3,1.0,9,0.8182,The reserve fuel depot is listed at site code,SN11,WW52,0.5231595039367676,0.8627409934997559,0.5841851234436035,18.231455217581242,18.86655546654947,19.048838587710634
3,1.0,10,0.9091,The medical supply locker was closed with seal number,XC30,QM96,-0.7600650787353516,0.7601184844970703,0.6059837341308594,16.686289760516956,16.57806798676029,16.297503381036222
3,1.0,11,1.0,The diesel storage tank is stencilled vessel number,UB48,MV45,0.35266590118408203,0.3603692054748535,0.3545713424682617,17.926674020010978,16.23596915928647,16.158150048926473
3,2.0,0,0.0,The shipment of core samples travelled under consignment code,HU79,SN92,-1.694298505783081,-0.9842629432678223,-0.7129650115966797,16.092702586669475,12.067871496081352,10.296812623739243
3,2.0,1,0.0909,The freight siding at Kelder appears on the plan as track,EM87,DV74,4.141169548034668,2.303071975708008,2.7196288108825684,12.82147924322635,8.854717135429382,8.753633730113506
3,2.0,2,0.1818,The signal lamp housing takes fitting code,RW84,JP91,0.48580121994018555,0.03490304946899414,0.21342182159423828,15.659023858606815,11.045183472335339,11.031184017658234
3,2.0,3,0.2727,The coastal watchtower is designated post,CV11,KP43,-3.015475273132324,-2.555759906768799,-3.1265759468078613,17.144490694161505,12.564510628581047,13.367023260332644
3,2.0,4,0.3636,The winter supply manifest lists lot number,RJ80,SK80,0.13831377029418945,0.7722072601318359,0.000934600830078125,15.85596306109801,10.118623197078705,11.878656834363937
3,2.0,5,0.4545,The ice core drilling rig was delivered as unit,HG70,LA63,-0.7992572784423828,0.06211519241333008,-0.03844738006591797,17.3677276946255,9.531899482011795,8.82026568427682
3,2.0,6,0.5455,The lighthouse relief roster follows schedule,TT70,UL12,-2.0172104835510254,-0.9338641166687012,-0.27640628814697266,14.951238365261815,10.059464365243912,11.91599951684475
3,2.0,7,0.6364,The harbour pilot's licence shows registration code,NW29,NV85,0.0004153251647949219,-0.11288070678710938,0.3458566665649414,17.099556782399304,12.84317220468074,15.016452079638839
3,2.0,8,0.7273,The cartography office safe opens with combination,HW29,WE17,-0.050766944885253906,-0.43813657760620117,-0.543790340423584,15.98337981523946,12.157049894332886,14.737448431551456
3,2.0,9,0.8182,The reserve fuel depot is listed at site code,SN11,WW52,0.5231595039367676,1.416710376739502,1.2852091789245605,18.231455217581242,15.351858546957374,17.93288441374898
3,2.0,10,0.9091,The medical supply locker was closed with seal number,XC30,QM96,-0.7600650787353516,1.192901372909546,0.5952529907226562,16.686289760516956,14.438788786530495,14.881346466951072
3,2.0,11,1.0,The diesel storage tank is stencilled vessel number,UB48,MV45,0.35266590118408203,-0.49693822860717773,-0.33309030532836914,17.926674020010978,13.140886664390564,14.794265422970057
3,3.0,0,0.0,The shipment of core samples travelled under consignment code,HU79,SN92,-1.694298505783081,-6.120139122009277,-5.078102111816406,16.092702586669475,14.618890166282654,17.429752126336098
3,3.0,1,0.0909,The freight siding at Kelder appears on the plan as track,EM87,DV74,4.141169548034668,0.17121124267578125,0.039731502532958984,12.82147924322635,13.288824371993542,11.226376235485077
3,3.0,2,0.1818,The signal lamp housing takes fitting code,RW84,JP91,0.48580121994018555,2.758220911026001,0.014026641845703125,15.659023858606815,14.478345274925232,15.76651120185852
3,3.0,3,0.2727,The coastal watchtower is designated post,CV11,KP43,-3.015475273132324,-0.28002357482910156,-1.663902759552002,17.144490694161505,17.26317036151886,14.069175511598587
3,3.0,4,0.3636,The winter supply manifest lists lot number,RJ80,SK80,0.13831377029418945,-0.9948744773864746,-0.6211991310119629,15.85596306109801,16.575333781540394,16.214117892086506
3,3.0,5,0.4545,The ice core drilling rig was delivered as unit,HG70,LA63,-0.7992572784423828,3.741664409637451,3.7224583625793457,17.3677276946255,13.745375871658325,13.869973480701447
3,3.0,6,0.5455,The lighthouse relief roster follows schedule,TT70,UL12,-2.0172104835510254,-0.4408555030822754,4.013209819793701,14.951238365261815,14.297168046236038,13.538233794271946
3,3.0,7,0.6364,The harbour pilot's licence shows registration code,NW29,NV85,0.0004153251647949219,-0.8502922058105469,0.34291553497314453,17.099556782399304,18.47224343009293,17.401124771684408
3,3.0,8,0.7273,The cartography office safe opens with combination,HW29,WE17,-0.050766944885253906,-1.4540815353393555,-0.7254180908203125,15.98337981523946,19.82471519522369,19.27391903847456
3,3.0,9,0.8182,The reserve fuel depot is listed at site code,SN11,WW52,0.5231595039367676,1.1392631530761719,1.0179719924926758,18.231455217581242,22.34928172873333,19.40707658510655
3,3.0,10,0.9091,The medical supply locker was closed with seal number,XC30,QM96,-0.7600650787353516,2.7689833641052246,0.3700699806213379,16.686289760516956,17.501473806798458,15.543461110442877
3,3.0,11,1.0,The diesel storage tank is stencilled vessel number,UB48,MV45,0.35266590118408203,2.496732234954834,-3.571626663208008,17.926674020010978,16.400229262188077,13.179980570450425
3,4.0,0,0.0,The shipment of core samples travelled under consignment code,HU79,SN92,-1.694298505783081,-3.587550640106201,-5.243375301361084,16.092702586669475,4.974125385284424,7.736058235168457
3,4.0,1,0.0909,The freight siding at Kelder appears on the plan as track,EM87,DV74,4.141169548034668,-0.6183371543884277,0.7936978340148926,12.82147924322635,10.275265663862228,13.660813078284264
3,4.0,2,0.1818,The signal lamp housing takes fitting code,RW84,JP91,0.48580121994018555,4.1495935916900635,0.08913421630859375,15.659023858606815,13.078505516052246,17.980638191103935
3,4.0,3,0.2727,The coastal watchtower is designated post,CV11,KP43,-3.015475273132324,-2.4278721809387207,-1.5652689933776855,17.144490694161505,14.600697994232178,16.212937861680984
3,4.0,4,0.3636,The winter supply manifest lists lot number,RJ80,SK80,0.13831377029418945,0.11954498291015625,0.10961055755615234,15.85596306109801,15.63805229216814,17.05182198435068
3,4.0,5,0.4545,The ice core drilling rig was delivered as unit,HG70,LA63,-0.7992572784423828,2.8705391883850098,1.1405248641967773,17.3677276946255,14.872347474098206,11.732490554451942
3,4.0,6,0.5455,The lighthouse relief roster follows schedule,TT70,UL12,-2.0172104835510254,2.565887212753296,3.2446603775024414,14.951238365261815,12.215609550476074,11.164756745100021
3,4.0,7,0.6364,The harbour pilot's licence shows registration code,NW29,NV85,0.0004153251647949219,0.3281059265136719,1.3452839851379395,17.099556782399304,15.169806264340878,16.455754157155752
3,4.0,8,0.7273,The cartography office safe opens with combination,HW29,WE17,-0.050766944885253906,-0.6904697418212891,-0.8136625289916992,15.98337981523946,18.74942760542035,18.925608720630407
3,4.0,9,0.8182,The reserve fuel depot is listed at site code,SN11,WW52,0.5231595039367676,2.382669448852539,-2.1171364784240723,18.231455217581242,19.59008177369833,18.247139191254973
3,4.0,10,0.9091,The medical supply locker was closed with seal number,XC30,QM96,-0.7600650787353516,3.786630153656006,-0.1021280288696289,16.686289760516956,14.379791989922523,14.043161869049072
3,4.0,11,1.0,The diesel storage tank is stencilled vessel number,UB48,MV45,0.35266590118408203,3.0350165367126465,-3.295121669769287,17.926674020010978,17.700117602944374,16.40372659638524
3,6.0,0,0.0,The shipment of core samples travelled under consignment code,HU79,SN92,-1.694298505783081,-1.1240625381469727,-0.2491607666015625,16.092702586669475,6.745823860168457,8.30053424835205
3,6.0,1,0.0909,The freight siding at Kelder appears on the plan as track,EM87,DV74,4.141169548034668,1.913982629776001,0.2923245429992676,12.82147924322635,6.898812294006348,7.531117826700211
3,6.0,2,0.1818,The signal lamp housing takes fitting code,RW84,JP91,0.48580121994018555,-0.7058992385864258,2.4635634422302246,15.659023858606815,12.36934095621109,11.017703980207443
3,6.0,3,0.2727,The coastal watchtower is designated post,CV11,KP43,-3.015475273132324,-1.208272933959961,-2.012920379638672,17.144490694161505,13.237178564071655,14.707576140761375
3,6.0,4,0.3636,The winter supply manifest lists lot number,RJ80,SK80,0.13831377029418945,3.5994224548339844,2.0967140197753906,15.85596306109801,14.35030484199524,14.96426573395729
3,6.0,5,0.4545,The ice core drilling rig was delivered as unit,HG70,LA63,-0.7992572784423828,1.3151345252990723,1.5318751335144043,17.3677276946255,14.03068470954895,14.08928894996643
3,6.0,6,0.5455,The lighthouse relief roster follows schedule,TT70,UL12,-2.0172104835510254,0.32872867584228516,-1.3647303581237793,14.951238365261815,12.90123564004898,12.290316686034203
3,6.0,7,0.6364,The harbour pilot's licence shows registration code,NW29,NV85,0.0004153251647949219,0.9290590286254883,2.0757203102111816,17.099556782399304,15.188624061644077,16.46893100440502
3,6.0,8,0.7273,The cartography office safe opens with combination,HW29,WE17,-0.050766944885253906,2.913605213165283,3.0114855766296387,15.98337981523946,18.061421304941177,16.06914982199669
3,6.0,9,0.8182,The reserve fuel depot is listed at site code,SN11,WW52,0.5231595039367676,3.567072868347168,0.4890737533569336,18.231455217581242,19.045499838888645,18.252904027700424
3,6.0,10,0.9091,The medical supply locker was closed with seal number,XC30,QM96,-0.7600650787353516,3.957953691482544,3.282663345336914,16.686289760516956,13.707080468535423,14.457037776708603
3,6.0,11,1.0,The diesel storage tank is stencilled vessel number,UB48,MV45,0.35266590118408203,2.09395170211792,-0.18631219863891602,17.926674020010978,14.797754377126694,14.11689105629921
4,0.25,0,0.0,The survey team's theodolite bears serial number,HK23,DB17,-0.09040594100952148,0.27170825004577637,0.26732373237609863,18.850678869057447,19.318082459270954,19.188906374620274
4,0.25,1,0.0909,The freight siding at Kelder appears on the plan as track,EC18,VB79,1.6512236595153809,1.9378604888916016,1.868934154510498,18.730620438815095,19.605105939204805,19.166252687457018
4,0.25,2,0.1818,The meteorological buoy broadcasts on transponder code,AN80,LB25,-2.067430019378662,-2.034269332885742,-1.9900226593017578,20.00587263284251,20.767673566937447,21.225954801077023
4,0.25,3,0.2727,The customs declaration quotes reference code,KB38,SK62,-0.5284886360168457,-0.3364725112915039,-0.45922183990478516,15.43452101526782,15.716606420930475,15.606908397283405
4,0.25,4,0.3636,The hydrographic chart set reached edition,ST56,WG71,2.3421850204467773,2.378880023956299,2.1367454528808594,18.5180459683761,18.966410094406456,19.577374556916766
4,0.25,5,0.4545,The coastal watchtower is designated post,GF49,GH66,0.710965633392334,1.0199995040893555,1.3814325332641602,18.78182713314891,18.745556761161424,18.483820163586643
4,0.25,6,0.5455,The border checkpoint ledger opens at entry code,KW57,PR14,-1.6657085418701172,-1.5184311866760254,-1.4430351257324219,17.827317293267697,18.616070400108583,18.23016199504491
4,0.25,7,0.6364,The quartermaster's tally sheet uses form number,CV53,HP66,0.08833074569702148,0.16974353790283203,-0.0020880699157714844,22.62325339775998,23.195893680967856,23.224886699870694
4,0.25,8,0.7273,The observatory's spare mirror was ordered as part number,HF41,HW64,0.9138803482055664,1.0483012199401855,1.0728788375854492,13.694241951685399,14.166791801690124,14.182398051023483
4,0.25,9,0.8182,The auxiliary generator was tagged asset number,RJ21,GR34,-1.638944149017334,-1.762446403503418,-1.553823471069336,15.787709528347477,16.392974706483074,16.57347778743133
4,0.25,10,0.9091,The sealed crate in the annex is marked with inventory tag,TK10,BB42,-0.5958213806152344,-0.5584802627563477,-0.4583606719970703,21.96128915506415,23.362275001534726,23.211234102549497
4,0.25,11,1.0,The northern relay station operates under callsign,SG62,GH63,0.516169548034668,0.5709199905395508,0.4335908889770508,15.466759456554428,16.287161685642786,16.55454130913131
4,0.5,0,0.0,The survey team's theodolite bears serial number,HK23,DB17,-0.09040594100952148,0.10561513900756836,0.1325516700744629,18.850678869057447,19.320843898225576,19.109208203852177
4,0.5,1,0.0909,The freight siding at Kelder appears on the plan as track,EC18,VB79,1.6512236595153809,1.951833724975586,1.7799291610717773,18.730620438815095,19.17126078356523,19.940935375343543
4,0.5,2,0.1818,The meteorological buoy broadcasts on transponder code,AN80,LB25,-2.067430019378662,-2.1766438484191895,-1.9894633293151855,20.00587263284251,21.228858449845575,21.227190464851446
4,0.5,3,0.2727,The customs declaration quotes reference code,KB38,SK62,-0.5284886360168457,-0.3519477844238281,-0.3360724449157715,15.43452101526782,15.979835886508226,15.777998033445328
4,0.5,4,0.3636,The hydrographic chart set reached edition,ST56,WG71,2.3421850204467773,1.82865571975708,1.946244716644287,18.5180459683761,19.860199162270874,19.94135480298428
4,0.5,5,0.4545,The coastal watchtower is designated post,GF49,GH66,0.710965633392334,1.3740859031677246,1.365638256072998,18.78182713314891,19.07492815743899,19.274018717056606
4,0.5,6,0.5455,The border checkpoint ledger opens at entry code,KW57,PR14,-1.6657085418701172,-1.628117561340332,-1.5926809310913086,17.827317293267697,18.3037931319559,17.9357737157261
4,0.5,7,0.6364,The quartermaster's tally sheet uses form number,CV53,HP66,0.08833074569702148,0.10040950775146484,0.11119890213012695,22.62325339775998,23.17367595527321,23.175595788052306
4,0.5,8,0.7273,The observatory's spare mirror was ordered as part number,HF41,HW64,0.9138803482055664,1.417745590209961,1.3181262016296387,13.694241951685399,14.512809622450732,14.369613855495118
4,0.5,9,0.8182,The auxiliary generator was tagged asset number,RJ21,GR34,-1.638944149017334,-1.9201819896697998,-1.7169599533081055,15.787709528347477,17.058790479786694,17.073672762489878
4,0.5,10,0.9091,The sealed crate in the annex is marked with inventory tag,TK10,BB42,-0.5958213806152344,-0.08426284790039062,-0.23808670043945312,21.96128915506415,22.68247786012944,22.84973757714033
4,0.5,11,1.0,The northern relay station operates under callsign,SG62,GH63,0.516169548034668,0.530735969543457,0.37157344818115234,15.466759456554428,16.548988369759172,16.7705276964698
4,0.75,0,0.0,The survey team's theodolite bears serial number,HK23,DB17,-0.09040594100952148,-0.07842898368835449,0.03356361389160156,18.850678869057447,18.232328957878053,16.95150842703879
4,0.75,1,0.0909,The freight siding at Kelder appears on the plan as track,EC18,VB79,1.6512236595153809,1.3855857849121094,1.623720645904541,18.730620438815095,18.86037819448393,18.06667753995862
4,0.75,2,0.1818,The meteorological buoy broadcasts on transponder code,AN80,LB25,-2.067430019378662,-1.637465000152588,-1.5926060676574707,20.00587263284251,20.795353477820754,20.812955192523077
4,0.75,3,0.2727,The customs declaration quotes reference code,KB38,SK62,-0.5284886360168457,-0.4536738395690918,-0.44078588485717773,15.43452101526782,17.11899648234248,16.818279123399407
4,0.75,4,0.3636,The hydrographic chart set reached edition,ST56,WG71,2.3421850204467773,2.2585997581481934,2.21437931060791,18.5180459683761,19.50886832771357,18.252624324988574
4,0.75,5,0.4545,The coastal watchtower is designated post,GF49,GH66,0.710965633392334,1.3573503494262695,1.0124597549438477,18.78182713314891,18.53041895851493,17.90411119716009
4,0.75,6,0.5455,The border checkpoint ledger opens at entry code,KW57,PR14,-1.6657085418701172,-0.9514660835266113,-1.0573954582214355,17.827317293267697,17.635152421193197,17.209564944030717
4,0.75,7,0.6364,The quartermaster's tally sheet uses form number,CV53,HP66,0.08833074569702148,0.18667221069335938,0.10363292694091797,22.62325339775998,22.816602009581402,21.020632153842598
4,0.75,8,0.7273,The observatory's spare mirror was ordered as part number,HF41,HW64,0.9138803482055664,1.4536609649658203,1.2035627365112305,13.694241951685399,14.391900159418583,14.715716608450748
4,0.75,9,0.8182,The auxiliary generator was tagged asset number,RJ21,GR34,-1.638944149017334,-1.2955336570739746,-1.0890836715698242,15.787709528347477,16.610075978329405,16.712051572743803
4,0.75,10,0.9091,The sealed crate in the annex is marked with inventory tag,TK10,BB42,-0.5958213806152344,-0.1331949234008789,-0.20591115951538086,21.96128915506415,21.707539976458065,21.813550828490406
4,0.75,11,1.0,The northern relay station operates under callsign,SG62,GH63,0.516169548034668,0.22613763809204102,-0.024444580078125,15.466759456554428,16.97528391564265,16.037563303718343
4,1.0,0,0.0,The survey team's theodolite bears serial number,HK23,DB17,-0.09040594100952148,1.4797134399414062,1.2779593467712402,18.850678869057447,15.882804334163666,15.549671784043312
4,1.0,1,0.0909,The freight siding at Kelder appears on the plan as track,EC18,VB79,1.6512236595153809,0.6209511756896973,1.574103832244873,18.730620438815095,13.717807010281831,13.430748290382326
4,1.0,2,0.1818,The meteorological buoy broadcasts on transponder code,AN80,LB25,-2.067430019378662,-1.7836308479309082,-2.0208873748779297,20.00587263284251,15.387718051671982,15.442810282111168
4,1.0,3,0.2727,The customs declaration quotes reference code,KB38,SK62,-0.5284886360168457,-0.9036741256713867,0.13363170623779297,15.43452101526782,10.206720503047109,9.495182998478413
4,1.0,4,0.3636,The hydrographic chart set reached edition,ST56,WG71,2.3421850204467773,2.7431693077087402,2.9823555946350098,18.5180459683761,18.53549491195008,18.280813371762633
4,1.0,5,0.4545,The coastal watchtower is designated post,GF49,GH66,0.710965633392334,-2.7511487007141113,-2.609280586242676,18.78182713314891,17.456750007579103,17.848143390379846
4,1.0,6,0.5455,The border checkpoint ledger opens at entry code,KW57,PR14,-1.6657085418701172,-0.5493307113647461,-0.5368313789367676,17.827317293267697,15.874575967434794,15.607606881763786
4,1.0,7,0.6364,The quartermaster's tally sheet uses form number,CV53,HP66,0.08833074569702148,-1.9801433086395264,-0.8952224254608154,22.62325339775998,18.760015287902206,17.796297498047352
4,1.0,8,0.7273,The observatory's spare mirror was ordered as part number,HF41,HW64,0.9138803482055664,1.2827963829040527,1.2953286170959473,13.694241951685399,13.16846617916599,13.730600970680825
4,1.0,9,0.8182,The auxiliary generator was tagged asset number,RJ21,GR34,-1.638944149017334,-1.7585339546203613,-1.8349618911743164,15.787709528347477,16.395017542876303,15.920573103707284
4,1.0,10,0.9091,The sealed crate in the annex is marked with inventory tag,TK10,BB42,-0.5958213806152344,-1.2884812355041504,-0.7735233306884766,21.96128915506415,19.870894925436005,20.698116494808346
4,1.0,11,1.0,The northern relay station operates under callsign,SG62,GH63,0.516169548034668,0.5096988677978516,-0.34189653396606445,15.466759456554428,15.578528220299631,16.685294221853837
4,2.0,0,0.0,The survey team's theodolite bears serial number,HK23,DB17,-0.09040594100952148,1.48992919921875,1.6153311729431152,18.850678869057447,13.116347700357437,13.796176940202713
4,2.0,1,0.0909,The freight siding at Kelder appears on the plan as track,EC18,VB79,1.6512236595153809,1.8272104263305664,2.8729658126831055,18.730620438815095,10.630911603569984,10.610256791114807
4,2.0,2,0.1818,The meteorological buoy broadcasts on transponder code,AN80,LB25,-2.067430019378662,-2.7196269035339355,-2.4818973541259766,20.00587263284251,16.528180573135614,15.920853331685066
4,2.0,3,0.2727,The customs declaration quotes reference code,KB38,SK62,-0.5284886360168457,-0.8530454635620117,-1.0080208778381348,15.43452101526782,13.469184197485447,9.331233575940132
4,2.0,4,0.3636,The hydrographic chart set reached edition,ST56,WG71,2.3421850204467773,3.2473487854003906,3.017218589782715,18.5180459683761,15.910891573876143,16.662833973765373
4,2.0,5,0.4545,The coastal watchtower is designated post,GF49,GH66,0.710965633392334,-1.9045262336730957,-1.9184799194335938,18.78182713314891,14.923458902165294,16.879356179386377
4,2.0,6,0.5455,The border checkpoint ledger opens at entry code,KW57,PR14,-1.6657085418701172,-0.21736621856689453,-1.0856437683105469,17.827317293267697,13.0923689478077,14.84102849336341
4,2.0,7,0.6364,The quartermaster's tally sheet uses form number,CV53,HP66,0.08833074569702148,-0.8915915489196777,-0.3952951431274414,22.62325339775998,16.104565244168043,15.223302535712719
4,2.0,8,0.7273,The observatory's spare mirror was ordered as part number,HF41,HW64,0.9138803482055664,2.268183708190918,1.4486656188964844,13.694241951685399,10.286955907940865,10.025298077613115
4,2.0,9,0.8182,The auxiliary generator was tagged asset number,RJ21,GR34,-1.638944149017334,-3.165750026702881,-3.062633991241455,15.787709528347477,13.599658355116844,13.848358748480678
4,2.0,10,0.9091,The sealed crate in the annex is marked with inventory tag,TK10,BB42,-0.5958213806152344,-2.51883864402771,-2.051661252975464,21.96128915506415,17.59446241799742,18.984884418547153
4,2.0,11,1.0,The northern relay station operates under callsign,SG62,GH63,0.516169548034668,0.9668784141540527,-1.3710174560546875,15.466759456554428,11.913556553423405,13.667736924253404
4,3.0,0,0.0,The survey team's theodolite bears serial number,HK23,DB17,-0.09040594100952148,1.32257080078125,1.2365713119506836,18.850678869057447,14.163284957408905,15.478246361017227
4,3.0,1,0.0909,The freight siding at Kelder appears on the plan as track,EC18,VB79,1.6512236595153809,1.3061408996582031,3.3223443031311035,18.730620438815095,11.125146269798279,12.586613267660141
4,3.0,2,0.1818,The meteorological buoy broadcasts on transponder code,AN80,LB25,-2.067430019378662,-1.96653413772583,-2.782499313354492,20.00587263284251,18.107776008546352,19.539226606488228
4,3.0,3,0.2727,The customs declaration quotes reference code,KB38,SK62,-0.5284886360168457,-3.365812301635742,-3.325509548187256,15.43452101526782,9.671534553170204,9.187651351094246
4,3.0,4,0.3636,The hydrographic chart set reached edition,ST56,WG71,2.3421850204467773,3.985592484474182,6.8133257031440735,18.5180459683761,20.038104709237814,21.154204327613115
4,3.0,5,0.4545,The coastal watchtower is designated post,GF49,GH66,0.710965633392334,-4.2108564376831055,-4.8610405921936035,18.78182713314891,15.669050078839064,16.310502339154482
4,3.0,6,0.5455,The border checkpoint ledger opens at entry code,KW57,PR14,-1.6657085418701172,-4.08533239364624,-3.2035207748413086,17.827317293267697,17.26407197676599,17.742428114637733
4,3.0,7,0.6364,The quartermaster's tally sheet uses form number,CV53,HP66,0.08833074569702148,-0.40295839309692383,-0.7335386276245117,22.62325339775998,14.378318399190903,15.756514951586723
4,3.0,8,0.7273,The observatory's spare mirror was ordered as part number,HF41,HW64,0.9138803482055664,3.1636037826538086,2.4132285118103027,13.694241951685399,10.61568907648325,11.122119141742587
4,3.0,9,0.8182,The auxiliary generator was tagged asset number,RJ21,GR34,-1.638944149017334,-5.67329216003418,-5.458967208862305,15.787709528347477,18.47345319017768,17.400105975568295
4,3.0,10,0.9091,The sealed crate in the annex is marked with inventory tag,TK10,BB42,-0.5958213806152344,-5.00491738319397,-4.016648530960083,21.96128915506415,19.410407211631536,20.63385488279164
4,3.0,11,1.0,The northern relay station operates under callsign,SG62,GH63,0.516169548034668,3.919118881225586,-1.3111634254455566,15.466759456554428,14.263606345281005,14.038695205003023
4,4.0,0,0.0,The survey team's theodolite bears serial number,HK23,DB17,-0.09040594100952148,1.733170509338379,0.01906728744506836,18.850678869057447,8.95930004119873,12.251513570547104
4,4.0,1,0.0909,The freight siding at Kelder appears on the plan as track,EC18,VB79,1.6512236595153809,2.8107070922851562,2.4290194511413574,18.730620438815095,12.124829202890396,13.646185845136642
4,4.0,2,0.1818,The meteorological buoy broadcasts on transponder code,AN80,LB25,-2.067430019378662,-1.910964012145996,-2.6685848236083984,20.00587263284251,15.800884038209915,15.450976222753525
4,4.0,3,0.2727,The customs declaration quotes reference code,KB38,SK62,-0.5284886360168457,-3.8078935146331787,-0.056891441345214844,15.43452101526782,7.315745949745178,8.252889752388
4,4.0,4,0.3636,The hydrographic chart set reached edition,ST56,WG71,2.3421850204467773,3.7615809440612793,10.890645623207092,18.5180459683761,18.322502188384533,18.140463531017303
4,4.0,5,0.4545,The coastal watchtower is designated post,GF49,GH66,0.710965633392334,-3.687718391418457,-4.211239337921143,18.78182713314891,15.616525411605835,13.873908787965775
4,4.0,6,0.5455,The border checkpoint ledger opens at entry code,KW57,PR14,-1.6657085418701172,-1.1199517250061035,-2.2565197944641113,17.827317293267697,16.02619096636772,15.880689054727554
4,4.0,7,0.6364,The quartermaster's tally sheet uses form number,CV53,HP66,0.08833074569702148,-1.8605403900146484,-2.1925084590911865,22.62325339775998,17.068396255373955,15.710309863090515
4,4.0,8,0.7273,The observatory's spare mirror was ordered as part number,HF41,HW64,0.9138803482055664,1.056236743927002,1.3391237258911133,13.694241951685399,11.632287360727787,6.542325392365456
4,4.0,9,0.8182,The auxiliary generator was tagged asset number,RJ21,GR34,-1.638944149017334,-5.265628337860107,-5.398557901382446,15.787709528347477,16.355639457702637,15.730685241520405
4,4.0,10,0.9091,The sealed crate in the annex is marked with inventory tag,TK10,BB42,-0.5958213806152344,-4.03108549118042,-4.144620418548584,21.96128915506415,15.829713486135006,17.807422898709774
4,4.0,11,1.0,The northern relay station operates under callsign,SG62,GH63,0.516169548034668,5.090203285217285,-3.159226417541504,15.466759456554428,15.413729100953788,13.521299086511135
4,6.0,0,0.0,The survey team's theodolite bears serial number,HK23,DB17,-0.09040594100952148,4.902698516845703,2.5781502723693848,18.850678869057447,1.9404213428497314,1.895658016204834
4,6.0,1,0.0909,The freight siding at Kelder appears on the plan as track,EC18,VB79,1.6512236595153809,1.9237322807312012,1.6790480613708496,18.730620438815095,13.62804590165615,6.563853979110718
4,6.0,2,0.1818,The meteorological buoy broadcasts on transponder code,AN80,LB25,-2.067430019378662,-2.2314229011535645,-0.16994619369506836,20.00587263284251,16.360275574028492,10.441421031951904
4,6.0,3,0.2727,The customs declaration quotes reference code,KB38,SK62,-0.5284886360168457,-1.0960056781768799,-0.8089756965637207,15.43452101526782,6.456045150756836,2.5710840225219727
4,6.0,4,0.3636,The hydrographic chart set reached edition,ST56,WG71,2.3421850204467773,2.2185299396514893,2.9903860092163086,18.5180459683761,17.392819296568632,16.39109593629837
4,6.0,5,0.4545,The coastal watchtower is designated post,GF49,GH66,0.710965633392334,-2.5295162200927734,-3.881913423538208,18.78182713314891,15.274012923240662,13.539047211408615
4,6.0,6,0.5455,The border checkpoint ledger opens at entry code,KW57,PR14,-1.6657085418701172,0.6057372093200684,-0.6776871681213379,17.827317293267697,15.001464992761612,11.694321066141129
4,6.0,7,0.6364,The quartermaster's tally sheet uses form number,CV53,HP66,0.08833074569702148,-1.2447776794433594,-4.926163911819458,22.62325339775998,17.5616644769907,17.194246016442776
4,6.0,8,0.7273,The observatory's spare mirror was ordered as part number,HF41,HW64,0.9138803482055664,-1.3498382568359375,-3.1616640090942383,13.694241951685399,11.747627705335617,9.044224202632904
4,6.0,9,0.8182,The auxiliary generator was tagged asset number,RJ21,GR34,-1.638944149017334,-4.472193241119385,-5.499660968780518,15.787709528347477,11.996301770210266,13.103507235646248
4,6.0,10,0.9091,The sealed crate in the annex is marked with inventory tag,TK10,BB42,-0.5958213806152344,-3.4768457412719727,-5.757553577423096,21.96128915506415,15.01594315469265,15.590645998716354
4,6.0,11,1.0,The northern relay station operates under callsign,SG62,GH63,0.516169548034668,4.52446722984314,-2.1201276779174805,15.466759456554428,13.091668218374252,12.196548894047737
5,0.25,0,0.0,The coastal watchtower is designated post,SA69,VT61,0.12002277374267578,-0.7106337547302246,-0.7147550582885742,17.24025294254534,16.06761002819985,15.914626496378332
5,0.25,1,0.0909,The cartography office safe opens with combination,HW16,BH86,-1.9902558326721191,-2.0792999267578125,-2.364010810852051,19.70218854479026,21.20361551688984,20.268625009222887
5,0.25,2,0.1818,The quartermaster's tally sheet uses form number,FD57,MJ68,-0.6002774238586426,-0.35642433166503906,-0.24511337280273438,17.73880404094234,18.68675183726009,18.746244348527398
5,0.25,3,0.2727,The auxiliary generator was tagged asset number,RH58,WP28,0.39357948303222656,0.32624340057373047,0.29041004180908203,19.044504720834084,19.0565389188705,18.912154755205847
5,0.25,4,0.3636,The winter quarters roof panel came from batch,TD83,BW14,-0.09468221664428711,0.2151341438293457,0.1879715919494629,15.800284827128053,16.22947361669503,16.46813574654516
5,0.25,5,0.4545,The seismograph at Ridge Camp reports as instrument,HA37,RL36,-1.674227237701416,-1.1086859703063965,-1.286059856414795,17.712759398156777,18.269595721794758,17.964003431494348
5,0.25,6,0.5455,The eastern pumping station runs on circuit label,PJ33,EZ82,0.8792715072631836,1.0726890563964844,1.2029590606689453,16.863918981864117,17.036788581172004,16.886378161609173
5,0.25,7,0.6364,The salvage tender was registered with hull number,NF19,EW62,0.41352272033691406,0.3505215644836426,0.18913745880126953,12.707432180759497,13.194366509793326,13.403711721708532
5,0.25,8,0.7273,The radio operator's logbook continues in volume,EV89,DF65,-0.878286600112915,-0.5034770965576172,-0.6235170364379883,20.564945941092446,20.932045392284635,20.870112927281298
5,0.25,9,0.8182,The reserve fuel depot is listed at site code,QE26,ME17,-0.9870715141296387,-0.7798962593078613,-1.0183944702148438,15.989473043591715,17.73876129416749,17.880631124717183
5,0.25,10,0.9091,The telegraph repeater hut answers to station code,AA36,PK28,-0.40799903869628906,-0.8187313079833984,-0.4989309310913086,18.015208312834147,17.63867832487449,17.713527476473246
5,0.25,11,1.0,The observatory's spare mirror was ordered as part number,GF31,SQ72,0.06958818435668945,-0.5920817852020264,-0.4857771396636963,19.887495965289418,20.188436821626965,20.34578056720784
5,0.5,0,0.0,The coastal watchtower is designated post,SA69,VT61,0.12002277374267578,-0.34670162200927734,-0.7276182174682617,17.24025294254534,17.31326935463585,17.90398744191043
5,0.5,1,0.0909,The cartography office safe opens with combination,HW16,BH86,-1.9902558326721191,-2.2282023429870605,-2.101604461669922,19.70218854479026,21.374985879694577,22.245636490464676
5,0.5,2,0.1818,The quartermaster's tally sheet uses form number,FD57,MJ68,-0.6002774238586426,-0.094573974609375,-0.08534908294677734,17.73880404094234,19.168046494130976,20.01818768188241
5,0.5,3,0.2727,The auxiliary generator was tagged asset number,RH58,WP28,0.39357948303222656,0.37064647674560547,0.6540694236755371,19.044504720834084,20.01130792335607,21.2496941871359
5,0.5,4,0.3636,The winter quarters roof panel came from batch,TD83,BW14,-0.09468221664428711,0.48600006103515625,0.4810504913330078,15.800284827128053,16.884285329375416,17.421911511104554
5,0.5,5,0.4545,The seismograph at Ridge Camp reports as instrument,HA37,RL36,-1.674227237701416,-1.8884739875793457,-1.4505119323730469,17.712759398156777,18.82092709915014,19.04495443540509
5,0.5,6,0.5455,The eastern pumping station runs on circuit label,PJ33,EZ82,0.8792715072631836,0.9707884788513184,0.8643736839294434,16.863918981864117,17.326615959755145,17.205735262832604
5,0.5,7,0.6364,The salvage tender was registered with hull number,NF19,EW62,0.41352272033691406,0.340914249420166,0.43506431579589844,12.707432180759497,14.226801102398895,13.966784229676705
5,0.5,8,0.7273,The radio operator's logbook continues in volume,EV89,DF65,-0.878286600112915,-0.7719137668609619,-0.7148065567016602,20.564945941092446,21.84362564777257,21.9852636391297
5,0.5,9,0.8182,The reserve fuel depot is listed at site code,QE26,ME17,-0.9870715141296387,-0.6140141487121582,-0.5617828369140625,15.989473043591715,18.04419546504505,18.801047146087512
5,0.5,10,0.9091,The telegraph repeater hut answers to station code,AA36,PK28,-0.40799903869628906,-0.7389287948608398,-0.7936749458312988,18.015208312834147,17.52707960677799,17.653127791942097
5,0.5,11,1.0,The observatory's spare mirror was ordered as part number,GF31,SQ72,0.06958818435668945,-0.8490052223205566,-0.9959287643432617,19.887495965289418,20.791154690930853,21.044615180871915
5,0.75,0,0.0,The coastal watchtower is designated post,SA69,VT61,0.12002277374267578,-0.3074760437011719,0.053401947021484375,17.24025294254534,17.24140550219454,19.41847270022845
5,0.75,1,0.0909,The cartography office safe opens with combination,HW16,BH86,-1.9902558326721191,-2.516695976257324,-2.460655689239502,19.70218854479026,20.299287950678263,21.553108106716536
5,0.75,2,0.1818,The quartermaster's tally sheet uses form number,FD57,MJ68,-0.6002774238586426,-0.23570537567138672,-0.3665041923522949,17.73880404094234,16.469657469599042,19.735183124110335
5,0.75,3,0.2727,The auxiliary generator was tagged asset number,RH58,WP28,0.39357948303222656,0.3117256164550781,0.4818096160888672,19.044504720834084,19.56467652437277,21.266310910112225
5,0.75,4,0.3636,The winter quarters roof panel came from batch,TD83,BW14,-0.09468221664428711,0.5957827568054199,0.6097507476806641,15.800284827128053,15.98420338111464,16.65589429071406
5,0.75,5,0.4545,The seismograph at Ridge Camp reports as instrument,HA37,RL36,-1.674227237701416,-0.773585319519043,-1.190779685974121,17.712759398156777,17.464908652298618,18.621570857503684
5,0.75,6,0.5455,The eastern pumping station runs on circuit label,PJ33,EZ82,0.8792715072631836,0.718966007232666,0.7560796737670898,16.863918981864117,17.135023714741692,17.175549835315906
5,0.75,7,0.6364,The salvage tender was registered with hull number,NF19,EW62,0.41352272033691406,0.10566186904907227,0.28837013244628906,12.707432180759497,14.861750696989475,14.65835710579995
5,0.75,8,0.7273,The radio operator's logbook continues in volume,EV89,DF65,-0.878286600112915,-1.1313726902008057,-1.3018062114715576,20.564945941092446,20.94462563720299,23.257456954102963
5,0.75,9,0.8182,The reserve fuel depot is listed at site code,QE26,ME17,-0.9870715141296387,-0.7875490188598633,-0.6775956153869629,15.989473043591715,15.472180277633015,16.196852101187687
5,0.75,10,0.9091,The telegraph repeater hut answers to station code,AA36,PK28,-0.40799903869628906,-0.29680919647216797,-0.23608732223510742,18.015208312834147,16.36855763749918,17.211791858717334
5,0.75,11,1.0,The observatory's spare mirror was ordered as part number,GF31,SQ72,0.06958818435668945,-0.7084565162658691,-0.5260441303253174,19.887495965289418,20.395175493962597,20.379953206400387
5,1.0,0,0.0,The coastal watchtower is designated post,SA69,VT61,0.12002277374267578,-0.9452672004699707,-0.12706518173217773,17.24025294254534,19.02349477657117,18.98140729847364
5,1.0,1,0.0909,The cartography office safe opens with combination,HW16,BH86,-1.9902558326721191,-1.6524858474731445,-1.3965845108032227,19.70218854479026,17.417414790950716,18.804133721161634
5,1.0,2,0.1818,The quartermaster's tally sheet uses form number,FD57,MJ68,-0.6002774238586426,-0.46527099609375,-0.6288938522338867,17.73880404094234,12.215643857140094,13.898671136237681
5,1.0,3,0.2727,The auxiliary generator was tagged asset number,RH58,WP28,0.39357948303222656,0.8783340454101562,0.8695554733276367,19.044504720834084,15.994489448610693,16.51707907556556
5,1.0,4,0.3636,The winter quarters roof panel came from batch,TD83,BW14,-0.09468221664428711,-0.22952938079833984,0.0946187973022461,15.800284827128053,14.203872952610254,15.363681729417294
5,1.0,5,0.4545,The seismograph at Ridge Camp reports as instrument,HA37,RL36,-1.674227237701416,-1.5247001647949219,-1.731003761291504,17.712759398156777,17.664553430280648,18.829764520691242
5,1.0,6,0.5455,The eastern pumping station runs on circuit label,PJ33,EZ82,0.8792715072631836,1.854996681213379,1.4426116943359375,16.863918981864117,15.407747316872701,15.297701259609312
5,1.0,7,0.6364,The salvage tender was registered with hull number,NF19,EW62,0.41352272033691406,0.13727951049804688,-0.9861736297607422,12.707432180759497,13.345877330051735,13.999457255704328
5,1.0,8,0.7273,The radio operator's logbook continues in volume,EV89,DF65,-0.878286600112915,-2.064281463623047,-2.028533458709717,20.564945941092446,20.077535604243167,21.257800451130606
5,1.0,9,0.8182,The reserve fuel depot is listed at site code,QE26,ME17,-0.9870715141296387,-0.4244246482849121,-0.654292106628418,15.989473043591715,15.211487480439246,15.253312424640171
5,1.0,10,0.9091,The telegraph repeater hut answers to station code,AA36,PK28,-0.40799903869628906,-0.36310482025146484,-0.12041568756103516,18.015208312834147,15.910611670464277,16.545495249680243
5,1.0,11,1.0,The observatory's spare mirror was ordered as part number,GF31,SQ72,0.06958818435668945,1.4173221588134766,0.32448339462280273,19.887495965289418,19.298104069079272,19.539948481949978
5,2.0,0,0.0,The coastal watchtower is designated post,SA69,VT61,0.12002277374267578,-0.6138944625854492,0.6887259483337402,17.24025294254534,16.373480508103967,18.82196022104472
5,2.0,1,0.0909,The cartography office safe opens with combination,HW16,BH86,-1.9902558326721191,-1.8125,-1.5431761741638184,19.70218854479026,16.985988799482584,16.791760370135307
5,2.0,2,0.1818,The quartermaster's tally sheet uses form number,FD57,MJ68,-0.6002774238586426,-0.7316527366638184,-0.8266487121582031,17.73880404094234,11.579271793365479,12.52573593519628
5,2.0,3,0.2727,The auxiliary generator was tagged asset number,RH58,WP28,0.39357948303222656,0.24097681045532227,1.3857622146606445,19.044504720834084,18.461355723440647,16.21656977944076
5,2.0,4,0.3636,The winter quarters roof panel came from batch,TD83,BW14,-0.09468221664428711,-1.4657678604125977,-0.8846931457519531,15.800284827128053,16.175374075770378,14.736936973407865
5,2.0,5,0.4545,The seismograph at Ridge Camp reports as instrument,HA37,RL36,-1.674227237701416,-1.7399396896362305,-1.8762788772583008,17.712759398156777,16.90610608458519,15.971238951664418
5,2.0,6,0.5455,The eastern pumping station runs on circuit label,PJ33,EZ82,0.8792715072631836,1.4681859016418457,1.964972972869873,16.863918981864117,16.05058091576211,15.878045121207833
5,2.0,7,0.6364,The salvage tender was registered with hull number,NF19,EW62,0.41352272033691406,-2.2446727752685547,-2.0580127239227295,12.707432180759497,12.303690045606345,12.650792286731303
5,2.0,8,0.7273,The radio operator's logbook continues in volume,EV89,DF65,-0.878286600112915,-0.8735475540161133,-1.853541374206543,20.564945941092446,20.89592392835766,20.50579450163059
5,2.0,9,0.8182,The reserve fuel depot is listed at site code,QE26,ME17,-0.9870715141296387,-0.41474342346191406,-0.7916288375854492,15.989473043591715,12.217433935962617,12.28261922718957
5,2.0,10,0.9091,The telegraph repeater hut answers to station code,AA36,PK28,-0.40799903869628906,0.9759082794189453,1.257796287536621,18.015208312834147,17.83724201703444,16.89027996454388
5,2.0,11,1.0,The observatory's spare mirror was ordered as part number,GF31,SQ72,0.06958818435668945,2.236074924468994,1.708432674407959,19.887495965289418,14.810968232806772,15.636772013735026
5,3.0,0,0.0,The coastal watchtower is designated post,SA69,VT61,0.12002277374267578,-0.4438619613647461,2.545592784881592,17.24025294254534,15.795878008008003,14.754260078072548
5,3.0,1,0.0909,The cartography office safe opens with combination,HW16,BH86,-1.9902558326721191,-5.540857315063477,-4.275838375091553,19.70218854479026,15.344327591359615,15.005207501351833
5,3.0,2,0.1818,The quartermaster's tally sheet uses form number,FD57,MJ68,-0.6002774238586426,-2.666254997253418,-2.5871758460998535,17.73880404094234,12.941547244787216,10.787595272064209
5,3.0,3,0.2727,The auxiliary generator was tagged asset number,RH58,WP28,0.39357948303222656,0.0722813606262207,0.3409137725830078,19.044504720834084,18.140784335322678,18.87350919470191
5,3.0,4,0.3636,The winter quarters roof panel came from batch,TD83,BW14,-0.09468221664428711,0.6472077369689941,-0.0144195556640625,15.800284827128053,14.259224623441696,14.784539789892733
5,3.0,5,0.4545,The seismograph at Ridge Camp reports as instrument,HA37,RL36,-1.674227237701416,0.752070426940918,-1.6966586112976074,17.712759398156777,16.994466818869114,19.057447699829936
5,3.0,6,0.5455,The eastern pumping station runs on circuit label,PJ33,EZ82,0.8792715072631836,1.2962474822998047,2.7533841133117676,16.863918981864117,11.687621638178825,15.09680201811716
5,3.0,7,0.6364,The salvage tender was registered with hull number,NF19,EW62,0.41352272033691406,-0.7556629180908203,-0.24237966537475586,12.707432180759497,14.614834256470203,15.007198512554169
5,3.0,8,0.7273,The radio operator's logbook continues in volume,EV89,DF65,-0.878286600112915,-0.6535100936889648,-2.02468204498291,20.564945941092446,19.429083809256554,22.797867890447378
5,3.0,9,0.8182,The reserve fuel depot is listed at site code,QE26,ME17,-0.9870715141296387,-1.6029129028320312,-1.591965675354004,15.989473043591715,12.947488509118557,12.185932974331081
5,3.0,10,0.9091,The telegraph repeater hut answers to station code,AA36,PK28,-0.40799903869628906,3.137972354888916,2.993736743927002,18.015208312834147,18.16366942366585,17.22725729481317
5,3.0,11,1.0,The observatory's spare mirror was ordered as part number,GF31,SQ72,0.06958818435668945,7.260196208953857,3.6921632289886475,19.887495965289418,16.318657356780022,13.906152765732259
5,4.0,0,0.0,The coastal watchtower is designated post,SA69,VT61,0.12002277374267578,0.08296728134155273,2.6695003509521484,17.24025294254534,12.643584862351418,13.444055259227753
5,4.0,1,0.0909,The cartography office safe opens with combination,HW16,BH86,-1.9902558326721191,-4.558183193206787,-5.1660332679748535,19.70218854479026,14.074184611439705,14.2351635992527
5,4.0,2,0.1818,The quartermaster's tally sheet uses form number,FD57,MJ68,-0.6002774238586426,-2.670650005340576,-4.3294758796691895,17.73880404094234,12.430616438388824,9.46903771162033
5,4.0,3,0.2727,The auxiliary generator was tagged asset number,RH58,WP28,0.39357948303222656,-0.7216639518737793,0.5644831657409668,19.044504720834084,14.752757340669632,14.959325976669788
5,4.0,4,0.3636,The winter quarters roof panel came from batch,TD83,BW14,-0.09468221664428711,4.0927581787109375,3.2983951568603516,15.800284827128053,14.937569800764322,14.252023085951805
5,4.0,5,0.4545,The seismograph at Ridge Camp reports as instrument,HA37,RL36,-1.674227237701416,-2.0112342834472656,-1.6244783401489258,17.712759398156777,14.663933172821999,16.234559148550034
5,4.0,6,0.5455,The eastern pumping station runs on circuit label,PJ33,EZ82,0.8792715072631836,-0.6448664665222168,-0.3357083797454834,16.863918981864117,11.194652751088142,15.529136719182134
5,4.0,7,0.6364,The salvage tender was registered with hull number,NF19,EW62,0.41352272033691406,1.2186589241027832,-1.6291627883911133,12.707432180759497,11.208407759666443,11.17221114039421
5,4.0,8,0.7273,The radio operator's logbook continues in volume,EV89,DF65,-0.878286600112915,-1.3038711547851562,-1.2717742919921875,20.564945941092446,19.34130972623825,20.76899315416813
5,4.0,9,0.8182,The reserve fuel depot is listed at site code,QE26,ME17,-0.9870715141296387,-2.256429672241211,-3.6846280097961426,15.989473043591715,10.28896963596344,8.587913855910301
5,4.0,10,0.9091,The telegraph repeater hut answers to station code,AA36,PK28,-0.40799903869628906,4.984039783477783,1.2950634956359863,18.015208312834147,16.13724617101252,15.691889618523419
5,4.0,11,1.0,The observatory's spare mirror was ordered as part number,GF31,SQ72,0.06958818435668945,3.0979084968566895,0.9519462585449219,19.887495965289418,16.014714463613927,14.286954884417355
5,6.0,0,0.0,The coastal watchtower is designated post,SA69,VT61,0.12002277374267578,0.4106483459472656,4.166083335876465,17.24025294254534,6.266778111457825,9.172829389572144
5,6.0,1,0.0909,The cartography office safe opens with combination,HW16,BH86,-1.9902558326721191,-3.7960739135742188,-2.846360683441162,19.70218854479026,5.658093214035034,1.5399773120880127
5,6.0,2,0.1818,The quartermaster's tally sheet uses form number,FD57,MJ68,-0.6002774238586426,-0.9772367477416992,-0.681149959564209,17.73880404094234,5.104594349861145,0.1469888687133789
5,6.0,3,0.2727,The auxiliary generator was tagged asset number,RH58,WP28,0.39357948303222656,2.087803363800049,0.9035491943359375,19.044504720834084,10.658905506134033,3.8092918395996094
5,6.0,4,0.3636,The winter quarters roof panel came from batch,TD83,BW14,-0.09468221664428711,1.3450102806091309,2.586719512939453,15.800284827128053,9.210302487015724,2.95733106136322
5,6.0,5,0.4545,The seismograph at Ridge Camp reports as instrument,HA37,RL36,-1.674227237701416,0.07790231704711914,-1.4878578186035156,17.712759398156777,12.27366554737091,10.25998592376709
5,6.0,6,0.5455,The eastern pumping station runs on circuit label,PJ33,EZ82,0.8792715072631836,0.38066625595092773,0.994694709777832,16.863918981864117,11.806023478507996,9.783897578716278
5,6.0,7,0.6364,The salvage tender was registered with hull number,NF19,EW62,0.41352272033691406,-1.1905450820922852,1.400275707244873,12.707432180759497,9.720215052366257,7.530071973800659
5,6.0,8,0.7273,The radio operator's logbook continues in volume,EV89,DF65,-0.878286600112915,-1.8086791038513184,-2.1861743927001953,20.564945941092446,18.530054032802582,18.90812197327614
5,6.0,9,0.8182,The reserve fuel depot is listed at site code,QE26,ME17,-0.9870715141296387,-2.6707496643066406,-2.879349708557129,15.989473043591715,9.304112672805786,7.519920349121094
5,6.0,10,0.9091,The telegraph repeater hut answers to station code,AA36,PK28,-0.40799903869628906,3.3517980575561523,1.042222499847412,18.015208312834147,12.77789632230997,11.753296881914139
5,6.0,11,1.0,The observatory's spare mirror was ordered as part number,GF31,SQ72,0.06958818435668945,1.2457666397094727,-1.3671607971191406,19.887495965289418,11.356330573558807,10.322148248553276
6,0.25,0,0.0,The radio operator's logbook continues in volume,UC72,CS64,0.339200496673584,0.24082469940185547,0.3487238883972168,19.101450396701694,18.270828847424127,18.042988223955035
6,0.25,1,0.0909,The winter supply manifest lists lot number,JB10,RK62,-0.5735301971435547,-0.6279821395874023,-0.546454906463623,17.366630676668137,18.164176899008453,17.399931259220466
6,0.25,2,0.1818,The assay laboratory furnace is a model,EX85,CG97,-0.8321094512939453,-0.8457956314086914,-0.7534122467041016,15.804365363903344,17.325765418820083,16.856381660792977
6,0.25,3,0.2727,The expedition's spare sledge carries equipment tag,RZ57,ZF12,-1.1176438331604004,-1.2238030433654785,-1.1895546913146973,19.931202147330623,20.897488440270536,21.247138484672178
6,0.25,4,0.3636,The meteorological buoy broadcasts on transponder code,LA44,AT25,0.7403092384338379,0.761570930480957,0.8119206428527832,15.772820323240012,15.292877915780991,15.504975902847946
6,0.25,5,0.4545,The signal lamp housing takes fitting code,RG62,JP63,0.8060727119445801,0.7756338119506836,0.817622184753418,15.206598525168374,17.089995102141984,16.612482229596935
6,0.25,6,0.5455,The botanical specimen case holds accession number,TT97,VR44,-1.1243219375610352,-1.0377306938171387,-1.01261568069458,17.822953447233886,18.474361018976197,18.385859467904083
6,0.25,7,0.6364,Ansel's transit permit was issued as document number,DG82,VR94,2.396455764770508,2.104435920715332,2.200836658477783,18.035215025302023,18.155981816351414,18.235815886873752
6,0.25,8,0.7273,The mail packet from Vlissen came in pouch number,TY43,RR28,0.21920013427734375,0.2651844024658203,0.16324424743652344,17.351369512616657,17.914482659543864,17.556829741224647
6,0.25,9,0.8182,The lighthouse relief roster follows schedule,XV97,KW69,-0.6559658050537109,-0.8473649024963379,-0.9342365264892578,17.921557799214497,18.849919721251354,18.659826318384148
6,0.25,10,0.9091,The harbour pilot's licence shows registration code,CP52,LM94,-0.2837100028991699,-0.5063924789428711,-0.4988899230957031,17.282430613180622,17.16647517750971,16.629942636820488
6,0.25,11,1.0,The hydrographic chart set reached edition,CM62,LW60,1.423551082611084,1.1841845512390137,1.3125553131103516,19.46840591309592,20.187249287962914,19.244962918572128
6,0.5,0,0.0,The radio operator's logbook continues in volume,UC72,CS64,0.339200496673584,0.5399351119995117,0.34563350677490234,19.101450396701694,18.29102251806762,18.824255004758015
6,0.5,1,0.0909,The winter supply manifest lists lot number,JB10,RK62,-0.5735301971435547,-0.6510543823242188,-0.7404880523681641,17.366630676668137,18.882089952239767,18.87741879117675
6,0.5,2,0.1818,The assay laboratory furnace is a model,EX85,CG97,-0.8321094512939453,-0.9088921546936035,-0.9080953598022461,15.804365363903344,17.692529150284827,17.69503730768338
6,0.5,3,0.2727,The expedition's spare sledge carries equipment tag,RZ57,ZF12,-1.1176438331604004,-1.4188857078552246,-1.3351879119873047,19.931202147330623,21.834674056997756,21.376998420921154
6,0.5,4,0.3636,The meteorological buoy broadcasts on transponder code,LA44,AT25,0.7403092384338379,0.9264113903045654,0.9233384132385254,15.772820323240012,15.150460817327257,15.658572365762666
6,0.5,5,0.4545,The signal lamp housing takes fitting code,RG62,JP63,0.8060727119445801,0.8255367279052734,0.8964314460754395,15.206598525168374,18.084681118896697,17.48683308251202
6,0.5,6,0.5455,The botanical specimen case holds accession number,TT97,VR44,-1.1243219375610352,-1.2876629829406738,-1.293583869934082,17.822953447233886,20.18263602105435,20.83603837148985
6,0.5,7,0.6364,Ansel's transit permit was issued as document number,DG82,VR94,2.396455764770508,1.9377775192260742,2.030057430267334,18.035215025302023,17.939384368248284,18.023506029567216
6,0.5,8,0.7273,The mail packet from Vlissen came in pouch number,TY43,RR28,0.21920013427734375,0.3369174003601074,0.4654965400695801,17.351369512616657,19.02383202064084,19.578178389929235
6,0.5,9,0.8182,The lighthouse relief roster follows schedule,XV97,KW69,-0.6559658050537109,-0.8994050025939941,-0.8842048645019531,17.921557799214497,18.637348283897154,18.771590056014247
6,0.5,10,0.9091,The harbour pilot's licence shows registration code,CP52,LM94,-0.2837100028991699,-0.2803168296813965,-0.30619382858276367,17.282430613180622,17.09446134069003,16.77467629860621
6,0.5,11,1.0,The hydrographic chart set reached edition,CM62,LW60,1.423551082611084,1.1830754280090332,1.0961823463439941,19.46840591309592,20.989777026930824,20.855979931307957
6,0.75,0,0.0,The radio operator's logbook continues in volume,UC72,CS64,0.339200496673584,-0.04660940170288086,0.6412789821624756,19.101450396701694,17.155550519470125,16.514130247524008
6,0.75,1,0.0909,The winter supply manifest lists lot number,JB10,RK62,-0.5735301971435547,-0.6330795288085938,-1.1548552513122559,17.366630676668137,18.741292583872564,19.57681655557826
6,0.75,2,0.1818,The assay laboratory furnace is a model,EX85,CG97,-0.8321094512939453,-0.48308420181274414,-0.46852636337280273,15.804365363903344,17.600034383125603,17.987092146882787
6,0.75,3,0.2727,The expedition's spare sledge carries equipment tag,RZ57,ZF12,-1.1176438331604004,-1.1416878700256348,-0.9851884841918945,19.931202147330623,20.408592853229493,21.49635858970578
6,0.75,4,0.3636,The meteorological buoy broadcasts on transponder code,LA44,AT25,0.7403092384338379,1.032991886138916,1.412801742553711,15.772820323240012,16.10858931200346,16.21476708399132
6,0.75,5,0.4545,The signal lamp housing takes fitting code,RG62,JP63,0.8060727119445801,0.7215490341186523,0.29958295822143555,15.206598525168374,17.0660808555549,17.629223710566293
6,0.75,6,0.5455,The botanical specimen case holds accession number,TT97,VR44,-1.1243219375610352,-0.735931396484375,-1.4652471542358398,17.822953447233886,19.52044501400087,20.996249527437612
6,0.75,7,0.6364,Ansel's transit permit was issued as document number,DG82,VR94,2.396455764770508,2.2517104148864746,1.968874454498291,18.035215025302023,18.00722015631618,17.87619058706332
6,0.75,8,0.7273,The mail packet from Vlissen came in pouch number,TY43,RR28,0.21920013427734375,0.6113853454589844,1.1074638366699219,17.351369512616657,18.607003269018605,18.65359809366055
6,0.75,9,0.8182,The lighthouse relief roster follows schedule,XV97,KW69,-0.6559658050537109,-1.4473519325256348,-1.0680594444274902,17.921557799214497,18.485634846787434,19.033140800660476
6,0.75,10,0.9091,The harbour pilot's licence shows registration code,CP52,LM94,-0.2837100028991699,-0.4293346405029297,-0.4342617988586426,17.282430613180622,16.095429210574366,16.294004224939272
6,0.75,11,1.0,The hydrographic chart set reached edition,CM62,LW60,1.423551082611084,1.5654444694519043,1.2642168998718262,19.46840591309592,19.88471137289889,19.60766172129661
6,1.0,0,0.0,The radio operator's logbook continues in volume,UC72,CS64,0.339200496673584,0.04216194152832031,-0.5240254402160645,19.101450396701694,15.939104239689186,15.264844958670437
6,1.0,1,0.0909,The winter supply manifest lists lot number,JB10,RK62,-0.5735301971435547,-0.6491885185241699,-0.27161693572998047,17.366630676668137,16.147888831794262,16.67241199349519
6,1.0,2,0.1818,The assay laboratory furnace is a model,EX85,CG97,-0.8321094512939453,1.1567411422729492,1.0693578720092773,15.804365363903344,17.191665437072515,18.524285435676575
6,1.0,3,0.2727,The expedition's spare sledge carries equipment tag,RZ57,ZF12,-1.1176438331604004,-0.7575244903564453,-0.7115788459777832,19.931202147330623,18.261826017289422,19.171177509473637
6,1.0,4,0.3636,The meteorological buoy broadcasts on transponder code,LA44,AT25,0.7403092384338379,0.4407997131347656,0.37535810470581055,15.772820323240012,14.350354845752008,14.813689743401483
6,1.0,5,0.4545,The signal lamp housing takes fitting code,RG62,JP63,0.8060727119445801,0.20423603057861328,0.41457653045654297,15.206598525168374,17.1428196253255,16.7989624341717
6,1.0,6,0.5455,The botanical specimen case holds accession number,TT97,VR44,-1.1243219375610352,-1.6806464195251465,-2.0531630516052246,17.822953447233886,17.98541999293957,17.459888719255105
6,1.0,7,0.6364,Ansel's transit permit was issued as document number,DG82,VR94,2.396455764770508,2.1818718910217285,2.104678153991699,18.035215025302023,18.722269080375554,18.974526851117844
6,1.0,8,0.7273,The mail packet from Vlissen came in pouch number,TY43,RR28,0.21920013427734375,0.1977853775024414,0.2132110595703125,17.351369512616657,18.619707613193896,18.583743056544336
6,1.0,9,0.8182,The lighthouse relief roster follows schedule,XV97,KW69,-0.6559658050537109,-1.090958595275879,-0.5441756248474121,17.921557799214497,17.60928076086566,17.842907073965762
6,1.0,10,0.9091,The harbour pilot's licence shows registration code,CP52,LM94,-0.2837100028991699,-0.18458175659179688,-0.5026345252990723,17.282430613180622,17.252655964926817,17.65063130587805
6,1.0,11,1.0,The hydrographic chart set reached edition,CM62,LW60,1.423551082611084,2.0713839530944824,1.8710179328918457,19.46840591309592,19.984741414664313,19.546907394891605
6,2.0,0,0.0,The radio operator's logbook continues in volume,UC72,CS64,0.339200496673584,-1.1060938835144043,-0.5953202247619629,19.101450396701694,15.822362134233117,16.936536643654108
6,2.0,1,0.0909,The winter supply manifest lists lot number,JB10,RK62,-0.5735301971435547,-0.057641029357910156,0.42836618423461914,17.366630676668137,12.374500043690205,18.96240465901792
6,2.0,2,0.1818,The assay laboratory furnace is a model,EX85,CG97,-0.8321094512939453,1.765510082244873,1.400740623474121,15.804365363903344,15.337073735892773,16.562736937776208
6,2.0,3,0.2727,The expedition's spare sledge carries equipment tag,RZ57,ZF12,-1.1176438331604004,-1.5034432411193848,0.8039975166320801,19.931202147330623,15.146787085570395,18.796710252412595
6,2.0,4,0.3636,The meteorological buoy broadcasts on transponder code,LA44,AT25,0.7403092384338379,0.33596324920654297,0.08590364456176758,15.772820323240012,14.16638499032706,15.004410526715219
6,2.0,5,0.4545,The signal lamp housing takes fitting code,RG62,JP63,0.8060727119445801,-0.5099978446960449,-0.4884047508239746,15.206598525168374,13.882424098672345,14.19752090855036
6,2.0,6,0.5455,The botanical specimen case holds accession number,TT97,VR44,-1.1243219375610352,-1.9583163261413574,-0.2516365051269531,17.822953447233886,15.991211745887995,17.4602140635252
6,2.0,7,0.6364,Ansel's transit permit was issued as document number,DG82,VR94,2.396455764770508,2.6904730796813965,3.094667911529541,18.035215025302023,16.125250254990533,17.283300594775937
6,2.0,8,0.7273,The mail packet from Vlissen came in pouch number,TY43,RR28,0.21920013427734375,-0.08165740966796875,-1.3201603889465332,17.351369512616657,15.475535362027586,15.788771707564592
6,2.0,9,0.8182,The lighthouse relief roster follows schedule,XV97,KW69,-0.6559658050537109,-2.4697437286376953,-2.454957962036133,17.921557799214497,14.174958261661232,17.65769658377394
6,2.0,10,0.9091,The harbour pilot's licence shows registration code,CP52,LM94,-0.2837100028991699,0.12800168991088867,-0.27909016609191895,17.282430613180622,14.6186254885979,16.2833969630301
6,2.0,11,1.0,The hydrographic chart set reached edition,CM62,LW60,1.423551082611084,2.510002613067627,0.021724224090576172,19.46840591309592,18.49485832452774,20.822737906128168
6,3.0,0,0.0,The radio operator's logbook continues in volume,UC72,CS64,0.339200496673584,0.0915384292602539,-1.1932849884033203,19.101450396701694,14.688725158572197,14.918856017291546
6,3.0,1,0.0909,The winter supply manifest lists lot number,JB10,RK62,-0.5735301971435547,1.817509651184082,-0.08356904983520508,17.366630676668137,14.98954752087593,14.731786131858826
6,3.0,2,0.1818,The assay laboratory furnace is a model,EX85,CG97,-0.8321094512939453,3.3912315368652344,5.282890319824219,15.804365363903344,15.857552716508508,16.55188735201955
6,3.0,3,0.2727,The expedition's spare sledge carries equipment tag,RZ57,ZF12,-1.1176438331604004,-0.34744882583618164,4.427921295166016,19.931202147330623,16.317090205848217,16.00085400044918
6,3.0,4,0.3636,The meteorological buoy broadcasts on transponder code,LA44,AT25,0.7403092384338379,-1.7936673164367676,-0.5272555351257324,15.772820323240012,16.460290119983256,17.743234620429575
6,3.0,5,0.4545,The signal lamp housing takes fitting code,RG62,JP63,0.8060727119445801,-2.7813944816589355,-3.395843505859375,15.206598525168374,14.072651863098145,15.621111734770238
6,3.0,6,0.5455,The botanical specimen case holds accession number,TT97,VR44,-1.1243219375610352,-2.2926135063171387,-0.005120277404785156,17.822953447233886,19.9864065842703,18.68056507408619
6,3.0,7,0.6364,Ansel's transit permit was issued as document number,DG82,VR94,2.396455764770508,1.2312374114990234,-1.0150609016418457,18.035215025302023,18.628665463998914,15.988602279685438
6,3.0,8,0.7273,The mail packet from Vlissen came in pouch number,TY43,RR28,0.21920013427734375,-2.415024757385254,-3.649545192718506,17.351369512616657,16.33323186635971,16.229295156896114
6,3.0,9,0.8182,The lighthouse relief roster follows schedule,XV97,KW69,-0.6559658050537109,-4.306236267089844,-3.168152332305908,17.921557799214497,16.68166538514197,17.865244664251804
6,3.0,10,0.9091,The harbour pilot's licence shows registration code,CP52,LM94,-0.2837100028991699,1.0132927894592285,-2.678593635559082,17.282430613180622,16.618660239037126,15.855281118769199
6,3.0,11,1.0,The hydrographic chart set reached edition,CM62,LW60,1.423551082611084,5.197133302688599,-0.16571855545043945,19.46840591309592,20.461508696898818,21.373608184047043
6,4.0,0,0.0,The radio operator's logbook continues in volume,UC72,CS64,0.339200496673584,2.6498308181762695,0.39599609375,19.101450396701694,16.07682541012764,14.598008289933205
6,4.0,1,0.0909,The winter supply manifest lists lot number,JB10,RK62,-0.5735301971435547,1.4547944068908691,1.0418758392333984,17.366630676668137,11.910338759422302,10.504564464092255
6,4.0,2,0.1818,The assay laboratory furnace is a model,EX85,CG97,-0.8321094512939453,4.324793338775635,1.3345074653625488,15.804365363903344,17.36588230729103,12.82798594981432
6,4.0,3,0.2727,The expedition's spare sledge carries equipment tag,RZ57,ZF12,-1.1176438331604004,2.9193029403686523,4.3874735832214355,19.931202147330623,13.648445665836334,16.65100873634219
6,4.0,4,0.3636,The meteorological buoy broadcasts on transponder code,LA44,AT25,0.7403092384338379,-2.0501675605773926,-2.4519357681274414,15.772820323240012,12.416429325938225,15.45470479875803
6,4.0,5,0.4545,The signal lamp housing takes fitting code,RG62,JP63,0.8060727119445801,-5.593363285064697,-2.7463579177856445,15.206598525168374,14.155219666659832,14.643781762570143
6,4.0,6,0.5455,The botanical specimen case holds accession number,TT97,VR44,-1.1243219375610352,-2.0053224563598633,-1.0951600074768066,17.822953447233886,19.052999494597316,15.520573571324348
6,4.0,7,0.6364,Ansel's transit permit was issued as document number,DG82,VR94,2.396455764770508,-2.931358575820923,-0.367218017578125,18.035215025302023,16.431111089885235,14.903936248272657
6,4.0,8,0.7273,The mail packet from Vlissen came in pouch number,TY43,RR28,0.21920013427734375,1.459078311920166,-0.35648488998413086,17.351369512616657,15.169545769691467,14.642864622175694
6,4.0,9,0.8182,The lighthouse relief roster follows schedule,XV97,KW69,-0.6559658050537109,-6.376820087432861,-2.3652443885803223,17.921557799214497,18.166835822165012,15.699285794049501
6,4.0,10,0.9091,The harbour pilot's licence shows registration code,CP52,LM94,-0.2837100028991699,2.8419742584228516,-1.1992316246032715,17.282430613180622,17.273277832660824,13.967165188863873
6,4.0,11,1.0,The hydrographic chart set reached edition,CM62,LW60,1.423551082611084,7.640683174133301,2.314262866973877,19.46840591309592,20.574287666007876,19.69341481756419
6,6.0,0,0.0,The radio operator's logbook continues in volume,UC72,CS64,0.339200496673584,2.494433879852295,-2.581754684448242,19.101450396701694,5.956706285476685,1.635157585144043
6,6.0,1,0.0909,The winter supply manifest lists lot number,JB10,RK62,-0.5735301971435547,0.9130377769470215,3.838975429534912,17.366630676668137,5.493712902069092,8.570191621780396
6,6.0,2,0.1818,The assay laboratory furnace is a model,EX85,CG97,-0.8321094512939453,5.887548446655273,2.7697949409484863,15.804365363903344,13.05755439400673,13.79044771194458
6,6.0,3,0.2727,The expedition's spare sledge carries equipment tag,RZ57,ZF12,-1.1176438331604004,2.977653980255127,1.4833598136901855,19.931202147330623,12.907457798719406,7.25184178352356
6,6.0,4,0.3636,The meteorological buoy broadcasts on transponder code,LA44,AT25,0.7403092384338379,-2.244997024536133,-3.0212230682373047,15.772820323240012,7.210612058639526,10.084199786186218
6,6.0,5,0.4545,The signal lamp housing takes fitting code,RG62,JP63,0.8060727119445801,-5.162841320037842,-5.2445220947265625,15.206598525168374,10.48240651190281,11.049816727638245
6,6.0,6,0.5455,The botanical specimen case holds accession number,TT97,VR44,-1.1243219375610352,-0.6308674812316895,-1.5005207061767578,17.822953447233886,16.746295660734177,13.254978001117706
6,6.0,7,0.6364,Ansel's transit permit was issued as document number,DG82,VR94,2.396455764770508,-5.225744247436523,-1.5056114196777344,18.035215025302023,15.667137362062931,11.992666482925415
6,6.0,8,0.7273,The mail packet from Vlissen came in pouch number,TY43,RR28,0.21920013427734375,-0.34523868560791016,-0.1225275993347168,17.351369512616657,14.282320462167263,11.749120235443115
6,6.0,9,0.8182,The lighthouse relief roster follows schedule,XV97,KW69,-0.6559658050537109,-1.3784265518188477,-2.300459861755371,17.921557799214497,13.285351794213057,15.946610063314438
6,6.0,10,0.9091,The harbour pilot's licence shows registration code,CP52,LM94,-0.2837100028991699,-0.250948429107666,-4.085294485092163,17.282430613180622,14.129324454814196,16.111690290272236
6,6.0,11,1.0,The hydrographic chart set reached edition,CM62,LW60,1.423551082611084,3.334535598754883,1.2552342414855957,19.46840591309592,20.73923411872238,19.875912968069315
7,0.25,0,0.0,The seismograph at Ridge Camp reports as instrument,LE60,DR17,-0.7970552444458008,-0.9480671882629395,-1.0655665397644043,19.092568831983954,19.150771379237995,19.140500995796174
7,0.25,1,0.0909,The winter supply manifest lists lot number,WB19,GK26,1.0307588577270508,1.0786113739013672,0.9965901374816895,16.7799362197984,17.603876219131052,17.699593109544367
7,0.25,2,0.1818,The border checkpoint ledger opens at entry code,TD56,NR20,0.728848934173584,0.8079285621643066,0.8528742790222168,16.820769504643977,17.357218242250383,17.26211351971142
7,0.25,3,0.2727,The lighthouse relief roster follows schedule,UB74,TJ27,-0.636688232421875,-0.8736886978149414,-0.9930996894836426,14.1836813907139,14.456963636912405,14.601138264406472
7,0.25,4,0.3636,Ansel's transit permit was issued as document number,GB21,PT45,-1.5162591934204102,-1.643702507019043,-1.4718222618103027,16.234070484060794,15.985581000335515,16.189885935280472
7,0.25,5,0.4545,The survey team's theodolite bears serial number,PP18,EC32,-0.3135519027709961,-0.22446012496948242,-0.3085298538208008,12.385686459718272,12.98928990890272,12.840491150389425
7,0.25,6,0.5455,The glacier survey stake is recorded as marker,HC80,EH94,-0.3216872215270996,-0.5514187812805176,-0.6038517951965332,17.302455871831626,17.32096305466257,17.595008505973965
7,0.25,7,0.6364,The sealed crate in the annex is marked with inventory tag,PB82,HA72,0.3952503204345703,0.3519716262817383,0.33931446075439453,19.104207596974447,20.613862510421313,20.594834440853447
7,0.25,8,0.7273,The quartermaster's tally sheet uses form number,DH90,UF43,-0.975928783416748,-0.7768387794494629,-0.8311972618103027,16.73110049823299,17.71763302211184,17.57307154533919
7,0.25,9,0.8182,The telegraph repeater hut answers to station code,BH15,PT57,-1.0319633483886719,-1.065352439880371,-1.003614902496338,19.348732316633686,18.095163485384546,18.768607078120112
7,0.25,10,0.9091,The mail packet from Vlissen came in pouch number,TE47,VW96,1.3305273056030273,1.4166326522827148,1.4488449096679688,17.6840435959748,17.705273178697098,18.025854331906885
7,0.25,11,1.0,The freight siding at Kelder appears on the plan as track,PE79,XT60,0.6463279724121094,0.6884679794311523,0.7578997611999512,14.551081241108477,14.988946169847623,15.250657125143334
7,0.5,0,0.0,The seismograph at Ridge Camp reports as instrument,LE60,DR17,-0.7970552444458008,-0.7122006416320801,-1.099991798400879,19.092568831983954,19.01808245270513,18.848666683305055
7,0.5,1,0.0909,The winter supply manifest lists lot number,WB19,GK26,1.0307588577270508,1.302565097808838,1.2869749069213867,16.7799362197984,18.087291175557766,17.822889528470114
7,0.5,2,0.1818,The border checkpoint ledger opens at entry code,TD56,NR20,0.728848934173584,0.7342486381530762,0.6806879043579102,16.820769504643977,16.958740805042908,16.787159009370953
7,0.5,3,0.2727,The lighthouse relief roster follows schedule,UB74,TJ27,-0.636688232421875,-1.228281021118164,-1.3471355438232422,14.1836813907139,14.685150865465403,14.445997119881213
7,0.5,4,0.3636,Ansel's transit permit was issued as document number,GB21,PT45,-1.5162591934204102,-2.3478200435638428,-2.3625986576080322,16.234070484060794,16.76000974047929,16.45206234161742
7,0.5,5,0.4545,The survey team's theodolite bears serial number,PP18,EC32,-0.3135519027709961,-0.18520784378051758,-0.46949052810668945,12.385686459718272,12.932305641239509,13.159739500959404
7,0.5,6,0.5455,The glacier survey stake is recorded as marker,HC80,EH94,-0.3216872215270996,-0.39709997177124023,-0.7312459945678711,17.302455871831626,17.40680801065173,16.77901958860457
7,0.5,7,0.6364,The sealed crate in the annex is marked with inventory tag,PB82,HA72,0.3952503204345703,0.3019876480102539,0.07467222213745117,19.104207596974447,20.38458201137837,20.323525882675312
7,0.5,8,0.7273,The quartermaster's tally sheet uses form number,DH90,UF43,-0.975928783416748,-0.6115550994873047,-0.8858509063720703,16.73110049823299,17.54174738796428,17.210682456265204
7,0.5,9,0.8182,The telegraph repeater hut answers to station code,BH15,PT57,-1.0319633483886719,-0.9363088607788086,-0.9615168571472168,19.348732316633686,18.42838119692169,17.50809516152367
7,0.5,10,0.9091,The mail packet from Vlissen came in pouch number,TE47,VW96,1.3305273056030273,1.307631015777588,1.2457237243652344,17.6840435959748,18.59485235909233,18.675934892176883
7,0.5,11,1.0,The freight siding at Kelder appears on the plan as track,PE79,XT60,0.6463279724121094,0.6644186973571777,0.8192057609558105,14.551081241108477,14.785592947388068,15.168720024055801
7,0.75,0,0.0,The seismograph at Ridge Camp reports as instrument,LE60,DR17,-0.7970552444458008,-0.7230734825134277,0.2672572135925293,19.092568831983954,19.606074539362453,16.499201146885753
7,0.75,1,0.0909,The winter supply manifest lists lot number,WB19,GK26,1.0307588577270508,0.7453451156616211,1.146437644958496,16.7799362197984,19.34976998262573,17.417833960149437
7,0.75,2,0.1818,The border checkpoint ledger opens at entry code,TD56,NR20,0.728848934173584,0.4537038803100586,0.23188495635986328,16.820769504643977,18.01273159054108,15.769036194309592
7,0.75,3,0.2727,The lighthouse relief roster follows schedule,UB74,TJ27,-0.636688232421875,-0.9237203598022461,-0.8576807975769043,14.1836813907139,15.833270400995389,13.855637858156115
7,0.75,4,0.3636,Ansel's transit permit was issued as document number,GB21,PT45,-1.5162591934204102,-1.4143729209899902,-1.2334561347961426,16.234070484060794,17.76605799794197,15.199229382909834
7,0.75,5,0.4545,The survey team's theodolite bears serial number,PP18,EC32,-0.3135519027709961,-0.5186953544616699,-0.633265495300293,12.385686459718272,13.46338392922189,11.662327587371692
7,0.75,6,0.5455,The glacier survey stake is recorded as marker,HC80,EH94,-0.3216872215270996,-0.259218692779541,-0.21495771408081055,17.302455871831626,16.55900553590618,15.002550932578743
7,0.75,7,0.6364,The sealed crate in the annex is marked with inventory tag,PB82,HA72,0.3952503204345703,-0.10005903244018555,-0.11289310455322266,19.104207596974447,20.099053086247295,17.647512387135066
7,0.75,8,0.7273,The quartermaster's tally sheet uses form number,DH90,UF43,-0.975928783416748,-0.6581716537475586,-0.43318796157836914,16.73110049823299,18.165938421501778,16.305364036234096
7,0.75,9,0.8182,The telegraph repeater hut answers to station code,BH15,PT57,-1.0319633483886719,-0.8115906715393066,-0.5695185661315918,19.348732316633686,18.10382823762484,16.061131881084293
7,0.75,10,0.9091,The mail packet from Vlissen came in pouch number,TE47,VW96,1.3305273056030273,0.5573787689208984,-0.16390037536621094,17.6840435959748,19.32665880600689,17.70477797789499
7,0.75,11,1.0,The freight siding at Kelder appears on the plan as track,PE79,XT60,0.6463279724121094,0.9316039085388184,0.5050039291381836,14.551081241108477,14.523070241324604,13.225998010486364
7,1.0,0,0.0,The seismograph at Ridge Camp reports as instrument,LE60,DR17,-0.7970552444458008,-0.8890194892883301,-0.4448413848876953,19.092568831983954,18.082086952170357,17.24546544533223
7,1.0,1,0.0909,The winter supply manifest lists lot number,WB19,GK26,1.0307588577270508,0.35080957412719727,0.81964111328125,16.7799362197984,18.032070244662464,17.3155544414185
7,1.0,2,0.1818,The border checkpoint ledger opens at entry code,TD56,NR20,0.728848934173584,0.5655264854431152,0.5479111671447754,16.820769504643977,15.760455682873726,15.501011218875647
7,1.0,3,0.2727,The lighthouse relief roster follows schedule,UB74,TJ27,-0.636688232421875,-2.2930960655212402,-2.2539806365966797,14.1836813907139,14.389562729513273,14.355759033933282
7,1.0,4,0.3636,Ansel's transit permit was issued as document number,GB21,PT45,-1.5162591934204102,-0.6287364959716797,-1.1118817329406738,16.234070484060794,15.860132728237659,16.27959006698802
7,1.0,5,0.4545,The survey team's theodolite bears serial number,PP18,EC32,-0.3135519027709961,-0.08624935150146484,-0.16475200653076172,12.385686459718272,12.70392550388351,12.734626700636
7,1.0,6,0.5455,The glacier survey stake is recorded as marker,HC80,EH94,-0.3216872215270996,-0.14744234085083008,-0.13981389999389648,17.302455871831626,15.325907558668405,15.460687927901745
7,1.0,7,0.6364,The sealed crate in the annex is marked with inventory tag,PB82,HA72,0.3952503204345703,0.5598430633544922,0.3181028366088867,19.104207596974447,21.308908185514156,19.667412816139404
7,1.0,8,0.7273,The quartermaster's tally sheet uses form number,DH90,UF43,-0.975928783416748,-0.665590763092041,-0.10099267959594727,16.73110049823299,15.444869533879682,15.610213663661852
7,1.0,9,0.8182,The telegraph repeater hut answers to station code,BH15,PT57,-1.0319633483886719,-1.7243280410766602,-1.6902756690979004,19.348732316633686,19.27983303752262,20.08574895100901
7,1.0,10,0.9091,The mail packet from Vlissen came in pouch number,TE47,VW96,1.3305273056030273,1.012362003326416,1.0557332038879395,17.6840435959748,18.20281401358079,18.374163518776186
7,1.0,11,1.0,The freight siding at Kelder appears on the plan as track,PE79,XT60,0.6463279724121094,1.2806386947631836,0.9375133514404297,14.551081241108477,15.429079242050648,15.657304317923263
7,2.0,0,0.0,The seismograph at Ridge Camp reports as instrument,LE60,DR17,-0.7970552444458008,-0.15517520904541016,-1.4804611206054688,19.092568831983954,17.122771881520748,14.570227175951004
7,2.0,1,0.0909,The winter supply manifest lists lot number,WB19,GK26,1.0307588577270508,1.017125129699707,3.515937328338623,16.7799362197984,14.71538832038641,16.97995349019766
7,2.0,2,0.1818,The border checkpoint ledger opens at entry code,TD56,NR20,0.728848934173584,0.8685941696166992,1.5167207717895508,16.820769504643977,15.875499054789543,15.919597215950489
7,2.0,3,0.2727,The lighthouse relief roster follows schedule,UB74,TJ27,-0.636688232421875,-2.9776501655578613,-3.0744099617004395,14.1836813907139,13.435148230753839,15.876737965736538
7,2.0,4,0.3636,Ansel's transit permit was issued as document number,GB21,PT45,-1.5162591934204102,-1.106466293334961,-2.5088329315185547,16.234070484060794,14.928338501602411,17.299270559102297
7,2.0,5,0.4545,The survey team's theodolite bears serial number,PP18,EC32,-0.3135519027709961,-1.0987672805786133,4.049597263336182,12.385686459718272,15.037018338218331,16.001546538434923
7,2.0,6,0.5455,The glacier survey stake is recorded as marker,HC80,EH94,-0.3216872215270996,0.37625551223754883,-0.19154024124145508,17.302455871831626,13.819696936756372,16.042726382613182
7,2.0,7,0.6364,The sealed crate in the annex is marked with inventory tag,PB82,HA72,0.3952503204345703,0.5145020484924316,1.9903597831726074,19.104207596974447,19.556766821537167,21.173826333601028
7,2.0,8,0.7273,The quartermaster's tally sheet uses form number,DH90,UF43,-0.975928783416748,0.2665243148803711,0.8062348365783691,16.73110049823299,11.94336227606982,16.20077689923346
7,2.0,9,0.8182,The telegraph repeater hut answers to station code,BH15,PT57,-1.0319633483886719,-4.217628002166748,-6.424547433853149,19.348732316633686,14.889905780553818,21.134107081685215
7,2.0,10,0.9091,The mail packet from Vlissen came in pouch number,TE47,VW96,1.3305273056030273,0.8764171600341797,3.1419601440429688,17.6840435959748,14.12435443373397,18.04778133612126
7,2.0,11,1.0,The freight siding at Kelder appears on the plan as track,PE79,XT60,0.6463279724121094,2.625974655151367,-0.07941484451293945,14.551081241108477,15.596366652287543,15.636441209353507
7,3.0,0,0.0,The seismograph at Ridge Camp reports as instrument,LE60,DR17,-0.7970552444458008,-6.596129894256592,-7.531395196914673,19.092568831983954,16.000177204608917,17.52381905913353
7,3.0,1,0.0909,The winter supply manifest lists lot number,WB19,GK26,1.0307588577270508,2.305579662322998,3.82454252243042,16.7799362197984,14.554168164730072,17.717266000807285
7,3.0,2,0.1818,The border checkpoint ledger opens at entry code,TD56,NR20,0.728848934173584,2.3702802658081055,3.7128829956054688,16.820769504643977,14.630858063697815,16.959791839122772
7,3.0,3,0.2727,The lighthouse relief roster follows schedule,UB74,TJ27,-0.636688232421875,-2.8288822174072266,-3.677032947540283,14.1836813907139,12.145554512739182,12.478923838585615
7,3.0,4,0.3636,Ansel's transit permit was issued as document number,GB21,PT45,-1.5162591934204102,0.5126667022705078,-3.117033004760742,16.234070484060794,14.859201796352863,18.854799286462367
7,3.0,5,0.4545,The survey team's theodolite bears serial number,PP18,EC32,-0.3135519027709961,2.5899858474731445,1.9063568115234375,12.385686459718272,18.14683347940445,17.94644296169281
7,3.0,6,0.5455,The glacier survey stake is recorded as marker,HC80,EH94,-0.3216872215270996,2.06575345993042,2.0116748809814453,17.302455871831626,20.11274876445532,19.99973344337195
7,3.0,7,0.6364,The sealed crate in the annex is marked with inventory tag,PB82,HA72,0.3952503204345703,5.164640426635742,3.5894289016723633,19.104207596974447,20.807060923427343,22.59381441771984
7,3.0,8,0.7273,The quartermaster's tally sheet uses form number,DH90,UF43,-0.975928783416748,1.355769157409668,-0.5476474761962891,16.73110049823299,13.048635698854923,16.236950129270554
7,3.0,9,0.8182,The telegraph repeater hut answers to station code,BH15,PT57,-1.0319633483886719,-5.941592216491699,-4.987666606903076,19.348732316633686,17.13528213277459,17.786919767037034
7,3.0,10,0.9091,The mail packet from Vlissen came in pouch number,TE47,VW96,1.3305273056030273,0.5970044136047363,-2.8035459518432617,17.6840435959748,16.070098616182804,19.51296864449978
7,3.0,11,1.0,The freight siding at Kelder appears on the plan as track,PE79,XT60,0.6463279724121094,8.485672235488892,5.519036293029785,14.551081241108477,14.435014687478542,15.871679417788982
7,4.0,0,0.0,The seismograph at Ridge Camp reports as instrument,LE60,DR17,-0.7970552444458008,-6.480423927307129,-8.017041683197021,19.092568831983954,14.630261719226837,14.070034623146057
7,4.0,1,0.0909,The winter supply manifest lists lot number,WB19,GK26,1.0307588577270508,3.2913599014282227,3.716501235961914,16.7799362197984,13.854817628860474,13.36804011464119
7,4.0,2,0.1818,The border checkpoint ledger opens at entry code,TD56,NR20,0.728848934173584,0.987769603729248,1.9755849838256836,16.820769504643977,12.980044722557068,16.098917096853256
7,4.0,3,0.2727,The lighthouse relief roster follows schedule,UB74,TJ27,-0.636688232421875,-3.9054245948791504,2.240382671356201,14.1836813907139,11.972129106521606,10.906128197908401
7,4.0,4,0.3636,Ansel's transit permit was issued as document number,GB21,PT45,-1.5162591934204102,-2.4422073364257812,-1.168266773223877,16.234070484060794,14.63009936362505,15.28009358048439
7,4.0,5,0.4545,The survey team's theodolite bears serial number,PP18,EC32,-0.3135519027709961,1.2843046188354492,5.385311126708984,12.385686459718272,15.47509628534317,16.398827828466892
7,4.0,6,0.5455,The glacier survey stake is recorded as marker,HC80,EH94,-0.3216872215270996,1.1784439086914062,1.7148895263671875,17.302455871831626,16.829758174717426,16.5434682443738
7,4.0,7,0.6364,The sealed crate in the annex is marked with inventory tag,PB82,HA72,0.3952503204345703,4.947218894958496,3.2657556533813477,19.104207596974447,18.83108378201723,19.258057065308094
7,4.0,8,0.7273,The quartermaster's tally sheet uses form number,DH90,UF43,-0.975928783416748,0.3852100372314453,-0.8023872375488281,16.73110049823299,12.595003694295883,15.522793114185333
7,4.0,9,0.8182,The telegraph repeater hut answers to station code,BH15,PT57,-1.0319633483886719,-4.759610176086426,-3.3341617584228516,19.348732316633686,14.382470160722733,15.096413612365723
7,4.0,10,0.9091,The mail packet from Vlissen came in pouch number,TE47,VW96,1.3305273056030273,1.1410274505615234,-0.6298565864562988,17.6840435959748,14.473145991563797,16.143702682107687
7,4.0,11,1.0,The freight siding at Kelder appears on the plan as track,PE79,XT60,0.6463279724121094,6.571086883544922,2.9879813194274902,14.551081241108477,15.733501359820366,17.7139157615602
7,6.0,0,0.0,The seismograph at Ridge Camp reports as instrument,LE60,DR17,-0.7970552444458008,-4.414813995361328,-3.3537793159484863,19.092568831983954,6.424281597137451,8.822338104248047
7,6.0,1,0.0909,The winter supply manifest lists lot number,WB19,GK26,1.0307588577270508,1.7566790580749512,1.727013111114502,16.7799362197984,10.693945229053497,11.621143281459808
7,6.0,2,0.1818,The border checkpoint ledger opens at entry code,TD56,NR20,0.728848934173584,-0.9234623908996582,0.2478346824645996,16.820769504643977,3.0537309646606445,7.534796476364136
7,6.0,3,0.2727,The lighthouse relief roster follows schedule,UB74,TJ27,-0.636688232421875,-1.1682143211364746,0.06555604934692383,14.1836813907139,12.016751110553741,11.911752939224243
7,6.0,4,0.3636,Ansel's transit permit was issued as document number,GB21,PT45,-1.5162591934204102,-0.4910154342651367,0.3822927474975586,16.234070484060794,15.467758744955063,13.418697565793991
7,6.0,5,0.4545,The survey team's theodolite bears serial number,PP18,EC32,-0.3135519027709961,-0.2707180976867676,-1.134199619293213,12.385686459718272,12.442941546440125,14.544956848025322
7,6.0,6,0.5455,The glacier survey stake is recorded as marker,HC80,EH94,-0.3216872215270996,2.7285661697387695,1.8192667961120605,17.302455871831626,11.713479787111282,14.786102525889874
7,6.0,7,0.6364,The sealed crate in the annex is marked with inventory tag,PB82,HA72,0.3952503204345703,1.42144775390625,0.4856109619140625,19.104207596974447,15.551550209522247,20.0580932199955
7,6.0,8,0.7273,The quartermaster's tally sheet uses form number,DH90,UF43,-0.975928783416748,-1.9355602264404297,-3.639174461364746,16.73110049823299,9.790804833173752,14.136774763464928
7,6.0,9,0.8182,The telegraph repeater hut answers to station code,BH15,PT57,-1.0319633483886719,-6.831445217132568,-1.1608295440673828,19.348732316633686,10.50662887096405,13.999522387981415
7,6.0,10,0.9091,The mail packet from Vlissen came in pouch number,TE47,VW96,1.3305273056030273,0.7872495651245117,0.19777202606201172,17.6840435959748,9.82411926239729,11.870843075215816
7,6.0,11,1.0,The freight siding at Kelder appears on the plan as track,PE79,XT60,0.6463279724121094,3.55165433883667,2.115471363067627,14.551081241108477,14.461497787386179,16.496643394231796
