seed,alpha,item,depth,stem,correct,wrong,cold,warm,mismatched,coldB,warmB,mismB
0,0.0,0,0.0,The quartermaster's tally sheet uses form number,NP15,PB22,-1.6085333824157715,-1.6085333824157715,-1.6085333824157715,18.264219445642084,18.264219445642084,18.264219445642084
0,0.0,1,0.0909,The diesel storage tank is stencilled vessel number,JS72,BU91,-0.44397687911987305,-0.44397687911987305,-0.44397687911987305,16.24125651270151,16.24125651270151,16.24125651270151
0,0.0,2,0.1818,The harbour pilot's licence shows registration code,NK71,TV97,0.5169720649719238,0.5169720649719238,0.5169720649719238,18.008236235938966,18.008236235938966,18.008236235938966
0,0.0,3,0.2727,The eastern pumping station runs on circuit label,MU37,CA25,-0.32012033462524414,-0.32012033462524414,-0.32012033462524414,17.442753924056888,17.442753924056888,17.442753924056888
0,0.0,4,0.3636,The radio operator's logbook continues in volume,SE46,WG87,1.5288300514221191,1.5288300514221191,1.5288300514221191,16.52787968260236,16.52787968260236,16.52787968260236
0,0.0,5,0.4545,The survey team's theodolite bears serial number,ED89,UD60,1.2862138748168945,1.2862138748168945,1.2862138748168945,18.5708364257589,18.5708364257589,18.5708364257589
0,0.0,6,0.5455,The seismograph at Ridge Camp reports as instrument,JT87,CM24,0.6292634010314941,0.6292634010314941,0.6292634010314941,17.151886554202065,17.151886554202065,17.151886554202065
0,0.0,7,0.6364,The winter quarters roof panel came from batch,LR81,BV12,0.035562992095947266,0.035562992095947266,0.035562992095947266,16.69963419949636,16.69963419949636,16.69963419949636
0,0.0,8,0.7273,The customs declaration quotes reference code,DM65,GF25,0.6167798042297363,0.6167798042297363,0.6167798042297363,18.796805952792056,18.796805952792056,18.796805952792056
0,0.0,9,0.8182,The reserve fuel depot is listed at site code,LV91,RG17,0.47223424911499023,0.47223424911499023,0.47223424911499023,19.273172526387498,19.273172526387498,19.273172526387498
0,0.0,10,0.9091,The ice core drilling rig was delivered as unit,GT71,PV22,0.48714637756347656,0.48714637756347656,0.48714637756347656,22.544630022370256,22.544630022370256,22.544630022370256
0,0.0,11,1.0,The mail packet from Vlissen came in pouch number,QS43,JC38,-0.43382787704467773,-0.43382787704467773,-0.43382787704467773,18.311755734845065,18.311755734845065,18.311755734845065
0,0.25,0,0.0,The quartermaster's tally sheet uses form number,NP15,PB22,-1.6085333824157715,-1.439864158630371,-1.4594159126281738,18.264219445642084,20.84640653897077,20.234299310017377
0,0.25,1,0.0909,The diesel storage tank is stencilled vessel number,JS72,BU91,-0.44397687911987305,-0.42108726501464844,-0.34264564514160156,16.24125651270151,17.290351792937145,17.082121673272923
0,0.25,2,0.1818,The harbour pilot's licence shows registration code,NK71,TV97,0.5169720649719238,0.788853645324707,0.6371536254882812,18.008236235938966,19.191590580856428,18.757870006375015
0,0.25,3,0.2727,The eastern pumping station runs on circuit label,MU37,CA25,-0.32012033462524414,-0.3390007019042969,-0.28789329528808594,17.442753924056888,18.136347376625054,18.382451090263203
0,0.25,4,0.3636,The radio operator's logbook continues in volume,SE46,WG87,1.5288300514221191,1.4713716506958008,1.2495527267456055,16.52787968260236,17.40662338002585,17.38543877657503
0,0.25,5,0.4545,The survey team's theodolite bears serial number,ED89,UD60,1.2862138748168945,1.3912296295166016,1.2731447219848633,18.5708364257589,19.364798923488706,19.21697049587965
0,0.25,6,0.5455,The seismograph at Ridge Camp reports as instrument,JT87,CM24,0.6292634010314941,0.7240567207336426,0.9091525077819824,17.151886554202065,17.004917656304315,17.295362332370132
0,0.25,7,0.6364,The winter quarters roof panel came from batch,LR81,BV12,0.035562992095947266,0.23110675811767578,0.05776262283325195,16.69963419949636,17.60519518284127,17.315857598092407
0,0.25,8,0.7273,The customs declaration quotes reference code,DM65,GF25,0.6167798042297363,0.537254810333252,0.5854477882385254,18.796805952792056,19.393187486100942,19.506193321663886
0,0.25,9,0.8182,The reserve fuel depot is listed at site code,LV91,RG17,0.47223424911499023,0.39832496643066406,0.4369664192199707,19.273172526387498,19.647829723311588,19.64782412198838
0,0.25,10,0.9091,The ice core drilling rig was delivered as unit,GT71,PV22,0.48714637756347656,0.7294631004333496,0.4777393341064453,22.544630022370256,22.71084945416078,22.52638250554446
0,0.25,11,1.0,The mail packet from Vlissen came in pouch number,QS43,JC38,-0.43382787704467773,-0.3307056427001953,-0.3667788505554199,18.311755734845065,19.23473497433588,18.97152856993489
0,0.5,0,0.0,The quartermaster's tally sheet uses form number,NP15,PB22,-1.6085333824157715,-1.3328509330749512,-1.4116981029510498,18.264219445642084,19.76496506901458,20.21751030604355
0,0.5,1,0.0909,The diesel storage tank is stencilled vessel number,JS72,BU91,-0.44397687911987305,-0.33461952209472656,-0.4631986618041992,16.24125651270151,17.29946715873666,16.769335336284712
0,0.5,2,0.1818,The harbour pilot's licence shows registration code,NK71,TV97,0.5169720649719238,1.0097661018371582,0.9646949768066406,18.008236235938966,18.844154889928177,19.107884790282696
0,0.5,3,0.2727,The eastern pumping station runs on circuit label,MU37,CA25,-0.32012033462524414,-0.11688709259033203,-0.2929096221923828,17.442753924056888,18.44585285685025,18.496554139070213
0,0.5,4,0.3636,The radio operator's logbook continues in volume,SE46,WG87,1.5288300514221191,1.7906274795532227,1.2175464630126953,16.52787968260236,17.728662556037307,16.883340099127963
0,0.5,5,0.4545,The survey team's theodolite bears serial number,ED89,UD60,1.2862138748168945,1.4222593307495117,1.2296996116638184,18.5708364257589,18.992846600711346,18.687494137790054
0,0.5,6,0.5455,The seismograph at Ridge Camp reports as instrument,JT87,CM24,0.6292634010314941,0.41956043243408203,0.5266571044921875,17.151886554202065,17.482632618397474,17.435057540657
0,0.5,7,0.6364,The winter quarters roof panel came from batch,LR81,BV12,0.035562992095947266,0.08421564102172852,0.07814264297485352,16.69963419949636,17.63102081324905,16.94813528470695
0,0.5,8,0.7273,The customs declaration quotes reference code,DM65,GF25,0.6167798042297363,0.6008005142211914,0.4985957145690918,18.796805952792056,19.64369653473841,19.81973808084149
0,0.5,9,0.8182,The reserve fuel depot is listed at site code,LV91,RG17,0.47223424911499023,0.5411944389343262,0.3807649612426758,19.273172526387498,19.88657970307395,20.0516231196234
0,0.5,10,0.9091,The ice core drilling rig was delivered as unit,GT71,PV22,0.48714637756347656,0.5464949607849121,0.627690315246582,22.544630022370256,22.847621153050568,22.997603398689535
0,0.5,11,1.0,The mail packet from Vlissen came in pouch number,QS43,JC38,-0.43382787704467773,-0.4449648857116699,-0.25612688064575195,18.311755734845065,19.568661555531435,19.41164140822366
0,0.75,0,0.0,The quartermaster's tally sheet uses form number,NP15,PB22,-1.6085333824157715,-1.0427894592285156,-1.629408359527588,18.264219445642084,20.21238792827353,20.656835989560932
0,0.75,1,0.0909,The diesel storage tank is stencilled vessel number,JS72,BU91,-0.44397687911987305,0.42458581924438477,0.26905059814453125,16.24125651270151,16.870041785761714,17.531385477632284
0,0.75,2,0.1818,The harbour pilot's licence shows registration code,NK71,TV97,0.5169720649719238,1.1092338562011719,1.1513371467590332,18.008236235938966,18.91008927486837,19.060658934991807
0,0.75,3,0.2727,The eastern pumping station runs on circuit label,MU37,CA25,-0.32012033462524414,-1.0164673328399658,-0.8528594970703125,17.442753924056888,18.875959429424256,19.238163306959905
0,0.75,4,0.3636,The radio operator's logbook continues in volume,SE46,WG87,1.5288300514221191,1.511734962463379,0.9597330093383789,16.52787968260236,17.45459074061364,17.7711322811665
0,0.75,5,0.4545,The survey team's theodolite bears serial number,ED89,UD60,1.2862138748168945,1.5004353523254395,1.543830394744873,18.5708364257589,19.43541220529005,19.77842637244612
0,0.75,6,0.5455,The seismograph at Ridge Camp reports as instrument,JT87,CM24,0.6292634010314941,0.5553860664367676,0.20925092697143555,17.151886554202065,17.525288353674114,18.281653151847422
0,0.75,7,0.6364,The winter quarters roof panel came from batch,LR81,BV12,0.035562992095947266,0.24428367614746094,0.1912550926208496,16.69963419949636,17.912901773350313,17.672071281122044
0,0.75,8,0.7273,The customs declaration quotes reference code,DM65,GF25,0.6167798042297363,0.7661142349243164,0.9542498588562012,18.796805952792056,19.5291367979371,20.185982580529526
0,0.75,9,0.8182,The reserve fuel depot is listed at site code,LV91,RG17,0.47223424911499023,0.21236038208007812,0.21071100234985352,19.273172526387498,20.097369520226493,20.367797093989793
0,0.75,10,0.9091,The ice core drilling rig was delivered as unit,GT71,PV22,0.48714637756347656,1.2390775680541992,0.6683197021484375,22.544630022370256,22.479035060561728,22.855788506916724
0,0.75,11,1.0,The mail packet from Vlissen came in pouch number,QS43,JC38,-0.43382787704467773,-0.47951412200927734,-0.3072657585144043,18.311755734845065,19.444527812302113,19.621090553700924
0,1.0,0,0.0,The quartermaster's tally sheet uses form number,NP15,PB22,-1.6085333824157715,-0.9057750701904297,-1.7523400783538818,18.264219445642084,20.193026700988412,20.726598355686292
0,1.0,1,0.0909,The diesel storage tank is stencilled vessel number,JS72,BU91,-0.44397687911987305,0.08807229995727539,-0.29694652557373047,16.24125651270151,16.901626715436578,16.1310524456203
0,1.0,2,0.1818,The harbour pilot's licence shows registration code,NK71,TV97,0.5169720649719238,0.6899008750915527,0.5501036643981934,18.008236235938966,19.089540547691286,17.41377503052354
0,1.0,3,0.2727,The eastern pumping station runs on circuit label,MU37,CA25,-0.32012033462524414,-1.0385615825653076,-1.0541088581085205,17.442753924056888,18.996984179131687,18.962300163460895
0,1.0,4,0.3636,The radio operator's logbook continues in volume,SE46,WG87,1.5288300514221191,1.5745744705200195,0.608790397644043,16.52787968260236,17.760002864990383,17.2600985619938
0,1.0,5,0.4545,The survey team's theodolite bears serial number,ED89,UD60,1.2862138748168945,1.6238207817077637,1.5544662475585938,18.5708364257589,20.475554666481912,20.00634822808206
0,1.0,6,0.5455,The seismograph at Ridge Camp reports as instrument,JT87,CM24,0.6292634010314941,2.4322876930236816,1.61590576171875,17.151886554202065,17.162755965837277,18.327122566697653
0,1.0,7,0.6364,The winter quarters roof panel came from batch,LR81,BV12,0.035562992095947266,-0.6804070472717285,-0.37630176544189453,16.69963419949636,16.55992856156081,15.850943413563073
0,1.0,8,0.7273,The customs declaration quotes reference code,DM65,GF25,0.6167798042297363,1.0560102462768555,0.8907499313354492,18.796805952792056,18.57681141293142,18.755906434031203
0,1.0,9,0.8182,The reserve fuel depot is listed at site code,LV91,RG17,0.47223424911499023,-0.24792098999023438,-0.24489164352416992,19.273172526387498,20.145404903392773,19.910275448986795
0,1.0,10,0.9091,The ice core drilling rig was delivered as unit,GT71,PV22,0.48714637756347656,1.292433261871338,0.22546911239624023,22.544630022370256,21.420261768158525,21.56492710870225
0,1.0,11,1.0,The mail packet from Vlissen came in pouch number,QS43,JC38,-0.43382787704467773,-0.37801408767700195,-0.6692795753479004,18.311755734845065,17.91005298763048,16.62005821755156
0,1.25,0,0.0,The quartermaster's tally sheet uses form number,NP15,PB22,-1.6085333824157715,-0.6694564819335938,-1.4416942596435547,18.264219445642084,20.453682308550924,18.58024595025927
0,1.25,1,0.0909,The diesel storage tank is stencilled vessel number,JS72,BU91,-0.44397687911987305,0.25392580032348633,-0.4946250915527344,16.24125651270151,16.99585713306442,16.061679367907345
0,1.25,2,0.1818,The harbour pilot's licence shows registration code,NK71,TV97,0.5169720649719238,0.9147868156433105,0.5798225402832031,18.008236235938966,19.46975350449793,17.241468640975654
0,1.25,3,0.2727,The eastern pumping station runs on circuit label,MU37,CA25,-0.32012033462524414,-1.1841742992401123,-1.2495808601379395,17.442753924056888,19.499198457342573,18.684506094665267
0,1.25,4,0.3636,The radio operator's logbook continues in volume,SE46,WG87,1.5288300514221191,1.3408284187316895,0.503779411315918,16.52787968260236,17.093093276838772,16.144055778277107
0,1.25,5,0.4545,The survey team's theodolite bears serial number,ED89,UD60,1.2862138748168945,1.5774636268615723,1.2957260608673096,18.5708364257589,20.43463981896639,19.51365917501971
0,1.25,6,0.5455,The seismograph at Ridge Camp reports as instrument,JT87,CM24,0.6292634010314941,2.806610584259033,1.9748992919921875,17.151886554202065,17.704924655146897,17.703209228697233
0,1.25,7,0.6364,The winter quarters roof panel came from batch,LR81,BV12,0.035562992095947266,-0.8079700469970703,-0.2923283576965332,16.69963419949636,15.976257406757213,15.069781047292054
0,1.25,8,0.7273,The customs declaration quotes reference code,DM65,GF25,0.6167798042297363,0.8101763725280762,0.856844425201416,18.796805952792056,18.797154303174466,18.315181128273252
0,1.25,9,0.8182,The reserve fuel depot is listed at site code,LV91,RG17,0.47223424911499023,0.09053182601928711,-0.15695905685424805,19.273172526387498,20.245835907990113,19.807034410332562
0,1.25,10,0.9091,The ice core drilling rig was delivered as unit,GT71,PV22,0.48714637756347656,1.2038044929504395,0.2468419075012207,22.544630022370256,21.248778850771487,20.803955660085194
0,1.25,11,1.0,The mail packet from Vlissen came in pouch number,QS43,JC38,-0.43382787704467773,-0.8598861694335938,-0.5352749824523926,18.311755734845065,17.797411636915058,16.63129424629733
0,1.5,0,0.0,The quartermaster's tally sheet uses form number,NP15,PB22,-1.6085333824157715,-0.4794292449951172,-1.4386935234069824,18.264219445642084,18.180102081038058,18.097310861572623
0,1.5,1,0.0909,The diesel storage tank is stencilled vessel number,JS72,BU91,-0.44397687911987305,0.1441197395324707,-0.4904513359069824,16.24125651270151,16.895882362965494,16.096923885867
0,1.5,2,0.1818,The harbour pilot's licence shows registration code,NK71,TV97,0.5169720649719238,0.97149658203125,0.6320853233337402,18.008236235938966,19.636283200234175,17.19976607337594
0,1.5,3,0.2727,The eastern pumping station runs on circuit label,MU37,CA25,-0.32012033462524414,-1.1782615184783936,-1.0610952377319336,17.442753924056888,19.3708661677083,18.46142146550119
0,1.5,4,0.3636,The radio operator's logbook continues in volume,SE46,WG87,1.5288300514221191,1.4605789184570312,0.5121192932128906,16.52787968260236,17.024941415176727,15.577937948983163
0,1.5,5,0.4545,The survey team's theodolite bears serial number,ED89,UD60,1.2862138748168945,1.5081310272216797,1.3824646472930908,18.5708364257589,19.739066150039434,19.400286097079515
0,1.5,6,0.5455,The seismograph at Ridge Camp reports as instrument,JT87,CM24,0.6292634010314941,2.933197021484375,1.7968435287475586,17.151886554202065,16.372752251219936,17.171956744161434
0,1.5,7,0.6364,The winter quarters roof panel came from batch,LR81,BV12,0.035562992095947266,-0.9703340530395508,-0.5421910285949707,16.69963419949636,15.093165296828374,14.906781516154297
0,1.5,8,0.7273,The customs declaration quotes reference code,DM65,GF25,0.6167798042297363,0.6768631935119629,0.7725896835327148,18.796805952792056,18.74462705256883,18.39302204590058
0,1.5,9,0.8182,The reserve fuel depot is listed at site code,LV91,RG17,0.47223424911499023,0.3252387046813965,-0.0963740348815918,19.273172526387498,19.924225443508476,19.562868326203898
0,1.5,10,0.9091,The ice core drilling rig was delivered as unit,GT71,PV22,0.48714637756347656,1.9539217948913574,-0.07707595825195312,22.544630022370256,21.337039194302633,20.097366189816967
0,1.5,11,1.0,The mail packet from Vlissen came in pouch number,QS43,JC38,-0.43382787704467773,-0.7950797080993652,-0.399566650390625,18.311755734845065,17.389361277921125,16.18101682944689
0,2.0,0,0.0,The quartermaster's tally sheet uses form number,NP15,PB22,-1.6085333824157715,0.24647188186645508,-1.509406566619873,18.264219445642084,19.65080874785781,16.7838115952909
0,2.0,1,0.0909,The diesel storage tank is stencilled vessel number,JS72,BU91,-0.44397687911987305,1.1342782974243164,-0.35864734649658203,16.24125651270151,16.722605406306684,15.785061035305262
0,2.0,2,0.1818,The harbour pilot's licence shows registration code,NK71,TV97,0.5169720649719238,0.8527798652648926,0.5461912155151367,18.008236235938966,17.491112353745848,15.563716089352965
0,2.0,3,0.2727,The eastern pumping station runs on circuit label,MU37,CA25,-0.32012033462524414,-1.0130820274353027,-1.3223543167114258,17.442753924056888,19.077421226655133,17.26248480088543
0,2.0,4,0.3636,The radio operator's logbook continues in volume,SE46,WG87,1.5288300514221191,1.899752140045166,0.7036929130554199,16.52787968260236,15.286469649057835,13.589349989779294
0,2.0,5,0.4545,The survey team's theodolite bears serial number,ED89,UD60,1.2862138748168945,1.9556331634521484,1.3263425827026367,18.5708364257589,19.78359844814986,17.874875186011195
0,2.0,6,0.5455,The seismograph at Ridge Camp reports as instrument,JT87,CM24,0.6292634010314941,3.6188111305236816,1.6875615119934082,17.151886554202065,15.39415537804598,16.15587215719279
0,2.0,7,0.6364,The winter quarters roof panel came from batch,LR81,BV12,0.035562992095947266,-0.7170758247375488,-0.5223603248596191,16.69963419949636,14.477488433360122,12.618212330155075
0,2.0,8,0.7273,The customs declaration quotes reference code,DM65,GF25,0.6167798042297363,1.1880617141723633,0.7783455848693848,18.796805952792056,17.9062751759775,16.559576918312814
0,2.0,9,0.8182,The reserve fuel depot is listed at site code,LV91,RG17,0.47223424911499023,0.9376897811889648,0.24114704132080078,19.273172526387498,19.12022941862233,17.98250165139325
0,2.0,10,0.9091,The ice core drilling rig was delivered as unit,GT71,PV22,0.48714637756347656,2.0897345542907715,0.012888431549072266,22.544630022370256,19.10910210479051,18.190132866147906
0,2.0,11,1.0,The mail packet from Vlissen came in pouch number,QS43,JC38,-0.43382787704467773,-0.08057117462158203,-0.8701262474060059,18.311755734845065,16.364170756191015,15.608346136868931
0,3.0,0,0.0,The quartermaster's tally sheet uses form number,NP15,PB22,-1.6085333824157715,2.0939807891845703,-2.338597297668457,18.264219445642084,20.318790178745985,14.021099895238876
0,3.0,1,0.0909,The diesel storage tank is stencilled vessel number,JS72,BU91,-0.44397687911987305,3.885265350341797,0.26242542266845703,16.24125651270151,16.479833551682532,16.554342843592167
0,3.0,2,0.1818,The harbour pilot's licence shows registration code,NK71,TV97,0.5169720649719238,2.3235011100769043,0.7239055633544922,18.008236235938966,17.915224657393992,17.197254735976458
0,3.0,3,0.2727,The eastern pumping station runs on circuit label,MU37,CA25,-0.32012033462524414,0.37198829650878906,-1.7789959907531738,17.442753924056888,16.18681763857603,15.464593914337456
0,3.0,4,0.3636,The radio operator's logbook continues in volume,SE46,WG87,1.5288300514221191,3.9563450813293457,-0.30538463592529297,16.52787968260236,13.17055881395936,13.684719385579228
0,3.0,5,0.4545,The survey team's theodolite bears serial number,ED89,UD60,1.2862138748168945,3.8907699584960938,2.2371950149536133,18.5708364257589,18.806245919317007,19.014634611085057
0,3.0,6,0.5455,The seismograph at Ridge Camp reports as instrument,JT87,CM24,0.6292634010314941,6.7620909214019775,2.010335683822632,17.151886554202065,13.589517996646464,15.275175517424941
0,3.0,7,0.6364,The winter quarters roof panel came from batch,LR81,BV12,0.035562992095947266,0.05458784103393555,-0.3640155792236328,16.69963419949636,15.871476221829653,13.569163678213954
0,3.0,8,0.7273,The customs declaration quotes reference code,DM65,GF25,0.6167798042297363,0.9323878288269043,0.07950448989868164,18.796805952792056,14.86604799516499,12.887875838205218
0,3.0,9,0.8182,The reserve fuel depot is listed at site code,LV91,RG17,0.47223424911499023,1.9309675693511963,0.15043020248413086,19.273172526387498,19.757807503454387,19.157612770795822
0,3.0,10,0.9091,The ice core drilling rig was delivered as unit,GT71,PV22,0.48714637756347656,3.3564937114715576,0.6386575698852539,22.544630022370256,17.539473798125982,17.01977494545281
0,3.0,11,1.0,The mail packet from Vlissen came in pouch number,QS43,JC38,-0.43382787704467773,0.46384429931640625,-0.36733245849609375,18.311755734845065,16.776867873966694,15.676221450325102
1,0.0,0,0.0,The cartography office safe opens with combination,EU18,TG74,-0.819706916809082,-0.819706916809082,-0.819706916809082,14.985884281806648,14.985884281806648,14.985884281806648
1,0.0,1,0.0909,The lighthouse relief roster follows schedule,JD73,PR55,-1.3155603408813477,-1.3155603408813477,-1.3155603408813477,14.551831312128343,14.551831312128343,14.551831312128343
1,0.0,2,0.1818,The sealed crate in the annex is marked with inventory tag,QR93,PM10,0.756922721862793,0.756922721862793,0.756922721862793,16.143536963732913,16.143536963732913,16.143536963732913
1,0.0,3,0.2727,The telegraph repeater hut answers to station code,NG22,TT89,-1.106816291809082,-1.106816291809082,-1.106816291809082,16.181154715362936,16.181154715362936,16.181154715362936
1,0.0,4,0.3636,The customs declaration quotes reference code,RA59,VL68,0.08499860763549805,0.08499860763549805,0.08499860763549805,16.7269917211961,16.7269917211961,16.7269917211961
1,0.0,5,0.4545,The seismograph at Ridge Camp reports as instrument,PV10,VA39,0.14866352081298828,0.14866352081298828,0.14866352081298828,14.20477238111198,14.20477238111198,14.20477238111198
1,0.0,6,0.5455,The archive microfilm reel is filed under shelf mark,DL13,WF80,0.0859231948852539,0.0859231948852539,0.0859231948852539,16.351133632473648,16.351133632473648,16.351133632473648
1,0.0,7,0.6364,The radio operator's logbook continues in volume,AA93,UF21,0.23236846923828125,0.23236846923828125,0.23236846923828125,16.92431482707616,16.92431482707616,16.92431482707616
1,0.0,8,0.7273,The expedition's spare sledge carries equipment tag,TA58,TJ14,-0.8981871604919434,-0.8981871604919434,-0.8981871604919434,15.936697425087914,15.936697425087914,15.936697425087914
1,0.0,9,0.8182,The quartermaster's tally sheet uses form number,HQ73,XC20,0.8364753723144531,0.8364753723144531,0.8364753723144531,17.062083069002256,17.062083069002256,17.062083069002256
1,0.0,10,0.9091,The hydrographic chart set reached edition,TH54,AQ11,-1.3533344268798828,-1.3533344268798828,-1.3533344268798828,15.159143927274272,15.159143927274272,15.159143927274272
1,0.0,11,1.0,Feld's field notebook carries catalogue reference,HX38,DV33,-1.1836276054382324,-1.1836276054382324,-1.1836276054382324,17.920403692871332,17.920403692871332,17.920403692871332
1,0.25,0,0.0,The cartography office safe opens with combination,EU18,TG74,-0.819706916809082,-0.8154654502868652,-0.7752771377563477,14.985884281806648,14.552532142493874,14.516717959195375
1,0.25,1,0.0909,The lighthouse relief roster follows schedule,JD73,PR55,-1.3155603408813477,-1.2760934829711914,-1.2271223068237305,14.551831312128343,14.750160641036928,14.770154362777248
1,0.25,2,0.1818,The sealed crate in the annex is marked with inventory tag,QR93,PM10,0.756922721862793,1.1536836624145508,1.028010368347168,16.143536963732913,16.665401259204373,16.471634508343413
1,0.25,3,0.2727,The telegraph repeater hut answers to station code,NG22,TT89,-1.106816291809082,-1.277397632598877,-1.0674967765808105,16.181154715362936,16.144375236239284,15.621351646259427
1,0.25,4,0.3636,The customs declaration quotes reference code,RA59,VL68,0.08499860763549805,-0.02317953109741211,0.12446403503417969,16.7269917211961,16.780221719644032,16.995198229211383
1,0.25,5,0.4545,The seismograph at Ridge Camp reports as instrument,PV10,VA39,0.14866352081298828,0.1161041259765625,0.2572479248046875,14.20477238111198,14.677359160035849,14.97881590668112
1,0.25,6,0.5455,The archive microfilm reel is filed under shelf mark,DL13,WF80,0.0859231948852539,-0.025701522827148438,0.10142183303833008,16.351133632473648,16.673091084696352,15.995404590386897
1,0.25,7,0.6364,The radio operator's logbook continues in volume,AA93,UF21,0.23236846923828125,0.5551614761352539,0.08494710922241211,16.92431482707616,18.463541554752737,17.7699125331128
1,0.25,8,0.7273,The expedition's spare sledge carries equipment tag,TA58,TJ14,-0.8981871604919434,-0.8107833862304688,-0.8002095222473145,15.936697425087914,15.776085478253663,15.648808260215446
1,0.25,9,0.8182,The quartermaster's tally sheet uses form number,HQ73,XC20,0.8364753723144531,0.8054280281066895,0.7752971649169922,17.062083069002256,17.188211189350113,17.16974758123979
1,0.25,10,0.9091,The hydrographic chart set reached edition,TH54,AQ11,-1.3533344268798828,-1.4932498931884766,-1.6788115501403809,15.159143927274272,15.062740007415414,14.693286668043584
1,0.25,11,1.0,Feld's field notebook carries catalogue reference,HX38,DV33,-1.1836276054382324,-1.145207405090332,-1.1282310485839844,17.920403692871332,18.615772823104635,18.57064138399437
1,0.5,0,0.0,The cartography office safe opens with combination,EU18,TG74,-0.819706916809082,-0.9256987571716309,-1.044785499572754,14.985884281806648,15.800002336036414,15.026039661373943
1,0.5,1,0.0909,The lighthouse relief roster follows schedule,JD73,PR55,-1.3155603408813477,-1.231248378753662,-1.060838222503662,14.551831312128343,15.422974809422158,14.871994671993889
1,0.5,2,0.1818,The sealed crate in the annex is marked with inventory tag,QR93,PM10,0.756922721862793,1.4804034233093262,1.1821985244750977,16.143536963732913,17.35108114068862,16.996029243804514
1,0.5,3,0.2727,The telegraph repeater hut answers to station code,NG22,TT89,-1.106816291809082,-0.9537935256958008,-1.1452088356018066,16.181154715362936,17.379691291600466,16.88470321893692
1,0.5,4,0.3636,The customs declaration quotes reference code,RA59,VL68,0.08499860763549805,-0.32633304595947266,-0.13579177856445312,16.7269917211961,17.095029925520066,16.996960739372298
1,0.5,5,0.4545,The seismograph at Ridge Camp reports as instrument,PV10,VA39,0.14866352081298828,-0.23749685287475586,-0.015442371368408203,14.20477238111198,16.044105366338044,15.560833759605885
1,0.5,6,0.5455,The archive microfilm reel is filed under shelf mark,DL13,WF80,0.0859231948852539,0.39514923095703125,0.19403505325317383,16.351133632473648,17.245434413664043,17.231315018143505
1,0.5,7,0.6364,The radio operator's logbook continues in volume,AA93,UF21,0.23236846923828125,0.3085818290710449,0.16102075576782227,16.92431482707616,18.498708159080707,17.99797074496746
1,0.5,8,0.7273,The expedition's spare sledge carries equipment tag,TA58,TJ14,-0.8981871604919434,-0.7115802764892578,-0.809046745300293,15.936697425087914,16.472940077073872,16.658472339389846
1,0.5,9,0.8182,The quartermaster's tally sheet uses form number,HQ73,XC20,0.8364753723144531,0.9023189544677734,0.8168549537658691,17.062083069002256,18.727539629791863,19.13525015185587
1,0.5,10,0.9091,The hydrographic chart set reached edition,TH54,AQ11,-1.3533344268798828,-1.39288330078125,-1.6323223114013672,15.159143927274272,16.158735160017386,15.598779425723478
1,0.5,11,1.0,Feld's field notebook carries catalogue reference,HX38,DV33,-1.1836276054382324,-1.2987732887268066,-1.0644659996032715,17.920403692871332,18.94730280013755,18.260530826402828
1,0.75,0,0.0,The cartography office safe opens with combination,EU18,TG74,-0.819706916809082,-0.7241482734680176,-1.0763449668884277,14.985884281806648,15.380185690242797,15.361761909443885
1,0.75,1,0.0909,The lighthouse relief roster follows schedule,JD73,PR55,-1.3155603408813477,-1.1522655487060547,-1.33040189743042,14.551831312128343,15.149953919579275,15.324234411120415
1,0.75,2,0.1818,The sealed crate in the annex is marked with inventory tag,QR93,PM10,0.756922721862793,1.4324049949645996,1.541050910949707,16.143536963732913,16.41976939048618,16.2273280385416
1,0.75,3,0.2727,The telegraph repeater hut answers to station code,NG22,TT89,-1.106816291809082,-1.1475920677185059,-1.192258358001709,16.181154715362936,17.50516720255837,17.605619729030877
1,0.75,4,0.3636,The customs declaration quotes reference code,RA59,VL68,0.08499860763549805,-0.3446173667907715,-0.4279165267944336,16.7269917211961,16.384756214683875,17.015852660057135
1,0.75,5,0.4545,The seismograph at Ridge Camp reports as instrument,PV10,VA39,0.14866352081298828,0.20808839797973633,0.13560914993286133,14.20477238111198,17.010408627800643,16.83018348342739
1,0.75,6,0.5455,The archive microfilm reel is filed under shelf mark,DL13,WF80,0.0859231948852539,0.10211563110351562,0.09543275833129883,16.351133632473648,17.583178963745013,17.245658044237643
1,0.75,7,0.6364,The radio operator's logbook continues in volume,AA93,UF21,0.23236846923828125,0.44826173782348633,0.22393560409545898,16.92431482707616,18.080517383874394,17.14290639432147
1,0.75,8,0.7273,The expedition's spare sledge carries equipment tag,TA58,TJ14,-0.8981871604919434,-0.7494611740112305,-0.6522202491760254,15.936697425087914,16.888324032071978,16.859868520405143
1,0.75,9,0.8182,The quartermaster's tally sheet uses form number,HQ73,XC20,0.8364753723144531,0.9871001243591309,0.9698605537414551,17.062083069002256,18.929599013063125,18.52540369099006
1,0.75,10,0.9091,The hydrographic chart set reached edition,TH54,AQ11,-1.3533344268798828,-1.5024728775024414,-1.5872721672058105,15.159143927274272,14.698204914107919,15.8874061757233
1,0.75,11,1.0,Feld's field notebook carries catalogue reference,HX38,DV33,-1.1836276054382324,-1.025118350982666,-0.9141883850097656,17.920403692871332,19.210163779789582,19.07013078662567
1,1.0,0,0.0,The cartography office safe opens with combination,EU18,TG74,-0.819706916809082,-0.7173380851745605,-0.5784912109375,14.985884281806648,15.41705813165754,16.590341117233038
1,1.0,1,0.0909,The lighthouse relief roster follows schedule,JD73,PR55,-1.3155603408813477,-1.5666279792785645,-1.979487419128418,14.551831312128343,14.196599170099944,14.26406165305525
1,1.0,2,0.1818,The sealed crate in the annex is marked with inventory tag,QR93,PM10,0.756922721862793,0.8661861419677734,0.7082886695861816,16.143536963732913,14.852570835035294,15.121543782763183
1,1.0,3,0.2727,The telegraph repeater hut answers to station code,NG22,TT89,-1.106816291809082,-1.090898036956787,-1.2242565155029297,16.181154715362936,15.165823046118021,15.016715665813535
1,1.0,4,0.3636,The customs declaration quotes reference code,RA59,VL68,0.08499860763549805,1.111661434173584,1.388528823852539,16.7269917211961,15.510330746416003,15.631638338789344
1,1.0,5,0.4545,The seismograph at Ridge Camp reports as instrument,PV10,VA39,0.14866352081298828,0.060637474060058594,0.20895099639892578,14.20477238111198,16.66614814894274,17.011175234802067
1,1.0,6,0.5455,The archive microfilm reel is filed under shelf mark,DL13,WF80,0.0859231948852539,-0.5879740715026855,-0.6782732009887695,16.351133632473648,19.628244455205277,19.130622596945614
1,1.0,7,0.6364,The radio operator's logbook continues in volume,AA93,UF21,0.23236846923828125,0.40349292755126953,-0.5802516937255859,16.92431482707616,17.492416955763474,17.25918420497328
1,1.0,8,0.7273,The expedition's spare sledge carries equipment tag,TA58,TJ14,-0.8981871604919434,-0.40582752227783203,-0.6089391708374023,15.936697425087914,18.43525551678613,19.054161394946277
1,1.0,9,0.8182,The quartermaster's tally sheet uses form number,HQ73,XC20,0.8364753723144531,1.6366686820983887,1.4724078178405762,17.062083069002256,18.434253419283777,18.682124987244606
1,1.0,10,0.9091,The hydrographic chart set reached edition,TH54,AQ11,-1.3533344268798828,0.7390298843383789,-0.46893835067749023,15.159143927274272,14.109593755099922,14.28015065100044
1,1.0,11,1.0,Feld's field notebook carries catalogue reference,HX38,DV33,-1.1836276054382324,-0.6088709831237793,-0.6710319519042969,17.920403692871332,18.56587237911299,18.07727737026289
1,1.25,0,0.0,The cartography office safe opens with combination,EU18,TG74,-0.819706916809082,-0.3558921813964844,-0.5364551544189453,14.985884281806648,15.734476304613054,16.336463633691892
1,1.25,1,0.0909,The lighthouse relief roster follows schedule,JD73,PR55,-1.3155603408813477,-1.438262939453125,-2.104151725769043,14.551831312128343,15.071190515183844,14.48660173267126
1,1.25,2,0.1818,The sealed crate in the annex is marked with inventory tag,QR93,PM10,0.756922721862793,0.8099527359008789,0.441500186920166,16.143536963732913,15.097816499182954,15.122718596365303
1,1.25,3,0.2727,The telegraph repeater hut answers to station code,NG22,TT89,-1.106816291809082,-1.1806464195251465,-1.330721378326416,16.181154715362936,15.33158125821501,16.001259179785848
1,1.25,4,0.3636,The customs declaration quotes reference code,RA59,VL68,0.08499860763549805,1.237025260925293,1.3183565139770508,16.7269917211961,15.877304008463398,15.821270205371547
1,1.25,5,0.4545,The seismograph at Ridge Camp reports as instrument,PV10,VA39,0.14866352081298828,-0.0804905891418457,-0.07751131057739258,14.20477238111198,17.62712810235098,17.23822236759588
1,1.25,6,0.5455,The archive microfilm reel is filed under shelf mark,DL13,WF80,0.0859231948852539,-0.5828089714050293,-0.9227209091186523,16.351133632473648,19.984338890761137,19.30374625744298
1,1.25,7,0.6364,The radio operator's logbook continues in volume,AA93,UF21,0.23236846923828125,0.30950403213500977,-0.5047564506530762,16.92431482707616,17.17962792678736,18.099772582645528
1,1.25,8,0.7273,The expedition's spare sledge carries equipment tag,TA58,TJ14,-0.8981871604919434,-0.35097312927246094,-0.6609482765197754,15.936697425087914,18.54633256420493,20.007449409691617
1,1.25,9,0.8182,The quartermaster's tally sheet uses form number,HQ73,XC20,0.8364753723144531,1.3868803977966309,1.335263729095459,17.062083069002256,18.6958462218754,19.448664200725034
1,1.25,10,0.9091,The hydrographic chart set reached edition,TH54,AQ11,-1.3533344268798828,1.0930848121643066,-0.10274600982666016,15.159143927274272,13.601933776517399,13.699360380647704
1,1.25,11,1.0,Feld's field notebook carries catalogue reference,HX38,DV33,-1.1836276054382324,-0.017651081085205078,-0.3907890319824219,17.920403692871332,18.712659815559164,18.93976494553499
1,1.5,0,0.0,The cartography office safe opens with combination,EU18,TG74,-0.819706916809082,-0.1504654884338379,-0.5785894393920898,14.985884281806648,14.74257482914254,15.776351532898843
1,1.5,1,0.0909,The lighthouse relief roster follows schedule,JD73,PR55,-1.3155603408813477,-0.8874726295471191,-1.9910836219787598,14.551831312128343,14.928836052073166,14.264805269893259
1,1.5,2,0.1818,The sealed crate in the annex is marked with inventory tag,QR93,PM10,0.756922721862793,1.1502008438110352,0.6503396034240723,16.143536963732913,14.725380182499066,15.526911712018773
1,1.5,3,0.2727,The telegraph repeater hut answers to station code,NG22,TT89,-1.106816291809082,-1.184250831604004,-1.4043669700622559,16.181154715362936,14.655705833341926,16.01494701905176
1,1.5,4,0.3636,The customs declaration quotes reference code,RA59,VL68,0.08499860763549805,1.4117178916931152,1.3468408584594727,16.7269917211961,16.224235523026437,16.551830694195814
1,1.5,5,0.4545,The seismograph at Ridge Camp reports as instrument,PV10,VA39,0.14866352081298828,-0.11583375930786133,-0.1806483268737793,14.20477238111198,17.043864922598004,17.487840419169515
1,1.5,6,0.5455,The archive microfilm reel is filed under shelf mark,DL13,WF80,0.0859231948852539,-0.537661075592041,-0.9322457313537598,16.351133632473648,19.503117699641734,20.049321305938065
1,1.5,7,0.6364,The radio operator's logbook continues in volume,AA93,UF21,0.23236846923828125,0.5732302665710449,-0.6433773040771484,16.92431482707616,16.720403946819715,18.13537612906657
1,1.5,8,0.7273,The expedition's spare sledge carries equipment tag,TA58,TJ14,-0.8981871604919434,-0.1794276237487793,-0.42368173599243164,15.936697425087914,18.16061159875244,19.45404477091506
1,1.5,9,0.8182,The quartermaster's tally sheet uses form number,HQ73,XC20,0.8364753723144531,1.574599266052246,1.531440258026123,17.062083069002256,18.42197397898417,18.659924475243315
1,1.5,10,0.9091,The hydrographic chart set reached edition,TH54,AQ11,-1.3533344268798828,1.0556282997131348,0.056020259857177734,15.159143927274272,13.343127833562903,13.887397405924276
1,1.5,11,1.0,Feld's field notebook carries catalogue reference,HX38,DV33,-1.1836276054382324,-0.1598215103149414,-0.9305343627929688,17.920403692871332,18.665708367479965,18.86922028195113
1,2.0,0,0.0,The cartography office safe opens with combination,EU18,TG74,-0.819706916809082,0.3449587821960449,-0.029033660888671875,14.985884281806648,15.132611778564751,15.726412953808904
1,2.0,1,0.0909,The lighthouse relief roster follows schedule,JD73,PR55,-1.3155603408813477,-0.7116489410400391,-1.7424616813659668,14.551831312128343,14.28762297029607,13.469789002789184
1,2.0,2,0.1818,The sealed crate in the annex is marked with inventory tag,QR93,PM10,0.756922721862793,1.2426080703735352,0.7360267639160156,16.143536963732913,14.308160004671663,14.679044072516263
1,2.0,3,0.2727,The telegraph repeater hut answers to station code,NG22,TT89,-1.106816291809082,-1.4813423156738281,-1.480161190032959,16.181154715362936,13.978307609446347,15.457376920618117
1,2.0,4,0.3636,The customs declaration quotes reference code,RA59,VL68,0.08499860763549805,2.2282323837280273,2.1067161560058594,16.7269917211961,14.92444035335211,15.965581415453926
1,2.0,5,0.4545,The seismograph at Ridge Camp reports as instrument,PV10,VA39,0.14866352081298828,0.1803593635559082,-0.37057971954345703,14.20477238111198,17.836199464742094,16.86348346946761
1,2.0,6,0.5455,The archive microfilm reel is filed under shelf mark,DL13,WF80,0.0859231948852539,0.05312633514404297,-0.3540325164794922,16.351133632473648,20.482070629717782,20.24663987988606
1,2.0,7,0.6364,The radio operator's logbook continues in volume,AA93,UF21,0.23236846923828125,0.9356231689453125,-0.6394610404968262,16.92431482707616,15.636978563154116,17.655529009527527
1,2.0,8,0.7273,The expedition's spare sledge carries equipment tag,TA58,TJ14,-0.8981871604919434,-0.04434061050415039,-0.4390277862548828,15.936697425087914,19.191471187397838,20.05854939389974
1,2.0,9,0.8182,The quartermaster's tally sheet uses form number,HQ73,XC20,0.8364753723144531,2.776017665863037,1.5448460578918457,17.062083069002256,17.349489735555835,18.958427467150614
1,2.0,10,0.9091,The hydrographic chart set reached edition,TH54,AQ11,-1.3533344268798828,2.1544508934020996,0.8501348495483398,15.159143927274272,11.28916263463907,12.64618070423603
1,2.0,11,1.0,Feld's field notebook carries catalogue reference,HX38,DV33,-1.1836276054382324,0.0781702995300293,-1.0572009086608887,17.920403692871332,17.85367147764191,18.129847439471632
1,3.0,0,0.0,The cartography office safe opens with combination,EU18,TG74,-0.819706916809082,2.7454099655151367,0.5921916961669922,14.985884281806648,16.785602152347565,16.670672046020627
1,3.0,1,0.0909,The lighthouse relief roster follows schedule,JD73,PR55,-1.3155603408813477,-2.261834144592285,-5.228523254394531,14.551831312128343,13.74653653241694,13.880398947745562
1,3.0,2,0.1818,The sealed crate in the annex is marked with inventory tag,QR93,PM10,0.756922721862793,2.9630396366119385,0.931032657623291,16.143536963732913,13.30051399488002,11.609810341149569
1,3.0,3,0.2727,The telegraph repeater hut answers to station code,NG22,TT89,-1.106816291809082,-1.0151333808898926,-2.450887680053711,16.181154715362936,11.615809738636017,12.668842447921634
1,3.0,4,0.3636,The customs declaration quotes reference code,RA59,VL68,0.08499860763549805,4.337461471557617,3.2531328201293945,16.7269917211961,12.129596754908562,12.500322628999129
1,3.0,5,0.4545,The seismograph at Ridge Camp reports as instrument,PV10,VA39,0.14866352081298828,0.7614336013793945,0.3428530693054199,14.20477238111198,16.858635783195496,16.17172965221107
1,3.0,6,0.5455,The archive microfilm reel is filed under shelf mark,DL13,WF80,0.0859231948852539,1.040776252746582,0.2758669853210449,16.351133632473648,17.725092824548483,17.794257975183427
1,3.0,7,0.6364,The radio operator's logbook continues in volume,AA93,UF21,0.23236846923828125,-0.55340576171875,-1.729325294494629,16.92431482707616,15.671005322597921,14.822742640972137
1,3.0,8,0.7273,The expedition's spare sledge carries equipment tag,TA58,TJ14,-0.8981871604919434,1.7189559936523438,0.6151084899902344,15.936697425087914,18.84070235863328,18.781985806301236
1,3.0,9,0.8182,The quartermaster's tally sheet uses form number,HQ73,XC20,0.8364753723144531,5.8164801597595215,4.129624843597412,17.062083069002256,17.8449661093764,15.960312115959823
1,3.0,10,0.9091,The hydrographic chart set reached edition,TH54,AQ11,-1.3533344268798828,3.1260828971862793,2.113621234893799,15.159143927274272,10.017911743139848,9.722821917850524
1,3.0,11,1.0,Feld's field notebook carries catalogue reference,HX38,DV33,-1.1836276054382324,-0.16686344146728516,-0.5656042098999023,17.920403692871332,17.433698451146483,17.366897268220782
2,0.0,0,0.0,The meteorological buoy broadcasts on transponder code,BC20,AC24,-0.26204729080200195,-0.26204729080200195,-0.26204729080200195,14.813095560763031,14.813095560763031,14.813095560763031
2,0.0,1,0.0909,The salvage tender was registered with hull number,MF95,CA15,1.9158363342285156,1.9158363342285156,1.9158363342285156,15.566449163015932,15.566449163015932,15.566449163015932
2,0.0,2,0.1818,The medical supply locker was closed with seal number,GV14,JE30,-0.894465446472168,-0.894465446472168,-0.894465446472168,17.484694989398122,17.484694989398122,17.484694989398122
2,0.0,3,0.2727,The observatory's spare mirror was ordered as part number,UX30,ZF76,-1.0616865158081055,-1.0616865158081055,-1.0616865158081055,15.077441649977118,15.077441649977118,15.077441649977118
2,0.0,4,0.3636,The cartography office safe opens with combination,PW60,YA59,1.7307958602905273,1.7307958602905273,1.7307958602905273,17.221077952883206,17.221077952883206,17.221077952883206
2,0.0,5,0.4545,Feld's field notebook carries catalogue reference,JB13,UB41,0.7739109992980957,0.7739109992980957,0.7739109992980957,18.062073365203105,18.062073365203105,18.062073365203105
2,0.0,6,0.5455,The reserve fuel depot is listed at site code,MQ50,EB10,2.385378837585449,2.385378837585449,2.385378837585449,15.807057990925387,15.807057990925387,15.807057990925387
2,0.0,7,0.6364,The telegraph repeater hut answers to station code,NP77,MV90,0.43879270553588867,0.43879270553588867,0.43879270553588867,14.858165339566767,14.858165339566767,14.858165339566767
2,0.0,8,0.7273,The northern relay station operates under callsign,FT32,KL72,-1.0156965255737305,-1.0156965255737305,-1.0156965255737305,17.86307279841276,17.86307279841276,17.86307279841276
2,0.0,9,0.8182,The archive microfilm reel is filed under shelf mark,HH13,AK67,-1.2031612396240234,-1.2031612396240234,-1.2031612396240234,16.661812881822698,16.661812881822698,16.661812881822698
2,0.0,10,0.9091,The expedition's spare sledge carries equipment tag,FL32,TV15,-0.1540689468383789,-0.1540689468383789,-0.1540689468383789,21.127327549562324,21.127327549562324,21.127327549562324
2,0.0,11,1.0,The survey team's theodolite bears serial number,ES75,YE70,0.37375831604003906,0.37375831604003906,0.37375831604003906,15.707612930098549,15.707612930098549,15.707612930098549
2,0.25,0,0.0,The meteorological buoy broadcasts on transponder code,BC20,AC24,-0.26204729080200195,-0.15106630325317383,-0.16629791259765625,14.813095560763031,14.520464302506298,14.283577430061996
2,0.25,1,0.0909,The salvage tender was registered with hull number,MF95,CA15,1.9158363342285156,1.8768415451049805,1.8629035949707031,15.566449163015932,15.044131729286164,15.872434163931757
2,0.25,2,0.1818,The medical supply locker was closed with seal number,GV14,JE30,-0.894465446472168,-0.7868180274963379,-0.684412956237793,17.484694989398122,17.44684466178296,17.676984627789352
2,0.25,3,0.2727,The observatory's spare mirror was ordered as part number,UX30,ZF76,-1.0616865158081055,-1.1783556938171387,-1.0800261497497559,15.077441649977118,15.633349212352186,15.047886789776385
2,0.25,4,0.3636,The cartography office safe opens with combination,PW60,YA59,1.7307958602905273,1.8046889305114746,1.6778216361999512,17.221077952883206,17.368074031197466,17.350207842770033
2,0.25,5,0.4545,Feld's field notebook carries catalogue reference,JB13,UB41,0.7739109992980957,0.6268243789672852,0.7196364402770996,18.062073365203105,18.136816327576526,18.25788006116636
2,0.25,6,0.5455,The reserve fuel depot is listed at site code,MQ50,EB10,2.385378837585449,2.572925090789795,2.4417428970336914,15.807057990925387,15.151247195433825,15.270370965823531
2,0.25,7,0.6364,The telegraph repeater hut answers to station code,NP77,MV90,0.43879270553588867,0.41614580154418945,0.3448963165283203,14.858165339566767,15.654301620554179,15.129856341984123
2,0.25,8,0.7273,The northern relay station operates under callsign,FT32,KL72,-1.0156965255737305,-1.2077536582946777,-1.3336224555969238,17.86307279841276,17.341411132423673,17.196054953034036
2,0.25,9,0.8182,The archive microfilm reel is filed under shelf mark,HH13,AK67,-1.2031612396240234,-1.189380168914795,-1.3578605651855469,16.661812881822698,16.52972424257314,15.925544674042612
2,0.25,10,0.9091,The expedition's spare sledge carries equipment tag,FL32,TV15,-0.1540689468383789,-0.0412449836730957,0.20453882217407227,21.127327549562324,21.129410171008203,21.069477396144066
2,0.25,11,1.0,The survey team's theodolite bears serial number,ES75,YE70,0.37375831604003906,0.24902772903442383,0.3682122230529785,15.707612930098549,14.628710694145411,15.185179667081684
2,0.5,0,0.0,The meteorological buoy broadcasts on transponder code,BC20,AC24,-0.26204729080200195,-0.20254039764404297,-0.1258091926574707,14.813095560763031,13.436722788028419,13.661325877532363
2,0.5,1,0.0909,The salvage tender was registered with hull number,MF95,CA15,1.9158363342285156,2.155543804168701,2.0707077980041504,15.566449163015932,16.325024590361863,16.563270672690123
2,0.5,2,0.1818,The medical supply locker was closed with seal number,GV14,JE30,-0.894465446472168,-1.1734871864318848,-0.7736930847167969,17.484694989398122,17.770923291624058,17.431083761737682
2,0.5,3,0.2727,The observatory's spare mirror was ordered as part number,UX30,ZF76,-1.0616865158081055,-1.3227248191833496,-1.389909267425537,15.077441649977118,15.441347756423056,14.90541711077094
2,0.5,4,0.3636,The cartography office safe opens with combination,PW60,YA59,1.7307958602905273,1.8171296119689941,1.68357515335083,17.221077952883206,17.145239057717845,17.14597937790677
2,0.5,5,0.4545,Feld's field notebook carries catalogue reference,JB13,UB41,0.7739109992980957,0.9412870407104492,1.0914154052734375,18.062073365203105,17.667050869495142,18.926198380824644
2,0.5,6,0.5455,The reserve fuel depot is listed at site code,MQ50,EB10,2.385378837585449,2.664980888366699,2.6980299949645996,15.807057990925387,15.595522874733433,15.874387847725302
2,0.5,7,0.6364,The telegraph repeater hut answers to station code,NP77,MV90,0.43879270553588867,0.4704432487487793,0.3515458106994629,14.858165339566767,16.593723974190652,16.444591688923538
2,0.5,8,0.7273,The northern relay station operates under callsign,FT32,KL72,-1.0156965255737305,-1.3687469959259033,-1.2476530075073242,17.86307279841276,18.141384321847,17.50257781826076
2,0.5,9,0.8182,The archive microfilm reel is filed under shelf mark,HH13,AK67,-1.2031612396240234,-1.7190032005310059,-1.6315851211547852,16.661812881822698,16.325339224888012,16.47531789058121
2,0.5,10,0.9091,The expedition's spare sledge carries equipment tag,FL32,TV15,-0.1540689468383789,-0.11275672912597656,-0.0338129997253418,21.127327549562324,20.946444597590016,20.46278637618525
2,0.5,11,1.0,The survey team's theodolite bears serial number,ES75,YE70,0.37375831604003906,0.33199501037597656,0.38184690475463867,15.707612930098549,15.473239524639212,15.342991919256747
2,0.75,0,0.0,The meteorological buoy broadcasts on transponder code,BC20,AC24,-0.26204729080200195,-0.19035100936889648,-0.1398320198059082,14.813095560763031,14.005375172942877,14.019116858020425
2,0.75,1,0.0909,The salvage tender was registered with hull number,MF95,CA15,1.9158363342285156,2.1689133644104004,2.1983327865600586,15.566449163015932,16.44211404118687,17.41338023240678
2,0.75,2,0.1818,The medical supply locker was closed with seal number,GV14,JE30,-0.894465446472168,-0.9450483322143555,-0.870363712310791,17.484694989398122,18.62277942034416,18.522181044128956
2,0.75,3,0.2727,The observatory's spare mirror was ordered as part number,UX30,ZF76,-1.0616865158081055,-1.3224048614501953,-1.5334434509277344,15.077441649977118,16.27198730967939,14.837186568416655
2,0.75,4,0.3636,The cartography office safe opens with combination,PW60,YA59,1.7307958602905273,2.098255157470703,2.0275182723999023,17.221077952883206,17.686376196332276,17.149977929657325
2,0.75,5,0.4545,Feld's field notebook carries catalogue reference,JB13,UB41,0.7739109992980957,1.33665132522583,1.3917255401611328,18.062073365203105,19.23347384063527,19.57297331065638
2,0.75,6,0.5455,The reserve fuel depot is listed at site code,MQ50,EB10,2.385378837585449,2.510098934173584,3.0379953384399414,15.807057990925387,16.781059393193573,17.148142021382228
2,0.75,7,0.6364,The telegraph repeater hut answers to station code,NP77,MV90,0.43879270553588867,0.5513520240783691,0.12149286270141602,14.858165339566767,16.530325387604535,17.457733411574736
2,0.75,8,0.7273,The northern relay station operates under callsign,FT32,KL72,-1.0156965255737305,-1.4753594398498535,-1.4981567859649658,17.86307279841276,17.90774033041089,18.113386922777863
2,0.75,9,0.8182,The archive microfilm reel is filed under shelf mark,HH13,AK67,-1.2031612396240234,-1.698587417602539,-1.536369800567627,16.661812881822698,17.064769492135383,17.079401234397665
2,0.75,10,0.9091,The expedition's spare sledge carries equipment tag,FL32,TV15,-0.1540689468383789,0.21819686889648438,-0.0029015541076660156,21.127327549562324,22.060406990058254,21.064278816396836
2,0.75,11,1.0,The survey team's theodolite bears serial number,ES75,YE70,0.37375831604003906,0.6855368614196777,0.25847816467285156,15.707612930098549,15.914623076096177,16.244294696720317
2,1.0,0,0.0,The meteorological buoy broadcasts on transponder code,BC20,AC24,-0.26204729080200195,0.44771480560302734,0.9271702766418457,14.813095560763031,15.149055605521426,14.881807090481743
2,1.0,1,0.0909,The salvage tender was registered with hull number,MF95,CA15,1.9158363342285156,2.624905586242676,2.714249610900879,15.566449163015932,16.528226065915078,16.87864536512643
2,1.0,2,0.1818,The medical supply locker was closed with seal number,GV14,JE30,-0.894465446472168,-1.0949583053588867,-1.7325053215026855,17.484694989398122,17.356176157132722,17.68716582399793
2,1.0,3,0.2727,The observatory's spare mirror was ordered as part number,UX30,ZF76,-1.0616865158081055,-0.4188532829284668,-0.25621986389160156,15.077441649977118,18.15247927629389,17.8976530036889
2,1.0,4,0.3636,The cartography office safe opens with combination,PW60,YA59,1.7307958602905273,2.2780914306640625,1.727299690246582,17.221077952883206,18.508717082906514,17.300561130745336
2,1.0,5,0.4545,Feld's field notebook carries catalogue reference,JB13,UB41,0.7739109992980957,0.14458179473876953,-0.013680219650268555,18.062073365203105,18.811427488340996,20.638984494376928
2,1.0,6,0.5455,The reserve fuel depot is listed at site code,MQ50,EB10,2.385378837585449,2.870408058166504,3.2619752883911133,15.807057990925387,16.0107007016195,15.798070548218675
2,1.0,7,0.6364,The telegraph repeater hut answers to station code,NP77,MV90,0.43879270553588867,0.3742351531982422,-0.29381608963012695,14.858165339566767,19.504454551672097,19.259908969455864
2,1.0,8,0.7273,The northern relay station operates under callsign,FT32,KL72,-1.0156965255737305,-1.3898720741271973,-1.557851791381836,17.86307279841276,19.650679578306153,19.148711260291748
2,1.0,9,0.8182,The archive microfilm reel is filed under shelf mark,HH13,AK67,-1.2031612396240234,-1.7591047286987305,-1.7082204818725586,16.661812881822698,16.243788484251127,17.880330706830136
2,1.0,10,0.9091,The expedition's spare sledge carries equipment tag,FL32,TV15,-0.1540689468383789,0.7139682769775391,0.1092677116394043,21.127327549562324,23.319432566408068,23.058253635419533
2,1.0,11,1.0,The survey team's theodolite bears serial number,ES75,YE70,0.37375831604003906,1.6699957847595215,-0.0969090461730957,15.707612930098549,16.538189258193597,16.735022030072287
2,1.25,0,0.0,The meteorological buoy broadcasts on transponder code,BC20,AC24,-0.26204729080200195,0.4599337577819824,0.7726607322692871,14.813095560763031,15.437325277598575,14.393867408391088
2,1.25,1,0.0909,The salvage tender was registered with hull number,MF95,CA15,1.9158363342285156,1.9420413970947266,1.913586139678955,15.566449163015932,16.980398376472294,17.014751966577023
2,1.25,2,0.1818,The medical supply locker was closed with seal number,GV14,JE30,-0.894465446472168,-0.8915071487426758,-1.5223536491394043,17.484694989398122,17.441412367101293,17.501597782131284
2,1.25,3,0.2727,The observatory's spare mirror was ordered as part number,UX30,ZF76,-1.0616865158081055,-0.749596118927002,-0.32599496841430664,15.077441649977118,18.557361828978173,18.370282094052527
2,1.25,4,0.3636,The cartography office safe opens with combination,PW60,YA59,1.7307958602905273,2.3291015625,1.874216079711914,17.221077952883206,19.50381291541271,17.179464542481583
2,1.25,5,0.4545,Feld's field notebook carries catalogue reference,JB13,UB41,0.7739109992980957,0.3995175361633301,0.35556793212890625,18.062073365203105,18.68306809477508,20.118837900459766
2,1.25,6,0.5455,The reserve fuel depot is listed at site code,MQ50,EB10,2.385378837585449,2.5722403526306152,2.4095282554626465,15.807057990925387,16.83985014667269,16.845013844198547
2,1.25,7,0.6364,The telegraph repeater hut answers to station code,NP77,MV90,0.43879270553588867,0.7130274772644043,0.0792994499206543,14.858165339566767,19.77134444360854,19.526833103620447
2,1.25,8,0.7273,The northern relay station operates under callsign,FT32,KL72,-1.0156965255737305,-1.2770757675170898,-1.4515533447265625,17.86307279841276,19.366196805262007,19.902795409376267
2,1.25,9,0.8182,The archive microfilm reel is filed under shelf mark,HH13,AK67,-1.2031612396240234,-1.451584815979004,-1.2521061897277832,16.661812881822698,17.31884423305746,17.829667531827
2,1.25,10,0.9091,The expedition's spare sledge carries equipment tag,FL32,TV15,-0.1540689468383789,1.1580233573913574,0.28520679473876953,21.127327549562324,23.910333327425178,22.99202900310047
2,1.25,11,1.0,The survey team's theodolite bears serial number,ES75,YE70,0.37375831604003906,1.4924297332763672,-0.06125068664550781,15.707612930098549,16.444253052119166,16.580814087530598
2,1.5,0,0.0,The meteorological buoy broadcasts on transponder code,BC20,AC24,-0.26204729080200195,0.3625330924987793,0.5975937843322754,14.813095560763031,15.6803424351383,14.076346030458808
2,1.5,1,0.0909,The salvage tender was registered with hull number,MF95,CA15,1.9158363342285156,1.5340628623962402,1.3670549392700195,15.566449163015932,17.070045156171545,16.688788758590817
2,1.5,2,0.1818,The medical supply locker was closed with seal number,GV14,JE30,-0.894465446472168,-0.7937207221984863,-1.0390357971191406,17.484694989398122,17.207121512969024,16.9270401338581
2,1.5,3,0.2727,The observatory's spare mirror was ordered as part number,UX30,ZF76,-1.0616865158081055,-0.9844908714294434,-0.9018487930297852,15.077441649977118,18.97588736889884,18.40078172145877
2,1.5,4,0.3636,The cartography office safe opens with combination,PW60,YA59,1.7307958602905273,2.57698392868042,1.9988536834716797,17.221077952883206,19.842820668651257,17.364061434287578
2,1.5,5,0.4545,Feld's field notebook carries catalogue reference,JB13,UB41,0.7739109992980957,0.21568536758422852,0.2990846633911133,18.062073365203105,18.82539769122377,20.398913025739603
2,1.5,6,0.5455,The reserve fuel depot is listed at site code,MQ50,EB10,2.385378837585449,2.5603995323181152,2.083250045776367,15.807057990925387,17.60404840769479,16.894239197834395
2,1.5,7,0.6364,The telegraph repeater hut answers to station code,NP77,MV90,0.43879270553588867,0.7269279956817627,0.0734553337097168,14.858165339566767,18.99136510316748,19.111961363698356
2,1.5,8,0.7273,The northern relay station operates under callsign,FT32,KL72,-1.0156965255737305,-1.554703712463379,-1.728868007659912,17.86307279841276,19.036240262328647,19.501213742420077
2,1.5,9,0.8182,The archive microfilm reel is filed under shelf mark,HH13,AK67,-1.2031612396240234,-1.3558144569396973,-1.204965591430664,16.661812881822698,18.092725288122892,18.237761447089724
2,1.5,10,0.9091,The expedition's spare sledge carries equipment tag,FL32,TV15,-0.1540689468383789,1.103166103363037,0.47324180603027344,21.127327549562324,24.26019899826497,22.07500114859431
2,1.5,11,1.0,The survey team's theodolite bears serial number,ES75,YE70,0.37375831604003906,2.2277979850769043,0.08273696899414062,15.707612930098549,16.147850091103464,16.39227126748301
2,2.0,0,0.0,The meteorological buoy broadcasts on transponder code,BC20,AC24,-0.26204729080200195,0.5387039184570312,0.23839282989501953,14.813095560763031,13.369732884690166,13.044820451177657
2,2.0,1,0.0909,The salvage tender was registered with hull number,MF95,CA15,1.9158363342285156,1.5975370407104492,0.7467975616455078,15.566449163015932,16.801058423006907,16.112459466559812
2,2.0,2,0.1818,The medical supply locker was closed with seal number,GV14,JE30,-0.894465446472168,-0.7741479873657227,-1.0896849632263184,17.484694989398122,16.853444930631667,14.762917950283736
2,2.0,3,0.2727,The observatory's spare mirror was ordered as part number,UX30,ZF76,-1.0616865158081055,-1.1017835140228271,-0.3246159553527832,15.077441649977118,18.476445961277932,17.893368092598394
2,2.0,4,0.3636,The cartography office safe opens with combination,PW60,YA59,1.7307958602905273,3.1746649742126465,2.3087949752807617,17.221077952883206,19.826743938960135,17.55673527275212
2,2.0,5,0.4545,Feld's field notebook carries catalogue reference,JB13,UB41,0.7739109992980957,0.1102437973022461,-0.014995574951171875,18.062073365203105,18.229809116222896,19.690344937873306
2,2.0,6,0.5455,The reserve fuel depot is listed at site code,MQ50,EB10,2.385378837585449,2.305689811706543,1.3266868591308594,15.807057990925387,17.25642569141928,16.205022413108964
2,2.0,7,0.6364,The telegraph repeater hut answers to station code,NP77,MV90,0.43879270553588867,1.6896798610687256,0.39037561416625977,14.858165339566767,18.630092915846035,17.852145230863243
2,2.0,8,0.7273,The northern relay station operates under callsign,FT32,KL72,-1.0156965255737305,-1.8042476177215576,-2.010282516479492,17.86307279841276,18.511475960200187,18.208501783781685
2,2.0,9,0.8182,The archive microfilm reel is filed under shelf mark,HH13,AK67,-1.2031612396240234,-1.5539844036102295,-1.1936402320861816,16.661812881822698,17.21132475475315,17.993095409998205
2,2.0,10,0.9091,The expedition's spare sledge carries equipment tag,FL32,TV15,-0.1540689468383789,1.552159309387207,0.25122880935668945,21.127327549562324,23.482248356944183,20.534533491823822
2,2.0,11,1.0,The survey team's theodolite bears serial number,ES75,YE70,0.37375831604003906,2.629261016845703,0.36113405227661133,15.707612930098549,15.368165953783318,15.269615046214312
2,3.0,0,0.0,The meteorological buoy broadcasts on transponder code,BC20,AC24,-0.26204729080200195,4.234084606170654,1.8703622817993164,14.813095560763031,14.790101066231728,14.040875934064388
2,3.0,1,0.0909,The salvage tender was registered with hull number,MF95,CA15,1.9158363342285156,3.9245481491088867,0.35190248489379883,15.566449163015932,16.698392990976572,14.788928786292672
2,3.0,2,0.1818,The medical supply locker was closed with seal number,GV14,JE30,-0.894465446472168,-2.625795841217041,-1.991379737854004,17.484694989398122,17.09658153820783,16.705178130418062
2,3.0,3,0.2727,The observatory's spare mirror was ordered as part number,UX30,ZF76,-1.0616865158081055,0.29378700256347656,0.5897617340087891,15.077441649977118,18.605211024638265,15.78057261928916
2,3.0,4,0.3636,The cartography office safe opens with combination,PW60,YA59,1.7307958602905273,4.272316932678223,2.8105268478393555,17.221077952883206,18.258916919119656,16.15153230447322
2,3.0,5,0.4545,Feld's field notebook carries catalogue reference,JB13,UB41,0.7739109992980957,-0.3985257148742676,0.2195453643798828,18.062073365203105,17.2110293940641,17.097743964288384
2,3.0,6,0.5455,The reserve fuel depot is listed at site code,MQ50,EB10,2.385378837585449,3.4191465377807617,0.9713592529296875,15.807057990925387,14.845483446493745,12.276585152372718
2,3.0,7,0.6364,The telegraph repeater hut answers to station code,NP77,MV90,0.43879270553588867,1.7085013389587402,1.1107509136199951,14.858165339566767,17.863505673594773,16.2020495114848
2,3.0,8,0.7273,The northern relay station operates under callsign,FT32,KL72,-1.0156965255737305,-0.9180948734283447,-2.600119113922119,17.86307279841276,16.956023874226958,15.666612993460149
2,3.0,9,0.8182,The archive microfilm reel is filed under shelf mark,HH13,AK67,-1.2031612396240234,-0.3524179458618164,-1.8680658340454102,16.661812881822698,15.844463258981705,17.012168324086815
2,3.0,10,0.9091,The expedition's spare sledge carries equipment tag,FL32,TV15,-0.1540689468383789,1.8378028869628906,0.1743783950805664,21.127327549562324,22.361442978028208,21.30662634037435
2,3.0,11,1.0,The survey team's theodolite bears serial number,ES75,YE70,0.37375831604003906,4.402292490005493,0.8326873779296875,15.707612930098549,15.187099661678076,14.637477589771152
3,0.0,0,0.0,The shipment of core samples travelled under consignment code,HU79,SN92,-1.5537161827087402,-1.5537161827087402,-1.5537161827087402,15.265016832388937,15.265016832388937,15.265016832388937
3,0.0,1,0.0909,The freight siding at Kelder appears on the plan as track,EM87,DV74,3.1497435569763184,3.1497435569763184,3.1497435569763184,13.587188040604815,13.587188040604815,13.587188040604815
3,0.0,2,0.1818,The signal lamp housing takes fitting code,RW84,JP91,0.6351656913757324,0.6351656913757324,0.6351656913757324,16.12805286445655,16.12805286445655,16.12805286445655
3,0.0,3,0.2727,The coastal watchtower is designated post,CV11,KP43,-3.4931931495666504,-3.4931931495666504,-3.4931931495666504,17.359021060168743,17.359021060168743,17.359021060168743
3,0.0,4,0.3636,The winter supply manifest lists lot number,RJ80,SK80,0.1237020492553711,0.1237020492553711,0.1237020492553711,15.038639015052468,15.038639015052468,15.038639015052468
3,0.0,5,0.4545,The ice core drilling rig was delivered as unit,HG70,LA63,-0.2211780548095703,-0.2211780548095703,-0.2211780548095703,17.976186848827638,17.976186848827638,17.976186848827638
3,0.0,6,0.5455,The lighthouse relief roster follows schedule,TT70,UL12,-1.1385021209716797,-1.1385021209716797,-1.1385021209716797,15.221407412667759,15.221407412667759,15.221407412667759
3,0.0,7,0.6364,The harbour pilot's licence shows registration code,NW29,NV85,0.043701171875,0.043701171875,0.043701171875,17.556645139469765,17.556645139469765,17.556645139469765
3,0.0,8,0.7273,The cartography office safe opens with combination,HW29,WE17,0.10120391845703125,0.10120391845703125,0.10120391845703125,16.90851042838767,16.90851042838767,16.90851042838767
3,0.0,9,0.8182,The reserve fuel depot is listed at site code,SN11,WW52,0.30712270736694336,0.30712270736694336,0.30712270736694336,18.89118986041285,18.89118986041285,18.89118986041285
3,0.0,10,0.9091,The medical supply locker was closed with seal number,XC30,QM96,-0.7290434837341309,-0.7290434837341309,-0.7290434837341309,17.40095407795161,17.40095407795161,17.40095407795161
3,0.0,11,1.0,The diesel storage tank is stencilled vessel number,UB48,MV45,0.6119570732116699,0.6119570732116699,0.6119570732116699,17.1131288879551,17.1131288879551,17.1131288879551
3,0.25,0,0.0,The shipment of core samples travelled under consignment code,HU79,SN92,-1.5537161827087402,-1.7497141361236572,-1.8322010040283203,15.265016832388937,16.218424149788916,15.937220408115536
3,0.25,1,0.0909,The freight siding at Kelder appears on the plan as track,EM87,DV74,3.1497435569763184,3.137134075164795,3.267587423324585,13.587188040604815,13.408940123394132,13.52919793012552
3,0.25,2,0.1818,The signal lamp housing takes fitting code,RW84,JP91,0.6351656913757324,0.5261263847351074,0.5915994644165039,16.12805286445655,17.04404848709237,16.826027931878343
3,0.25,3,0.2727,The coastal watchtower is designated post,CV11,KP43,-3.4931931495666504,-3.1493940353393555,-3.40887451171875,17.359021060168743,18.341918569174595,17.519744463264942
3,0.25,4,0.3636,The winter supply manifest lists lot number,RJ80,SK80,0.1237020492553711,0.1643228530883789,0.0092010498046875,15.038639015052468,16.173347211442888,15.561487328261137
3,0.25,5,0.4545,The ice core drilling rig was delivered as unit,HG70,LA63,-0.2211780548095703,-0.5066766738891602,-0.8272609710693359,17.976186848827638,18.45588996761944,18.071072938328143
3,0.25,6,0.5455,The lighthouse relief roster follows schedule,TT70,UL12,-1.1385021209716797,-1.1891355514526367,-1.444044589996338,15.221407412667759,16.350303291110322,16.26774775562808
3,0.25,7,0.6364,The harbour pilot's licence shows registration code,NW29,NV85,0.043701171875,0.0823678970336914,0.05085897445678711,17.556645139469765,17.75760090816766,17.63135692034848
3,0.25,8,0.7273,The cartography office safe opens with combination,HW29,WE17,0.10120391845703125,-0.09725046157836914,0.03289651870727539,16.90851042838767,18.111772154807113,17.765464186202735
3,0.25,9,0.8182,The reserve fuel depot is listed at site code,SN11,WW52,0.30712270736694336,0.2967391014099121,0.3548402786254883,18.89118986041285,19.295714150881395,19.922607086366042
3,0.25,10,0.9091,The medical supply locker was closed with seal number,XC30,QM96,-0.7290434837341309,-0.8214054107666016,-0.957705020904541,17.40095407795161,18.632175868726335,18.66032853408251
3,0.25,11,1.0,The diesel storage tank is stencilled vessel number,UB48,MV45,0.6119570732116699,0.6153960227966309,0.5968914031982422,17.1131288879551,17.928710515145212,17.51432949397713
3,0.5,0,0.0,The shipment of core samples travelled under consignment code,HU79,SN92,-1.5537161827087402,-2.3804168701171875,-2.0811054706573486,15.265016832388937,16.781750364461914,16.611814617179334
3,0.5,1,0.0909,The freight siding at Kelder appears on the plan as track,EM87,DV74,3.1497435569763184,3.6348161697387695,3.243990421295166,13.587188040604815,14.01587488502264,13.498360958416015
3,0.5,2,0.1818,The signal lamp housing takes fitting code,RW84,JP91,0.6351656913757324,0.5929999351501465,0.4965534210205078,16.12805286445655,18.08197373728035,17.10606802406255
3,0.5,3,0.2727,The coastal watchtower is designated post,CV11,KP43,-3.4931931495666504,-3.05698823928833,-3.1183395385742188,17.359021060168743,19.08589383913204,18.54133151168935
3,0.5,4,0.3636,The winter supply manifest lists lot number,RJ80,SK80,0.1237020492553711,0.12302255630493164,-0.24056529998779297,15.038639015052468,16.713521827710792,16.192486552870832
3,0.5,5,0.4545,The ice core drilling rig was delivered as unit,HG70,LA63,-0.2211780548095703,-1.3215570449829102,-0.703880786895752,17.976186848827638,19.672235882928362,18.640199408400804
3,0.5,6,0.5455,The lighthouse relief roster follows schedule,TT70,UL12,-1.1385021209716797,-1.199143886566162,-0.8104767799377441,15.221407412667759,17.56538888340583,17.158223474165425
3,0.5,7,0.6364,The harbour pilot's licence shows registration code,NW29,NV85,0.043701171875,0.03856039047241211,-0.08133459091186523,17.556645139469765,18.816849749884568,17.489385419525206
3,0.5,8,0.7273,The cartography office safe opens with combination,HW29,WE17,0.10120391845703125,-0.524693489074707,-0.3630061149597168,16.90851042838767,18.71469524363056,17.393606827419717
3,0.5,9,0.8182,The reserve fuel depot is listed at site code,SN11,WW52,0.30712270736694336,0.5564656257629395,0.5742759704589844,18.89118986041285,20.727947555715218,19.828245900338516
3,0.5,10,0.9091,The medical supply locker was closed with seal number,XC30,QM96,-0.7290434837341309,-1.2342534065246582,-1.009171485900879,17.40095407795161,19.25531136849895,18.804666344076395
3,0.5,11,1.0,The diesel storage tank is stencilled vessel number,UB48,MV45,0.6119570732116699,0.2319474220275879,0.28385257720947266,17.1131288879551,18.18335978896357,17.78690484445542
3,0.75,0,0.0,The shipment of core samples travelled under consignment code,HU79,SN92,-1.5537161827087402,-2.19821834564209,-2.2182629108428955,15.265016832388937,18.45004645246081,17.98040937189944
3,0.75,1,0.0909,The freight siding at Kelder appears on the plan as track,EM87,DV74,3.1497435569763184,4.163865566253662,3.26788067817688,13.587188040604815,13.855857264483348,12.988648503553122
3,0.75,2,0.1818,The signal lamp housing takes fitting code,RW84,JP91,0.6351656913757324,0.5272073745727539,0.517179012298584,16.12805286445655,18.32804372953251,17.06895337603055
3,0.75,3,0.2727,The coastal watchtower is designated post,CV11,KP43,-3.4931931495666504,-3.1082048416137695,-3.5075454711914062,17.359021060168743,18.897482557105832,18.264561535790563
3,0.75,4,0.3636,The winter supply manifest lists lot number,RJ80,SK80,0.1237020492553711,0.25248146057128906,-0.09315252304077148,15.038639015052468,16.618473303155042,16.57247823337093
3,0.75,5,0.4545,The ice core drilling rig was delivered as unit,HG70,LA63,-0.2211780548095703,-0.9490776062011719,-1.1649775505065918,17.976186848827638,20.304526792955585,19.119517370359972
3,0.75,6,0.5455,The lighthouse relief roster follows schedule,TT70,UL12,-1.1385021209716797,-1.1156158447265625,-1.0089192390441895,15.221407412667759,18.228413020377047,17.489937587990426
3,0.75,7,0.6364,The harbour pilot's licence shows registration code,NW29,NV85,0.043701171875,-0.1990213394165039,-0.12144947052001953,17.556645139469765,18.6205774176633,16.94040605169721
3,0.75,8,0.7273,The cartography office safe opens with combination,HW29,WE17,0.10120391845703125,-0.055942535400390625,-0.31774187088012695,16.90851042838767,18.265504207112826,17.72029865148943
3,0.75,9,0.8182,The reserve fuel depot is listed at site code,SN11,WW52,0.30712270736694336,0.9956917762756348,0.6453351974487305,18.89118986041285,19.92154566408135,19.568470023106784
3,0.75,10,0.9091,The medical supply locker was closed with seal number,XC30,QM96,-0.7290434837341309,-1.1959733963012695,-0.8053226470947266,17.40095407795161,19.313718272023834,17.40111334482208
3,0.75,11,1.0,The diesel storage tank is stencilled vessel number,UB48,MV45,0.6119570732116699,0.18401765823364258,0.1742091178894043,17.1131288879551,19.938813750864938,18.869146437151358
3,1.0,0,0.0,The shipment of core samples travelled under consignment code,HU79,SN92,-1.5537161827087402,-1.0670790672302246,-1.6225218772888184,15.265016832388937,18.230050034588203,18.354344686260447
3,1.0,1,0.0909,The freight siding at Kelder appears on the plan as track,EM87,DV74,3.1497435569763184,2.219841480255127,1.338456153869629,13.587188040604815,13.514997105346993,12.445315802586265
3,1.0,2,0.1818,The signal lamp housing takes fitting code,RW84,JP91,0.6351656913757324,1.67431640625,0.9770007133483887,16.12805286445655,17.628906440804712,17.015441240742803
3,1.0,3,0.2727,The coastal watchtower is designated post,CV11,KP43,-3.4931931495666504,-3.4509201049804688,-4.330318927764893,17.359021060168743,19.738646062323824,19.598023507278413
3,1.0,4,0.3636,The winter supply manifest lists lot number,RJ80,SK80,0.1237020492553711,1.054708480834961,0.7097287178039551,15.038639015052468,16.04127792804502,15.364182473742403
3,1.0,5,0.4545,The ice core drilling rig was delivered as unit,HG70,LA63,-0.2211780548095703,0.4247112274169922,-0.5026021003723145,17.976186848827638,19.86607991589699,17.385495790222194
3,1.0,6,0.5455,The lighthouse relief roster follows schedule,TT70,UL12,-1.1385021209716797,-0.1468944549560547,-0.6449227333068848,15.221407412667759,16.30234776090947,16.010440885380376
3,1.0,7,0.6364,The harbour pilot's licence shows registration code,NW29,NV85,0.043701171875,-0.22610187530517578,-0.26751089096069336,17.556645139469765,20.264751232462004,18.155737202847376
3,1.0,8,0.7273,The cartography office safe opens with combination,HW29,WE17,0.10120391845703125,0.5472912788391113,-0.05158662796020508,16.90851042838767,18.943024782871362,18.515287558780983
3,1.0,9,0.8182,The reserve fuel depot is listed at site code,SN11,WW52,0.30712270736694336,0.6563372611999512,0.5134611129760742,18.89118986041285,20.851119117229246,18.55976092349738
3,1.0,10,0.9091,The medical supply locker was closed with seal number,XC30,QM96,-0.7290434837341309,-0.677462100982666,-0.48902130126953125,17.40095407795161,17.37007388472557,18.009640670730732
3,1.0,11,1.0,The diesel storage tank is stencilled vessel number,UB48,MV45,0.6119570732116699,0.2776627540588379,0.24763917922973633,17.1131288879551,18.379058374324813,18.240696190157905
3,1.25,0,0.0,The shipment of core samples travelled under consignment code,HU79,SN92,-1.5537161827087402,-0.8470416069030762,-1.3948721885681152,15.265016832388937,18.00944880885072,17.927436562487856
3,1.25,1,0.0909,The freight siding at Kelder appears on the plan as track,EM87,DV74,3.1497435569763184,2.5907840728759766,1.4989500045776367,13.587188040604815,13.210810589545872,12.820545886352193
3,1.25,2,0.1818,The signal lamp housing takes fitting code,RW84,JP91,0.6351656913757324,1.8580527305603027,1.1749882698059082,16.12805286445655,17.909241720219143,16.8516267107334
3,1.25,3,0.2727,The coastal watchtower is designated post,CV11,KP43,-3.4931931495666504,-2.868316650390625,-4.0797247886657715,17.359021060168743,19.56727536523249,19.83830417273566
3,1.25,4,0.3636,The winter supply manifest lists lot number,RJ80,SK80,0.1237020492553711,1.255049705505371,0.6010246276855469,15.038639015052468,15.596967525896616,15.77069110685261
3,1.25,5,0.4545,The ice core drilling rig was delivered as unit,HG70,LA63,-0.2211780548095703,0.29914426803588867,-0.5981111526489258,17.976186848827638,19.93747669874574,18.783741418330465
3,1.25,6,0.5455,The lighthouse relief roster follows schedule,TT70,UL12,-1.1385021209716797,-0.19971609115600586,-0.6329512596130371,15.221407412667759,16.846959497372154,16.09789092023857
3,1.25,7,0.6364,The harbour pilot's licence shows registration code,NW29,NV85,0.043701171875,-0.2755751609802246,-0.2570357322692871,17.556645139469765,20.699855477549136,18.86520791007206
3,1.25,8,0.7273,The cartography office safe opens with combination,HW29,WE17,0.10120391845703125,0.6684699058532715,0.09279060363769531,16.90851042838767,19.623654111346696,18.93748986470746
3,1.25,9,0.8182,The reserve fuel depot is listed at site code,SN11,WW52,0.30712270736694336,0.984501838684082,0.5996184349060059,18.89118986041285,21.035181917482987,19.12786860705819
3,1.25,10,0.9091,The medical supply locker was closed with seal number,XC30,QM96,-0.7290434837341309,-0.7935910224914551,-0.5662498474121094,17.40095407795161,17.776299216086045,17.50985345779918
3,1.25,11,1.0,The diesel storage tank is stencilled vessel number,UB48,MV45,0.6119570732116699,0.48647260665893555,0.21127796173095703,17.1131288879551,18.779827928636223,19.0322949612746
3,1.5,0,0.0,The shipment of core samples travelled under consignment code,HU79,SN92,-1.5537161827087402,-0.6574630737304688,-1.3377108573913574,15.265016832388937,17.214675480499864,17.149549838970415
3,1.5,1,0.0909,The freight siding at Kelder appears on the plan as track,EM87,DV74,3.1497435569763184,2.834409236907959,2.1985702514648438,13.587188040604815,13.238027771585621,12.791877964627929
3,1.5,2,0.1818,The signal lamp housing takes fitting code,RW84,JP91,0.6351656913757324,1.825714111328125,0.8117227554321289,16.12805286445655,18.800214447197504,16.67097615741659
3,1.5,3,0.2727,The coastal watchtower is designated post,CV11,KP43,-3.4931931495666504,-2.692183494567871,-3.9720077514648438,17.359021060168743,20.201913532277104,20.166886367602274
3,1.5,4,0.3636,The winter supply manifest lists lot number,RJ80,SK80,0.1237020492553711,1.3083724975585938,0.6349596977233887,15.038639015052468,15.963004328834359,16.020898588118143
3,1.5,5,0.4545,The ice core drilling rig was delivered as unit,HG70,LA63,-0.2211780548095703,0.4976029396057129,-0.6469731330871582,17.976186848827638,20.61279813371948,18.640858029699302
3,1.5,6,0.5455,The lighthouse relief roster follows schedule,TT70,UL12,-1.1385021209716797,-0.158721923828125,-0.8552112579345703,15.221407412667759,17.263306557841133,17.033353258739226
3,1.5,7,0.6364,The harbour pilot's licence shows registration code,NW29,NV85,0.043701171875,-0.3080921173095703,-0.37007665634155273,17.556645139469765,21.147604031022638,19.179259726428427
3,1.5,8,0.7273,The cartography office safe opens with combination,HW29,WE17,0.10120391845703125,0.6396746635437012,-0.09370756149291992,16.90851042838767,19.879455622052774,19.44035948693636
3,1.5,9,0.8182,The reserve fuel depot is listed at site code,SN11,WW52,0.30712270736694336,1.2723503112792969,0.627683162689209,18.89118986041285,21.13799277844373,18.825159572064877
3,1.5,10,0.9091,The medical supply locker was closed with seal number,XC30,QM96,-0.7290434837341309,-0.6029791831970215,-0.5404853820800781,17.40095407795161,17.809120909892954,18.091001268127002
3,1.5,11,1.0,The diesel storage tank is stencilled vessel number,UB48,MV45,0.6119570732116699,0.3944091796875,0.5044088363647461,17.1131288879551,18.944141555810347,19.583711575367488
3,2.0,0,0.0,The shipment of core samples travelled under consignment code,HU79,SN92,-1.5537161827087402,0.13906574249267578,-1.057591438293457,15.265016832388937,17.21764663560316,15.685589905828238
3,2.0,1,0.0909,The freight siding at Kelder appears on the plan as track,EM87,DV74,3.1497435569763184,2.1864395141601562,2.4899401664733887,13.587188040604815,13.625502359936945,11.8240763717331
3,2.0,2,0.1818,The signal lamp housing takes fitting code,RW84,JP91,0.6351656913757324,2.0231781005859375,0.995048999786377,16.12805286445655,18.630098666995764,16.74908576766029
3,2.0,3,0.2727,The coastal watchtower is designated post,CV11,KP43,-3.4931931495666504,-2.095038890838623,-4.388413906097412,17.359021060168743,18.299369226326235,18.037130494136363
3,2.0,4,0.3636,The winter supply manifest lists lot number,RJ80,SK80,0.1237020492553711,1.6565055847167969,0.8603124618530273,15.038639015052468,17.063790611573495,15.33229525166098
3,2.0,5,0.4545,The ice core drilling rig was delivered as unit,HG70,LA63,-0.2211780548095703,1.1629204750061035,-0.2085580825805664,17.976186848827638,18.76729957619682,17.622052050952334
3,2.0,6,0.5455,The lighthouse relief roster follows schedule,TT70,UL12,-1.1385021209716797,0.18421363830566406,-0.6247425079345703,15.221407412667759,16.038774492917582,15.304272520763334
3,2.0,7,0.6364,The harbour pilot's licence shows registration code,NW29,NV85,0.043701171875,0.016497135162353516,-0.2335662841796875,17.556645139469765,19.59008379280567,18.10325553244911
3,2.0,8,0.7273,The cartography office safe opens with combination,HW29,WE17,0.10120391845703125,0.6878037452697754,0.17313241958618164,16.90851042838767,19.85843994136667,18.185887270607054
3,2.0,9,0.8182,The reserve fuel depot is listed at site code,SN11,WW52,0.30712270736694336,1.7504501342773438,0.9777793884277344,18.89118986041285,20.042962596053258,18.61747003137134
3,2.0,10,0.9091,The medical supply locker was closed with seal number,XC30,QM96,-0.7290434837341309,-0.5747017860412598,-1.0596604347229004,17.40095407795161,17.30354184890166,16.675929728429765
3,2.0,11,1.0,The diesel storage tank is stencilled vessel number,UB48,MV45,0.6119570732116699,0.07036018371582031,0.3186678886413574,17.1131288879551,18.459394796052948,18.7680969403591
3,3.0,0,0.0,The shipment of core samples travelled under consignment code,HU79,SN92,-1.5537161827087402,0.3470182418823242,-0.9526724815368652,15.265016832388937,15.899328231811523,15.076334662735462
3,3.0,1,0.0909,The freight siding at Kelder appears on the plan as track,EM87,DV74,3.1497435569763184,3.9620773792266846,2.834256649017334,13.587188040604815,12.4441150855273,11.608595751225948
3,3.0,2,0.1818,The signal lamp housing takes fitting code,RW84,JP91,0.6351656913757324,2.7659425735473633,0.5572772026062012,16.12805286445655,16.13595015835017,15.267388217151165
3,3.0,3,0.2727,The coastal watchtower is designated post,CV11,KP43,-3.4931931495666504,-0.5047130584716797,-4.618969917297363,17.359021060168743,17.858475185465068,15.486577897332609
3,3.0,4,0.3636,The winter supply manifest lists lot number,RJ80,SK80,0.1237020492553711,3.9785842895507812,1.5184850692749023,15.038639015052468,16.766012703534216,14.278853139840066
3,3.0,5,0.4545,The ice core drilling rig was delivered as unit,HG70,LA63,-0.2211780548095703,3.8463122844696045,-0.8197150230407715,17.976186848827638,15.231540749082342,14.45700222067535
3,3.0,6,0.5455,The lighthouse relief roster follows schedule,TT70,UL12,-1.1385021209716797,2.558499813079834,0.21386098861694336,15.221407412667759,13.039544600527734,14.05128995841369
3,3.0,7,0.6364,The harbour pilot's licence shows registration code,NW29,NV85,0.043701171875,-0.12254571914672852,-0.3078465461730957,17.556645139469765,17.268782012164593,15.287205981090665
3,3.0,8,0.7273,The cartography office safe opens with combination,HW29,WE17,0.10120391845703125,2.762518882751465,0.7265353202819824,16.90851042838767,18.637651526834816,16.531318224966526
3,3.0,9,0.8182,The reserve fuel depot is listed at site code,SN11,WW52,0.30712270736694336,5.370448589324951,1.8407988548278809,18.89118986041285,21.017452047672123,19.126945551484823
3,3.0,10,0.9091,The medical supply locker was closed with seal number,XC30,QM96,-0.7290434837341309,1.4050354957580566,-3.3919215202331543,17.40095407795161,13.501578295603395,13.021777440793812
3,3.0,11,1.0,The diesel storage tank is stencilled vessel number,UB48,MV45,0.6119570732116699,0.8640241622924805,0.034987449645996094,17.1131288879551,15.020691984333098,14.480926345102489
4,0.0,0,0.0,The survey team's theodolite bears serial number,HK23,DB17,0.18345284461975098,0.18345284461975098,0.18345284461975098,19.447464113589376,19.447464113589376,19.447464113589376
4,0.0,1,0.0909,The freight siding at Kelder appears on the plan as track,EC18,VB79,1.983360767364502,1.983360767364502,1.983360767364502,19.932493672007695,19.932493672007695,19.932493672007695
4,0.0,2,0.1818,The meteorological buoy broadcasts on transponder code,AN80,LB25,-2.190920352935791,-2.190920352935791,-2.190920352935791,18.25777020631358,18.25777020631358,18.25777020631358
4,0.0,3,0.2727,The customs declaration quotes reference code,KB38,SK62,-0.6612634658813477,-0.6612634658813477,-0.6612634658813477,16.342230095528066,16.342230095528066,16.342230095528066
4,0.0,4,0.3636,The hydrographic chart set reached edition,ST56,WG71,3.2918262481689453,3.2918262481689453,3.2918262481689453,19.35552609967999,19.35552609967999,19.35552609967999
4,0.0,5,0.4545,The coastal watchtower is designated post,GF49,GH66,1.3389787673950195,1.3389787673950195,1.3389787673950195,19.286107841297053,19.286107841297053,19.286107841297053
4,0.0,6,0.5455,The border checkpoint ledger opens at entry code,KW57,PR14,-1.5785846710205078,-1.5785846710205078,-1.5785846710205078,17.760397634934634,17.760397634934634,17.760397634934634
4,0.0,7,0.6364,The quartermaster's tally sheet uses form number,CV53,HP66,0.19639921188354492,0.19639921188354492,0.19639921188354492,22.405289177550003,22.405289177550003,22.405289177550003
4,0.0,8,0.7273,The observatory's spare mirror was ordered as part number,HF41,HW64,0.7380170822143555,0.7380170822143555,0.7380170822143555,13.838361769448966,13.838361769448966,13.838361769448966
4,0.0,9,0.8182,The auxiliary generator was tagged asset number,RJ21,GR34,-1.7188098430633545,-1.7188098430633545,-1.7188098430633545,15.940310310572386,15.940310310572386,15.940310310572386
4,0.0,10,0.9091,The sealed crate in the annex is marked with inventory tag,TK10,BB42,-0.38085365295410156,-0.38085365295410156,-0.38085365295410156,20.922655389411375,20.922655389411375,20.922655389411375
4,0.0,11,1.0,The northern relay station operates under callsign,SG62,GH63,0.46171140670776367,0.46171140670776367,0.46171140670776367,16.46839565085247,16.46839565085247,16.46839565085247
4,0.25,0,0.0,The survey team's theodolite bears serial number,HK23,DB17,0.18345284461975098,-0.0368344783782959,0.1959078311920166,19.447464113589376,18.255251774564385,19.42297026887536
4,0.25,1,0.0909,The freight siding at Kelder appears on the plan as track,EC18,VB79,1.983360767364502,2.0539536476135254,1.8977928161621094,19.932493672007695,19.36813452723436,19.208884031279013
4,0.25,2,0.1818,The meteorological buoy broadcasts on transponder code,AN80,LB25,-2.190920352935791,-2.2184653282165527,-2.089080810546875,18.25777020631358,19.203922629822046,19.319550189655274
4,0.25,3,0.2727,The customs declaration quotes reference code,KB38,SK62,-0.6612634658813477,-0.3759012222290039,-0.5699334144592285,16.342230095528066,16.26971817528829,16.141490862471983
4,0.25,4,0.3636,The hydrographic chart set reached edition,ST56,WG71,3.2918262481689453,3.260824680328369,3.570652484893799,19.35552609967999,19.774508182657883,19.691828374750912
4,0.25,5,0.4545,The coastal watchtower is designated post,GF49,GH66,1.3389787673950195,1.2465033531188965,1.1412353515625,19.286107841297053,19.166858198470436,18.942684747395106
4,0.25,6,0.5455,The border checkpoint ledger opens at entry code,KW57,PR14,-1.5785846710205078,-1.4558591842651367,-1.6256403923034668,17.760397634934634,17.26358427037485,17.338133891345933
4,0.25,7,0.6364,The quartermaster's tally sheet uses form number,CV53,HP66,0.19639921188354492,0.3628063201904297,0.24658679962158203,22.405289177550003,22.17880956060253,22.206275204895064
4,0.25,8,0.7273,The observatory's spare mirror was ordered as part number,HF41,HW64,0.7380170822143555,0.9472599029541016,0.8053388595581055,13.838361769448966,13.816875697113574,14.01556743727997
4,0.25,9,0.8182,The auxiliary generator was tagged asset number,RJ21,GR34,-1.7188098430633545,-1.7184956073760986,-1.8840720653533936,15.940310310572386,15.725367142818868,15.8330740602687
4,0.25,10,0.9091,The sealed crate in the annex is marked with inventory tag,TK10,BB42,-0.38085365295410156,-0.2149372100830078,-0.3330364227294922,20.922655389411375,21.244850613409653,21.034835269208997
4,0.25,11,1.0,The northern relay station operates under callsign,SG62,GH63,0.46171140670776367,0.36383819580078125,0.36107921600341797,16.46839565085247,16.250964551698416,16.038844337454066
4,0.5,0,0.0,The survey team's theodolite bears serial number,HK23,DB17,0.18345284461975098,0.38239455223083496,0.12432122230529785,19.447464113589376,19.59404006926343,19.299640263430774
4,0.5,1,0.0909,The freight siding at Kelder appears on the plan as track,EC18,VB79,1.983360767364502,1.8840737342834473,1.8494935035705566,19.932493672007695,20.08469634677749,19.915834378625732
4,0.5,2,0.1818,The meteorological buoy broadcasts on transponder code,AN80,LB25,-2.190920352935791,-2.1681623458862305,-2.143857002258301,18.25777020631358,20.49923963123001,20.674645473482087
4,0.5,3,0.2727,The customs declaration quotes reference code,KB38,SK62,-0.6612634658813477,-0.558067798614502,-0.44655942916870117,16.342230095528066,17.062006966443732,17.15778694418259
4,0.5,4,0.3636,The hydrographic chart set reached edition,ST56,WG71,3.2918262481689453,3.4865646362304688,2.811154365539551,19.35552609967999,19.933548107161187,20.092306729755364
4,0.5,5,0.4545,The coastal watchtower is designated post,GF49,GH66,1.3389787673950195,0.9891400337219238,0.7903690338134766,19.286107841297053,19.21589804906398,18.902698370511644
4,0.5,6,0.5455,The border checkpoint ledger opens at entry code,KW57,PR14,-1.5785846710205078,-1.5239572525024414,-1.7053351402282715,17.760397634934634,17.743837125133723,17.74196093750652
4,0.5,7,0.6364,The quartermaster's tally sheet uses form number,CV53,HP66,0.19639921188354492,0.042865753173828125,0.33704233169555664,22.405289177550003,22.676173425628804,22.962410112842917
4,0.5,8,0.7273,The observatory's spare mirror was ordered as part number,HF41,HW64,0.7380170822143555,1.0878162384033203,1.3042192459106445,13.838361769448966,13.992825310211629,13.944374281680211
4,0.5,9,0.8182,The auxiliary generator was tagged asset number,RJ21,GR34,-1.7188098430633545,-1.8103442192077637,-1.7687838077545166,15.940310310572386,16.108495844062418,16.060590428998694
4,0.5,10,0.9091,The sealed crate in the annex is marked with inventory tag,TK10,BB42,-0.38085365295410156,-0.15750646591186523,-0.23924493789672852,20.922655389411375,21.852268245536834,21.66342477791477
4,0.5,11,1.0,The northern relay station operates under callsign,SG62,GH63,0.46171140670776367,0.1697368621826172,0.24077987670898438,16.46839565085247,16.02190786297433,16.489801599411294
4,0.75,0,0.0,The survey team's theodolite bears serial number,HK23,DB17,0.18345284461975098,0.6084527969360352,0.17442679405212402,19.447464113589376,19.44944084342569,18.783771371934563
4,0.75,1,0.0909,The freight siding at Kelder appears on the plan as track,EC18,VB79,1.983360767364502,2.0662789344787598,1.3696751594543457,19.932493672007695,20.88775685080327,20.072157710092142
4,0.75,2,0.1818,The meteorological buoy broadcasts on transponder code,AN80,LB25,-2.190920352935791,-1.925900936126709,-2.031477928161621,18.25777020631358,21.420497993472964,21.315420420956798
4,0.75,3,0.2727,The customs declaration quotes reference code,KB38,SK62,-0.6612634658813477,-0.5120186805725098,-0.24405479431152344,16.342230095528066,17.302137782098725,17.11545261752326
4,0.75,4,0.3636,The hydrographic chart set reached edition,ST56,WG71,3.2918262481689453,3.2356905937194824,3.0610299110412598,19.35552609967999,20.39996888942551,20.15817005664576
4,0.75,5,0.4545,The coastal watchtower is designated post,GF49,GH66,1.3389787673950195,1.5270633697509766,1.7689175605773926,19.286107841297053,19.00019410904497,19.396466630278155
4,0.75,6,0.5455,The border checkpoint ledger opens at entry code,KW57,PR14,-1.5785846710205078,-1.2582669258117676,-1.399301528930664,17.760397634934634,17.081574143609032,17.15572777017951
4,0.75,7,0.6364,The quartermaster's tally sheet uses form number,CV53,HP66,0.19639921188354492,0.015758514404296875,0.13686132431030273,22.405289177550003,23.066188727505505,22.33783256157767
4,0.75,8,0.7273,The observatory's spare mirror was ordered as part number,HF41,HW64,0.7380170822143555,1.0663557052612305,1.4042129516601562,13.838361769448966,14.384013803093694,14.142993984627537
4,0.75,9,0.8182,The auxiliary generator was tagged asset number,RJ21,GR34,-1.7188098430633545,-2.0603227615356445,-1.7312979698181152,15.940310310572386,15.887911649886519,15.951786336954683
4,0.75,10,0.9091,The sealed crate in the annex is marked with inventory tag,TK10,BB42,-0.38085365295410156,-0.12567853927612305,-0.15355634689331055,20.922655389411375,22.02304528199602,21.693433126667514
4,0.75,11,1.0,The northern relay station operates under callsign,SG62,GH63,0.46171140670776367,0.1268620491027832,0.2616744041442871,16.46839565085247,16.472621690947562,16.513829259900376
4,1.0,0,0.0,The survey team's theodolite bears serial number,HK23,DB17,0.18345284461975098,1.6858205795288086,1.3429174423217773,19.447464113589376,19.65400249324739,19.25256583187729
4,1.0,1,0.0909,The freight siding at Kelder appears on the plan as track,EC18,VB79,1.983360767364502,2.005293369293213,0.7575345039367676,19.932493672007695,17.870141315157525,17.902001950889826
4,1.0,2,0.1818,The meteorological buoy broadcasts on transponder code,AN80,LB25,-2.190920352935791,-1.34483003616333,-1.575310230255127,18.25777020631358,21.572178663220257,21.947266235365532
4,1.0,3,0.2727,The customs declaration quotes reference code,KB38,SK62,-0.6612634658813477,-0.7099175453186035,-0.9195914268493652,16.342230095528066,15.871039971592836,15.702729413751513
4,1.0,4,0.3636,The hydrographic chart set reached edition,ST56,WG71,3.2918262481689453,5.605901718139648,4.692572593688965,19.35552609967999,21.55189769656863,22.4695160681149
4,1.0,5,0.4545,The coastal watchtower is designated post,GF49,GH66,1.3389787673950195,-0.11274242401123047,-0.7774887084960938,19.286107841297053,20.613962355302647,19.069038308836753
4,1.0,6,0.5455,The border checkpoint ledger opens at entry code,KW57,PR14,-1.5785846710205078,-0.9449858665466309,-1.235041618347168,17.760397634934634,17.84629217768088,18.09414544608444
4,1.0,7,0.6364,The quartermaster's tally sheet uses form number,CV53,HP66,0.19639921188354492,-0.09881114959716797,-0.5585417747497559,22.405289177550003,23.128697979904246,22.638388137158472
4,1.0,8,0.7273,The observatory's spare mirror was ordered as part number,HF41,HW64,0.7380170822143555,1.476114273071289,1.1415929794311523,13.838361769448966,14.025052996352315,14.694195381365716
4,1.0,9,0.8182,The auxiliary generator was tagged asset number,RJ21,GR34,-1.7188098430633545,-2.182082176208496,-1.7286057472229004,15.940310310572386,17.759059977484867,18.370640479028225
4,1.0,10,0.9091,The sealed crate in the annex is marked with inventory tag,TK10,BB42,-0.38085365295410156,0.9733390808105469,0.4857006072998047,20.922655389411375,20.974182398756966,21.456977037363686
4,1.0,11,1.0,The northern relay station operates under callsign,SG62,GH63,0.46171140670776367,-0.09198713302612305,-0.3917574882507324,16.46839565085247,17.34524480579421,17.187672132626176
4,1.25,0,0.0,The survey team's theodolite bears serial number,HK23,DB17,0.18345284461975098,2.1652684211730957,1.5129570960998535,19.447464113589376,19.27426142245531,18.870269890874624
4,1.25,1,0.0909,The freight siding at Kelder appears on the plan as track,EC18,VB79,1.983360767364502,2.6825594902038574,0.6497583389282227,19.932493672007695,18.391193069634028,18.01757418026682
4,1.25,2,0.1818,The meteorological buoy broadcasts on transponder code,AN80,LB25,-2.190920352935791,-1.2512297630310059,-1.715266227722168,18.25777020631358,22.28898292093072,22.675079585402273
4,1.25,3,0.2727,The customs declaration quotes reference code,KB38,SK62,-0.6612634658813477,-0.22473764419555664,-0.8213543891906738,16.342230095528066,16.892932118382305,17.11185102595482
4,1.25,4,0.3636,The hydrographic chart set reached edition,ST56,WG71,3.2918262481689453,4.9422407150268555,4.755194664001465,19.35552609967999,22.363169816380832,22.42772404832067
4,1.25,5,0.4545,The coastal watchtower is designated post,GF49,GH66,1.3389787673950195,-0.2497715950012207,-0.9408841133117676,19.286107841297053,20.585223491943907,19.41921723744599
4,1.25,6,0.5455,The border checkpoint ledger opens at entry code,KW57,PR14,-1.5785846710205078,-1.0308775901794434,-1.3861770629882812,17.760397634934634,18.396909390576184,18.102385347592644
4,1.25,7,0.6364,The quartermaster's tally sheet uses form number,CV53,HP66,0.19639921188354492,-0.3096604347229004,-0.31124401092529297,22.405289177550003,23.466196963738184,22.401168257259997
4,1.25,8,0.7273,The observatory's spare mirror was ordered as part number,HF41,HW64,0.7380170822143555,1.2880921363830566,1.0644745826721191,13.838361769448966,13.947354774456471,14.628099094843492
4,1.25,9,0.8182,The auxiliary generator was tagged asset number,RJ21,GR34,-1.7188098430633545,-2.2850499153137207,-2.208744525909424,15.940310310572386,18.330686993780546,18.147009812295437
4,1.25,10,0.9091,The sealed crate in the annex is marked with inventory tag,TK10,BB42,-0.38085365295410156,0.7923026084899902,0.338834285736084,20.922655389411375,22.0261526129907,21.84803082945291
4,1.25,11,1.0,The northern relay station operates under callsign,SG62,GH63,0.46171140670776367,-0.31432676315307617,-0.5541434288024902,16.46839565085247,17.225074041751213,17.196889975108206
4,1.5,0,0.0,The survey team's theodolite bears serial number,HK23,DB17,0.18345284461975098,2.595806837081909,1.479630470275879,19.447464113589376,18.615089032799006,18.4418371245265
4,1.5,1,0.0909,The freight siding at Kelder appears on the plan as track,EC18,VB79,1.983360767364502,2.9160497188568115,0.45703935623168945,19.932493672007695,18.220905753667466,18.075817842269316
4,1.5,2,0.1818,The meteorological buoy broadcasts on transponder code,AN80,LB25,-2.190920352935791,-1.0882978439331055,-1.7772126197814941,18.25777020631358,21.410727730486542,22.380524263251573
4,1.5,3,0.2727,The customs declaration quotes reference code,KB38,SK62,-0.6612634658813477,-0.21941804885864258,-0.5472521781921387,16.342230095528066,17.28361767262686,16.734708956675604
4,1.5,4,0.3636,The hydrographic chart set reached edition,ST56,WG71,3.2918262481689453,4.785183906555176,4.365290641784668,19.35552609967999,21.913992547779344,21.57055899995612
4,1.5,5,0.4545,The coastal watchtower is designated post,GF49,GH66,1.3389787673950195,0.03505086898803711,-0.9505624771118164,19.286107841297053,20.365815378376283,19.32912214694079
4,1.5,6,0.5455,The border checkpoint ledger opens at entry code,KW57,PR14,-1.5785846710205078,-0.919008731842041,-1.291917324066162,17.760397634934634,17.577696257038042,18.088820080156438
4,1.5,7,0.6364,The quartermaster's tally sheet uses form number,CV53,HP66,0.19639921188354492,0.10928010940551758,-0.2865009307861328,22.405289177550003,23.239582065376453,22.01646034431178
4,1.5,8,0.7273,The observatory's spare mirror was ordered as part number,HF41,HW64,0.7380170822143555,1.6099252700805664,1.0839242935180664,13.838361769448966,13.858566588955,14.359580962685868
4,1.5,9,0.8182,The auxiliary generator was tagged asset number,RJ21,GR34,-1.7188098430633545,-2.3591315746307373,-2.105170726776123,15.940310310572386,18.082147241337225,17.626170489471406
4,1.5,10,0.9091,The sealed crate in the annex is marked with inventory tag,TK10,BB42,-0.38085365295410156,0.7129440307617188,0.12322759628295898,20.922655389411375,21.87766935408581,21.77630803117063
4,1.5,11,1.0,The northern relay station operates under callsign,SG62,GH63,0.46171140670776367,-0.12959861755371094,-0.3815269470214844,16.46839565085247,17.168103739386424,17.16038886271417
4,2.0,0,0.0,The survey team's theodolite bears serial number,HK23,DB17,0.18345284461975098,2.9572396278381348,2.044860363006592,19.447464113589376,17.212955191731453,16.344592096284032
4,2.0,1,0.0909,The freight siding at Kelder appears on the plan as track,EC18,VB79,1.983360767364502,3.1143150329589844,0.9333219528198242,19.932493672007695,17.676734255161136,17.485633462667465
4,2.0,2,0.1818,The meteorological buoy broadcasts on transponder code,AN80,LB25,-2.190920352935791,-1.4524483680725098,-2.1824240684509277,18.25777020631358,20.73861718038097,22.57446107955184
4,2.0,3,0.2727,The customs declaration quotes reference code,KB38,SK62,-0.6612634658813477,0.35825109481811523,-0.33718156814575195,16.342230095528066,17.842620556184556,17.30440141679719
4,2.0,4,0.3636,The hydrographic chart set reached edition,ST56,WG71,3.2918262481689453,4.42604398727417,4.497376918792725,19.35552609967999,21.526176611019764,21.675027475692332
4,2.0,5,0.4545,The coastal watchtower is designated post,GF49,GH66,1.3389787673950195,0.4984445571899414,-0.48595762252807617,19.286107841297053,20.256696462922264,19.379153809160925
4,2.0,6,0.5455,The border checkpoint ledger opens at entry code,KW57,PR14,-1.5785846710205078,-0.5311107635498047,-1.1189284324645996,17.760397634934634,17.396987768122926,16.865765428170562
4,2.0,7,0.6364,The quartermaster's tally sheet uses form number,CV53,HP66,0.19639921188354492,0.1124415397644043,-0.16677618026733398,22.405289177550003,23.49510951063712,22.45843609102303
4,2.0,8,0.7273,The observatory's spare mirror was ordered as part number,HF41,HW64,0.7380170822143555,1.7752838134765625,1.5838446617126465,13.838361769448966,14.168742772890255,13.827195465797558
4,2.0,9,0.8182,The auxiliary generator was tagged asset number,RJ21,GR34,-1.7188098430633545,-2.3020167350769043,-3.134882926940918,15.940310310572386,18.11012382042827,17.127611607080325
4,2.0,10,0.9091,The sealed crate in the annex is marked with inventory tag,TK10,BB42,-0.38085365295410156,0.41504478454589844,-0.24698448181152344,20.922655389411375,22.647386832162738,21.951038398663513
4,2.0,11,1.0,The northern relay station operates under callsign,SG62,GH63,0.46171140670776367,-0.09592008590698242,-0.7108631134033203,16.46839565085247,16.335805313661695,15.777922596316785
4,3.0,0,0.0,The survey team's theodolite bears serial number,HK23,DB17,0.18345284461975098,4.280183553695679,1.190993309020996,19.447464113589376,16.298361687920988,16.03963702172041
4,3.0,1,0.0909,The freight siding at Kelder appears on the plan as track,EC18,VB79,1.983360767364502,5.36749267578125,-0.4282231330871582,19.932493672007695,18.77330510271713,17.513865711633116
4,3.0,2,0.1818,The meteorological buoy broadcasts on transponder code,AN80,LB25,-2.190920352935791,0.4139261245727539,-1.8907890319824219,18.25777020631358,20.897541511338204,20.296032140264288
4,3.0,3,0.2727,The customs declaration quotes reference code,KB38,SK62,-0.6612634658813477,-1.431896686553955,-1.1001362800598145,16.342230095528066,15.269209013320506,13.993767566978931
4,3.0,4,0.3636,The hydrographic chart set reached edition,ST56,WG71,3.2918262481689453,5.682373285293579,5.818199872970581,19.35552609967999,19.54552615992725,19.10204200865701
4,3.0,5,0.4545,The coastal watchtower is designated post,GF49,GH66,1.3389787673950195,0.4079475402832031,-0.11394119262695312,19.286107841297053,19.117720704060048,18.44818135141395
4,3.0,6,0.5455,The border checkpoint ledger opens at entry code,KW57,PR14,-1.5785846710205078,0.9013252258300781,-1.4404058456420898,17.760397634934634,17.274326207698323,16.219692146405578
4,3.0,7,0.6364,The quartermaster's tally sheet uses form number,CV53,HP66,0.19639921188354492,0.7205758094787598,0.2798147201538086,22.405289177550003,20.186172067653388,19.934605864807963
4,3.0,8,0.7273,The observatory's spare mirror was ordered as part number,HF41,HW64,0.7380170822143555,1.4868102073669434,1.5133371353149414,13.838361769448966,14.988309383392334,14.665235592401586
4,3.0,9,0.8182,The auxiliary generator was tagged asset number,RJ21,GR34,-1.7188098430633545,-3.2748830318450928,-4.359143972396851,15.940310310572386,18.5915473268833,18.073419131338596
4,3.0,10,0.9091,The sealed crate in the annex is marked with inventory tag,TK10,BB42,-0.38085365295410156,1.0273346900939941,-0.2765350341796875,20.922655389411375,19.484686237759888,20.17218330083415
4,3.0,11,1.0,The northern relay station operates under callsign,SG62,GH63,0.46171140670776367,-0.9091377258300781,-1.4828457832336426,16.46839565085247,14.7372956732288,15.068442879244685
5,0.0,0,0.0,The coastal watchtower is designated post,SA69,VT61,-0.6545238494873047,-0.6545238494873047,-0.6545238494873047,15.684758278774098,15.684758278774098,15.684758278774098
5,0.0,1,0.0909,The cartography office safe opens with combination,HW16,BH86,-2.3570666313171387,-2.3570666313171387,-2.3570666313171387,19.35670503252186,19.35670503252186,19.35670503252186
5,0.0,2,0.1818,The quartermaster's tally sheet uses form number,FD57,MJ68,-0.41268205642700195,-0.41268205642700195,-0.41268205642700195,16.883594240876846,16.883594240876846,16.883594240876846
5,0.0,3,0.2727,The auxiliary generator was tagged asset number,RH58,WP28,0.4116950035095215,0.4116950035095215,0.4116950035095215,17.77195341233164,17.77195341233164,17.77195341233164
5,0.0,4,0.3636,The winter quarters roof panel came from batch,TD83,BW14,0.05832052230834961,0.05832052230834961,0.05832052230834961,14.595394291915,14.595394291915,14.595394291915
5,0.0,5,0.4545,The seismograph at Ridge Camp reports as instrument,HA37,RL36,-1.0297813415527344,-1.0297813415527344,-1.0297813415527344,17.27240171225276,17.27240171225276,17.27240171225276
5,0.0,6,0.5455,The eastern pumping station runs on circuit label,PJ33,EZ82,1.4134325981140137,1.4134325981140137,1.4134325981140137,15.997766391607001,15.997766391607001,15.997766391607001
5,0.0,7,0.6364,The salvage tender was registered with hull number,NF19,EW62,0.16976308822631836,0.16976308822631836,0.16976308822631836,13.00626401451882,13.00626401451882,13.00626401451882
5,0.0,8,0.7273,The radio operator's logbook continues in volume,EV89,DF65,-0.7707991600036621,-0.7707991600036621,-0.7707991600036621,20.490866993088275,20.490866993088275,20.490866993088275
5,0.0,9,0.8182,The reserve fuel depot is listed at site code,QE26,ME17,-0.4086627960205078,-0.4086627960205078,-0.4086627960205078,14.385363595676608,14.385363595676608,14.385363595676608
5,0.0,10,0.9091,The telegraph repeater hut answers to station code,AA36,PK28,-0.6863560676574707,-0.6863560676574707,-0.6863560676574707,15.640085175051354,15.640085175051354,15.640085175051354
5,0.0,11,1.0,The observatory's spare mirror was ordered as part number,GF31,SQ72,-0.6868338584899902,-0.6868338584899902,-0.6868338584899902,17.850017357734032,17.850017357734032,17.850017357734032
5,0.25,0,0.0,The coastal watchtower is designated post,SA69,VT61,-0.6545238494873047,-0.3244800567626953,-0.39438819885253906,15.684758278774098,15.30323692690581,16.16136218421161
5,0.25,1,0.0909,The cartography office safe opens with combination,HW16,BH86,-2.3570666313171387,-2.760300636291504,-2.280745029449463,19.35670503252186,19.544403782580048,19.98970283055678
5,0.25,2,0.1818,The quartermaster's tally sheet uses form number,FD57,MJ68,-0.41268205642700195,-0.5217976570129395,-0.7084226608276367,16.883594240876846,16.462489777070004,17.12658607272897
5,0.25,3,0.2727,The auxiliary generator was tagged asset number,RH58,WP28,0.4116950035095215,0.5511369705200195,0.48357439041137695,17.77195341233164,18.14837790792808,18.60983577708248
5,0.25,4,0.3636,The winter quarters roof panel came from batch,TD83,BW14,0.05832052230834961,0.24729108810424805,0.20799016952514648,14.595394291915,14.561065092450008,15.174949896056205
5,0.25,5,0.4545,The seismograph at Ridge Camp reports as instrument,HA37,RL36,-1.0297813415527344,-1.1952776908874512,-1.178922176361084,17.27240171225276,17.203452366171405,17.572854321508203
5,0.25,6,0.5455,The eastern pumping station runs on circuit label,PJ33,EZ82,1.4134325981140137,1.175584316253662,1.2336602210998535,15.997766391607001,15.916916646063328,16.656909037847072
5,0.25,7,0.6364,The salvage tender was registered with hull number,NF19,EW62,0.16976308822631836,-0.17346429824829102,-0.12915658950805664,13.00626401451882,12.105312489205971,12.967055742745288
5,0.25,8,0.7273,The radio operator's logbook continues in volume,EV89,DF65,-0.7707991600036621,-0.8983385562896729,-0.6781659126281738,20.490866993088275,20.2608130556182,20.916994996659923
5,0.25,9,0.8182,The reserve fuel depot is listed at site code,QE26,ME17,-0.4086627960205078,-0.48439693450927734,-0.4006333351135254,14.385363595676608,14.049767126794904,14.75820493279025
5,0.25,10,0.9091,The telegraph repeater hut answers to station code,AA36,PK28,-0.6863560676574707,-0.9717197418212891,-0.9204306602478027,15.640085175051354,15.636030998895876,16.01734697970096
5,0.25,11,1.0,The observatory's spare mirror was ordered as part number,GF31,SQ72,-0.6868338584899902,-0.8101003170013428,-0.9297449588775635,17.850017357734032,17.524816639430355,18.756873293197714
5,0.5,0,0.0,The coastal watchtower is designated post,SA69,VT61,-0.6545238494873047,0.08098030090332031,-0.360565185546875,15.684758278774098,17.014693629345857,15.523952195653692
5,0.5,1,0.0909,The cartography office safe opens with combination,HW16,BH86,-2.3570666313171387,-2.464559555053711,-2.2492222785949707,19.35670503252186,19.878079475136474,19.775865207542665
5,0.5,2,0.1818,The quartermaster's tally sheet uses form number,FD57,MJ68,-0.41268205642700195,-0.39550065994262695,-0.43932628631591797,16.883594240876846,17.97703833002015,17.026080747833475
5,0.5,3,0.2727,The auxiliary generator was tagged asset number,RH58,WP28,0.4116950035095215,0.5364527702331543,0.6062073707580566,17.77195341233164,19.08053131820634,17.68878723785747
5,0.5,4,0.3636,The winter quarters roof panel came from batch,TD83,BW14,0.05832052230834961,0.25983142852783203,0.19673633575439453,14.595394291915,16.121294207987376,15.181648554513231
5,0.5,5,0.4545,The seismograph at Ridge Camp reports as instrument,HA37,RL36,-1.0297813415527344,-1.5721359252929688,-1.4598746299743652,17.27240171225276,17.720147281477693,17.66691940400051
5,0.5,6,0.5455,The eastern pumping station runs on circuit label,PJ33,EZ82,1.4134325981140137,1.1027216911315918,1.4026341438293457,15.997766391607001,16.967414759797975,16.42477883817628
5,0.5,7,0.6364,The salvage tender was registered with hull number,NF19,EW62,0.16976308822631836,0.08132219314575195,0.19457054138183594,13.00626401451882,13.650415054115001,12.228953237528913
5,0.5,8,0.7273,The radio operator's logbook continues in volume,EV89,DF65,-0.7707991600036621,-0.5457260608673096,-0.4294703006744385,20.490866993088275,20.635910782963037,19.92270525661297
5,0.5,9,0.8182,The reserve fuel depot is listed at site code,QE26,ME17,-0.4086627960205078,-0.10115861892700195,-0.03598213195800781,14.385363595676608,15.712272073433269,13.854049966437742
5,0.5,10,0.9091,The telegraph repeater hut answers to station code,AA36,PK28,-0.6863560676574707,-1.1796274185180664,-1.5233278274536133,15.640085175051354,17.326331972435582,16.644210369093344
5,0.5,11,1.0,The observatory's spare mirror was ordered as part number,GF31,SQ72,-0.6868338584899902,-1.2781851291656494,-1.7334647178649902,17.850017357734032,18.279774813796394,17.91654499305878
5,0.75,0,0.0,The coastal watchtower is designated post,SA69,VT61,-0.6545238494873047,0.6874761581420898,0.3019137382507324,15.684758278774098,16.268857019254938,16.06332132895477
5,0.75,1,0.0909,The cartography office safe opens with combination,HW16,BH86,-2.3570666313171387,-2.451732635498047,-2.2696266174316406,19.35670503252186,19.31350554060191,19.418917441740632
5,0.75,2,0.1818,The quartermaster's tally sheet uses form number,FD57,MJ68,-0.41268205642700195,-0.14316511154174805,-0.30281925201416016,16.883594240876846,16.83405993611086,16.77737485198304
5,0.75,3,0.2727,The auxiliary generator was tagged asset number,RH58,WP28,0.4116950035095215,0.6163778305053711,0.47170400619506836,17.77195341233164,18.882197815109976,18.611542687169276
5,0.75,4,0.3636,The winter quarters roof panel came from batch,TD83,BW14,0.05832052230834961,0.19545793533325195,-0.031604766845703125,14.595394291915,16.147977912798524,15.22149661486037
5,0.75,5,0.4545,The seismograph at Ridge Camp reports as instrument,HA37,RL36,-1.0297813415527344,-1.217850685119629,-1.2219462394714355,17.27240171225276,17.4373080895748,17.527784248581156
5,0.75,6,0.5455,The eastern pumping station runs on circuit label,PJ33,EZ82,1.4134325981140137,1.880903720855713,1.8440275192260742,15.997766391607001,16.672183349495754,16.283561900025234
5,0.75,7,0.6364,The salvage tender was registered with hull number,NF19,EW62,0.16976308822631836,0.46003293991088867,0.3346247673034668,13.00626401451882,13.135375784360804,12.50394703366328
5,0.75,8,0.7273,The radio operator's logbook continues in volume,EV89,DF65,-0.7707991600036621,-0.7153360843658447,-0.6361613273620605,20.490866993088275,20.384357762290165,20.45819753105752
5,0.75,9,0.8182,The reserve fuel depot is listed at site code,QE26,ME17,-0.4086627960205078,0.12302494049072266,0.021796703338623047,14.385363595676608,14.904367050388828,12.975915919756517
5,0.75,10,0.9091,The telegraph repeater hut answers to station code,AA36,PK28,-0.6863560676574707,-1.6699423789978027,-1.5393438339233398,15.640085175051354,16.91135235875845,17.015705941128545
5,0.75,11,1.0,The observatory's spare mirror was ordered as part number,GF31,SQ72,-0.6868338584899902,-1.62650728225708,-1.7505016326904297,17.850017357734032,19.699105556530412,18.989781490410678
5,1.0,0,0.0,The coastal watchtower is designated post,SA69,VT61,-0.6545238494873047,1.4881558418273926,-1.532660961151123,15.684758278774098,18.861539544537663,18.01431589294225
5,1.0,1,0.0909,The cartography office safe opens with combination,HW16,BH86,-2.3570666313171387,-1.6603121757507324,-2.291311740875244,19.35670503252186,19.717824560357258,19.60905744275078
5,1.0,2,0.1818,The quartermaster's tally sheet uses form number,FD57,MJ68,-0.41268205642700195,-0.21200799942016602,-0.3890838623046875,16.883594240876846,16.470985910505988,14.843134589260444
5,1.0,3,0.2727,The auxiliary generator was tagged asset number,RH58,WP28,0.4116950035095215,0.7400383949279785,0.5461688041687012,17.77195341233164,18.407900769263506,16.78468781837728
5,1.0,4,0.3636,The winter quarters roof panel came from batch,TD83,BW14,0.05832052230834961,0.9372234344482422,0.6818709373474121,14.595394291915,16.186828790116124,16.130744067253545
5,1.0,5,0.4545,The seismograph at Ridge Camp reports as instrument,HA37,RL36,-1.0297813415527344,-0.4675865173339844,-1.556783676147461,17.27240171225276,18.18415662657935,18.113504032953642
5,1.0,6,0.5455,The eastern pumping station runs on circuit label,PJ33,EZ82,1.4134325981140137,0.7854166030883789,0.7397017478942871,15.997766391607001,16.5084387245588,16.364227994461544
5,1.0,7,0.6364,The salvage tender was registered with hull number,NF19,EW62,0.16976308822631836,0.18743085861206055,-0.38952016830444336,13.00626401451882,14.679795323812868,14.082176301744767
5,1.0,8,0.7273,The radio operator's logbook continues in volume,EV89,DF65,-0.7707991600036621,-0.4642026424407959,-0.3786635398864746,20.490866993088275,20.215577648137696,20.08484202180989
5,1.0,9,0.8182,The reserve fuel depot is listed at site code,QE26,ME17,-0.4086627960205078,0.2086658477783203,0.21828317642211914,14.385363595676608,17.355911630555056,14.796873385086656
5,1.0,10,0.9091,The telegraph repeater hut answers to station code,AA36,PK28,-0.6863560676574707,-0.19731473922729492,-0.42995500564575195,15.640085175051354,18.393904804019257,17.581097616348416
5,1.0,11,1.0,The observatory's spare mirror was ordered as part number,GF31,SQ72,-0.6868338584899902,-0.0677633285522461,-0.29724884033203125,17.850017357734032,18.212971161236055,15.955871139012743
5,1.25,0,0.0,The coastal watchtower is designated post,SA69,VT61,-0.6545238494873047,1.9354352951049805,-1.8632078170776367,15.684758278774098,18.554383461829275,18.76346877682954
5,1.25,1,0.0909,The cartography office safe opens with combination,HW16,BH86,-2.3570666313171387,-1.3582110404968262,-2.4580068588256836,19.35670503252186,19.76050508627668,20.181774156168103
5,1.25,2,0.1818,The quartermaster's tally sheet uses form number,FD57,MJ68,-0.41268205642700195,-0.19918012619018555,-0.24411439895629883,16.883594240876846,17.21516756148776,15.792173290858045
5,1.25,3,0.2727,The auxiliary generator was tagged asset number,RH58,WP28,0.4116950035095215,0.5909371376037598,0.48166370391845703,17.77195341233164,18.537728780764155,16.968021682812832
5,1.25,4,0.3636,The winter quarters roof panel came from batch,TD83,BW14,0.05832052230834961,0.983830451965332,0.5601191520690918,14.595394291915,16.41293874674011,16.17176864319481
5,1.25,5,0.4545,The seismograph at Ridge Camp reports as instrument,HA37,RL36,-1.0297813415527344,-0.14850330352783203,-1.4022026062011719,17.27240171225276,18.108988860389218,18.049462319526356
5,1.25,6,0.5455,The eastern pumping station runs on circuit label,PJ33,EZ82,1.4134325981140137,0.9374957084655762,0.47603797912597656,15.997766391607001,17.03093031188473,16.25051163113676
5,1.25,7,0.6364,The salvage tender was registered with hull number,NF19,EW62,0.16976308822631836,0.020583152770996094,-0.5074973106384277,13.00626401451882,14.158383576548658,14.097691289556678
5,1.25,8,0.7273,The radio operator's logbook continues in volume,EV89,DF65,-0.7707991600036621,-0.47060322761535645,-0.6877689361572266,20.490866993088275,21.283311775885522,20.7225745106698
5,1.25,9,0.8182,The reserve fuel depot is listed at site code,QE26,ME17,-0.4086627960205078,0.1611652374267578,0.1477031707763672,14.385363595676608,16.955971074290574,16.18471101776231
5,1.25,10,0.9091,The telegraph repeater hut answers to station code,AA36,PK28,-0.6863560676574707,0.1432933807373047,-0.13996410369873047,15.640085175051354,17.23932774842251,17.74833203846356
5,1.25,11,1.0,The observatory's spare mirror was ordered as part number,GF31,SQ72,-0.6868338584899902,0.055571556091308594,0.5575318336486816,17.850017357734032,18.41629710944835,17.383894111553673
5,1.5,0,0.0,The coastal watchtower is designated post,SA69,VT61,-0.6545238494873047,2.4318017959594727,-1.095489501953125,15.684758278774098,18.05828273645602,18.343776253517717
5,1.5,1,0.0909,The cartography office safe opens with combination,HW16,BH86,-2.3570666313171387,-1.4646673202514648,-2.1654505729675293,19.35670503252186,20.022397607564926,20.34530444885604
5,1.5,2,0.1818,The quartermaster's tally sheet uses form number,FD57,MJ68,-0.41268205642700195,-0.28548479080200195,-0.24055242538452148,16.883594240876846,16.897842464619316,16.781701231840998
5,1.5,3,0.2727,The auxiliary generator was tagged asset number,RH58,WP28,0.4116950035095215,0.6090488433837891,0.33387088775634766,17.77195341233164,18.283578188857064,17.34285969787743
5,1.5,4,0.3636,The winter quarters roof panel came from batch,TD83,BW14,0.05832052230834961,1.1963591575622559,0.3954610824584961,14.595394291915,15.176895819371566,15.861281585064717
5,1.5,5,0.4545,The seismograph at Ridge Camp reports as instrument,HA37,RL36,-1.0297813415527344,-0.20393037796020508,-1.3837804794311523,17.27240171225276,17.339243873837404,17.966151202563196
5,1.5,6,0.5455,The eastern pumping station runs on circuit label,PJ33,EZ82,1.4134325981140137,0.9845967292785645,0.4240994453430176,15.997766391607001,16.64244329778012,16.683405297691934
5,1.5,7,0.6364,The salvage tender was registered with hull number,NF19,EW62,0.16976308822631836,-0.2091960906982422,-0.6119647026062012,13.00626401451882,14.065256830537692,13.609190070070326
5,1.5,8,0.7273,The radio operator's logbook continues in volume,EV89,DF65,-0.7707991600036621,-0.3927175998687744,-0.6046218872070312,20.490866993088275,20.673405091278255,20.940434941352578
5,1.5,9,0.8182,The reserve fuel depot is listed at site code,QE26,ME17,-0.4086627960205078,-0.072967529296875,-0.27109575271606445,14.385363595676608,17.33289632742526,16.10022780788131
5,1.5,10,0.9091,The telegraph repeater hut answers to station code,AA36,PK28,-0.6863560676574707,0.30579376220703125,0.027908802032470703,15.640085175051354,17.121839349507354,17.41932885820279
5,1.5,11,1.0,The observatory's spare mirror was ordered as part number,GF31,SQ72,-0.6868338584899902,0.5595512390136719,0.9047608375549316,17.850017357734032,18.159916545962915,17.289716417784803
5,2.0,0,0.0,The coastal watchtower is designated post,SA69,VT61,-0.6545238494873047,3.1822662353515625,-0.887786865234375,15.684758278774098,14.968398157507181,16.87041631899774
5,2.0,1,0.0909,The cartography office safe opens with combination,HW16,BH86,-2.3570666313171387,-1.038618564605713,-2.2990384101867676,19.35670503252186,19.484434897080064,21.560867278138176
5,2.0,2,0.1818,The quartermaster's tally sheet uses form number,FD57,MJ68,-0.41268205642700195,-0.4990067481994629,-0.4377322196960449,16.883594240876846,17.03632606146857,16.873223225586116
5,2.0,3,0.2727,The auxiliary generator was tagged asset number,RH58,WP28,0.4116950035095215,0.3030390739440918,-0.5597233772277832,17.77195341233164,15.98663348169066,16.417969474336132
5,2.0,4,0.3636,The winter quarters roof panel came from batch,TD83,BW14,0.05832052230834961,0.8732481002807617,-0.08635520935058594,14.595394291915,15.342048032907769,16.40020036860369
5,2.0,5,0.4545,The seismograph at Ridge Camp reports as instrument,HA37,RL36,-1.0297813415527344,0.7141623497009277,-1.5853590965270996,17.27240171225276,17.408197237062268,17.476738617988303
5,2.0,6,0.5455,The eastern pumping station runs on circuit label,PJ33,EZ82,1.4134325981140137,0.9169440269470215,0.3346691131591797,15.997766391607001,17.08297830913216,16.807507574092597
5,2.0,7,0.6364,The salvage tender was registered with hull number,NF19,EW62,0.16976308822631836,0.41147708892822266,-0.036475419998168945,13.00626401451882,12.81969708140241,11.784108852269128
5,2.0,8,0.7273,The radio operator's logbook continues in volume,EV89,DF65,-0.7707991600036621,-0.08835411071777344,-0.5647830963134766,20.490866993088275,20.513416489353403,22.090358234127052
5,2.0,9,0.8182,The reserve fuel depot is listed at site code,QE26,ME17,-0.4086627960205078,-0.3514261245727539,-0.8669133186340332,14.385363595676608,17.64928793371655,15.812806210946292
5,2.0,10,0.9091,The telegraph repeater hut answers to station code,AA36,PK28,-0.6863560676574707,0.9304656982421875,0.7209300994873047,15.640085175051354,17.678847890580073,17.059589711599983
5,2.0,11,1.0,The observatory's spare mirror was ordered as part number,GF31,SQ72,-0.6868338584899902,1.4716739654541016,1.590379238128662,17.850017357734032,17.865646765800193,17.066455728490837
5,3.0,0,0.0,The coastal watchtower is designated post,SA69,VT61,-0.6545238494873047,5.2801923751831055,-0.9652562141418457,15.684758278774098,14.283189047127962,15.471151612699032
5,3.0,1,0.0909,The cartography office safe opens with combination,HW16,BH86,-2.3570666313171387,-0.9222922325134277,-2.4442338943481445,19.35670503252186,19.210610035806894,19.063462826423347
5,3.0,2,0.1818,The quartermaster's tally sheet uses form number,FD57,MJ68,-0.41268205642700195,0.5067043304443359,-0.3594326972961426,16.883594240876846,15.25343643175438,14.271061564795673
5,3.0,3,0.2727,The auxiliary generator was tagged asset number,RH58,WP28,0.4116950035095215,1.0752530097961426,-1.2905497550964355,17.77195341233164,14.34620486292988,13.70016703940928
5,3.0,4,0.3636,The winter quarters roof panel came from batch,TD83,BW14,0.05832052230834961,4.5551676750183105,0.85186767578125,14.595394291915,14.760550090111792,14.969900685362518
5,3.0,5,0.4545,The seismograph at Ridge Camp reports as instrument,HA37,RL36,-1.0297813415527344,1.894094467163086,-2.161240577697754,17.27240171225276,15.17912101605907,15.38426261395216
5,3.0,6,0.5455,The eastern pumping station runs on circuit label,PJ33,EZ82,1.4134325981140137,3.1322813034057617,0.4973602294921875,15.997766391607001,13.955866132862866,15.679823199287057
5,3.0,7,0.6364,The salvage tender was registered with hull number,NF19,EW62,0.16976308822631836,0.47957468032836914,0.7291154861450195,13.00626401451882,10.899162178859115,10.923170777969062
5,3.0,8,0.7273,The radio operator's logbook continues in volume,EV89,DF65,-0.7707991600036621,0.3213975429534912,-0.9586153030395508,20.490866993088275,20.337180633097887,20.30274535343051
5,3.0,9,0.8182,The reserve fuel depot is listed at site code,QE26,ME17,-0.4086627960205078,-0.5681018829345703,-1.5713791847229004,14.385363595676608,16.23206876288168,13.018884843681008
5,3.0,10,0.9091,The telegraph repeater hut answers to station code,AA36,PK28,-0.6863560676574707,1.687920093536377,1.1619939804077148,15.640085175051354,16.168910489417613,15.559404977131635
5,3.0,11,1.0,The observatory's spare mirror was ordered as part number,GF31,SQ72,-0.6868338584899902,1.2565522193908691,2.4596171379089355,17.850017357734032,16.640193697530776,14.47333531966433
6,0.0,0,0.0,The radio operator's logbook continues in volume,UC72,CS64,0.022320270538330078,0.022320270538330078,0.022320270538330078,19.042045010253787,19.042045010253787,19.042045010253787
6,0.0,1,0.0909,The winter supply manifest lists lot number,JB10,RK62,-0.7298583984375,-0.7298583984375,-0.7298583984375,17.47030569985509,17.47030569985509,17.47030569985509
6,0.0,2,0.1818,The assay laboratory furnace is a model,EX85,CG97,-0.7968692779541016,-0.7968692779541016,-0.7968692779541016,17.349482719786465,17.349482719786465,17.349482719786465
6,0.0,3,0.2727,The expedition's spare sledge carries equipment tag,RZ57,ZF12,-1.611764907836914,-1.611764907836914,-1.611764907836914,19.65488185675349,19.65488185675349,19.65488185675349
6,0.0,4,0.3636,The meteorological buoy broadcasts on transponder code,LA44,AT25,1.0599589347839355,1.0599589347839355,1.0599589347839355,15.352934162481688,15.352934162481688,15.352934162481688
6,0.0,5,0.4545,The signal lamp housing takes fitting code,RG62,JP63,1.0781445503234863,1.0781445503234863,1.0781445503234863,16.73358414217364,16.73358414217364,16.73358414217364
6,0.0,6,0.5455,The botanical specimen case holds accession number,TT97,VR44,-0.7047567367553711,-0.7047567367553711,-0.7047567367553711,17.896789730293676,17.896789730293676,17.896789730293676
6,0.0,7,0.6364,Ansel's transit permit was issued as document number,DG82,VR94,2.2848992347717285,2.2848992347717285,2.2848992347717285,18.162627711950336,18.162627711950336,18.162627711950336
6,0.0,8,0.7273,The mail packet from Vlissen came in pouch number,TY43,RR28,0.4604368209838867,0.4604368209838867,0.4604368209838867,18.39529157045763,18.39529157045763,18.39529157045763
6,0.0,9,0.8182,The lighthouse relief roster follows schedule,XV97,KW69,-0.588435173034668,-0.588435173034668,-0.588435173034668,19.49104371177964,19.49104371177964,19.49104371177964
6,0.0,10,0.9091,The harbour pilot's licence shows registration code,CP52,LM94,-0.5048284530639648,-0.5048284530639648,-0.5048284530639648,16.965476450743154,16.965476450743154,16.965476450743154
6,0.0,11,1.0,The hydrographic chart set reached edition,CM62,LW60,1.5399103164672852,1.5399103164672852,1.5399103164672852,20.1177479212638,20.1177479212638,20.1177479212638
6,0.25,0,0.0,The radio operator's logbook continues in volume,UC72,CS64,0.022320270538330078,0.4766654968261719,0.14417743682861328,19.042045010253787,17.749692949815653,17.66752614080906
6,0.25,1,0.0909,The winter supply manifest lists lot number,JB10,RK62,-0.7298583984375,-0.6066293716430664,-0.7768778800964355,17.47030569985509,17.458869234425947,17.71090946905315
6,0.25,2,0.1818,The assay laboratory furnace is a model,EX85,CG97,-0.7968692779541016,-1.447512149810791,-1.452080249786377,17.349482719786465,17.56872997339815,17.50085596460849
6,0.25,3,0.2727,The expedition's spare sledge carries equipment tag,RZ57,ZF12,-1.611764907836914,-1.64406156539917,-1.5664072036743164,19.65488185675349,19.73258566815639,20.063170901907142
6,0.25,4,0.3636,The meteorological buoy broadcasts on transponder code,LA44,AT25,1.0599589347839355,1.4210515022277832,1.374648094177246,15.352934162481688,15.605494446470402,15.678120992495678
6,0.25,5,0.4545,The signal lamp housing takes fitting code,RG62,JP63,1.0781445503234863,1.109583854675293,1.090378761291504,16.73358414217364,17.36713453900302,17.10060085763689
6,0.25,6,0.5455,The botanical specimen case holds accession number,TT97,VR44,-0.7047567367553711,-0.945624828338623,-0.8975715637207031,17.896789730293676,17.885756438132375,17.66514781548176
6,0.25,7,0.6364,Ansel's transit permit was issued as document number,DG82,VR94,2.2848992347717285,2.2280354499816895,2.1205716133117676,18.162627711950336,18.199714020302054,18.351531471300405
6,0.25,8,0.7273,The mail packet from Vlissen came in pouch number,TY43,RR28,0.4604368209838867,0.41826605796813965,0.6412656307220459,18.39529157045763,18.275319393142127,18.127819293178618
6,0.25,9,0.8182,The lighthouse relief roster follows schedule,XV97,KW69,-0.588435173034668,-0.6542325019836426,-0.40276479721069336,19.49104371177964,19.020290821325034,19.524583446094766
6,0.25,10,0.9091,The harbour pilot's licence shows registration code,CP52,LM94,-0.5048284530639648,-0.49689531326293945,-0.4673938751220703,16.965476450743154,16.848638866795227,16.524858732242137
6,0.25,11,1.0,The hydrographic chart set reached edition,CM62,LW60,1.5399103164672852,1.34004545211792,1.1237812042236328,20.1177479212638,20.892968894913793,20.162443318287842
6,0.5,0,0.0,The radio operator's logbook continues in volume,UC72,CS64,0.022320270538330078,0.39405012130737305,0.05948686599731445,19.042045010253787,19.565339124994352,20.021890901960433
6,0.5,1,0.0909,The winter supply manifest lists lot number,JB10,RK62,-0.7298583984375,-0.5989007949829102,-0.8896951675415039,17.47030569985509,18.281514370581135,18.74606622417923
6,0.5,2,0.1818,The assay laboratory furnace is a model,EX85,CG97,-0.7968692779541016,-1.4187827110290527,-1.4131135940551758,17.349482719786465,18.917054339079186,19.121133733191527
6,0.5,3,0.2727,The expedition's spare sledge carries equipment tag,RZ57,ZF12,-1.611764907836914,-1.5518789291381836,-1.5043091773986816,19.65488185675349,20.882759482366964,20.889422175532673
6,0.5,4,0.3636,The meteorological buoy broadcasts on transponder code,LA44,AT25,1.0599589347839355,1.1806764602661133,1.399637222290039,15.352934162481688,16.092327635153197,16.82223418285139
6,0.5,5,0.4545,The signal lamp housing takes fitting code,RG62,JP63,1.0781445503234863,1.1160640716552734,1.23228120803833,16.73358414217364,17.988848875975236,18.228840799361933
6,0.5,6,0.5455,The botanical specimen case holds accession number,TT97,VR44,-0.7047567367553711,-0.8653244972229004,-0.9087028503417969,17.896789730293676,19.76962356828153,20.775523767923005
6,0.5,7,0.6364,Ansel's transit permit was issued as document number,DG82,VR94,2.2848992347717285,1.8877248764038086,2.044443130493164,18.162627711950336,18.798387877235655,19.087928010500036
6,0.5,8,0.7273,The mail packet from Vlissen came in pouch number,TY43,RR28,0.4604368209838867,0.5359499454498291,0.4807016849517822,18.39529157045763,20.030998557107523,19.39270131185185
6,0.5,9,0.8182,The lighthouse relief roster follows schedule,XV97,KW69,-0.588435173034668,-0.0034089088439941406,-0.41101503372192383,19.49104371177964,20.489064479013905,20.222709279623814
6,0.5,10,0.9091,The harbour pilot's licence shows registration code,CP52,LM94,-0.5048284530639648,-0.3568305969238281,-0.5229244232177734,16.965476450743154,17.693294775672257,17.930076715769246
6,0.5,11,1.0,The hydrographic chart set reached edition,CM62,LW60,1.5399103164672852,1.3130202293395996,1.3513669967651367,20.1177479212638,21.0472454179544,20.816505301278085
6,0.75,0,0.0,The radio operator's logbook continues in volume,UC72,CS64,0.022320270538330078,0.9705698490142822,0.19204020500183105,19.042045010253787,17.969825405511074,17.256480910349637
6,0.75,1,0.0909,The winter supply manifest lists lot number,JB10,RK62,-0.7298583984375,-0.8467268943786621,-0.8866949081420898,17.47030569985509,17.92762510664761,18.37700492492877
6,0.75,2,0.1818,The assay laboratory furnace is a model,EX85,CG97,-0.7968692779541016,-0.9452080726623535,-1.2233638763427734,17.349482719786465,18.202269224449992,18.030783424619585
6,0.75,3,0.2727,The expedition's spare sledge carries equipment tag,RZ57,ZF12,-1.611764907836914,-1.5367679595947266,-1.4286775588989258,19.65488185675349,20.179966539493762,20.579067453567404
6,0.75,4,0.3636,The meteorological buoy broadcasts on transponder code,LA44,AT25,1.0599589347839355,1.4358563423156738,1.2538437843322754,15.352934162481688,16.45116368692834,16.470826502307318
6,0.75,5,0.4545,The signal lamp housing takes fitting code,RG62,JP63,1.0781445503234863,1.232597827911377,0.9838128089904785,16.73358414217364,18.167086906090844,17.61207051493693
6,0.75,6,0.5455,The botanical specimen case holds accession number,TT97,VR44,-0.7047567367553711,-0.6974482536315918,-0.6166467666625977,17.896789730293676,20.857054958934896,20.360562915098853
6,0.75,7,0.6364,Ansel's transit permit was issued as document number,DG82,VR94,2.2848992347717285,1.8042759895324707,1.7233281135559082,18.162627711950336,19.013058587675914,19.12951024645008
6,0.75,8,0.7273,The mail packet from Vlissen came in pouch number,TY43,RR28,0.4604368209838867,0.36456966400146484,0.5586802959442139,18.39529157045763,19.72652213112451,18.886634918511845
6,0.75,9,0.8182,The lighthouse relief roster follows schedule,XV97,KW69,-0.588435173034668,-0.1956958770751953,-0.42502355575561523,19.49104371177964,20.67073317768518,19.345255885273218
6,0.75,10,0.9091,The harbour pilot's licence shows registration code,CP52,LM94,-0.5048284530639648,-0.553593635559082,-0.5245232582092285,16.965476450743154,17.710433726548217,16.6350766713731
6,0.75,11,1.0,The hydrographic chart set reached edition,CM62,LW60,1.5399103164672852,1.4464659690856934,1.422475814819336,20.1177479212638,20.495487331412733,20.754425971535966
6,1.0,0,0.0,The radio operator's logbook continues in volume,UC72,CS64,0.022320270538330078,2.796124219894409,-0.5462284088134766,19.042045010253787,16.67828750819899,16.938773553352803
6,1.0,1,0.0909,The winter supply manifest lists lot number,JB10,RK62,-0.7298583984375,0.1468186378479004,-0.24141597747802734,17.47030569985509,15.833941268734634,15.862978863995522
6,1.0,2,0.1818,The assay laboratory furnace is a model,EX85,CG97,-0.7968692779541016,0.30032920837402344,0.8788571357727051,17.349482719786465,17.930824344512075,17.444567813072354
6,1.0,3,0.2727,The expedition's spare sledge carries equipment tag,RZ57,ZF12,-1.611764907836914,-0.8767223358154297,-1.582219123840332,19.65488185675349,19.9044780934928,20.66797205992043
6,1.0,4,0.3636,The meteorological buoy broadcasts on transponder code,LA44,AT25,1.0599589347839355,1.1413278579711914,1.2230916023254395,15.352934162481688,15.388139451504685,15.839894238277338
6,1.0,5,0.4545,The signal lamp housing takes fitting code,RG62,JP63,1.0781445503234863,0.30616044998168945,0.058329105377197266,16.73358414217364,16.392552384058945,16.903291163383983
6,1.0,6,0.5455,The botanical specimen case holds accession number,TT97,VR44,-0.7047567367553711,-1.1371889114379883,-1.539210319519043,17.896789730293676,21.09914012235822,20.569798419135623
6,1.0,7,0.6364,Ansel's transit permit was issued as document number,DG82,VR94,2.2848992347717285,2.3690547943115234,2.250542640686035,18.162627711950336,17.779518434486818,18.128550014575012
6,1.0,8,0.7273,The mail packet from Vlissen came in pouch number,TY43,RR28,0.4604368209838867,0.3895602226257324,-0.048309326171875,18.39529157045763,18.338948237069417,17.890672410139814
6,1.0,9,0.8182,The lighthouse relief roster follows schedule,XV97,KW69,-0.588435173034668,0.4093766212463379,-0.26865482330322266,19.49104371177964,18.731670535053127,18.214515610481612
6,1.0,10,0.9091,The harbour pilot's licence shows registration code,CP52,LM94,-0.5048284530639648,-0.8710799217224121,-0.039836883544921875,16.965476450743154,16.931547765037976,15.996631940128282
6,1.0,11,1.0,The hydrographic chart set reached edition,CM62,LW60,1.5399103164672852,3.2943334579467773,2.0050745010375977,20.1177479212638,21.46439485065639,20.812998701585457
6,1.25,0,0.0,The radio operator's logbook continues in volume,UC72,CS64,0.022320270538330078,3.3572638034820557,-0.9608514308929443,19.042045010253787,17.188231165520847,16.695040030870587
6,1.25,1,0.0909,The winter supply manifest lists lot number,JB10,RK62,-0.7298583984375,0.08416938781738281,-0.24359989166259766,17.47030569985509,15.394241644302383,16.504230007180013
6,1.25,2,0.1818,The assay laboratory furnace is a model,EX85,CG97,-0.7968692779541016,0.5026454925537109,0.664513111114502,17.349482719786465,17.25537724629976,19.39431349548977
6,1.25,3,0.2727,The expedition's spare sledge carries equipment tag,RZ57,ZF12,-1.611764907836914,-0.7204704284667969,-1.5019745826721191,19.65488185675349,20.036892369185807,20.66697150352411
6,1.25,4,0.3636,The meteorological buoy broadcasts on transponder code,LA44,AT25,1.0599589347839355,1.1668648719787598,1.241870403289795,15.352934162481688,15.769599190971348,15.16456738562556
6,1.25,5,0.4545,The signal lamp housing takes fitting code,RG62,JP63,1.0781445503234863,0.11692142486572266,-0.15871524810791016,16.73358414217364,16.652112433337606,16.447863511973992
6,1.25,6,0.5455,The botanical specimen case holds accession number,TT97,VR44,-0.7047567367553711,-1.2481193542480469,-1.4594697952270508,17.896789730293676,21.35009574360447,21.77411791490158
6,1.25,7,0.6364,Ansel's transit permit was issued as document number,DG82,VR94,2.2848992347717285,3.130664348602295,2.219757556915283,18.162627711950336,17.958604121522512,18.918212181073613
6,1.25,8,0.7273,The mail packet from Vlissen came in pouch number,TY43,RR28,0.4604368209838867,0.28136634826660156,-0.21384239196777344,18.39529157045763,18.295435530948453,18.07582096470287
6,1.25,9,0.8182,The lighthouse relief roster follows schedule,XV97,KW69,-0.588435173034668,0.4539766311645508,0.1843242645263672,19.49104371177964,19.632292616704945,18.505500356666744
6,1.25,10,0.9091,The harbour pilot's licence shows registration code,CP52,LM94,-0.5048284530639648,-0.4171009063720703,0.006715297698974609,16.965476450743154,16.244142143521458,16.148235258064233
6,1.25,11,1.0,The hydrographic chart set reached edition,CM62,LW60,1.5399103164672852,3.2057056427001953,2.2459402084350586,20.1177479212638,21.068313009338453,21.13281427731272
6,1.5,0,0.0,The radio operator's logbook continues in volume,UC72,CS64,0.022320270538330078,3.958606243133545,-1.0051522254943848,19.042045010253787,16.324530778918415,16.514589161146432
6,1.5,1,0.0909,The winter supply manifest lists lot number,JB10,RK62,-0.7298583984375,-0.12311744689941406,0.038163185119628906,17.47030569985509,15.669297902844846,16.70639178028796
6,1.5,2,0.1818,The assay laboratory furnace is a model,EX85,CG97,-0.7968692779541016,0.4890594482421875,0.34168338775634766,17.349482719786465,15.98832711786963,19.25039032823406
6,1.5,3,0.2727,The expedition's spare sledge carries equipment tag,RZ57,ZF12,-1.611764907836914,-0.7572789192199707,-1.4680609703063965,19.65488185675349,19.05815204489045,20.59942177060293
6,1.5,4,0.3636,The meteorological buoy broadcasts on transponder code,LA44,AT25,1.0599589347839355,1.1696901321411133,0.961146354675293,15.352934162481688,15.169463768950664,14.899614029447548
6,1.5,5,0.4545,The signal lamp housing takes fitting code,RG62,JP63,1.0781445503234863,0.005218029022216797,-0.3359551429748535,16.73358414217364,16.363805816159584,16.246402407763526
6,1.5,6,0.5455,The botanical specimen case holds accession number,TT97,VR44,-0.7047567367553711,-1.1228013038635254,-1.4589791297912598,17.896789730293676,20.54978814139031,22.099448202294298
6,1.5,7,0.6364,Ansel's transit permit was issued as document number,DG82,VR94,2.2848992347717285,2.916924476623535,2.1289963722229004,18.162627711950336,17.800214307033457,18.558723472233396
6,1.5,8,0.7273,The mail packet from Vlissen came in pouch number,TY43,RR28,0.4604368209838867,0.5721807479858398,-0.21760225296020508,18.39529157045763,18.643940272682812,18.805832051788457
6,1.5,9,0.8182,The lighthouse relief roster follows schedule,XV97,KW69,-0.588435173034668,0.6918315887451172,0.37427568435668945,19.49104371177964,18.03181726060575,18.079622321180068
6,1.5,10,0.9091,The harbour pilot's licence shows registration code,CP52,LM94,-0.5048284530639648,0.2338390350341797,0.2250804901123047,16.965476450743154,15.604799950146116,16.233898928156123
6,1.5,11,1.0,The hydrographic chart set reached edition,CM62,LW60,1.5399103164672852,2.9432272911071777,2.4674973487854004,20.1177479212638,21.004233200568706,20.642566221533343
6,2.0,0,0.0,The radio operator's logbook continues in volume,UC72,CS64,0.022320270538330078,4.103091716766357,-1.4544448852539062,19.042045010253787,17.324777072062716,17.670138200744987
6,2.0,1,0.0909,The winter supply manifest lists lot number,JB10,RK62,-0.7298583984375,-0.10821390151977539,-0.19172191619873047,17.47030569985509,15.5678901351057,16.764142656465992
6,2.0,2,0.1818,The assay laboratory furnace is a model,EX85,CG97,-0.7968692779541016,0.5927982330322266,0.4659562110900879,17.349482719786465,15.775791490450501,16.931682129274122
6,2.0,3,0.2727,The expedition's spare sledge carries equipment tag,RZ57,ZF12,-1.611764907836914,-0.4778132438659668,-1.5493955612182617,19.65488185675349,19.077623019053135,20.726526533719152
6,2.0,4,0.3636,The meteorological buoy broadcasts on transponder code,LA44,AT25,1.0599589347839355,0.729179859161377,0.7312159538269043,15.352934162481688,15.300643741793465,14.272637561778538
6,2.0,5,0.4545,The signal lamp housing takes fitting code,RG62,JP63,1.0781445503234863,0.35975217819213867,-0.46454858779907227,16.73358414217364,15.06053056078963,14.59382087062113
6,2.0,6,0.5455,The botanical specimen case holds accession number,TT97,VR44,-0.7047567367553711,-1.1936817169189453,-1.7221331596374512,17.896789730293676,20.660839696472976,21.199431062792428
6,2.0,7,0.6364,Ansel's transit permit was issued as document number,DG82,VR94,2.2848992347717285,2.11563777923584,2.101901054382324,18.162627711950336,17.837751744664274,18.96643307013437
6,2.0,8,0.7273,The mail packet from Vlissen came in pouch number,TY43,RR28,0.4604368209838867,0.7221713066101074,-0.3784055709838867,18.39529157045763,18.15473849279806,18.3389476260636
6,2.0,9,0.8182,The lighthouse relief roster follows schedule,XV97,KW69,-0.588435173034668,0.9512124061584473,-0.07649087905883789,19.49104371177964,17.87561700376682,18.26461450336501
6,2.0,10,0.9091,The harbour pilot's licence shows registration code,CP52,LM94,-0.5048284530639648,0.30496644973754883,0.552039623260498,16.965476450743154,15.741603692644276,17.329208720708266
6,2.0,11,1.0,The hydrographic chart set reached edition,CM62,LW60,1.5399103164672852,3.682438373565674,2.923013687133789,20.1177479212638,21.72068957227748,19.646206353791058
6,3.0,0,0.0,The radio operator's logbook continues in volume,UC72,CS64,0.022320270538330078,4.616173982620239,-0.8714303970336914,19.042045010253787,16.130299519747496,15.357358604669571
6,3.0,1,0.0909,The winter supply manifest lists lot number,JB10,RK62,-0.7298583984375,-0.053440093994140625,1.0610356330871582,17.47030569985509,16.748421527445316,15.41803147830069
6,3.0,2,0.1818,The assay laboratory furnace is a model,EX85,CG97,-0.7968692779541016,2.6162681579589844,2.467848777770996,17.349482719786465,14.800210690125823,14.42537493351847
6,3.0,3,0.2727,The expedition's spare sledge carries equipment tag,RZ57,ZF12,-1.611764907836914,1.3558130264282227,-2.3180103302001953,19.65488185675349,16.3782875710167,19.494268965441734
6,3.0,4,0.3636,The meteorological buoy broadcasts on transponder code,LA44,AT25,1.0599589347839355,-0.18197917938232422,-0.933161735534668,15.352934162481688,14.151608119020239,13.677512279246002
6,3.0,5,0.4545,The signal lamp housing takes fitting code,RG62,JP63,1.0781445503234863,0.4281136989593506,-1.2732024192810059,16.73358414217364,13.392859906423837,13.565101703628898
6,3.0,6,0.5455,The botanical specimen case holds accession number,TT97,VR44,-0.7047567367553711,-1.8209137916564941,-2.3933563232421875,17.896789730293676,18.824304164387286,19.012239332543686
6,3.0,7,0.6364,Ansel's transit permit was issued as document number,DG82,VR94,2.2848992347717285,3.4286410808563232,2.209829807281494,18.162627711950336,15.676428123377264,16.910945563577116
6,3.0,8,0.7273,The mail packet from Vlissen came in pouch number,TY43,RR28,0.4604368209838867,0.1552882194519043,-0.954948902130127,18.39529157045763,17.09780900552869,16.564891999587417
6,3.0,9,0.8182,The lighthouse relief roster follows schedule,XV97,KW69,-0.588435173034668,2.2693591117858887,1.0814480781555176,19.49104371177964,18.33650866150856,16.538510635960847
6,3.0,10,0.9091,The harbour pilot's licence shows registration code,CP52,LM94,-0.5048284530639648,1.1636543273925781,1.1150407791137695,16.965476450743154,17.35539172263816,17.059602751396596
6,3.0,11,1.0,The hydrographic chart set reached edition,CM62,LW60,1.5399103164672852,3.5134506225585938,3.3338398933410645,20.1177479212638,21.287730583921075,20.745820166077465
7,0.0,0,0.0,The seismograph at Ridge Camp reports as instrument,LE60,DR17,-0.8919892311096191,-0.8919892311096191,-0.8919892311096191,20.65424301614985,20.65424301614985,20.65424301614985
7,0.0,1,0.0909,The winter supply manifest lists lot number,WB19,GK26,0.7170014381408691,0.7170014381408691,0.7170014381408691,15.289984202943742,15.289984202943742,15.289984202943742
7,0.0,2,0.1818,The border checkpoint ledger opens at entry code,TD56,NR20,0.5666351318359375,0.5666351318359375,0.5666351318359375,17.648790646344423,17.648790646344423,17.648790646344423
7,0.0,3,0.2727,The lighthouse relief roster follows schedule,UB74,TJ27,-0.5005965232849121,-0.5005965232849121,-0.5005965232849121,14.561246687080711,14.561246687080711,14.561246687080711
7,0.0,4,0.3636,Ansel's transit permit was issued as document number,GB21,PT45,-0.9388971328735352,-0.9388971328735352,-0.9388971328735352,16.5904523585923,16.5904523585923,16.5904523585923
7,0.0,5,0.4545,The survey team's theodolite bears serial number,PP18,EC32,-0.29787111282348633,-0.29787111282348633,-0.29787111282348633,13.226371701573953,13.226371701573953,13.226371701573953
7,0.0,6,0.5455,The glacier survey stake is recorded as marker,HC80,EH94,-0.5800943374633789,-0.5800943374633789,-0.5800943374633789,17.619627059902996,17.619627059902996,17.619627059902996
7,0.0,7,0.6364,The sealed crate in the annex is marked with inventory tag,PB82,HA72,0.56817626953125,0.56817626953125,0.56817626953125,20.54375877068378,20.54375877068378,20.54375877068378
7,0.0,8,0.7273,The quartermaster's tally sheet uses form number,DH90,UF43,-0.8965921401977539,-0.8965921401977539,-0.8965921401977539,17.687079505063593,17.687079505063593,17.687079505063593
7,0.0,9,0.8182,The telegraph repeater hut answers to station code,BH15,PT57,-0.867304801940918,-0.867304801940918,-0.867304801940918,20.238634414214175,20.238634414214175,20.238634414214175
7,0.0,10,0.9091,The mail packet from Vlissen came in pouch number,TE47,VW96,1.04160737991333,1.04160737991333,1.04160737991333,18.027203144680243,18.027203144680243,18.027203144680243
7,0.0,11,1.0,The freight siding at Kelder appears on the plan as track,PE79,XT60,0.33790159225463867,0.33790159225463867,0.33790159225463867,15.410766237648204,15.410766237648204,15.410766237648204
7,0.25,0,0.0,The seismograph at Ridge Camp reports as instrument,LE60,DR17,-0.8919892311096191,-0.8628673553466797,-1.098975658416748,20.65424301614985,21.370017784880474,20.54579039849341
7,0.25,1,0.0909,The winter supply manifest lists lot number,WB19,GK26,0.7170014381408691,0.695591926574707,0.7957310676574707,15.289984202943742,15.76297730463557,15.904139985330403
7,0.25,2,0.1818,The border checkpoint ledger opens at entry code,TD56,NR20,0.5666351318359375,0.5795984268188477,0.6228303909301758,17.648790646344423,17.42539851157926,17.536705559119582
7,0.25,3,0.2727,The lighthouse relief roster follows schedule,UB74,TJ27,-0.5005965232849121,-0.5614666938781738,-0.6713504791259766,14.561246687080711,15.363288196036592,15.272143379086629
7,0.25,4,0.3636,Ansel's transit permit was issued as document number,GB21,PT45,-0.9388971328735352,-0.9115934371948242,-0.8356232643127441,16.5904523585923,17.290143848164007,16.507992239901796
7,0.25,5,0.4545,The survey team's theodolite bears serial number,PP18,EC32,-0.29787111282348633,-0.14232587814331055,-0.24547433853149414,13.226371701573953,13.740517334546894,13.21601113525685
7,0.25,6,0.5455,The glacier survey stake is recorded as marker,HC80,EH94,-0.5800943374633789,-0.5836825370788574,-0.6066265106201172,17.619627059902996,18.59552440792322,18.449833560967818
7,0.25,7,0.6364,The sealed crate in the annex is marked with inventory tag,PB82,HA72,0.56817626953125,0.3461165428161621,0.5053277015686035,20.54375877068378,20.62596323224716,20.39462226885371
7,0.25,8,0.7273,The quartermaster's tally sheet uses form number,DH90,UF43,-0.8965921401977539,-0.989593505859375,-0.9399867057800293,17.687079505063593,18.673150262911804,18.371898469573352
7,0.25,9,0.8182,The telegraph repeater hut answers to station code,BH15,PT57,-0.867304801940918,-0.811683177947998,-0.9852766990661621,20.238634414214175,20.49356209137477,20.027595779218245
7,0.25,10,0.9091,The mail packet from Vlissen came in pouch number,TE47,VW96,1.04160737991333,1.3974900245666504,1.2522554397583008,18.027203144680243,19.15337323769927,19.182089911133517
7,0.25,11,1.0,The freight siding at Kelder appears on the plan as track,PE79,XT60,0.33790159225463867,0.5826640129089355,0.5811400413513184,15.410766237648204,15.43775296700187,15.365164398099296
7,0.5,0,0.0,The seismograph at Ridge Camp reports as instrument,LE60,DR17,-0.8919892311096191,-0.9870405197143555,-1.1703481674194336,20.65424301614985,20.09303758572787,20.390244215959683
7,0.5,1,0.0909,The winter supply manifest lists lot number,WB19,GK26,0.7170014381408691,0.8475508689880371,0.7800126075744629,15.289984202943742,16.830640603264328,15.303663638420403
7,0.5,2,0.1818,The border checkpoint ledger opens at entry code,TD56,NR20,0.5666351318359375,0.5548543930053711,0.6172103881835938,17.648790646344423,17.950025444384664,17.114329112460837
7,0.5,3,0.2727,The lighthouse relief roster follows schedule,UB74,TJ27,-0.5005965232849121,-0.3374643325805664,-0.5929884910583496,14.561246687080711,15.777298820205033,15.329795927973464
7,0.5,4,0.3636,Ansel's transit permit was issued as document number,GB21,PT45,-0.9388971328735352,-0.9942960739135742,-1.0179429054260254,16.5904523585923,17.968656335491687,17.546021623536944
7,0.5,5,0.4545,The survey team's theodolite bears serial number,PP18,EC32,-0.29787111282348633,-0.13635492324829102,-0.36602115631103516,13.226371701573953,13.370988722657785,13.411356867989525
7,0.5,6,0.5455,The glacier survey stake is recorded as marker,HC80,EH94,-0.5800943374633789,-0.2586946487426758,-0.4930901527404785,17.619627059902996,19.666646035620943,19.057806218625046
7,0.5,7,0.6364,The sealed crate in the annex is marked with inventory tag,PB82,HA72,0.56817626953125,0.3210625648498535,0.29149580001831055,20.54375877068378,21.38887945143506,21.039723849855363
7,0.5,8,0.7273,The quartermaster's tally sheet uses form number,DH90,UF43,-0.8965921401977539,-0.8019137382507324,-0.8956999778747559,17.687079505063593,19.391551580978557,18.697669137909543
7,0.5,9,0.8182,The telegraph repeater hut answers to station code,BH15,PT57,-0.867304801940918,-0.9013752937316895,-1.0468497276306152,20.238634414214175,20.06881073466502,20.153600900259335
7,0.5,10,0.9091,The mail packet from Vlissen came in pouch number,TE47,VW96,1.04160737991333,1.6948027610778809,1.37333345413208,18.027203144680243,19.50602103935671,19.14994773842045
7,0.5,11,1.0,The freight siding at Kelder appears on the plan as track,PE79,XT60,0.33790159225463867,0.9492983818054199,0.658815860748291,15.410766237648204,16.450040387688205,16.103728735703044
7,0.75,0,0.0,The seismograph at Ridge Camp reports as instrument,LE60,DR17,-0.8919892311096191,-0.8563618659973145,-0.9190573692321777,20.65424301614985,20.546651636599563,20.19490245974157
7,0.75,1,0.0909,The winter supply manifest lists lot number,WB19,GK26,0.7170014381408691,1.1105961799621582,0.8708043098449707,15.289984202943742,15.607508463202976,15.59805101819802
7,0.75,2,0.1818,The border checkpoint ledger opens at entry code,TD56,NR20,0.5666351318359375,0.49761009216308594,0.5541157722473145,17.648790646344423,18.26120784552768,18.460169679718092
7,0.75,3,0.2727,The lighthouse relief roster follows schedule,UB74,TJ27,-0.5005965232849121,-0.29948997497558594,-0.5212769508361816,14.561246687080711,16.010271297651343,15.704928033403121
7,0.75,4,0.3636,Ansel's transit permit was issued as document number,GB21,PT45,-0.9388971328735352,-1.2014970779418945,-0.9897861480712891,16.5904523585923,18.549960449221544,18.064938547089696
7,0.75,5,0.4545,The survey team's theodolite bears serial number,PP18,EC32,-0.29787111282348633,-0.05747842788696289,-0.29576921463012695,13.226371701573953,13.178048830595799,13.100677676207852
7,0.75,6,0.5455,The glacier survey stake is recorded as marker,HC80,EH94,-0.5800943374633789,-0.30721187591552734,-0.48238420486450195,17.619627059902996,19.679305029450916,19.439836882869713
7,0.75,7,0.6364,The sealed crate in the annex is marked with inventory tag,PB82,HA72,0.56817626953125,0.32003355026245117,0.21309375762939453,20.54375877068378,20.456246261135675,20.550067374948412
7,0.75,8,0.7273,The quartermaster's tally sheet uses form number,DH90,UF43,-0.8965921401977539,-0.8609023094177246,-1.0701971054077148,17.687079505063593,19.001086975215003,18.673586420714855
7,0.75,9,0.8182,The telegraph repeater hut answers to station code,BH15,PT57,-0.867304801940918,-1.0464997291564941,-1.019327163696289,20.238634414214175,20.362125335028395,20.651905394042842
7,0.75,10,0.9091,The mail packet from Vlissen came in pouch number,TE47,VW96,1.04160737991333,1.7657146453857422,1.6102104187011719,18.027203144680243,19.29468252285733,19.028602816106286
7,0.75,11,1.0,The freight siding at Kelder appears on the plan as track,PE79,XT60,0.33790159225463867,0.692530632019043,1.2021780014038086,15.410766237648204,15.737182830809616,15.72394149331376
7,1.0,0,0.0,The seismograph at Ridge Camp reports as instrument,LE60,DR17,-0.8919892311096191,-0.6808876991271973,-0.5616145133972168,20.65424301614985,18.83092768257484,17.385648167459294
7,1.0,1,0.0909,The winter supply manifest lists lot number,WB19,GK26,0.7170014381408691,1.7750415802001953,1.0670771598815918,15.289984202943742,19.101159056881443,17.99522123055067
7,1.0,2,0.1818,The border checkpoint ledger opens at entry code,TD56,NR20,0.5666351318359375,1.0172314643859863,0.9357666969299316,17.648790646344423,19.276123123825528,18.948492731899023
7,1.0,3,0.2727,The lighthouse relief roster follows schedule,UB74,TJ27,-0.5005965232849121,-0.8322839736938477,-1.4308743476867676,14.561246687080711,17.934206511825323,17.205674091295805
7,1.0,4,0.3636,Ansel's transit permit was issued as document number,GB21,PT45,-0.9388971328735352,-1.3245787620544434,-1.5296096801757812,16.5904523585923,20.473179326741956,19.561437030206434
7,1.0,5,0.4545,The survey team's theodolite bears serial number,PP18,EC32,-0.29787111282348633,0.345458984375,-0.022916793823242188,13.226371701573953,11.558135985280387,11.791851128567941
7,1.0,6,0.5455,The glacier survey stake is recorded as marker,HC80,EH94,-0.5800943374633789,0.10615396499633789,0.3571920394897461,17.619627059902996,18.473487315233797,18.48476626398042
7,1.0,7,0.6364,The sealed crate in the annex is marked with inventory tag,PB82,HA72,0.56817626953125,0.9494771957397461,0.7496037483215332,20.54375877068378,22.163553456543013,22.122892481274903
7,1.0,8,0.7273,The quartermaster's tally sheet uses form number,DH90,UF43,-0.8965921401977539,-0.3282909393310547,-0.9719700813293457,17.687079505063593,17.892808408709243,16.999993176432326
7,1.0,9,0.8182,The telegraph repeater hut answers to station code,BH15,PT57,-0.867304801940918,-1.4714951515197754,-2.301624059677124,20.238634414214175,22.073467892361805,21.98699965851847
7,1.0,10,0.9091,The mail packet from Vlissen came in pouch number,TE47,VW96,1.04160737991333,2.274575710296631,0.914759635925293,18.027203144680243,20.207869567268062,18.98589059652295
7,1.0,11,1.0,The freight siding at Kelder appears on the plan as track,PE79,XT60,0.33790159225463867,1.3364930152893066,1.2302813529968262,15.410766237648204,15.525543533149175,15.26378125604242
7,1.25,0,0.0,The seismograph at Ridge Camp reports as instrument,LE60,DR17,-0.8919892311096191,-0.8672990798950195,0.1701064109802246,20.65424301614985,19.681159411673434,17.696373501094058
7,1.25,1,0.0909,The winter supply manifest lists lot number,WB19,GK26,0.7170014381408691,1.958078384399414,0.7941699028015137,15.289984202943742,18.973656536836643,18.4197607235983
7,1.25,2,0.1818,The border checkpoint ledger opens at entry code,TD56,NR20,0.5666351318359375,1.1581306457519531,0.8452091217041016,17.648790646344423,19.026322176330723,18.90584184054751
7,1.25,3,0.2727,The lighthouse relief roster follows schedule,UB74,TJ27,-0.5005965232849121,-0.5002350807189941,-1.4442172050476074,14.561246687080711,18.53701423900202,16.757023499230854
7,1.25,4,0.3636,Ansel's transit permit was issued as document number,GB21,PT45,-0.9388971328735352,-0.8613796234130859,-1.5304207801818848,16.5904523585923,20.16120701591717,18.908014046843164
7,1.25,5,0.4545,The survey team's theodolite bears serial number,PP18,EC32,-0.29787111282348633,0.5822114944458008,0.08057117462158203,13.226371701573953,12.00960453308653,12.016246618732112
7,1.25,6,0.5455,The glacier survey stake is recorded as marker,HC80,EH94,-0.5800943374633789,-0.025101184844970703,0.03495645523071289,17.619627059902996,18.633419605903327,18.169996685814112
7,1.25,7,0.6364,The sealed crate in the annex is marked with inventory tag,PB82,HA72,0.56817626953125,1.2382216453552246,0.7870826721191406,20.54375877068378,21.8637553518638,22.059934162185527
7,1.25,8,0.7273,The quartermaster's tally sheet uses form number,DH90,UF43,-0.8965921401977539,-0.28760814666748047,-0.7774763107299805,17.687079505063593,17.97998564480804,16.204715655418113
7,1.25,9,0.8182,The telegraph repeater hut answers to station code,BH15,PT57,-0.867304801940918,-1.4449224472045898,-1.9236688613891602,20.238634414214175,22.318505021947203,22.49549781763926
7,1.25,10,0.9091,The mail packet from Vlissen came in pouch number,TE47,VW96,1.04160737991333,2.994760513305664,1.1424651145935059,18.027203144680243,20.337449903599918,19.594719060929492
7,1.25,11,1.0,The freight siding at Kelder appears on the plan as track,PE79,XT60,0.33790159225463867,1.6262617111206055,1.387829303741455,15.410766237648204,15.908473408664577,15.937613345100544
7,1.5,0,0.0,The seismograph at Ridge Camp reports as instrument,LE60,DR17,-0.8919892311096191,-0.43248987197875977,0.031271934509277344,20.65424301614985,19.474016154184937,17.93875098321587
7,1.5,1,0.0909,The winter supply manifest lists lot number,WB19,GK26,0.7170014381408691,1.5275874137878418,0.7741618156433105,15.289984202943742,19.198778707213933,18.393307704885956
7,1.5,2,0.1818,The border checkpoint ledger opens at entry code,TD56,NR20,0.5666351318359375,1.2877068519592285,0.7260317802429199,17.648790646344423,19.43801153928507,18.568989972933196
7,1.5,3,0.2727,The lighthouse relief roster follows schedule,UB74,TJ27,-0.5005965232849121,-0.28256940841674805,-1.6977381706237793,14.561246687080711,18.610404123406624,17.340270541084465
7,1.5,4,0.3636,Ansel's transit permit was issued as document number,GB21,PT45,-0.9388971328735352,-0.6526274681091309,-1.5066871643066406,16.5904523585923,20.348301658115815,19.02008325018687
7,1.5,5,0.4545,The survey team's theodolite bears serial number,PP18,EC32,-0.29787111282348633,0.44002771377563477,-0.30736446380615234,13.226371701573953,11.70711528355605,11.899125663854647
7,1.5,6,0.5455,The glacier survey stake is recorded as marker,HC80,EH94,-0.5800943374633789,0.016361236572265625,0.05264759063720703,17.619627059902996,18.744957726914436,17.99395534314681
7,1.5,7,0.6364,The sealed crate in the annex is marked with inventory tag,PB82,HA72,0.56817626953125,1.2820453643798828,0.8159079551696777,20.54375877068378,22.513328063185327,22.32584818813484
7,1.5,8,0.7273,The quartermaster's tally sheet uses form number,DH90,UF43,-0.8965921401977539,-0.1995682716369629,-0.7808451652526855,17.687079505063593,18.521174881549086,16.705281156115234
7,1.5,9,0.8182,The telegraph repeater hut answers to station code,BH15,PT57,-0.867304801940918,-1.0971431732177734,-1.9040474891662598,20.238634414214175,21.927509174362058,22.26133896270767
7,1.5,10,0.9091,The mail packet from Vlissen came in pouch number,TE47,VW96,1.04160737991333,2.656877040863037,1.059560775756836,18.027203144680243,19.915764393866993,19.47299652476795
7,1.5,11,1.0,The freight siding at Kelder appears on the plan as track,PE79,XT60,0.33790159225463867,1.9767961502075195,1.730630874633789,15.410766237648204,16.135841106181033,15.430765817989595
7,2.0,0,0.0,The seismograph at Ridge Camp reports as instrument,LE60,DR17,-0.8919892311096191,-0.23582816123962402,1.0244464874267578,20.65424301614985,18.055452360771596,17.42617112211883
7,2.0,1,0.0909,The winter supply manifest lists lot number,WB19,GK26,0.7170014381408691,2.9804911613464355,1.6148319244384766,15.289984202943742,18.351709874579683,17.83712337515317
7,2.0,2,0.1818,The border checkpoint ledger opens at entry code,TD56,NR20,0.5666351318359375,1.714768886566162,0.7585616111755371,17.648790646344423,17.983544815564528,17.323817805503495
7,2.0,3,0.2727,The lighthouse relief roster follows schedule,UB74,TJ27,-0.5005965232849121,-0.5299391746520996,-1.264150619506836,14.561246687080711,16.39500452450011,15.65781192400027
7,2.0,4,0.3636,Ansel's transit permit was issued as document number,GB21,PT45,-0.9388971328735352,-0.1580038070678711,-1.2258868217468262,16.5904523585923,18.716748710838147,19.13363884203136
7,2.0,5,0.4545,The survey team's theodolite bears serial number,PP18,EC32,-0.29787111282348633,0.9206504821777344,-0.08269262313842773,13.226371701573953,11.881743554782588,12.125686059342115
7,2.0,6,0.5455,The glacier survey stake is recorded as marker,HC80,EH94,-0.5800943374633789,0.36150026321411133,0.05712175369262695,17.619627059902996,18.746743527473882,17.70262502413243
7,2.0,7,0.6364,The sealed crate in the annex is marked with inventory tag,PB82,HA72,0.56817626953125,2.1142520904541016,1.41160249710083,20.54375877068378,21.56062915781513,22.15321265300736
7,2.0,8,0.7273,The quartermaster's tally sheet uses form number,DH90,UF43,-0.8965921401977539,-0.19202089309692383,-1.0317392349243164,17.687079505063593,16.940929762553424,17.448586310143583
7,2.0,9,0.8182,The telegraph repeater hut answers to station code,BH15,PT57,-0.867304801940918,-1.5903260707855225,-2.44010853767395,20.238634414214175,19.55143720487831,20.393853125919122
7,2.0,10,0.9091,The mail packet from Vlissen came in pouch number,TE47,VW96,1.04160737991333,1.691096305847168,0.8578252792358398,18.027203144680243,19.76439602446044,18.88117449224228
7,2.0,11,1.0,The freight siding at Kelder appears on the plan as track,PE79,XT60,0.33790159225463867,2.286818027496338,2.107058048248291,15.410766237648204,16.531684808665887,15.415164743433706
7,3.0,0,0.0,The seismograph at Ridge Camp reports as instrument,LE60,DR17,-0.8919892311096191,1.6986713409423828,0.6530361175537109,20.65424301614985,19.8476737793535,18.35751656629145
7,3.0,1,0.0909,The winter supply manifest lists lot number,WB19,GK26,0.7170014381408691,5.07558012008667,2.6873440742492676,15.289984202943742,19.47311722440645,19.17532058013603
7,3.0,2,0.1818,The border checkpoint ledger opens at entry code,TD56,NR20,0.5666351318359375,3.4488840103149414,1.2808189392089844,17.648790646344423,16.265416604466736,18.68080201232806
7,3.0,3,0.2727,The lighthouse relief roster follows schedule,UB74,TJ27,-0.5005965232849121,-0.06430292129516602,-1.594048023223877,14.561246687080711,13.804206535220146,14.27731599425897
7,3.0,4,0.3636,Ansel's transit permit was issued as document number,GB21,PT45,-0.9388971328735352,0.32181358337402344,-2.7132577896118164,16.5904523585923,18.038212791550905,18.957011345308274
7,3.0,5,0.4545,The survey team's theodolite bears serial number,PP18,EC32,-0.29787111282348633,1.9550371170043945,-0.2622528076171875,13.226371701573953,12.340957844164222,14.957905220333487
7,3.0,6,0.5455,The glacier survey stake is recorded as marker,HC80,EH94,-0.5800943374633789,1.9487190246582031,0.7042231559753418,17.619627059902996,17.615934810601175,18.5020099747926
7,3.0,7,0.6364,The sealed crate in the annex is marked with inventory tag,PB82,HA72,0.56817626953125,4.847803115844727,3.2084097862243652,20.54375877068378,21.220732737332582,22.23136849096045
7,3.0,8,0.7273,The quartermaster's tally sheet uses form number,DH90,UF43,-0.8965921401977539,-0.4740104675292969,-1.886317253112793,17.687079505063593,16.700287581421435,17.27993947872892
7,3.0,9,0.8182,The telegraph repeater hut answers to station code,BH15,PT57,-0.867304801940918,-2.757075309753418,-3.879445791244507,20.238634414214175,16.209762644022703,19.18363298010081
7,3.0,10,0.9091,The mail packet from Vlissen came in pouch number,TE47,VW96,1.04160737991333,3.5984652042388916,-0.021457672119140625,18.027203144680243,18.25614383374341,18.539607441052794
7,3.0,11,1.0,The freight siding at Kelder appears on the plan as track,PE79,XT60,0.33790159225463867,5.696102142333984,3.175933361053467,15.410766237648204,15.129482593853027,16.775863421149552
8,0.0,0,0.0,The quartermaster's tally sheet uses form number,HM58,SS56,-0.3498973846435547,-0.3498973846435547,-0.3498973846435547,18.05592418683227,18.05592418683227,18.05592418683227
8,0.0,1,0.0909,The harbour pilot's licence shows registration code,EG15,ES72,-0.9818220138549805,-0.9818220138549805,-0.9818220138549805,18.713432365155313,18.713432365155313,18.713432365155313
8,0.0,2,0.1818,The reserve fuel depot is listed at site code,CE41,YE87,-2.8969333171844482,-2.8969333171844482,-2.8969333171844482,17.22015104617458,17.22015104617458,17.22015104617458
8,0.0,3,0.2727,The auxiliary generator was tagged asset number,SG61,CG12,-0.03665733337402344,-0.03665733337402344,-0.03665733337402344,18.353289519262034,18.353289519262034,18.353289519262034
8,0.0,4,0.3636,The observatory's spare mirror was ordered as part number,WA68,EL59,1.7200632095336914,1.7200632095336914,1.7200632095336914,17.519242745183874,17.519242745183874,17.519242745183874
8,0.0,5,0.4545,The signal lamp housing takes fitting code,NC72,LM10,0.7079014778137207,0.7079014778137207,0.7079014778137207,18.165545510826632,18.165545510826632,18.165545510826632
8,0.0,6,0.5455,The archive microfilm reel is filed under shelf mark,HA99,WR36,-2.7789385318756104,-2.7789385318756104,-2.7789385318756104,17.14042429975234,17.14042429975234,17.14042429975234
8,0.0,7,0.6364,The telegraph repeater hut answers to station code,JS62,BV14,0.7129116058349609,0.7129116058349609,0.7129116058349609,13.68261982826516,13.68261982826516,13.68261982826516
8,0.0,8,0.7273,The border checkpoint ledger opens at entry code,RN24,UF32,0.012705802917480469,0.012705802917480469,0.012705802917480469,20.096107156015933,20.096107156015933,20.096107156015933
8,0.0,9,0.8182,The ice core drilling rig was delivered as unit,CN89,LP66,1.4630589485168457,1.4630589485168457,1.4630589485168457,18.23536710033659,18.23536710033659,18.23536710033659
8,0.0,10,0.9091,The meteorological buoy broadcasts on transponder code,ND94,DC35,-0.21867799758911133,-0.21867799758911133,-0.21867799758911133,12.399866168037988,12.399866168037988,12.399866168037988
8,0.0,11,1.0,The customs declaration quotes reference code,BL40,VH73,-1.7385454177856445,-1.7385454177856445,-1.7385454177856445,17.901255020638928,17.901255020638928,17.901255020638928
8,0.25,0,0.0,The quartermaster's tally sheet uses form number,HM58,SS56,-0.3498973846435547,-0.37130212783813477,-0.4163780212402344,18.05592418683227,17.931782627478242,18.20655798271764
8,0.25,1,0.0909,The harbour pilot's licence shows registration code,EG15,ES72,-0.9818220138549805,-0.9330658912658691,-0.8817062377929688,18.713432365155313,19.34500144649064,18.796814493078273
8,0.25,2,0.1818,The reserve fuel depot is listed at site code,CE41,YE87,-2.8969333171844482,-2.2969260215759277,-2.478484630584717,17.22015104617458,17.57668521476444,18.217018990661018
8,0.25,3,0.2727,The auxiliary generator was tagged asset number,SG61,CG12,-0.03665733337402344,-0.28385305404663086,-0.4225330352783203,18.353289519262034,18.444430559582543,18.35658287035767
8,0.25,4,0.3636,The observatory's spare mirror was ordered as part number,WA68,EL59,1.7200632095336914,1.54634428024292,1.4741759300231934,17.519242745183874,17.24279566295445,17.465149772469886
8,0.25,5,0.4545,The signal lamp housing takes fitting code,NC72,LM10,0.7079014778137207,0.20755815505981445,0.46265745162963867,18.165545510826632,18.439337865100242,18.44473963987548
8,0.25,6,0.5455,The archive microfilm reel is filed under shelf mark,HA99,WR36,-2.7789385318756104,-2.3821048736572266,-2.7289774417877197,17.14042429975234,16.80885314650368,16.61468959355261
8,0.25,7,0.6364,The telegraph repeater hut answers to station code,JS62,BV14,0.7129116058349609,0.3996086120605469,0.36614131927490234,13.68261982826516,13.946139212930575,13.882407925324515
8,0.25,8,0.7273,The border checkpoint ledger opens at entry code,RN24,UF32,0.012705802917480469,0.05802011489868164,-0.16635894775390625,20.096107156015933,19.65775291749742,19.405856028897688
8,0.25,9,0.8182,The ice core drilling rig was delivered as unit,CN89,LP66,1.4630589485168457,1.0916509628295898,1.0738024711608887,18.23536710033659,17.98636861576233,18.036405313410796
8,0.25,10,0.9091,The meteorological buoy broadcasts on transponder code,ND94,DC35,-0.21867799758911133,-0.36902379989624023,-0.2983584403991699,12.399866168037988,12.471846441854723,12.696085053845309
8,0.25,11,1.0,The customs declaration quotes reference code,BL40,VH73,-1.7385454177856445,-1.4984989166259766,-1.6809501647949219,17.901255020638928,18.495937387342565,18.519363368861377
8,0.5,0,0.0,The quartermaster's tally sheet uses form number,HM58,SS56,-0.3498973846435547,-0.3772873878479004,-0.41945505142211914,18.05592418683227,18.3736000485369,18.037721027387306
8,0.5,1,0.0909,The harbour pilot's licence shows registration code,EG15,ES72,-0.9818220138549805,-0.7532987594604492,-0.7526130676269531,18.713432365155313,19.36929538223194,18.936313836835325
8,0.5,2,0.1818,The reserve fuel depot is listed at site code,CE41,YE87,-2.8969333171844482,-1.7669973373413086,-2.007641315460205,17.22015104617458,18.62559637182858,18.135158376884647
8,0.5,3,0.2727,The auxiliary generator was tagged asset number,SG61,CG12,-0.03665733337402344,-0.8215060234069824,-0.7117466926574707,18.353289519262034,19.4679166424321,19.45171637684689
8,0.5,4,0.3636,The observatory's spare mirror was ordered as part number,WA68,EL59,1.7200632095336914,1.3371939659118652,1.3360061645507812,17.519242745183874,17.14146454987349,17.24915769690415
8,0.5,5,0.4545,The signal lamp housing takes fitting code,NC72,LM10,0.7079014778137207,-0.27948856353759766,0.2206268310546875,18.165545510826632,18.880287753068842,18.867864029714838
8,0.5,6,0.5455,The archive microfilm reel is filed under shelf mark,HA99,WR36,-2.7789385318756104,-2.014416217803955,-2.338885545730591,17.14042429975234,16.979718280257657,16.639579200418666
8,0.5,7,0.6364,The telegraph repeater hut answers to station code,JS62,BV14,0.7129116058349609,0.35637855529785156,0.40556859970092773,13.68261982826516,14.563170481706038,14.085675788810477
8,0.5,8,0.7273,The border checkpoint ledger opens at entry code,RN24,UF32,0.012705802917480469,0.054006099700927734,-0.18789911270141602,20.096107156015933,19.742041701916605,19.410500259604305
8,0.5,9,0.8182,The ice core drilling rig was delivered as unit,CN89,LP66,1.4630589485168457,1.4055976867675781,1.128065586090088,18.23536710033659,18.691906395484693,18.313223092118278
8,0.5,10,0.9091,The meteorological buoy broadcasts on transponder code,ND94,DC35,-0.21867799758911133,0.09427833557128906,-0.06919145584106445,12.399866168037988,12.818112474866211,12.866658054059371
8,0.5,11,1.0,The customs declaration quotes reference code,BL40,VH73,-1.7385454177856445,-1.292940616607666,-1.592745304107666,17.901255020638928,18.689872415852733,19.139033593586646
8,0.75,0,0.0,The quartermaster's tally sheet uses form number,HM58,SS56,-0.3498973846435547,-0.32286643981933594,-0.6416969299316406,18.05592418683227,18.015491689089686,18.01117932080524
8,0.75,1,0.0909,The harbour pilot's licence shows registration code,EG15,ES72,-0.9818220138549805,-0.9121904373168945,-0.7605509757995605,18.713432365155313,18.852640551223885,20.121807813935447
8,0.75,2,0.1818,The reserve fuel depot is listed at site code,CE41,YE87,-2.8969333171844482,-0.9164738655090332,-0.7924895286560059,17.22015104617458,17.942424397566356,17.49099513166584
8,0.75,3,0.2727,The auxiliary generator was tagged asset number,SG61,CG12,-0.03665733337402344,-0.7869873046875,-0.9353413581848145,18.353289519262034,18.578426356019918,18.829191676632036
8,0.75,4,0.3636,The observatory's spare mirror was ordered as part number,WA68,EL59,1.7200632095336914,1.0823750495910645,0.9654321670532227,17.519242745183874,17.10890118498355,16.346272742608562
8,0.75,5,0.4545,The signal lamp housing takes fitting code,NC72,LM10,0.7079014778137207,-0.5140924453735352,-0.677973747253418,18.165545510826632,19.060263504623435,18.75555916072335
8,0.75,6,0.5455,The archive microfilm reel is filed under shelf mark,HA99,WR36,-2.7789385318756104,-1.310955286026001,-1.722825527191162,17.14042429975234,16.992526553804055,17.250997717725113
8,0.75,7,0.6364,The telegraph repeater hut answers to station code,JS62,BV14,0.7129116058349609,0.43294858932495117,0.2116384506225586,13.68261982826516,14.170254185795784,13.881377707002684
8,0.75,8,0.7273,The border checkpoint ledger opens at entry code,RN24,UF32,0.012705802917480469,0.3772768974304199,-0.1570301055908203,20.096107156015933,19.986020448966883,19.127010677591898
8,0.75,9,0.8182,The ice core drilling rig was delivered as unit,CN89,LP66,1.4630589485168457,1.2214946746826172,1.1413335800170898,18.23536710033659,18.06696584180463,17.703659994294867
8,0.75,10,0.9091,The meteorological buoy broadcasts on transponder code,ND94,DC35,-0.21867799758911133,-0.053452491760253906,-0.21959304809570312,12.399866168037988,12.562378832371905,12.41555329435505
8,0.75,11,1.0,The customs declaration quotes reference code,BL40,VH73,-1.7385454177856445,-1.0205841064453125,-1.1980199813842773,17.901255020638928,18.789000245044008,17.811368426773697
8,1.0,0,0.0,The quartermaster's tally sheet uses form number,HM58,SS56,-0.3498973846435547,0.6144700050354004,0.1948556900024414,18.05592418683227,17.823782215593383,16.93558043660596
8,1.0,1,0.0909,The harbour pilot's licence shows registration code,EG15,ES72,-0.9818220138549805,-0.6902866363525391,-0.5277533531188965,18.713432365155313,18.712009379814845,17.92677230841946
8,1.0,2,0.1818,The reserve fuel depot is listed at site code,CE41,YE87,-2.8969333171844482,0.05074596405029297,-0.5823664665222168,17.22015104617458,17.307713581016287,16.844738856656477
8,1.0,3,0.2727,The auxiliary generator was tagged asset number,SG61,CG12,-0.03665733337402344,0.1727280616760254,-0.3618617057800293,18.353289519262034,18.111437166429823,17.487970183748985
8,1.0,4,0.3636,The observatory's spare mirror was ordered as part number,WA68,EL59,1.7200632095336914,0.7764449119567871,0.794438362121582,17.519242745183874,17.061642226646654,17.932789905229583
8,1.0,5,0.4545,The signal lamp housing takes fitting code,NC72,LM10,0.7079014778137207,0.4089055061340332,-0.6385331153869629,18.165545510826632,17.349262636795174,17.467951890372206
8,1.0,6,0.5455,The archive microfilm reel is filed under shelf mark,HA99,WR36,-2.7789385318756104,-0.38942790031433105,-0.6249761581420898,17.14042429975234,18.50777194672264,18.944838596042246
8,1.0,7,0.6364,The telegraph repeater hut answers to station code,JS62,BV14,0.7129116058349609,1.480696201324463,0.6972494125366211,13.68261982826516,14.017893334152177,14.311732866452076
8,1.0,8,0.7273,The border checkpoint ledger opens at entry code,RN24,UF32,0.012705802917480469,0.04005718231201172,-0.8829903602600098,20.096107156015933,20.325752960401587,19.874262663768604
8,1.0,9,0.8182,The ice core drilling rig was delivered as unit,CN89,LP66,1.4630589485168457,1.2693133354187012,0.36427783966064453,18.23536710033659,18.27728217531694,19.143309182079975
8,1.0,10,0.9091,The meteorological buoy broadcasts on transponder code,ND94,DC35,-0.21867799758911133,-0.844703197479248,-0.9279217720031738,12.399866168037988,12.766958899446763,13.235824420582503
8,1.0,11,1.0,The customs declaration quotes reference code,BL40,VH73,-1.7385454177856445,-0.5624914169311523,-0.8676471710205078,17.901255020638928,18.7497769552283,17.800486970692873
8,1.25,0,0.0,The quartermaster's tally sheet uses form number,HM58,SS56,-0.3498973846435547,0.7865567207336426,0.31858348846435547,18.05592418683227,17.875394749746192,17.783340899215546
8,1.25,1,0.0909,The harbour pilot's licence shows registration code,EG15,ES72,-0.9818220138549805,-0.8523211479187012,-0.44844818115234375,18.713432365155313,18.758522310701665,18.990075419133063
8,1.25,2,0.1818,The reserve fuel depot is listed at site code,CE41,YE87,-2.8969333171844482,-0.22614049911499023,-0.12393069267272949,17.22015104617458,17.459346586838365,17.570003940025344
8,1.25,3,0.2727,The auxiliary generator was tagged asset number,SG61,CG12,-0.03665733337402344,0.0635080337524414,-0.26360273361206055,18.353289519262034,18.198955033098173,19.00802011291671
8,1.25,4,0.3636,The observatory's spare mirror was ordered as part number,WA68,EL59,1.7200632095336914,0.8811335563659668,0.7031311988830566,17.519242745183874,17.08745636837557,18.63199108763365
8,1.25,5,0.4545,The signal lamp housing takes fitting code,NC72,LM10,0.7079014778137207,0.42742204666137695,-0.39117002487182617,18.165545510826632,17.531661489629187,18.230438031139784
8,1.25,6,0.5455,The archive microfilm reel is filed under shelf mark,HA99,WR36,-2.7789385318756104,0.0286712646484375,-0.7681653499603271,17.14042429975234,19.13393525389256,20.35851367888972
8,1.25,7,0.6364,The telegraph repeater hut answers to station code,JS62,BV14,0.7129116058349609,1.418086051940918,0.7217683792114258,13.68261982826516,13.876955682295375,14.531364566471893
8,1.25,8,0.7273,The border checkpoint ledger opens at entry code,RN24,UF32,0.012705802917480469,0.10156393051147461,-1.0513978004455566,20.096107156015933,19.901159079221543,20.037020333256805
8,1.25,9,0.8182,The ice core drilling rig was delivered as unit,CN89,LP66,1.4630589485168457,1.599637508392334,0.8731184005737305,18.23536710033659,18.88764449735754,20.047573675547028
8,1.25,10,0.9091,The meteorological buoy broadcasts on transponder code,ND94,DC35,-0.21867799758911133,-0.43496131896972656,-0.9128499031066895,12.399866168037988,13.605849907820811,14.45373740006471
8,1.25,11,1.0,The customs declaration quotes reference code,BL40,VH73,-1.7385454177856445,-0.8159112930297852,-1.0594968795776367,17.901255020638928,18.473767452931497,18.864567960961722
8,1.5,0,0.0,The quartermaster's tally sheet uses form number,HM58,SS56,-0.3498973846435547,1.0107078552246094,0.15796947479248047,18.05592418683227,16.970990335335955,18.012253340682946
8,1.5,1,0.0909,The harbour pilot's licence shows registration code,EG15,ES72,-0.9818220138549805,-0.9821743965148926,-0.499814510345459,18.713432365155313,18.086470871174242,17.81864789139945
8,1.5,2,0.1818,The reserve fuel depot is listed at site code,CE41,YE87,-2.8969333171844482,0.0664515495300293,0.02662968635559082,17.22015104617458,18.246707186102867,18.749220765195787
8,1.5,3,0.2727,The auxiliary generator was tagged asset number,SG61,CG12,-0.03665733337402344,0.32909440994262695,0.09594249725341797,18.353289519262034,18.396336936144507,19.144496007174894
8,1.5,4,0.3636,The observatory's spare mirror was ordered as part number,WA68,EL59,1.7200632095336914,0.9926133155822754,0.5792527198791504,17.519242745183874,17.458055741910357,18.755255963653326
8,1.5,5,0.4545,The signal lamp housing takes fitting code,NC72,LM10,0.7079014778137207,0.9684295654296875,-0.15329265594482422,18.165545510826632,17.33040076176985,18.145535851013847
8,1.5,6,0.5455,The archive microfilm reel is filed under shelf mark,HA99,WR36,-2.7789385318756104,-0.4650871753692627,-0.7525885105133057,17.14042429975234,19.14656069036573,19.899974645872135
8,1.5,7,0.6364,The telegraph repeater hut answers to station code,JS62,BV14,0.7129116058349609,1.4807138442993164,0.6997637748718262,13.68261982826516,14.01597663119901,15.562282975355629
8,1.5,8,0.7273,The border checkpoint ledger opens at entry code,RN24,UF32,0.012705802917480469,0.37291526794433594,-1.2197299003601074,20.096107156015933,20.12803223001538,19.56817082114867
8,1.5,9,0.8182,The ice core drilling rig was delivered as unit,CN89,LP66,1.4630589485168457,1.689004898071289,0.7309150695800781,18.23536710033659,19.229607497167308,19.531349464930827
8,1.5,10,0.9091,The meteorological buoy broadcasts on transponder code,ND94,DC35,-0.21867799758911133,-0.30481958389282227,-0.9916172027587891,12.399866168037988,14.164023624383844,14.409710359526798
8,1.5,11,1.0,The customs declaration quotes reference code,BL40,VH73,-1.7385454177856445,-1.0681602954864502,-0.8833584785461426,17.901255020638928,18.515105247148313,18.580746207153425
8,2.0,0,0.0,The quartermaster's tally sheet uses form number,HM58,SS56,-0.3498973846435547,1.269728183746338,0.33047962188720703,18.05592418683227,16.92780360049801,17.407595303317066
8,2.0,1,0.0909,The harbour pilot's licence shows registration code,EG15,ES72,-0.9818220138549805,-0.8327755928039551,-0.7236013412475586,18.713432365155313,16.49751666400698,17.542213335691486
8,2.0,2,0.1818,The reserve fuel depot is listed at site code,CE41,YE87,-2.8969333171844482,0.07726693153381348,-0.7652215957641602,17.22015104617458,18.064770887373015,18.909413152956404
8,2.0,3,0.2727,The auxiliary generator was tagged asset number,SG61,CG12,-0.03665733337402344,0.05105257034301758,0.20316362380981445,18.353289519262034,18.14174823979556,18.546643501598737
8,2.0,4,0.3636,The observatory's spare mirror was ordered as part number,WA68,EL59,1.7200632095336914,1.3436779975891113,1.2325620651245117,17.519242745183874,15.981629659654573,18.980858225142583
8,2.0,5,0.4545,The signal lamp housing takes fitting code,NC72,LM10,0.7079014778137207,2.354290008544922,0.17879915237426758,18.165545510826632,17.74842107441509,18.191001876199152
8,2.0,6,0.5455,The archive microfilm reel is filed under shelf mark,HA99,WR36,-2.7789385318756104,-1.411005973815918,-1.2905550003051758,17.14042429975234,19.34975028288318,19.734114956110716
8,2.0,7,0.6364,The telegraph repeater hut answers to station code,JS62,BV14,0.7129116058349609,1.8546538352966309,1.1093082427978516,13.68261982826516,14.360336748417467,15.9154955666163
8,2.0,8,0.7273,The border checkpoint ledger opens at entry code,RN24,UF32,0.012705802917480469,0.48578786849975586,-1.3335142135620117,20.096107156015933,20.345312438934343,19.418711413280107
8,2.0,9,0.8182,The ice core drilling rig was delivered as unit,CN89,LP66,1.4630589485168457,1.937016487121582,1.0149202346801758,18.23536710033659,18.445367175154388,19.21231586392969
8,2.0,10,0.9091,The meteorological buoy broadcasts on transponder code,ND94,DC35,-0.21867799758911133,0.025943279266357422,-0.8072648048400879,12.399866168037988,13.907357391435653,14.75944720604457
8,2.0,11,1.0,The customs declaration quotes reference code,BL40,VH73,-1.7385454177856445,-1.1919267177581787,-1.3870797157287598,17.901255020638928,17.545133135281503,17.427650653989986
8,3.0,0,0.0,The quartermaster's tally sheet uses form number,HM58,SS56,-0.3498973846435547,2.375993490219116,1.536573886871338,18.05592418683227,15.50899666454643,14.828787638805807
8,3.0,1,0.0909,The harbour pilot's licence shows registration code,EG15,ES72,-0.9818220138549805,-1.0754587650299072,-1.0215277671813965,18.713432365155313,15.934676636010408,16.545411705970764
8,3.0,2,0.1818,The reserve fuel depot is listed at site code,CE41,YE87,-2.8969333171844482,0.7132477760314941,-0.8905079364776611,17.22015104617458,15.394120741635561,16.581946932245046
8,3.0,3,0.2727,The auxiliary generator was tagged asset number,SG61,CG12,-0.03665733337402344,-0.7562294006347656,-0.07264137268066406,18.353289519262034,18.754789634607732,17.4000518838875
8,3.0,4,0.3636,The observatory's spare mirror was ordered as part number,WA68,EL59,1.7200632095336914,1.721466064453125,1.9224848747253418,17.519242745183874,15.546124231535941,18.384090817999095
8,3.0,5,0.4545,The signal lamp housing takes fitting code,NC72,LM10,0.7079014778137207,6.660188913345337,1.0301003456115723,18.165545510826632,15.503752156975679,17.159949078108184
8,3.0,6,0.5455,The archive microfilm reel is filed under shelf mark,HA99,WR36,-2.7789385318756104,-0.7112538814544678,-1.1787641048431396,17.14042429975234,17.40728953294456,17.940195698989555
8,3.0,7,0.6364,The telegraph repeater hut answers to station code,JS62,BV14,0.7129116058349609,3.2613205909729004,1.1854100227355957,13.68261982826516,14.113241262501106,14.253979304572567
8,3.0,8,0.7273,The border checkpoint ledger opens at entry code,RN24,UF32,0.012705802917480469,2.2141170501708984,-1.8133673667907715,20.096107156015933,19.976188543718308,19.30202225758694
8,3.0,9,0.8182,The ice core drilling rig was delivered as unit,CN89,LP66,1.4630589485168457,5.5606184005737305,1.9868659973144531,18.23536710033659,15.795093804365024,16.344311646651477
8,3.0,10,0.9091,The meteorological buoy broadcasts on transponder code,ND94,DC35,-0.21867799758911133,1.610119342803955,-0.9385542869567871,12.399866168037988,12.416137961670756,14.391444583889097
8,3.0,11,1.0,The customs declaration quotes reference code,BL40,VH73,-1.7385454177856445,-0.8997776508331299,-2.3145244121551514,17.901255020638928,16.502576570492238,16.908820366486907
9,0.0,0,0.0,The winter supply manifest lists lot number,JE33,RM41,-0.0715327262878418,-0.0715327262878418,-0.0715327262878418,15.105151319876313,15.105151319876313,15.105151319876313
9,0.0,1,0.0909,The medical supply locker was closed with seal number,SQ87,PW39,0.4274873733520508,0.4274873733520508,0.4274873733520508,20.01906192023307,20.01906192023307,20.01906192023307
9,0.0,2,0.1818,Feld's field notebook carries catalogue reference,CL80,DN75,0.8695788383483887,0.8695788383483887,0.8695788383483887,16.763301115483046,16.763301115483046,16.763301115483046
9,0.0,3,0.2727,The northern relay station operates under callsign,FF40,MT57,-1.0750761032104492,-1.0750761032104492,-1.0750761032104492,19.908930879784748,19.908930879784748,19.908930879784748
9,0.0,4,0.3636,The archive microfilm reel is filed under shelf mark,BD26,EX47,-0.34598445892333984,-0.34598445892333984,-0.34598445892333984,17.097169402753934,17.097169402753934,17.097169402753934
9,0.0,5,0.4545,The expedition's spare sledge carries equipment tag,SU18,FY43,1.7911391258239746,1.7911391258239746,1.7911391258239746,15.629932892508805,15.629932892508805,15.629932892508805
9,0.0,6,0.5455,The survey team's theodolite bears serial number,KG96,AB32,-1.0309247970581055,-1.0309247970581055,-1.0309247970581055,17.954652382526547,17.954652382526547,17.954652382526547
9,0.0,7,0.6364,The border checkpoint ledger opens at entry code,HZ63,VE11,-1.184257984161377,-1.184257984161377,-1.184257984161377,18.34320536046289,18.34320536046289,18.34320536046289
9,0.0,8,0.7273,The radio operator's logbook continues in volume,CJ36,BB67,-1.4076862335205078,-1.4076862335205078,-1.4076862335205078,15.94433770282194,15.94433770282194,15.94433770282194
9,0.0,9,0.8182,The lighthouse relief roster follows schedule,NJ53,GN47,-2.868748664855957,-2.868748664855957,-2.868748664855957,16.898333763703704,16.898333763703704,16.898333763703704
9,0.0,10,0.9091,The observatory's spare mirror was ordered as part number,BG10,VA55,-0.29619312286376953,-0.29619312286376953,-0.29619312286376953,20.159528150688857,20.159528150688857,20.159528150688857
9,0.0,11,1.0,The ice core drilling rig was delivered as unit,PB58,KE71,-0.6125087738037109,-0.6125087738037109,-0.6125087738037109,19.913035017088987,19.913035017088987,19.913035017088987
9,0.25,0,0.0,The winter supply manifest lists lot number,JE33,RM41,-0.0715327262878418,-0.0029058456420898438,0.03824424743652344,15.105151319876313,15.11172955809161,14.607583181001246
9,0.25,1,0.0909,The medical supply locker was closed with seal number,SQ87,PW39,0.4274873733520508,0.29103517532348633,0.3423881530761719,20.01906192023307,20.520162938395515,19.88891952834092
9,0.25,2,0.1818,Feld's field notebook carries catalogue reference,CL80,DN75,0.8695788383483887,0.45865726470947266,0.5938997268676758,16.763301115483046,17.544485376856755,17.21676798921544
9,0.25,3,0.2727,The northern relay station operates under callsign,FF40,MT57,-1.0750761032104492,-0.8305187225341797,-0.8944587707519531,19.908930879784748,20.756597687723115,20.40051086829044
9,0.25,4,0.3636,The archive microfilm reel is filed under shelf mark,BD26,EX47,-0.34598445892333984,-0.6109426021575928,-0.36864709854125977,17.097169402753934,18.047041614772752,17.6813774156617
9,0.25,5,0.4545,The expedition's spare sledge carries equipment tag,SU18,FY43,1.7911391258239746,1.4311633110046387,1.4522037506103516,15.629932892508805,16.80665621627122,16.137432742863894
9,0.25,6,0.5455,The survey team's theodolite bears serial number,KG96,AB32,-1.0309247970581055,-1.0047640800476074,-1.0154457092285156,17.954652382526547,18.359193823533133,17.802938930457458
9,0.25,7,0.6364,The border checkpoint ledger opens at entry code,HZ63,VE11,-1.184257984161377,-1.0606060028076172,-0.9233336448669434,18.34320536046289,19.254430430941284,18.460281514097005
9,0.25,8,0.7273,The radio operator's logbook continues in volume,CJ36,BB67,-1.4076862335205078,-1.066495418548584,-1.3177766799926758,15.94433770282194,17.32895888062194,16.87840316002257
9,0.25,9,0.8182,The lighthouse relief roster follows schedule,NJ53,GN47,-2.868748664855957,-2.96591854095459,-2.8974881172180176,16.898333763703704,18.081288566580042,17.750330295646563
9,0.25,10,0.9091,The observatory's spare mirror was ordered as part number,BG10,VA55,-0.29619312286376953,-0.42455291748046875,-0.5380792617797852,20.159528150688857,19.97757097147405,20.027965116896667
9,0.25,11,1.0,The ice core drilling rig was delivered as unit,PB58,KE71,-0.6125087738037109,-1.0346274375915527,-0.8301067352294922,19.913035017088987,20.868453048169613,20.069762797211297
9,0.5,0,0.0,The winter supply manifest lists lot number,JE33,RM41,-0.0715327262878418,0.01623392105102539,-0.1278553009033203,15.105151319876313,15.568674959475175,15.657698438502848
9,0.5,1,0.0909,The medical supply locker was closed with seal number,SQ87,PW39,0.4274873733520508,0.3690328598022461,0.3572120666503906,20.01906192023307,20.82716266682837,20.7365174589213
9,0.5,2,0.1818,Feld's field notebook carries catalogue reference,CL80,DN75,0.8695788383483887,0.4364900588989258,0.5420212745666504,16.763301115483046,17.291461840155534,17.60388631746173
9,0.5,3,0.2727,The northern relay station operates under callsign,FF40,MT57,-1.0750761032104492,-0.9705510139465332,-0.9086213111877441,19.908930879784748,20.26079514157027,20.195167436962947
9,0.5,4,0.3636,The archive microfilm reel is filed under shelf mark,BD26,EX47,-0.34598445892333984,-1.211054801940918,-0.4832592010498047,17.097169402753934,18.002908859634772,17.737832284299657
9,0.5,5,0.4545,The expedition's spare sledge carries equipment tag,SU18,FY43,1.7911391258239746,1.6642866134643555,1.6216797828674316,15.629932892508805,17.13816548907198,16.608170447405428
9,0.5,6,0.5455,The survey team's theodolite bears serial number,KG96,AB32,-1.0309247970581055,-0.8438711166381836,-1.0322604179382324,17.954652382526547,18.236022831639275,18.38813968328759
9,0.5,7,0.6364,The border checkpoint ledger opens at entry code,HZ63,VE11,-1.184257984161377,-1.3038182258605957,-1.3926606178283691,18.34320536046289,19.000258148415014,19.10825555725023
9,0.5,8,0.7273,The radio operator's logbook continues in volume,CJ36,BB67,-1.4076862335205078,-1.221590518951416,-1.0242900848388672,15.94433770282194,17.840595595072955,18.077831853181124
9,0.5,9,0.8182,The lighthouse relief roster follows schedule,NJ53,GN47,-2.868748664855957,-3.3217101097106934,-2.56278133392334,16.898333763703704,18.45449948858004,18.69527772150468
9,0.5,10,0.9091,The observatory's spare mirror was ordered as part number,BG10,VA55,-0.29619312286376953,-0.34388065338134766,-0.26055097579956055,20.159528150688857,20.47610781074036,20.244050614302978
9,0.5,11,1.0,The ice core drilling rig was delivered as unit,PB58,KE71,-0.6125087738037109,-1.4317212104797363,-0.7370352745056152,19.913035017088987,20.908691497519612,20.743075178586878
9,0.75,0,0.0,The winter supply manifest lists lot number,JE33,RM41,-0.0715327262878418,0.04982423782348633,-0.05866193771362305,15.105151319876313,17.005723959067836,17.364299360197037
9,0.75,1,0.0909,The medical supply locker was closed with seal number,SQ87,PW39,0.4274873733520508,0.5291914939880371,0.42246532440185547,20.01906192023307,21.523333338089287,21.27903150836937
9,0.75,2,0.1818,Feld's field notebook carries catalogue reference,CL80,DN75,0.8695788383483887,0.45394325256347656,0.42444562911987305,16.763301115483046,17.762151968083344,17.585421675117686
9,0.75,3,0.2727,The northern relay station operates under callsign,FF40,MT57,-1.0750761032104492,-0.9745283126831055,-1.0981192588806152,19.908930879784748,20.93676650978159,19.36356309708208
9,0.75,4,0.3636,The archive microfilm reel is filed under shelf mark,BD26,EX47,-0.34598445892333984,-1.5112495422363281,-1.0449965000152588,17.097169402753934,18.45461915805936,18.773367899819277
9,0.75,5,0.4545,The expedition's spare sledge carries equipment tag,SU18,FY43,1.7911391258239746,1.5403351783752441,1.9183425903320312,15.629932892508805,17.810132237151265,17.209883080329746
9,0.75,6,0.5455,The survey team's theodolite bears serial number,KG96,AB32,-1.0309247970581055,-0.8962745666503906,-1.117910385131836,17.954652382526547,18.981093322625384,18.24413197953254
9,0.75,7,0.6364,The border checkpoint ledger opens at entry code,HZ63,VE11,-1.184257984161377,-1.1614270210266113,-1.6481146812438965,18.34320536046289,19.08782570878975,18.694016920402646
9,0.75,8,0.7273,The radio operator's logbook continues in volume,CJ36,BB67,-1.4076862335205078,-1.2781734466552734,-0.9984092712402344,15.94433770282194,18.660904641728848,19.026654608547688
9,0.75,9,0.8182,The lighthouse relief roster follows schedule,NJ53,GN47,-2.868748664855957,-3.4491872787475586,-2.8619260787963867,16.898333763703704,21.03206643369049,20.641814258531667
9,0.75,10,0.9091,The observatory's spare mirror was ordered as part number,BG10,VA55,-0.29619312286376953,-0.4814009666442871,-0.09635066986083984,20.159528150688857,20.73109146079514,20.810124024748802
9,0.75,11,1.0,The ice core drilling rig was delivered as unit,PB58,KE71,-0.6125087738037109,-1.2510709762573242,-0.687469482421875,19.913035017088987,20.486583875492215,19.953994154697284
9,1.0,0,0.0,The winter supply manifest lists lot number,JE33,RM41,-0.0715327262878418,1.0475845336914062,0.4471249580383301,15.105151319876313,17.992698569083586,18.155885440297425
9,1.0,1,0.0909,The medical supply locker was closed with seal number,SQ87,PW39,0.4274873733520508,-0.05435752868652344,-0.19729328155517578,20.01906192023307,20.887297819834203,20.8618929090444
9,1.0,2,0.1818,Feld's field notebook carries catalogue reference,CL80,DN75,0.8695788383483887,1.4750041961669922,0.9595661163330078,16.763301115483046,20.07058472308563,19.78574649861548
9,1.0,3,0.2727,The northern relay station operates under callsign,FF40,MT57,-1.0750761032104492,-0.368194580078125,-0.8745832443237305,19.908930879784748,22.7439037708682,21.407217033440247
9,1.0,4,0.3636,The archive microfilm reel is filed under shelf mark,BD26,EX47,-0.34598445892333984,0.6032204627990723,0.23837041854858398,17.097169402753934,20.6186584115203,19.88257576234173
9,1.0,5,0.4545,The expedition's spare sledge carries equipment tag,SU18,FY43,1.7911391258239746,1.5186123847961426,1.387087345123291,15.629932892508805,17.204440448898822,17.559466381790116
9,1.0,6,0.5455,The survey team's theodolite bears serial number,KG96,AB32,-1.0309247970581055,-1.288649559020996,-1.3655662536621094,17.954652382526547,18.419526062672958,18.920129727805033
9,1.0,7,0.6364,The border checkpoint ledger opens at entry code,HZ63,VE11,-1.184257984161377,-1.1008453369140625,-1.1822102069854736,18.34320536046289,19.034715490881354,19.505213586613536
9,1.0,8,0.7273,The radio operator's logbook continues in volume,CJ36,BB67,-1.4076862335205078,0.12518835067749023,-0.9449539184570312,15.94433770282194,18.42490350152366,18.32864253502339
9,1.0,9,0.8182,The lighthouse relief roster follows schedule,NJ53,GN47,-2.868748664855957,-1.7084736824035645,-1.0108404159545898,16.898333763703704,19.4585960166296,20.079545186134055
9,1.0,10,0.9091,The observatory's spare mirror was ordered as part number,BG10,VA55,-0.29619312286376953,-1.6413955688476562,-1.489534854888916,20.159528150688857,20.624838501331396,19.44995499122888
9,1.0,11,1.0,The ice core drilling rig was delivered as unit,PB58,KE71,-0.6125087738037109,0.3374342918395996,0.9283576011657715,19.913035017088987,21.052608095807955,20.031932699959725
9,1.25,0,0.0,The winter supply manifest lists lot number,JE33,RM41,-0.0715327262878418,1.036292552947998,0.26692962646484375,15.105151319876313,18.10975711955689,18.50061014527455
9,1.25,1,0.0909,The medical supply locker was closed with seal number,SQ87,PW39,0.4274873733520508,0.0949091911315918,0.06795215606689453,20.01906192023307,21.424411070998758,20.335600399412215
9,1.25,2,0.1818,Feld's field notebook carries catalogue reference,CL80,DN75,0.8695788383483887,1.4125604629516602,0.903200626373291,16.763301115483046,19.454795639117947,19.95939546311274
9,1.25,3,0.2727,The northern relay station operates under callsign,FF40,MT57,-1.0750761032104492,-0.12064218521118164,-0.9524273872375488,19.908930879784748,21.959433142328635,20.533182279206812
9,1.25,4,0.3636,The archive microfilm reel is filed under shelf mark,BD26,EX47,-0.34598445892333984,0.553947925567627,0.6471419334411621,17.097169402753934,19.83139755766024,20.24175577814458
9,1.25,5,0.4545,The expedition's spare sledge carries equipment tag,SU18,FY43,1.7911391258239746,1.3993721008300781,1.456465721130371,15.629932892508805,17.575341689866036,17.36301770247519
9,1.25,6,0.5455,The survey team's theodolite bears serial number,KG96,AB32,-1.0309247970581055,-1.2834877967834473,-1.5052285194396973,17.954652382526547,19.166000369703397,19.080359015380964
9,1.25,7,0.6364,The border checkpoint ledger opens at entry code,HZ63,VE11,-1.184257984161377,-0.9567022323608398,-1.394789218902588,18.34320536046289,19.208513065241277,18.94865248305723
9,1.25,8,0.7273,The radio operator's logbook continues in volume,CJ36,BB67,-1.4076862335205078,0.1343541145324707,-0.9075384140014648,15.94433770282194,18.590668479562737,18.564015313982964
9,1.25,9,0.8182,The lighthouse relief roster follows schedule,NJ53,GN47,-2.868748664855957,-1.2376060485839844,-1.1811237335205078,16.898333763703704,19.003269758890383,19.60286893241573
9,1.25,10,0.9091,The observatory's spare mirror was ordered as part number,BG10,VA55,-0.29619312286376953,-1.9517498016357422,-1.5315914154052734,20.159528150688857,20.60465806524735,19.121775686508045
9,1.25,11,1.0,The ice core drilling rig was delivered as unit,PB58,KE71,-0.6125087738037109,0.4792904853820801,1.3479890823364258,19.913035017088987,21.70206172671169,19.98494448303245
9,1.5,0,0.0,The winter supply manifest lists lot number,JE33,RM41,-0.0715327262878418,1.1525382995605469,0.3140230178833008,15.105151319876313,16.97879845649004,18.469589123968035
9,1.5,1,0.0909,The medical supply locker was closed with seal number,SQ87,PW39,0.4274873733520508,0.39301395416259766,0.07111430168151855,20.01906192023307,21.1508466869127,20.472611542791128
9,1.5,2,0.1818,Feld's field notebook carries catalogue reference,CL80,DN75,0.8695788383483887,1.7243080139160156,0.8686957359313965,16.763301115483046,19.98480914978427,19.983051395975053
9,1.5,3,0.2727,The northern relay station operates under callsign,FF40,MT57,-1.0750761032104492,-0.23406171798706055,-0.9786157608032227,19.908930879784748,21.530526288494002,20.11973107419908
9,1.5,4,0.3636,The archive microfilm reel is filed under shelf mark,BD26,EX47,-0.34598445892333984,1.109382152557373,1.046320915222168,17.097169402753934,20.639273366512498,20.103270284016617
9,1.5,5,0.4545,The expedition's spare sledge carries equipment tag,SU18,FY43,1.7911391258239746,1.4730010032653809,1.2879977226257324,15.629932892508805,17.489675634307787,17.285057012923062
9,1.5,6,0.5455,The survey team's theodolite bears serial number,KG96,AB32,-1.0309247970581055,-1.3310952186584473,-1.2484683990478516,17.954652382526547,18.95295639790129,18.649824685184285
9,1.5,7,0.6364,The border checkpoint ledger opens at entry code,HZ63,VE11,-1.184257984161377,-1.0968334674835205,-1.731374740600586,18.34320536046289,18.797165540978312,18.475568088470027
9,1.5,8,0.7273,The radio operator's logbook continues in volume,CJ36,BB67,-1.4076862335205078,-0.014768600463867188,-1.0179409980773926,15.94433770282194,18.00600929534994,18.642364010913298
9,1.5,9,0.8182,The lighthouse relief roster follows schedule,NJ53,GN47,-2.868748664855957,-1.0563488006591797,-1.0802702903747559,16.898333763703704,19.54121607437264,19.784827022231184
9,1.5,10,0.9091,The observatory's spare mirror was ordered as part number,BG10,VA55,-0.29619312286376953,-1.887415885925293,-1.2940030097961426,20.159528150688857,20.89113302511396,19.452460385975428
9,1.5,11,1.0,The ice core drilling rig was delivered as unit,PB58,KE71,-0.6125087738037109,0.6060056686401367,1.5748090744018555,19.913035017088987,21.702666148543358,20.19081642664969
9,2.0,0,0.0,The winter supply manifest lists lot number,JE33,RM41,-0.0715327262878418,1.739778995513916,0.05710554122924805,15.105151319876313,14.116878472268581,17.23536722920835
9,2.0,1,0.0909,The medical supply locker was closed with seal number,SQ87,PW39,0.4274873733520508,0.6185009479522705,0.17802143096923828,20.01906192023307,19.362927506212145,19.176745855947956
9,2.0,2,0.1818,Feld's field notebook carries catalogue reference,CL80,DN75,0.8695788383483887,3.3261823654174805,1.1054754257202148,16.763301115483046,20.942714624572545,20.666444225847954
9,2.0,3,0.2727,The northern relay station operates under callsign,FF40,MT57,-1.0750761032104492,0.16096019744873047,-0.9993867874145508,19.908930879784748,19.297179102082737,18.428108036285266
9,2.0,4,0.3636,The archive microfilm reel is filed under shelf mark,BD26,EX47,-0.34598445892333984,1.480238914489746,1.0683207511901855,17.097169402753934,20.00846215139609,20.36816667189123
9,2.0,5,0.4545,The expedition's spare sledge carries equipment tag,SU18,FY43,1.7911391258239746,1.590196132659912,1.2770915031433105,15.629932892508805,16.482836685609072,17.338949830736965
9,2.0,6,0.5455,The survey team's theodolite bears serial number,KG96,AB32,-1.0309247970581055,-1.199326992034912,-1.3260431289672852,17.954652382526547,18.082377112237737,18.830692237010226
9,2.0,7,0.6364,The border checkpoint ledger opens at entry code,HZ63,VE11,-1.184257984161377,-1.6713120937347412,-1.8770086765289307,18.34320536046289,17.52534297434613,17.80070815514773
9,2.0,8,0.7273,The radio operator's logbook continues in volume,CJ36,BB67,-1.4076862335205078,0.4223012924194336,-0.8207955360412598,15.94433770282194,17.41672607883811,17.540085177053697
9,2.0,9,0.8182,The lighthouse relief roster follows schedule,NJ53,GN47,-2.868748664855957,-0.5629792213439941,-1.3188915252685547,16.898333763703704,18.049436553847045,18.784136929316446
9,2.0,10,0.9091,The observatory's spare mirror was ordered as part number,BG10,VA55,-0.29619312286376953,-1.0266351699829102,-0.9240479469299316,20.159528150688857,19.471730037825182,20.0108403977938
9,2.0,11,1.0,The ice core drilling rig was delivered as unit,PB58,KE71,-0.6125087738037109,1.813863754272461,1.7321453094482422,19.913035017088987,19.305228517157957,19.56559649645351
9,3.0,0,0.0,The winter supply manifest lists lot number,JE33,RM41,-0.0715327262878418,4.942111968994141,0.5511078834533691,15.105151319876313,15.82005830295384,16.10914020612836
9,3.0,1,0.0909,The medical supply locker was closed with seal number,SQ87,PW39,0.4274873733520508,2.107720136642456,1.1228704452514648,20.01906192023307,15.49284150544554,14.181169908493757
9,3.0,2,0.1818,Feld's field notebook carries catalogue reference,CL80,DN75,0.8695788383483887,6.6972010135650635,2.0761003494262695,16.763301115483046,18.79046399728395,18.03319243527949
9,3.0,3,0.2727,The northern relay station operates under callsign,FF40,MT57,-1.0750761032104492,1.8279266357421875,-1.526318073272705,19.908930879784748,18.965668014250696,17.42846829071641
9,3.0,4,0.3636,The archive microfilm reel is filed under shelf mark,BD26,EX47,-0.34598445892333984,1.745992660522461,1.4784932136535645,17.097169402753934,17.090279996860772,16.908151836600155
9,3.0,5,0.4545,The expedition's spare sledge carries equipment tag,SU18,FY43,1.7911391258239746,2.852480411529541,1.1112480163574219,15.629932892508805,16.67189034167677,16.059688230976462
9,3.0,6,0.5455,The survey team's theodolite bears serial number,KG96,AB32,-1.0309247970581055,0.3756589889526367,-1.3560490608215332,17.954652382526547,15.444128156639636,16.96863720472902
9,3.0,7,0.6364,The border checkpoint ledger opens at entry code,HZ63,VE11,-1.184257984161377,-1.0876402854919434,-2.522705554962158,18.34320536046289,16.048681897111237,16.740934539586306
9,3.0,8,0.7273,The radio operator's logbook continues in volume,CJ36,BB67,-1.4076862335205078,1.950483798980713,-0.7337555885314941,15.94433770282194,15.764389291172847,15.94591978075914
9,3.0,9,0.8182,The lighthouse relief roster follows schedule,NJ53,GN47,-2.868748664855957,1.672041893005371,-0.8339242935180664,16.898333763703704,15.400095344521105,17.408345511183143
9,3.0,10,0.9091,The observatory's spare mirror was ordered as part number,BG10,VA55,-0.29619312286376953,1.4369406700134277,0.003597259521484375,20.159528150688857,19.4972608005628,19.376391166821122
9,3.0,11,1.0,The ice core drilling rig was delivered as unit,PB58,KE71,-0.6125087738037109,1.814558982849121,2.8039026260375977,19.913035017088987,18.256780271418393,18.130688576959074
10,0.0,0,0.0,Ansel's transit permit was issued as document number,UB64,BA66,-0.11449050903320312,-0.11449050903320312,-0.11449050903320312,19.3198587478837,19.3198587478837,19.3198587478837
10,0.0,1,0.0909,The reserve fuel depot is listed at site code,JW30,TC16,-1.1167716979980469,-1.1167716979980469,-1.1167716979980469,19.651418253662996,19.651418253662996,19.651418253662996
10,0.0,2,0.1818,The harbour pilot's licence shows registration code,BS72,MC29,-0.5940933227539062,-0.5940933227539062,-0.5940933227539062,21.171622079331428,21.171622079331428,21.171622079331428
10,0.0,3,0.2727,The medical supply locker was closed with seal number,LC41,DV68,0.578547477722168,0.578547477722168,0.578547477722168,18.19119250541553,18.19119250541553,18.19119250541553
10,0.0,4,0.3636,The mail packet from Vlissen came in pouch number,PE87,RE68,0.09826421737670898,0.09826421737670898,0.09826421737670898,21.618333254707977,21.618333254707977,21.618333254707977
10,0.0,5,0.4545,The lighthouse relief roster follows schedule,MN63,PS67,0.003558635711669922,0.003558635711669922,0.003558635711669922,14.493488528067246,14.493488528067246,14.493488528067246
10,0.0,6,0.5455,The salvage tender was registered with hull number,EQ40,LZ43,-1.5279407501220703,-1.5279407501220703,-1.5279407501220703,16.55144045362249,16.55144045362249,16.55144045362249
10,0.0,7,0.6364,The winter quarters roof panel came from batch,BU10,LW76,-3.001112461090088,-3.001112461090088,-3.001112461090088,15.181177233345807,15.181177233345807,15.181177233345807
10,0.0,8,0.7273,The hydrographic chart set reached edition,HE34,SE40,0.3400578498840332,0.3400578498840332,0.3400578498840332,16.768920330912806,16.768920330912806,16.768920330912806
10,0.0,9,0.8182,The customs declaration quotes reference code,KT56,LV14,0.584444522857666,0.584444522857666,0.584444522857666,19.55857026972808,19.55857026972808,19.55857026972808
10,0.0,10,0.9091,The eastern pumping station runs on circuit label,HL95,RA24,0.08441019058227539,0.08441019058227539,0.08441019058227539,17.719238618388772,17.719238618388772,17.719238618388772
10,0.0,11,1.0,The seismograph at Ridge Camp reports as instrument,RC93,KP41,2.7265625,2.7265625,2.7265625,17.803156316047534,17.803156316047534,17.803156316047534
10,0.25,0,0.0,Ansel's transit permit was issued as document number,UB64,BA66,-0.11449050903320312,0.14708423614501953,-0.04369544982910156,19.3198587478837,19.73731291195145,19.281874822976533
10,0.25,1,0.0909,The reserve fuel depot is listed at site code,JW30,TC16,-1.1167716979980469,-1.3903412818908691,-1.2808294296264648,19.651418253662996,19.913761684205383,19.619810212752782
10,0.25,2,0.1818,The harbour pilot's licence shows registration code,BS72,MC29,-0.5940933227539062,-0.6159677505493164,-0.5810284614562988,21.171622079331428,21.02618752513081,21.140365730505437
10,0.25,3,0.2727,The medical supply locker was closed with seal number,LC41,DV68,0.578547477722168,0.6006808280944824,0.6469540596008301,18.19119250541553,18.252925185952336,18.84283920074813
10,0.25,4,0.3636,The mail packet from Vlissen came in pouch number,PE87,RE68,0.09826421737670898,0.31021714210510254,0.23889994621276855,21.618333254707977,21.308765741996467,22.405274015269242
10,0.25,5,0.4545,The lighthouse relief roster follows schedule,MN63,PS67,0.003558635711669922,0.10836362838745117,-0.04495525360107422,14.493488528067246,14.592558118863963,14.892948389635421
10,0.25,6,0.5455,The salvage tender was registered with hull number,EQ40,LZ43,-1.5279407501220703,-1.6241660118103027,-1.4871816635131836,16.55144045362249,16.748373399255797,16.20879929867806
10,0.25,7,0.6364,The winter quarters roof panel came from batch,BU10,LW76,-3.001112461090088,-3.2973670959472656,-3.3808674812316895,15.181177233345807,15.018230190966278,15.152909552911296
10,0.25,8,0.7273,The hydrographic chart set reached edition,HE34,SE40,0.3400578498840332,0.37889957427978516,0.17944002151489258,16.768920330912806,16.816441053990275,17.30022125132382
10,0.25,9,0.8182,The customs declaration quotes reference code,KT56,LV14,0.584444522857666,0.48518848419189453,0.5561375617980957,19.55857026972808,19.558608354069293,19.80096816504374
10,0.25,10,0.9091,The eastern pumping station runs on circuit label,HL95,RA24,0.08441019058227539,0.015816688537597656,0.05652952194213867,17.719238618388772,17.789564723614603,17.73195859976113
10,0.25,11,1.0,The seismograph at Ridge Camp reports as instrument,RC93,KP41,2.7265625,2.517042636871338,2.7949023246765137,17.803156316047534,19.183113912527915,18.866013419115916
10,0.5,0,0.0,Ansel's transit permit was issued as document number,UB64,BA66,-0.11449050903320312,0.4576754570007324,0.4043560028076172,19.3198587478837,20.123950814304408,19.28396857396001
10,0.5,1,0.0909,The reserve fuel depot is listed at site code,JW30,TC16,-1.1167716979980469,-1.1738781929016113,-1.1445188522338867,19.651418253662996,19.994654641428497,19.955611893790774
10,0.5,2,0.1818,The harbour pilot's licence shows registration code,BS72,MC29,-0.5940933227539062,-0.5522017478942871,-0.4879441261291504,21.171622079331428,21.577888451283798,21.587467925157398
10,0.5,3,0.2727,The medical supply locker was closed with seal number,LC41,DV68,0.578547477722168,0.6436891555786133,0.6655454635620117,18.19119250541553,18.055553323123604,17.617328896187246
10,0.5,4,0.3636,The mail packet from Vlissen came in pouch number,PE87,RE68,0.09826421737670898,0.3113372325897217,0.19774866104125977,21.618333254707977,21.598489638534375,20.9452362942975
10,0.5,5,0.4545,The lighthouse relief roster follows schedule,MN63,PS67,0.003558635711669922,-0.17206525802612305,-0.0275726318359375,14.493488528067246,14.750305680907331,14.752548667951487
10,0.5,6,0.5455,The salvage tender was registered with hull number,EQ40,LZ43,-1.5279407501220703,-1.468766689300537,-1.302079200744629,16.55144045362249,17.368191235262202,17.082816083333455
10,0.5,7,0.6364,The winter quarters roof panel came from batch,BU10,LW76,-3.001112461090088,-3.2495412826538086,-3.3126606941223145,15.181177233345807,15.339630325324833,15.200355273671448
10,0.5,8,0.7273,The hydrographic chart set reached edition,HE34,SE40,0.3400578498840332,0.5134806632995605,0.19443988800048828,16.768920330912806,16.996218517713714,17.16560477844905
10,0.5,9,0.8182,The customs declaration quotes reference code,KT56,LV14,0.584444522857666,0.4752845764160156,0.5229802131652832,19.55857026972808,19.768336306209676,19.69733615615405
10,0.5,10,0.9091,The eastern pumping station runs on circuit label,HL95,RA24,0.08441019058227539,0.0572052001953125,-0.15431880950927734,17.719238618388772,17.544995045056567,16.672370536951348
10,0.5,11,1.0,The seismograph at Ridge Camp reports as instrument,RC93,KP41,2.7265625,2.374091625213623,2.6474084854125977,17.803156316047534,19.181245129206218,18.664148156531155
10,0.75,0,0.0,Ansel's transit permit was issued as document number,UB64,BA66,-0.11449050903320312,0.4062671661376953,0.27695417404174805,19.3198587478837,18.5234753631521,21.04629393905634
10,0.75,1,0.0909,The reserve fuel depot is listed at site code,JW30,TC16,-1.1167716979980469,-1.0201950073242188,-1.3839802742004395,19.651418253662996,19.437863821629435,19.777615201252047
10,0.75,2,0.1818,The harbour pilot's licence shows registration code,BS72,MC29,-0.5940933227539062,-0.4337005615234375,-0.5128917694091797,21.171622079331428,20.8785286010243,21.233898468548432
10,0.75,3,0.2727,The medical supply locker was closed with seal number,LC41,DV68,0.578547477722168,0.7342367172241211,0.8854312896728516,18.19119250541553,19.23612296511419,18.687532202340662
10,0.75,4,0.3636,The mail packet from Vlissen came in pouch number,PE87,RE68,0.09826421737670898,0.6037468910217285,0.38935279846191406,21.618333254707977,21.827481964370236,23.466806801734492
10,0.75,5,0.4545,The lighthouse relief roster follows schedule,MN63,PS67,0.003558635711669922,-0.017393112182617188,-0.06794500350952148,14.493488528067246,15.231132374959998,15.432387208100408
10,0.75,6,0.5455,The salvage tender was registered with hull number,EQ40,LZ43,-1.5279407501220703,-1.3647875785827637,-1.7606754302978516,16.55144045362249,16.06248545460403,16.48901524685789
10,0.75,7,0.6364,The winter quarters roof panel came from batch,BU10,LW76,-3.001112461090088,-3.223978042602539,-3.6073379516601562,15.181177233345807,14.883331144461408,15.588650352554396
10,0.75,8,0.7273,The hydrographic chart set reached edition,HE34,SE40,0.3400578498840332,0.5704970359802246,0.35550594329833984,16.768920330912806,17.603220904245973,17.840422808891162
10,0.75,9,0.8182,The customs declaration quotes reference code,KT56,LV14,0.584444522857666,0.46430253982543945,0.3924574851989746,19.55857026972808,19.786047244328074,19.722031098906882
10,0.75,10,0.9091,The eastern pumping station runs on circuit label,HL95,RA24,0.08441019058227539,0.02201557159423828,-0.03682136535644531,17.719238618388772,17.768379708053544,17.917297982610762
10,0.75,11,1.0,The seismograph at Ridge Camp reports as instrument,RC93,KP41,2.7265625,2.404050350189209,2.625124931335449,17.803156316047534,17.789369939360768,18.914957930450328
10,1.0,0,0.0,Ansel's transit permit was issued as document number,UB64,BA66,-0.11449050903320312,-0.19943523406982422,-0.3734297752380371,19.3198587478837,17.54948050319217,17.96309485193342
10,1.0,1,0.0909,The reserve fuel depot is listed at site code,JW30,TC16,-1.1167716979980469,-0.7276921272277832,-1.1183686256408691,19.651418253662996,18.703595649276394,19.45453965238994
10,1.0,2,0.1818,The harbour pilot's licence shows registration code,BS72,MC29,-0.5940933227539062,-0.37386226654052734,-0.6291685104370117,21.171622079331428,21.470583816990256,22.24598303041421
10,1.0,3,0.2727,The medical supply locker was closed with seal number,LC41,DV68,0.578547477722168,0.512183666229248,0.5824737548828125,18.19119250541553,16.514420920284465,16.704341972945258
10,1.0,4,0.3636,The mail packet from Vlissen came in pouch number,PE87,RE68,0.09826421737670898,1.2402164936065674,0.5004591941833496,21.618333254707977,22.64872834290145,22.755458390223794
10,1.0,5,0.4545,The lighthouse relief roster follows schedule,MN63,PS67,0.003558635711669922,0.7008452415466309,0.7436532974243164,14.493488528067246,16.054344238247722,15.448358752182685
10,1.0,6,0.5455,The salvage tender was registered with hull number,EQ40,LZ43,-1.5279407501220703,-0.5105562210083008,-0.5439777374267578,16.55144045362249,17.785185052314773,17.898541547358036
10,1.0,7,0.6364,The winter quarters roof panel came from batch,BU10,LW76,-3.001112461090088,-2.1621546745300293,-2.5203237533569336,15.181177233345807,17.006867033429444,17.144028584007174
10,1.0,8,0.7273,The hydrographic chart set reached edition,HE34,SE40,0.3400578498840332,1.1430516242980957,0.0438995361328125,16.768920330912806,17.415542001021095,16.736012291978113
10,1.0,9,0.8182,The customs declaration quotes reference code,KT56,LV14,0.584444522857666,0.32857227325439453,0.49445009231567383,19.55857026972808,19.79142342961859,19.865545713808388
10,1.0,10,0.9091,The eastern pumping station runs on circuit label,HL95,RA24,0.08441019058227539,-0.08067178726196289,-0.4372224807739258,17.719238618388772,17.403676581336185,18.03560259146616
10,1.0,11,1.0,The seismograph at Ridge Camp reports as instrument,RC93,KP41,2.7265625,5.198093891143799,3.7885842323303223,17.803156316047534,16.688408366870135,16.733404414262623
10,1.25,0,0.0,Ansel's transit permit was issued as document number,UB64,BA66,-0.11449050903320312,-0.4545097351074219,-0.11401176452636719,19.3198587478837,18.153609354281798,18.296092514065094
10,1.25,1,0.0909,The reserve fuel depot is listed at site code,JW30,TC16,-1.1167716979980469,-0.5962791442871094,-1.0261225700378418,19.651418253662996,18.622932714642957,19.365873059578007
10,1.25,2,0.1818,The harbour pilot's licence shows registration code,BS72,MC29,-0.5940933227539062,-0.3999505043029785,-0.8914461135864258,21.171622079331428,21.227782532572746,21.203494031215087
10,1.25,3,0.2727,The medical supply locker was closed with seal number,LC41,DV68,0.578547477722168,0.5127544403076172,0.5637264251708984,18.19119250541553,16.270233047078364,15.424954825546592
10,1.25,4,0.3636,The mail packet from Vlissen came in pouch number,PE87,RE68,0.09826421737670898,1.550961971282959,0.5477685928344727,21.618333254707977,22.18702874670271,21.482612437801436
10,1.25,5,0.4545,The lighthouse relief roster follows schedule,MN63,PS67,0.003558635711669922,0.7096049785614014,0.6609528064727783,14.493488528067246,16.021761176758446,15.609769694856368
10,1.25,6,0.5455,The salvage tender was registered with hull number,EQ40,LZ43,-1.5279407501220703,-0.2007908821105957,-0.44174861907958984,16.55144045362249,17.326924365828745,16.993924025271554
10,1.25,7,0.6364,The winter quarters roof panel came from batch,BU10,LW76,-3.001112461090088,-1.896477222442627,-2.5798158645629883,15.181177233345807,16.400143998209387,16.377018133644015
10,1.25,8,0.7273,The hydrographic chart set reached edition,HE34,SE40,0.3400578498840332,1.3418769836425781,-0.1131596565246582,16.768920330912806,17.14406792889349,17.77722158690449
10,1.25,9,0.8182,The customs declaration quotes reference code,KT56,LV14,0.584444522857666,0.26978540420532227,0.36267518997192383,19.55857026972808,19.613565826555714,20.722764677135274
10,1.25,10,0.9091,The eastern pumping station runs on circuit label,HL95,RA24,0.08441019058227539,0.31256771087646484,-0.21709442138671875,17.719238618388772,17.0826626974158,16.911309463437647
10,1.25,11,1.0,The seismograph at Ridge Camp reports as instrument,RC93,KP41,2.7265625,4.835452556610107,3.8710832595825195,17.803156316047534,16.3789146495983,16.807248970260844
10,1.5,0,0.0,Ansel's transit permit was issued as document number,UB64,BA66,-0.11449050903320312,-0.4232912063598633,-0.27892398834228516,19.3198587478837,17.794915814185515,18.117701009148732
10,1.5,1,0.0909,The reserve fuel depot is listed at site code,JW30,TC16,-1.1167716979980469,-0.4261350631713867,-0.5998859405517578,19.651418253662996,18.64108213642612,18.99806011590408
10,1.5,2,0.1818,The harbour pilot's licence shows registration code,BS72,MC29,-0.5940933227539062,-0.24801921844482422,-0.9138741493225098,21.171622079331428,20.953615745529532,19.881152572343126
10,1.5,3,0.2727,The medical supply locker was closed with seal number,LC41,DV68,0.578547477722168,0.5491585731506348,0.34964561462402344,18.19119250541553,15.607206418644637,15.357050155987963
10,1.5,4,0.3636,The mail packet from Vlissen came in pouch number,PE87,RE68,0.09826421737670898,1.3767368793487549,0.5947291851043701,21.618333254707977,22.73994585016044,21.48117738281144
10,1.5,5,0.4545,The lighthouse relief roster follows schedule,MN63,PS67,0.003558635711669922,0.6540353298187256,0.5782883167266846,14.493488528067246,16.031426220200956,15.748827649105806
10,1.5,6,0.5455,The salvage tender was registered with hull number,EQ40,LZ43,-1.5279407501220703,-0.1597743034362793,-0.43872642517089844,16.55144045362249,18.402426871616626,17.00166265410371
10,1.5,7,0.6364,The winter quarters roof panel came from batch,BU10,LW76,-3.001112461090088,-1.6300768852233887,-2.2768373489379883,15.181177233345807,15.87165111862123,16.098935129353777
10,1.5,8,0.7273,The hydrographic chart set reached edition,HE34,SE40,0.3400578498840332,1.5746369361877441,-0.12320232391357422,16.768920330912806,17.939411019324325,18.000290017109364
10,1.5,9,0.8182,The customs declaration quotes reference code,KT56,LV14,0.584444522857666,0.23131465911865234,0.38620996475219727,19.55857026972808,18.980943795933854,19.950088429031894
10,1.5,10,0.9091,The eastern pumping station runs on circuit label,HL95,RA24,0.08441019058227539,0.30377674102783203,-0.22774267196655273,17.719238618388772,18.16906840458978,16.953194252448156
10,1.5,11,1.0,The seismograph at Ridge Camp reports as instrument,RC93,KP41,2.7265625,5.067165374755859,3.6137709617614746,17.803156316047534,16.837321632076055,17.31889675091952
10,2.0,0,0.0,Ansel's transit permit was issued as document number,UB64,BA66,-0.11449050903320312,0.1538405418395996,-0.7072019577026367,19.3198587478837,13.854711927473545,15.29175529628992
10,2.0,1,0.0909,The reserve fuel depot is listed at site code,JW30,TC16,-1.1167716979980469,-0.5779561996459961,-1.1840009689331055,19.651418253662996,18.179020554875024,17.8563241714146
10,2.0,2,0.1818,The harbour pilot's licence shows registration code,BS72,MC29,-0.5940933227539062,0.025259971618652344,-1.361063003540039,21.171622079331428,19.664458867162466,17.921332642436028
10,2.0,3,0.2727,The medical supply locker was closed with seal number,LC41,DV68,0.578547477722168,1.1187572479248047,0.4129815101623535,18.19119250541553,14.419249611441046,14.3452629649546
10,2.0,4,0.3636,The mail packet from Vlissen came in pouch number,PE87,RE68,0.09826421737670898,2.1954236030578613,0.5245122909545898,21.618333254707977,19.675758629105985,20.37139235914219
10,2.0,5,0.4545,The lighthouse relief roster follows schedule,MN63,PS67,0.003558635711669922,0.2940988540649414,-0.03618907928466797,14.493488528067246,14.674647405510768,14.965664571383968
10,2.0,6,0.5455,The salvage tender was registered with hull number,EQ40,LZ43,-1.5279407501220703,0.12476348876953125,-0.33129072189331055,16.55144045362249,15.60448178468505,16.713326131517533
10,2.0,7,0.6364,The winter quarters roof panel came from batch,BU10,LW76,-3.001112461090088,-0.9304037094116211,-1.4153752326965332,15.181177233345807,17.446687638759613,16.24439803743735
10,2.0,8,0.7273,The hydrographic chart set reached edition,HE34,SE40,0.3400578498840332,2.082733631134033,0.019663333892822266,16.768920330912806,17.914820795645937,18.23556017980445
10,2.0,9,0.8182,The customs declaration quotes reference code,KT56,LV14,0.584444522857666,0.6602754592895508,0.16271257400512695,19.55857026972808,17.706599066965282,19.579798219026998
10,2.0,10,0.9091,The eastern pumping station runs on circuit label,HL95,RA24,0.08441019058227539,0.6067328453063965,-0.38925743103027344,17.719238618388772,16.106878636870533,16.657433035084978
10,2.0,11,1.0,The seismograph at Ridge Camp reports as instrument,RC93,KP41,2.7265625,5.203105449676514,4.114731311798096,17.803156316047534,17.313308983575553,17.05894143297337
10,3.0,0,0.0,Ansel's transit permit was issued as document number,UB64,BA66,-0.11449050903320312,1.1446847915649414,-0.46619749069213867,19.3198587478837,15.22314503788948,14.137171387672424
10,3.0,1,0.0909,The reserve fuel depot is listed at site code,JW30,TC16,-1.1167716979980469,0.10897970199584961,-2.7396183013916016,19.651418253662996,17.59129285160452,15.41248488985002
10,3.0,2,0.1818,The harbour pilot's licence shows registration code,BS72,MC29,-0.5940933227539062,0.844517707824707,-1.1045756340026855,21.171622079331428,19.998870484530926,17.718967862427235
10,3.0,3,0.2727,The medical supply locker was closed with seal number,LC41,DV68,0.578547477722168,1.2741317749023438,-0.16309309005737305,18.19119250541553,13.4800057541579,12.919552562758327
10,3.0,4,0.3636,The mail packet from Vlissen came in pouch number,PE87,RE68,0.09826421737670898,4.854937314987183,1.3078320026397705,21.618333254707977,16.728002343326807,17.172062765806913
10,3.0,5,0.4545,The lighthouse relief roster follows schedule,MN63,PS67,0.003558635711669922,-0.37905073165893555,0.298168420791626,14.493488528067246,13.228244448080659,11.835468268021941
10,3.0,6,0.5455,The salvage tender was registered with hull number,EQ40,LZ43,-1.5279407501220703,-1.6720514297485352,-1.0010085105895996,16.55144045362249,16.03330333379563,14.378196871373802
10,3.0,7,0.6364,The winter quarters roof panel came from batch,BU10,LW76,-3.001112461090088,-1.306070327758789,-1.894759178161621,15.181177233345807,17.481940577737987,16.23994606360793
10,3.0,8,0.7273,The hydrographic chart set reached edition,HE34,SE40,0.3400578498840332,1.6391363143920898,-0.08146429061889648,16.768920330912806,17.030983273638412,16.658851942047477
10,3.0,9,0.8182,The customs declaration quotes reference code,KT56,LV14,0.584444522857666,1.1070752143859863,0.5070757865905762,19.55857026972808,18.128457807470113,18.33321970142424
10,3.0,10,0.9091,The eastern pumping station runs on circuit label,HL95,RA24,0.08441019058227539,1.2780537605285645,0.882606029510498,17.719238618388772,14.67671742476523,13.22572296205908
10,3.0,11,1.0,The seismograph at Ridge Camp reports as instrument,RC93,KP41,2.7265625,7.792662620544434,6.5608673095703125,17.803156316047534,18.534501771908253,18.47636917885393
11,0.0,0,0.0,The signal lamp housing takes fitting code,QT69,AV52,-0.19935321807861328,-0.19935321807861328,-0.19935321807861328,21.266866680700332,21.266866680700332,21.266866680700332
11,0.0,1,0.0909,The radio operator's logbook continues in volume,QS85,KN19,1.1269240379333496,1.1269240379333496,1.1269240379333496,16.62045961082913,16.62045961082913,16.62045961082913
11,0.0,2,0.1818,The medical supply locker was closed with seal number,GF75,CC36,0.2980833053588867,0.2980833053588867,0.2980833053588867,22.36532878037542,22.36532878037542,22.36532878037542
11,0.0,3,0.2727,The harbour pilot's licence shows registration code,RW88,UW41,0.9319312572479248,0.9319312572479248,0.9319312572479248,8.374036398716271,8.374036398716271,8.374036398716271
11,0.0,4,0.3636,The archive microfilm reel is filed under shelf mark,FD67,AV57,0.5251693725585938,0.5251693725585938,0.5251693725585938,15.095396055607125,15.095396055607125,15.095396055607125
11,0.0,5,0.4545,The ice core drilling rig was delivered as unit,KE21,MV68,0.7969999313354492,0.7969999313354492,0.7969999313354492,13.227692674961872,13.227692674961872,13.227692674961872
11,0.0,6,0.5455,The sealed crate in the annex is marked with inventory tag,TY91,EU71,1.3905847072601318,1.3905847072601318,1.3905847072601318,17.322444105753675,17.322444105753675,17.322444105753675
11,0.0,7,0.6364,The telegraph repeater hut answers to station code,BV60,UE59,1.4593300819396973,1.4593300819396973,1.4593300819396973,15.776166055351496,15.776166055351496,15.776166055351496
11,0.0,8,0.7273,The shipment of core samples travelled under consignment code,WF89,FW29,1.3823046684265137,1.3823046684265137,1.3823046684265137,14.939392141299322,14.939392141299322,14.939392141299322
11,0.0,9,0.8182,The winter supply manifest lists lot number,AS18,HZ34,-0.12124109268188477,-0.12124109268188477,-0.12124109268188477,16.1486715588253,16.1486715588253,16.1486715588253
11,0.0,10,0.9091,Ansel's transit permit was issued as document number,BB34,TG97,1.3499724864959717,1.3499724864959717,1.3499724864959717,13.975789021002129,13.975789021002129,13.975789021002129
11,0.0,11,1.0,The seismograph at Ridge Camp reports as instrument,HV13,NR87,-1.6699676513671875,-1.6699676513671875,-1.6699676513671875,16.88729160814546,16.88729160814546,16.88729160814546
11,0.25,0,0.0,The signal lamp housing takes fitting code,QT69,AV52,-0.19935321807861328,0.28996896743774414,0.17842388153076172,21.266866680700332,21.722378326114267,21.674422063399106
11,0.25,1,0.0909,The radio operator's logbook continues in volume,QS85,KN19,1.1269240379333496,1.356954574584961,1.0770297050476074,16.62045961082913,16.74050202302169,16.83121104503516
11,0.25,2,0.1818,The medical supply locker was closed with seal number,GF75,CC36,0.2980833053588867,0.0819554328918457,0.26824045181274414,22.36532878037542,21.069311742205173,21.741411792929284
11,0.25,3,0.2727,The harbour pilot's licence shows registration code,RW88,UW41,0.9319312572479248,0.9347877502441406,0.9860785007476807,8.374036398716271,8.500547885894775,8.749999618157744
11,0.25,4,0.3636,The archive microfilm reel is filed under shelf mark,FD67,AV57,0.5251693725585938,0.6787962913513184,0.6582136154174805,15.095396055607125,15.382668612524867,15.723016344942153
11,0.25,5,0.4545,The ice core drilling rig was delivered as unit,KE21,MV68,0.7969999313354492,0.7465977668762207,0.917546272277832,13.227692674961872,13.9856236577034,13.927413685247302
11,0.25,6,0.5455,The sealed crate in the annex is marked with inventory tag,TY91,EU71,1.3905847072601318,1.1828081607818604,1.3744354248046875,17.322444105753675,17.34613565460313,17.469964203541167
11,0.25,7,0.6364,The telegraph repeater hut answers to station code,BV60,UE59,1.4593300819396973,1.5875654220581055,1.4646849632263184,15.776166055351496,16.672968899831176,17.06319147674367
11,0.25,8,0.7273,The shipment of core samples travelled under consignment code,WF89,FW29,1.3823046684265137,1.0391762256622314,1.1444003582000732,14.939392141299322,15.62398160295561,15.972725416533649
11,0.25,9,0.8182,The winter supply manifest lists lot number,AS18,HZ34,-0.12124109268188477,-0.18025493621826172,-0.2397785186767578,16.1486715588253,16.754697883385234,17.273939220118336
11,0.25,10,0.9091,Ansel's transit permit was issued as document number,BB34,TG97,1.3499724864959717,1.5047836303710938,1.3539440631866455,13.975789021002129,14.348246509558521,14.484125136514194
11,0.25,11,1.0,The seismograph at Ridge Camp reports as instrument,HV13,NR87,-1.6699676513671875,-2.065847396850586,-1.9220187664031982,16.88729160814546,17.201062279287726,17.504169893451035
11,0.5,0,0.0,The signal lamp housing takes fitting code,QT69,AV52,-0.19935321807861328,0.16889429092407227,0.0622868537902832,21.266866680700332,21.987994351424277,21.898724980885163
11,0.5,1,0.0909,The radio operator's logbook continues in volume,QS85,KN19,1.1269240379333496,1.3067712783813477,0.8746399879455566,16.62045961082913,17.875114442431368,17.190378718660213
11,0.5,2,0.1818,The medical supply locker was closed with seal number,GF75,CC36,0.2980833053588867,0.5265846252441406,0.19133520126342773,22.36532878037542,20.60252937953919,20.913756591733545
11,0.5,3,0.2727,The harbour pilot's licence shows registration code,RW88,UW41,0.9319312572479248,1.4090981483459473,1.0882971286773682,8.374036398716271,8.75034462241456,8.812240806408226
11,0.5,4,0.3636,The archive microfilm reel is filed under shelf mark,FD67,AV57,0.5251693725585938,0.7522602081298828,0.7259488105773926,15.095396055607125,16.86252575693652,16.564924457808957
11,0.5,5,0.4545,The ice core drilling rig was delivered as unit,KE21,MV68,0.7969999313354492,0.5477018356323242,1.2184009552001953,13.227692674961872,14.431364448915701,14.527754225302488
11,0.5,6,0.5455,The sealed crate in the annex is marked with inventory tag,TY91,EU71,1.3905847072601318,1.5193006992340088,1.274817705154419,17.322444105753675,17.75418893469032,18.10042974492535
11,0.5,7,0.6364,The telegraph repeater hut answers to station code,BV60,UE59,1.4593300819396973,1.961439609527588,1.590834140777588,15.776166055351496,17.557135733775795,18.245443475432694
11,0.5,8,0.7273,The shipment of core samples travelled under consignment code,WF89,FW29,1.3823046684265137,1.301696538925171,1.206334114074707,14.939392141299322,16.693683435907587,16.129747482715175
11,0.5,9,0.8182,The winter supply manifest lists lot number,AS18,HZ34,-0.12124109268188477,-0.08736133575439453,-0.1407155990600586,16.1486715588253,17.149606488179415,16.846509576309472
11,0.5,10,0.9091,Ansel's transit permit was issued as document number,BB34,TG97,1.3499724864959717,1.549351692199707,0.9739763736724854,13.975789021002129,14.748917872610036,14.738598899682984
11,0.5,11,1.0,The seismograph at Ridge Camp reports as instrument,HV13,NR87,-1.6699676513671875,-2.1449832916259766,-2.078112840652466,16.88729160814546,17.98829019162804,17.850171150173992
11,0.75,0,0.0,The signal lamp housing takes fitting code,QT69,AV52,-0.19935321807861328,0.5282797813415527,0.11414098739624023,21.266866680700332,22.37690920010209,22.066284913453273
11,0.75,1,0.0909,The radio operator's logbook continues in volume,QS85,KN19,1.1269240379333496,1.4969654083251953,1.0130162239074707,16.62045961082913,19.81479005672736,17.04223210713826
11,0.75,2,0.1818,The medical supply locker was closed with seal number,GF75,CC36,0.2980833053588867,0.615358829498291,0.5392336845397949,22.36532878037542,20.76593050104566,21.290977352997288
11,0.75,3,0.2727,The harbour pilot's licence shows registration code,RW88,UW41,0.9319312572479248,1.2593662738800049,1.0021073818206787,8.374036398716271,9.249629564816132,8.937482181936502
11,0.75,4,0.3636,The archive microfilm reel is filed under shelf mark,FD67,AV57,0.5251693725585938,0.5821633338928223,0.7182316780090332,15.095396055607125,18.305825889343396,17.249566949089058
11,0.75,5,0.4545,The ice core drilling rig was delivered as unit,KE21,MV68,0.7969999313354492,0.8996095657348633,1.2812118530273438,13.227692674961872,14.885789281979669,14.385428351408336
11,0.75,6,0.5455,The sealed crate in the annex is marked with inventory tag,TY91,EU71,1.3905847072601318,1.0124902725219727,0.8753864765167236,17.322444105753675,17.844859979639295,17.786819322500378
11,0.75,7,0.6364,The telegraph repeater hut answers to station code,BV60,UE59,1.4593300819396973,1.6437430381774902,1.4850592613220215,15.776166055351496,19.25174821005203,18.534749455284327
11,0.75,8,0.7273,The shipment of core samples travelled under consignment code,WF89,FW29,1.3823046684265137,1.0026910305023193,0.8717818260192871,14.939392141299322,17.587245868053287,17.00864521425683
11,0.75,9,0.8182,The winter supply manifest lists lot number,AS18,HZ34,-0.12124109268188477,-0.14890575408935547,-0.13962221145629883,16.1486715588253,17.92354035715107,17.762459160527214
11,0.75,10,0.9091,Ansel's transit permit was issued as document number,BB34,TG97,1.3499724864959717,1.2093682289123535,1.3425288200378418,13.975789021002129,15.7734100438538,15.109387266798876
11,0.75,11,1.0,The seismograph at Ridge Camp reports as instrument,HV13,NR87,-1.6699676513671875,-1.905797004699707,-2.007096529006958,16.88729160814546,18.35205020289868,18.52894728584215
11,1.0,0,0.0,The signal lamp housing takes fitting code,QT69,AV52,-0.19935321807861328,-0.11296415328979492,-1.2261037826538086,21.266866680700332,23.015582266263664,22.58259139501024
11,1.0,1,0.0909,The radio operator's logbook continues in volume,QS85,KN19,1.1269240379333496,1.4266705513000488,0.6091756820678711,16.62045961082913,20.220856144209392,17.344251835369505
11,1.0,2,0.1818,The medical supply locker was closed with seal number,GF75,CC36,0.2980833053588867,1.859792709350586,0.664069652557373,22.36532878037542,23.45137008524034,22.099119098915253
11,1.0,3,0.2727,The harbour pilot's licence shows registration code,RW88,UW41,0.9319312572479248,0.6469180583953857,-0.8279919624328613,8.374036398716271,9.687628913670778,9.31244785967283
11,1.0,4,0.3636,The archive microfilm reel is filed under shelf mark,FD67,AV57,0.5251693725585938,-1.2092480659484863,-0.8004140853881836,15.095396055607125,18.7759463408147,17.710850187810138
11,1.0,5,0.4545,The ice core drilling rig was delivered as unit,KE21,MV68,0.7969999313354492,-0.20140647888183594,0.18555736541748047,13.227692674961872,16.41226647826261,15.164907562371809
11,1.0,6,0.5455,The sealed crate in the annex is marked with inventory tag,TY91,EU71,1.3905847072601318,2.062781572341919,1.133265733718872,17.322444105753675,18.91452712006867,18.365268644003663
11,1.0,7,0.6364,The telegraph repeater hut answers to station code,BV60,UE59,1.4593300819396973,3.8924951553344727,3.557176113128662,15.776166055351496,17.906187379034236,17.517061817343347
11,1.0,8,0.7273,The shipment of core samples travelled under consignment code,WF89,FW29,1.3823046684265137,1.7105834484100342,0.968325138092041,14.939392141299322,19.886021515820175,18.79834640561603
11,1.0,9,0.8182,The winter supply manifest lists lot number,AS18,HZ34,-0.12124109268188477,-0.1670212745666504,-0.7534260749816895,16.1486715588253,18.441999102011323,17.397000321390806
11,1.0,10,0.9091,Ansel's transit permit was issued as document number,BB34,TG97,1.3499724864959717,-0.20427894592285156,0.09873008728027344,13.975789021002129,15.494235674384981,14.193833083147183
11,1.0,11,1.0,The seismograph at Ridge Camp reports as instrument,HV13,NR87,-1.6699676513671875,-1.222066879272461,-1.6109905242919922,16.88729160814546,19.191454219049774,18.935021175886504
11,1.25,0,0.0,The signal lamp housing takes fitting code,QT69,AV52,-0.19935321807861328,0.11906623840332031,-1.030308723449707,21.266866680700332,22.46963492233772,22.852194173494354
11,1.25,1,0.0909,The radio operator's logbook continues in volume,QS85,KN19,1.1269240379333496,1.574728012084961,0.528045654296875,16.62045961082913,19.95908723596949,18.803125766047742
11,1.25,2,0.1818,The medical supply locker was closed with seal number,GF75,CC36,0.2980833053588867,1.3302910327911377,0.7976975440979004,22.36532878037542,23.03295718249865,22.813463134225458
11,1.25,3,0.2727,The harbour pilot's licence shows registration code,RW88,UW41,0.9319312572479248,1.038262128829956,-0.21767139434814453,8.374036398716271,9.499999912455678,9.624967735959217
11,1.25,4,0.3636,The archive microfilm reel is filed under shelf mark,FD67,AV57,0.5251693725585938,-0.9859700202941895,-0.5851917266845703,15.095396055607125,19.20951700146543,18.003084680996835
11,1.25,5,0.4545,The ice core drilling rig was delivered as unit,KE21,MV68,0.7969999313354492,-0.15313434600830078,0.13776159286499023,13.227692674961872,15.84005262205028,15.800782005040674
11,1.25,6,0.5455,The sealed crate in the annex is marked with inventory tag,TY91,EU71,1.3905847072601318,1.9901854991912842,1.163072109222412,17.322444105753675,18.898145262268372,19.43386936697061
11,1.25,7,0.6364,The telegraph repeater hut answers to station code,BV60,UE59,1.4593300819396973,3.2143874168395996,2.9649250507354736,15.776166055351496,18.359110479359515,18.388217409490608
11,1.25,8,0.7273,The shipment of core samples travelled under consignment code,WF89,FW29,1.3823046684265137,2.4510231018066406,1.4218437671661377,14.939392141299322,20.225031944923103,19.66521710786037
11,1.25,9,0.8182,The winter supply manifest lists lot number,AS18,HZ34,-0.12124109268188477,-0.1338176727294922,-1.2464094161987305,16.1486715588253,18.51955748096225,17.90044102379761
11,1.25,10,0.9091,Ansel's transit permit was issued as document number,BB34,TG97,1.3499724864959717,-0.26116085052490234,0.11496591567993164,13.975789021002129,15.25075608806219,14.726885381271131
11,1.25,11,1.0,The seismograph at Ridge Camp reports as instrument,HV13,NR87,-1.6699676513671875,-1.3607172966003418,-1.8467941284179688,16.88729160814546,18.583133989712223,19.878459605097305
11,1.5,0,0.0,The signal lamp housing takes fitting code,QT69,AV52,-0.19935321807861328,0.6011247634887695,-0.9821085929870605,21.266866680700332,20.969998276559636,22.30845384526765
11,1.5,1,0.0909,The radio operator's logbook continues in volume,QS85,KN19,1.1269240379333496,1.8621854782104492,0.5791921615600586,16.62045961082913,21.007929664920084,18.52887105155969
11,1.5,2,0.1818,The medical supply locker was closed with seal number,GF75,CC36,0.2980833053588867,0.9631223678588867,0.41598033905029297,22.36532878037542,23.426498674962204,21.99382748089556
11,1.5,3,0.2727,The harbour pilot's licence shows registration code,RW88,UW41,0.9319312572479248,0.8954935073852539,-0.1479356288909912,8.374036398716271,9.50012908456847,9.875007266411558
11,1.5,4,0.3636,The archive microfilm reel is filed under shelf mark,FD67,AV57,0.5251693725585938,-0.9633708000183105,-0.6971163749694824,15.095396055607125,19.44829511048738,18.08250762562966
11,1.5,5,0.4545,The ice core drilling rig was delivered as unit,KE21,MV68,0.7969999313354492,0.19437789916992188,0.5939083099365234,13.227692674961872,15.576907613765798,14.54965885112324
11,1.5,6,0.5455,The sealed crate in the annex is marked with inventory tag,TY91,EU71,1.3905847072601318,1.9697377681732178,1.1988873481750488,17.322444105753675,20.083648528554477,19.294657473423285
11,1.5,7,0.6364,The telegraph repeater hut answers to station code,BV60,UE59,1.4593300819396973,2.9228625297546387,2.817826509475708,15.776166055351496,18.453641338506714,18.366893729544245
11,1.5,8,0.7273,The shipment of core samples travelled under consignment code,WF89,FW29,1.3823046684265137,2.308814287185669,1.2634367942810059,14.939392141299322,20.289388876757585,20.063552289502695
11,1.5,9,0.8182,The winter supply manifest lists lot number,AS18,HZ34,-0.12124109268188477,0.1076040267944336,-0.2846713066101074,16.1486715588253,18.3487344502646,17.8330380077241
11,1.5,10,0.9091,Ansel's transit permit was issued as document number,BB34,TG97,1.3499724864959717,-0.6149561405181885,0.24048185348510742,13.975789021002129,14.790044316730928,13.328615740174428
11,1.5,11,1.0,The seismograph at Ridge Camp reports as instrument,HV13,NR87,-1.6699676513671875,-1.3122329711914062,-1.9490890502929688,16.88729160814546,18.51613256940618,18.948809871682897
11,2.0,0,0.0,The signal lamp housing takes fitting code,QT69,AV52,-0.19935321807861328,0.4917135238647461,-1.164018154144287,21.266866680700332,18.831253215670586,20.948878568364307
11,2.0,1,0.0909,The radio operator's logbook continues in volume,QS85,KN19,1.1269240379333496,2.1928014755249023,0.7837872505187988,16.62045961082913,19.89440715778619,20.60597790533211
11,2.0,2,0.1818,The medical supply locker was closed with seal number,GF75,CC36,0.2980833053588867,2.2961673736572266,0.2660179138183594,22.36532878037542,23.533115195459686,21.654353745951084
11,2.0,3,0.2727,The harbour pilot's licence shows registration code,RW88,UW41,0.9319312572479248,2.58036732673645,0.6209173202514648,8.374036398716271,8.937559780431911,10.437381282390561
11,2.0,4,0.3636,The archive microfilm reel is filed under shelf mark,FD67,AV57,0.5251693725585938,-1.7311482429504395,-0.8058977127075195,15.095396055607125,18.97458547219867,18.37867840078252
11,2.0,5,0.4545,The ice core drilling rig was delivered as unit,KE21,MV68,0.7969999313354492,0.4822983741760254,-0.3475356101989746,13.227692674961872,14.35552794954856,13.373299398692325
11,2.0,6,0.5455,The sealed crate in the annex is marked with inventory tag,TY91,EU71,1.3905847072601318,1.7162039279937744,0.4306190013885498,17.322444105753675,19.079438703134656,20.865156182655483
11,2.0,7,0.6364,The telegraph repeater hut answers to station code,BV60,UE59,1.4593300819396973,2.7172021865844727,2.2111148834228516,15.776166055351496,17.042568974662572,17.791603271849453
11,2.0,8,0.7273,The shipment of core samples travelled under consignment code,WF89,FW29,1.3823046684265137,3.016098737716675,1.734466552734375,14.939392141299322,21.109538117656484,19.617454821185675
11,2.0,9,0.8182,The winter supply manifest lists lot number,AS18,HZ34,-0.12124109268188477,1.3774380683898926,-0.4360027313232422,16.1486715588253,17.651404274482047,18.765430209314218
11,2.0,10,0.9091,Ansel's transit permit was issued as document number,BB34,TG97,1.3499724864959717,-0.9386086463928223,0.0017271041870117188,13.975789021002129,13.651749783544801,12.69354896643199
11,2.0,11,1.0,The seismograph at Ridge Camp reports as instrument,HV13,NR87,-1.6699676513671875,-1.6393437385559082,-2.697996139526367,16.88729160814546,17.28251168061979,18.83753738255473
11,3.0,0,0.0,The signal lamp housing takes fitting code,QT69,AV52,-0.19935321807861328,2.3118479251861572,-0.6797695159912109,21.266866680700332,18.139629878103733,17.28272463567555
11,3.0,1,0.0909,The radio operator's logbook continues in volume,QS85,KN19,1.1269240379333496,2.2320971488952637,-1.4669156074523926,16.62045961082913,20.439666979946196,20.230728378519416
11,3.0,2,0.1818,The medical supply locker was closed with seal number,GF75,CC36,0.2980833053588867,1.182969093322754,0.16594982147216797,22.36532878037542,22.474228757433593,18.94887409126386
11,3.0,3,0.2727,The harbour pilot's licence shows registration code,RW88,UW41,0.9319312572479248,1.4239237308502197,-1.1904561519622803,8.374036398716271,8.127091017086059,8.500330693088472
11,3.0,4,0.3636,The archive microfilm reel is filed under shelf mark,FD67,AV57,0.5251693725585938,-2.1761274337768555,-0.7261757850646973,15.095396055607125,17.533662301837467,18.140302121872082
11,3.0,5,0.4545,The ice core drilling rig was delivered as unit,KE21,MV68,0.7969999313354492,3.0664525032043457,3.004349708557129,13.227692674961872,13.849478003161494,12.768728850525804
11,3.0,6,0.5455,The sealed crate in the annex is marked with inventory tag,TY91,EU71,1.3905847072601318,0.2930946350097656,-1.6796250343322754,17.322444105753675,17.56993308616802,17.394911305280402
11,3.0,7,0.6364,The telegraph repeater hut answers to station code,BV60,UE59,1.4593300819396973,1.4230175018310547,0.006460428237915039,15.776166055351496,16.237011752091348,14.637035020627081
11,3.0,8,0.7273,The shipment of core samples travelled under consignment code,WF89,FW29,1.3823046684265137,2.1713080406188965,-0.22843551635742188,14.939392141299322,18.59373340383172,15.998939609155059
11,3.0,9,0.8182,The winter supply manifest lists lot number,AS18,HZ34,-0.12124109268188477,1.2005348205566406,0.4626736640930176,16.1486715588253,16.77056803589221,15.422450206708163
11,3.0,10,0.9091,Ansel's transit permit was issued as document number,BB34,TG97,1.3499724864959717,1.0699968338012695,0.6450271606445312,13.975789021002129,12.326835077721626,11.942802953533828
11,3.0,11,1.0,The seismograph at Ridge Camp reports as instrument,HV13,NR87,-1.6699676513671875,0.31890869140625,-2.75600004196167,16.88729160814546,16.285166933666915,16.57528861425817
12,0.0,0,0.0,The survey team's theodolite bears serial number,RJ94,VA44,-1.4012575149536133,-1.4012575149536133,-1.4012575149536133,15.278147906064987,15.278147906064987,15.278147906064987
12,0.0,1,0.0909,The quartermaster's tally sheet uses form number,SX54,LF40,0.20800018310546875,0.20800018310546875,0.20800018310546875,14.779485106701031,14.779485106701031,14.779485106701031
12,0.0,2,0.1818,The medical supply locker was closed with seal number,EN11,AS15,-1.4027957916259766,-1.4027957916259766,-1.4027957916259766,16.484595444286242,16.484595444286242,16.484595444286242
12,0.0,3,0.2727,The coastal watchtower is designated post,MR45,HV24,0.12855100631713867,0.12855100631713867,0.12855100631713867,16.328082878841087,16.328082878841087,16.328082878841087
12,0.0,4,0.3636,The signal lamp housing takes fitting code,VH81,MT74,-1.328751564025879,-1.328751564025879,-1.328751564025879,18.88038574368693,18.88038574368693,18.88038574368693
12,0.0,5,0.4545,The winter quarters roof panel came from batch,AX89,EA51,1.1345925331115723,1.1345925331115723,1.1345925331115723,19.205787736806087,19.205787736806087,19.205787736806087
12,0.0,6,0.5455,The hydrographic chart set reached edition,EQ57,DH77,-5.90313720703125,-5.90313720703125,-5.90313720703125,17.565532307024114,17.565532307024114,17.565532307024114
12,0.0,7,0.6364,The winter supply manifest lists lot number,FL36,SR72,-0.924290657043457,-0.924290657043457,-0.924290657043457,16.38277130899951,16.38277130899951,16.38277130899951
12,0.0,8,0.7273,Feld's field notebook carries catalogue reference,BU35,WM43,-0.8340816497802734,-0.8340816497802734,-0.8340816497802734,17.603218066040426,17.603218066040426,17.603218066040426
12,0.0,9,0.8182,The botanical specimen case holds accession number,CS97,SW99,0.3803110122680664,0.3803110122680664,0.3803110122680664,18.157262080116197,18.157262080116197,18.157262080116197
12,0.0,10,0.9091,The lighthouse relief roster follows schedule,LX61,JA97,3.230341911315918,3.230341911315918,3.230341911315918,18.850242793094367,18.850242793094367,18.850242793094367
12,0.0,11,1.0,The eastern pumping station runs on circuit label,CA17,ET44,-0.9112868309020996,-0.9112868309020996,-0.9112868309020996,18.792180976015516,18.792180976015516,18.792180976015516
12,0.25,0,0.0,The survey team's theodolite bears serial number,RJ94,VA44,-1.4012575149536133,-1.5047221183776855,-1.5073151588439941,15.278147906064987,15.242255756864324,15.086825891397893
12,0.25,1,0.0909,The quartermaster's tally sheet uses form number,SX54,LF40,0.20800018310546875,0.35174036026000977,0.3054666519165039,14.779485106701031,14.330470102722757,14.24756575981155
12,0.25,2,0.1818,The medical supply locker was closed with seal number,EN11,AS15,-1.4027957916259766,-1.5700888633728027,-1.589808464050293,16.484595444286242,16.951251294231042,16.574764085235074
12,0.25,3,0.2727,The coastal watchtower is designated post,MR45,HV24,0.12855100631713867,0.374147891998291,0.45392847061157227,16.328082878841087,16.167511824518442,15.93555118329823
12,0.25,4,0.3636,The signal lamp housing takes fitting code,VH81,MT74,-1.328751564025879,-1.2521510124206543,-1.7342143058776855,18.88038574368693,19.20345398481004,19.09369917307049
12,0.25,5,0.4545,The winter quarters roof panel came from batch,AX89,EA51,1.1345925331115723,1.357985496520996,1.5090718269348145,19.205787736806087,19.325961174094118,19.188122687861323
12,0.25,6,0.5455,The hydrographic chart set reached edition,EQ57,DH77,-5.90313720703125,-5.868447303771973,-6.050992488861084,17.565532307024114,17.797533245757222,18.337913049501367
12,0.25,7,0.6364,The winter supply manifest lists lot number,FL36,SR72,-0.924290657043457,-1.1256089210510254,-1.1973681449890137,16.38277130899951,18.272395470296033,17.04398811655119
12,0.25,8,0.7273,Feld's field notebook carries catalogue reference,BU35,WM43,-0.8340816497802734,-0.9427280426025391,-0.6825103759765625,17.603218066040426,17.946981767658144,17.334125010296702
12,0.25,9,0.8182,The botanical specimen case holds accession number,CS97,SW99,0.3803110122680664,0.33113908767700195,0.5472779273986816,18.157262080116197,18.097272746032104,17.742395348846912
12,0.25,10,0.9091,The lighthouse relief roster follows schedule,LX61,JA97,3.230341911315918,3.315648317337036,3.565052032470703,18.850242793094367,18.484301833668724,18.642230216413736
12,0.25,11,1.0,The eastern pumping station runs on circuit label,CA17,ET44,-0.9112868309020996,-1.057912826538086,-1.3328595161437988,18.792180976015516,18.621483053662814,18.04956810758449
12,0.5,0,0.0,The survey team's theodolite bears serial number,RJ94,VA44,-1.4012575149536133,-1.535231590270996,-1.5647554397583008,15.278147906064987,15.740032753674313,15.57291940250434
12,0.5,1,0.0909,The quartermaster's tally sheet uses form number,SX54,LF40,0.20800018310546875,0.2324070930480957,-0.10759162902832031,14.779485106701031,14.26992277498357,13.814914567396045
12,0.5,2,0.1818,The medical supply locker was closed with seal number,EN11,AS15,-1.4027957916259766,-1.510364055633545,-1.377133846282959,16.484595444286242,17.41128940298222,17.381734369089827
12,0.5,3,0.2727,The coastal watchtower is designated post,MR45,HV24,0.12855100631713867,0.4388771057128906,0.16018390655517578,16.328082878841087,16.783593215979636,16.531844155862927
12,0.5,4,0.3636,The signal lamp housing takes fitting code,VH81,MT74,-1.328751564025879,-1.4313230514526367,-1.7606167793273926,18.88038574368693,21.384556700475514,21.176300680846907
12,0.5,5,0.4545,The winter quarters roof panel came from batch,AX89,EA51,1.1345925331115723,1.4760637283325195,1.364647388458252,19.205787736806087,19.452830902766436,19.43581537983846
12,0.5,6,0.5455,The hydrographic chart set reached edition,EQ57,DH77,-5.90313720703125,-5.897921562194824,-5.459634304046631,17.565532307024114,19.246823219698854,19.04382865264779
12,0.5,7,0.6364,The winter supply manifest lists lot number,FL36,SR72,-0.924290657043457,-1.3069300651550293,-1.2976269721984863,16.38277130899951,18.72782964631915,18.430986644583754
12,0.5,8,0.7273,Feld's field notebook carries catalogue reference,BU35,WM43,-0.8340816497802734,-0.6919107437133789,-0.8349609375,17.603218066040426,18.59570699534379,19.382740213768557
12,0.5,9,0.8182,The botanical specimen case holds accession number,CS97,SW99,0.3803110122680664,0.06424283981323242,0.275054931640625,18.157262080116197,18.498415434267372,18.97335566044785
12,0.5,10,0.9091,The lighthouse relief roster follows schedule,LX61,JA97,3.230341911315918,3.1072182655334473,3.0145046710968018,18.850242793094367,18.850735453655943,18.705055474769324
12,0.5,11,1.0,The eastern pumping station runs on circuit label,CA17,ET44,-0.9112868309020996,-1.2637405395507812,-1.1502900123596191,18.792180976015516,18.779531547916122,18.05098511534743
12,0.75,0,0.0,The survey team's theodolite bears serial number,RJ94,VA44,-1.4012575149536133,-0.913078784942627,-0.9622845649719238,15.278147906064987,16.720832567662,16.58288986061234
12,0.75,1,0.0909,The quartermaster's tally sheet uses form number,SX54,LF40,0.20800018310546875,0.2793998718261719,0.004202842712402344,14.779485106701031,13.764759628335014,13.666182575048879
12,0.75,2,0.1818,The medical supply locker was closed with seal number,EN11,AS15,-1.4027957916259766,-1.34450101852417,-1.387230396270752,16.484595444286242,18.50625370477792,17.561147399363108
12,0.75,3,0.2727,The coastal watchtower is designated post,MR45,HV24,0.12855100631713867,0.49382877349853516,0.15840721130371094,16.328082878841087,16.99883689614944,17.01656498364173
12,0.75,4,0.3636,The signal lamp housing takes fitting code,VH81,MT74,-1.328751564025879,-0.8932995796203613,-1.3367042541503906,18.88038574368693,20.49703576823231,20.74628809595015
12,0.75,5,0.4545,The winter quarters roof panel came from batch,AX89,EA51,1.1345925331115723,1.2034320831298828,1.3509550094604492,19.205787736806087,18.22260072082281,18.536020879866555
12,0.75,6,0.5455,The hydrographic chart set reached edition,EQ57,DH77,-5.90313720703125,-5.159769058227539,-5.095213413238525,17.565532307024114,19.269484853139147,19.15612255432643
12,0.75,7,0.6364,The winter supply manifest lists lot number,FL36,SR72,-0.924290657043457,-1.542008399963379,-1.3318638801574707,16.38277130899951,18.759240654064342,19.28276566765271
12,0.75,8,0.7273,Feld's field notebook carries catalogue reference,BU35,WM43,-0.8340816497802734,-0.7925586700439453,-0.9065933227539062,17.603218066040426,18.210535634076223,18.99126281030476
12,0.75,9,0.8182,The botanical specimen case holds accession number,CS97,SW99,0.3803110122680664,-0.5479059219360352,0.23401594161987305,18.157262080116197,18.675862590083852,18.85109213530086
12,0.75,10,0.9091,The lighthouse relief roster follows schedule,LX61,JA97,3.230341911315918,2.2924118041992188,2.29111909866333,18.850242793094367,17.825898496201262,18.21463816508185
12,0.75,11,1.0,The eastern pumping station runs on circuit label,CA17,ET44,-0.9112868309020996,-0.8201146125793457,-0.5363955497741699,18.792180976015516,18.954184610629454,18.389546805992723
12,1.0,0,0.0,The survey team's theodolite bears serial number,RJ94,VA44,-1.4012575149536133,-0.5582513809204102,-1.9780540466308594,15.278147906064987,15.296330388402566,15.557680239668116
12,1.0,1,0.0909,The quartermaster's tally sheet uses form number,SX54,LF40,0.20800018310546875,0.5369997024536133,0.32771921157836914,14.779485106701031,15.381054635159671,15.44599073228892
12,1.0,2,0.1818,The medical supply locker was closed with seal number,EN11,AS15,-1.4027957916259766,-1.5689220428466797,-1.9212079048156738,16.484595444286242,16.446352229104377,16.923256160807796
12,1.0,3,0.2727,The coastal watchtower is designated post,MR45,HV24,0.12855100631713867,0.6706557273864746,-1.7740955352783203,16.328082878841087,17.654156590346247,17.702056762762368
12,1.0,4,0.3636,The signal lamp housing takes fitting code,VH81,MT74,-1.328751564025879,-1.3415570259094238,-0.8986778259277344,18.88038574368693,20.25353102874942,20.706679389229976
12,1.0,5,0.4545,The winter quarters roof panel came from batch,AX89,EA51,1.1345925331115723,0.6260685920715332,0.39229679107666016,19.205787736806087,17.79637160501443,19.351426507695578
12,1.0,6,0.5455,The hydrographic chart set reached edition,EQ57,DH77,-5.90313720703125,-1.8822789192199707,-2.9475812911987305,17.565532307024114,16.406594893313013,18.400183387566358
12,1.0,7,0.6364,The winter supply manifest lists lot number,FL36,SR72,-0.924290657043457,-1.324305534362793,-0.7207684516906738,16.38277130899951,18.18848616903415,18.546378273924347
12,1.0,8,0.7273,Feld's field notebook carries catalogue reference,BU35,WM43,-0.8340816497802734,-0.1627049446105957,-0.2651987075805664,17.603218066040426,17.845483705867082,19.044597061816603
12,1.0,9,0.8182,The botanical specimen case holds accession number,CS97,SW99,0.3803110122680664,-0.05285072326660156,0.890261173248291,18.157262080116197,18.931527343811467,19.198411994846538
12,1.0,10,0.9091,The lighthouse relief roster follows schedule,LX61,JA97,3.230341911315918,1.9620661735534668,3.0596694946289062,18.850242793094367,17.121221310342662,19.428434269153513
12,1.0,11,1.0,The eastern pumping station runs on circuit label,CA17,ET44,-0.9112868309020996,-1.454916000366211,-0.9757471084594727,18.792180976015516,18.376212059287354,17.8099972801283
12,1.25,0,0.0,The survey team's theodolite bears serial number,RJ94,VA44,-1.4012575149536133,-0.48935699462890625,-1.2248120307922363,15.278147906064987,15.801965607795864,16.468895169673488
12,1.25,1,0.0909,The quartermaster's tally sheet uses form number,SX54,LF40,0.20800018310546875,0.5880589485168457,0.47907257080078125,14.779485106701031,15.225980540853925,15.04639163473621
12,1.25,2,0.1818,The medical supply locker was closed with seal number,EN11,AS15,-1.4027957916259766,-1.4853267669677734,-1.8508009910583496,16.484595444286242,17.21298305579694,15.993623939459212
12,1.25,3,0.2727,The coastal watchtower is designated post,MR45,HV24,0.12855100631713867,0.5374364852905273,-1.5479059219360352,16.328082878841087,17.296616099658422,18.333436117507517
12,1.25,4,0.3636,The signal lamp housing takes fitting code,VH81,MT74,-1.328751564025879,-1.1656298637390137,-0.5750393867492676,18.88038574368693,20.184873051766772,20.62525336665567
12,1.25,5,0.4545,The winter quarters roof panel came from batch,AX89,EA51,1.1345925331115723,0.4979829788208008,0.3476428985595703,19.205787736806087,16.990334692934994,19.2887131877942
12,1.25,6,0.5455,The hydrographic chart set reached edition,EQ57,DH77,-5.90313720703125,-1.7978105545043945,-3.116361141204834,17.565532307024114,16.477296608965844,17.833790705306455
12,1.25,7,0.6364,The winter supply manifest lists lot number,FL36,SR72,-0.924290657043457,-1.3810744285583496,-0.9425010681152344,16.38277130899951,18.07135132024996,18.20813201565761
12,1.25,8,0.7273,Feld's field notebook carries catalogue reference,BU35,WM43,-0.8340816497802734,-0.12496805191040039,-0.4553713798522949,17.603218066040426,18.384955651359633,18.837038653204218
12,1.25,9,0.8182,The botanical specimen case holds accession number,CS97,SW99,0.3803110122680664,0.36367082595825195,0.7322463989257812,18.157262080116197,19.182623927365057,19.066226791939698
12,1.25,10,0.9091,The lighthouse relief roster follows schedule,LX61,JA97,3.230341911315918,1.8747224807739258,3.2277069091796875,18.850242793094367,17.016336351283826,18.724611138226464
12,1.25,11,1.0,The eastern pumping station runs on circuit label,CA17,ET44,-0.9112868309020996,-0.5521974563598633,-1.0935463905334473,18.792180976015516,18.100596869713627,17.01140783878509
12,1.5,0,0.0,The survey team's theodolite bears serial number,RJ94,VA44,-1.4012575149536133,-0.34788942337036133,-1.1956639289855957,15.278147906064987,15.608730725478381,15.542567227501422
12,1.5,1,0.0909,The quartermaster's tally sheet uses form number,SX54,LF40,0.20800018310546875,0.7241263389587402,0.2965731620788574,14.779485106701031,15.454066932637943,15.202373981941491
12,1.5,2,0.1818,The medical supply locker was closed with seal number,EN11,AS15,-1.4027957916259766,-1.3710975646972656,-1.8713784217834473,16.484595444286242,16.562413653882686,15.847475411719643
12,1.5,3,0.2727,The coastal watchtower is designated post,MR45,HV24,0.12855100631713867,1.0639996528625488,-1.4222025871276855,16.328082878841087,17.782450798084028,17.50633417768404
12,1.5,4,0.3636,The signal lamp housing takes fitting code,VH81,MT74,-1.328751564025879,-1.24271821975708,-0.6015558242797852,18.88038574368693,20.201402044855058,20.826399341691285
12,1.5,5,0.4545,The winter quarters roof panel came from batch,AX89,EA51,1.1345925331115723,0.42302751541137695,0.30525827407836914,19.205787736806087,17.566137905989308,18.33905435912311
12,1.5,6,0.5455,The hydrographic chart set reached edition,EQ57,DH77,-5.90313720703125,-1.5251502990722656,-2.9717674255371094,17.565532307024114,16.844940232404042,18.95855872996617
12,1.5,7,0.6364,The winter supply manifest lists lot number,FL36,SR72,-0.924290657043457,-1.5340304374694824,-0.935889720916748,16.38277130899951,17.482938646164257,17.577427949232515
12,1.5,8,0.7273,Feld's field notebook carries catalogue reference,BU35,WM43,-0.8340816497802734,0.05890989303588867,-0.1855001449584961,17.603218066040426,19.185335748130456,19.604023939697072
12,1.5,9,0.8182,The botanical specimen case holds accession number,CS97,SW99,0.3803110122680664,0.33062076568603516,0.9559354782104492,18.157262080116197,19.614492734719533,18.722201602882706
12,1.5,10,0.9091,The lighthouse relief roster follows schedule,LX61,JA97,3.230341911315918,1.679609775543213,2.655555248260498,18.850242793094367,17.856376815761905,19.48197375028394
12,1.5,11,1.0,The eastern pumping station runs on circuit label,CA17,ET44,-0.9112868309020996,-0.520777702331543,-0.7679924964904785,18.792180976015516,19.308284058002755,17.479461355949752
12,2.0,0,0.0,The survey team's theodolite bears serial number,RJ94,VA44,-1.4012575149536133,-0.6086549758911133,-0.9761204719543457,15.278147906064987,13.371254402212799,13.523270022124052
12,2.0,1,0.0909,The quartermaster's tally sheet uses form number,SX54,LF40,0.20800018310546875,0.8577136993408203,0.16767406463623047,14.779485106701031,13.43126213218784,13.93777459836565
12,2.0,2,0.1818,The medical supply locker was closed with seal number,EN11,AS15,-1.4027957916259766,-1.5331764221191406,-1.780688762664795,16.484595444286242,17.53954999340931,15.53116291295737
12,2.0,3,0.2727,The coastal watchtower is designated post,MR45,HV24,0.12855100631713867,2.1084017753601074,-1.2878284454345703,16.328082878841087,18.83355708338786,16.57677371869795
12,2.0,4,0.3636,The signal lamp housing takes fitting code,VH81,MT74,-1.328751564025879,-1.5743403434753418,-1.0457358360290527,18.88038574368693,18.42134922579862,20.125647618377116
12,2.0,5,0.4545,The winter quarters roof panel came from batch,AX89,EA51,1.1345925331115723,0.5555086135864258,0.600581169128418,19.205787736806087,16.46040520031238,17.279654911370017
12,2.0,6,0.5455,The hydrographic chart set reached edition,EQ57,DH77,-5.90313720703125,-0.3539886474609375,-2.486764907836914,17.565532307024114,16.355446595523972,16.097265608259477
12,2.0,7,0.6364,The winter supply manifest lists lot number,FL36,SR72,-0.924290657043457,-1.7629051208496094,-0.893582820892334,16.38277130899951,18.037513009796385,18.235246830852702
12,2.0,8,0.7273,Feld's field notebook carries catalogue reference,BU35,WM43,-0.8340816497802734,0.5692873001098633,0.30182409286499023,17.603218066040426,19.72040718793869,18.87628583679907
12,2.0,9,0.8182,The botanical specimen case holds accession number,CS97,SW99,0.3803110122680664,1.0156311988830566,1.1606788635253906,18.157262080116197,18.848829085822217,18.242923861951567
12,2.0,10,0.9091,The lighthouse relief roster follows schedule,LX61,JA97,3.230341911315918,1.4514555931091309,2.535862922668457,18.850242793094367,15.74604425340658,17.327255462529138
12,2.0,11,1.0,The eastern pumping station runs on circuit label,CA17,ET44,-0.9112868309020996,-0.39310169219970703,-1.2479958534240723,18.792180976015516,15.92919087165501,16.92419540870469
12,3.0,0,0.0,The survey team's theodolite bears serial number,RJ94,VA44,-1.4012575149536133,-2.279797077178955,-3.2104969024658203,15.278147906064987,13.042676769196987,12.01774837076664
12,3.0,1,0.0909,The quartermaster's tally sheet uses form number,SX54,LF40,0.20800018310546875,3.518298625946045,0.28708648681640625,14.779485106701031,14.609748317394406,14.089185340330005
12,3.0,2,0.1818,The medical supply locker was closed with seal number,EN11,AS15,-1.4027957916259766,-1.1195573806762695,-3.754488468170166,16.484595444286242,18.39935041894205,15.869623103644699
12,3.0,3,0.2727,The coastal watchtower is designated post,MR45,HV24,0.12855100631713867,2.766141414642334,0.709022045135498,16.328082878841087,18.327459388412535,15.473256712779403
12,3.0,4,0.3636,The signal lamp housing takes fitting code,VH81,MT74,-1.328751564025879,-2.932751417160034,-1.5308074951171875,18.88038574368693,17.849516151007265,17.326302018016577
12,3.0,5,0.4545,The winter quarters roof panel came from batch,AX89,EA51,1.1345925331115723,1.246403694152832,2.033228874206543,19.205787736806087,17.487357341276947,17.615783864166588
12,3.0,6,0.5455,The hydrographic chart set reached edition,EQ57,DH77,-5.90313720703125,0.15792560577392578,-2.501033306121826,17.565532307024114,19.530839703511447,17.90729410480708
12,3.0,7,0.6364,The winter supply manifest lists lot number,FL36,SR72,-0.924290657043457,-0.19580793380737305,-0.016961097717285156,16.38277130899951,16.920508409384638,16.838519349694252
12,3.0,8,0.7273,Feld's field notebook carries catalogue reference,BU35,WM43,-0.8340816497802734,1.7764415740966797,0.6470088958740234,17.603218066040426,19.480484876781702,18.200577966868877
12,3.0,9,0.8182,The botanical specimen case holds accession number,CS97,SW99,0.3803110122680664,3.1912434101104736,2.2306032180786133,18.157262080116197,16.929874855093658,16.314890878275037
12,3.0,10,0.9091,The lighthouse relief roster follows schedule,LX61,JA97,3.230341911315918,3.6317577362060547,3.9430365562438965,18.850242793094367,14.610315783880651,15.207561578601599
12,3.0,11,1.0,The eastern pumping station runs on circuit label,CA17,ET44,-0.9112868309020996,-2.7544913291931152,-2.3883285522460938,18.792180976015516,17.907464227173477,17.252192160114646
13,0.0,0,0.0,The hydrographic chart set reached edition,JK97,BA50,0.3250093460083008,0.3250093460083008,0.3250093460083008,16.39914084551856,16.39914084551856,16.39914084551856
13,0.0,1,0.0909,The telegraph repeater hut answers to station code,HX28,LE73,-0.3868594169616699,-0.3868594169616699,-0.3868594169616699,16.14979191729799,16.14979191729799,16.14979191729799
13,0.0,2,0.1818,The sealed crate in the annex is marked with inventory tag,HW33,TT76,-0.9561867713928223,-0.9561867713928223,-0.9561867713928223,20.84629865916213,20.84629865916213,20.84629865916213
13,0.0,3,0.2727,The archive microfilm reel is filed under shelf mark,EC78,RH95,0.5460271835327148,0.5460271835327148,0.5460271835327148,16.077944986522198,16.077944986522198,16.077944986522198
13,0.0,4,0.3636,The expedition's spare sledge carries equipment tag,AP26,GK14,0.18720674514770508,0.18720674514770508,0.18720674514770508,15.941074694041163,15.941074694041163,15.941074694041163
13,0.0,5,0.4545,Ansel's transit permit was issued as document number,XV11,NS30,-0.22194814682006836,-0.22194814682006836,-0.22194814682006836,15.120524225290865,15.120524225290865,15.120524225290865
13,0.0,6,0.5455,The customs declaration quotes reference code,JE20,PX37,-1.3773078918457031,-1.3773078918457031,-1.3773078918457031,15.624750512419268,15.624750512419268,15.624750512419268
13,0.0,7,0.6364,The northern relay station operates under callsign,HR80,JP85,-0.0522308349609375,-0.0522308349609375,-0.0522308349609375,16.58273827296216,16.58273827296216,16.58273827296216
13,0.0,8,0.7273,The reserve fuel depot is listed at site code,UP95,HM41,-0.1558222770690918,-0.1558222770690918,-0.1558222770690918,15.265758937224746,15.265758937224746,15.265758937224746
13,0.0,9,0.8182,The harbour pilot's licence shows registration code,MP91,UK64,1.1411561965942383,1.1411561965942383,1.1411561965942383,13.238044690806419,13.238044690806419,13.238044690806419
13,0.0,10,0.9091,The radio operator's logbook continues in volume,LW25,GW54,-0.13598346710205078,-0.13598346710205078,-0.13598346710205078,16.66387681849301,16.66387681849301,16.66387681849301
13,0.0,11,1.0,The ice core drilling rig was delivered as unit,MV91,PB50,0.5097150802612305,0.5097150802612305,0.5097150802612305,12.907856567995623,12.907856567995623,12.907856567995623
13,0.25,0,0.0,The hydrographic chart set reached edition,JK97,BA50,0.3250093460083008,0.6267457008361816,0.5821347236633301,16.39914084551856,17.689839924685657,17.499246688792482
13,0.25,1,0.0909,The telegraph repeater hut answers to station code,HX28,LE73,-0.3868594169616699,-0.486879825592041,-0.32840967178344727,16.14979191729799,17.66789465607144,17.62273060483858
13,0.25,2,0.1818,The sealed crate in the annex is marked with inventory tag,HW33,TT76,-0.9561867713928223,-0.9709715843200684,-0.869873046875,20.84629865916213,21.514104241650784,20.546103931439575
13,0.25,3,0.2727,The archive microfilm reel is filed under shelf mark,EC78,RH95,0.5460271835327148,0.6145687103271484,0.5584745407104492,16.077944986522198,17.701964944135398,16.579221060033888
13,0.25,4,0.3636,The expedition's spare sledge carries equipment tag,AP26,GK14,0.18720674514770508,-0.11434650421142578,0.17473649978637695,15.941074694041163,15.564265319146216,15.667424474144354
13,0.25,5,0.4545,Ansel's transit permit was issued as document number,XV11,NS30,-0.22194814682006836,-0.0615997314453125,-0.15810728073120117,15.120524225290865,15.564721881877631,15.257245122920722
13,0.25,6,0.5455,The customs declaration quotes reference code,JE20,PX37,-1.3773078918457031,-1.6522631645202637,-1.2928643226623535,15.624750512419268,16.131749295745976,15.709882477647625
13,0.25,7,0.6364,The northern relay station operates under callsign,HR80,JP85,-0.0522308349609375,-0.5076355934143066,-0.3132801055908203,16.58273827296216,16.819969180505723,16.74043818062637
13,0.25,8,0.7273,The reserve fuel depot is listed at site code,UP95,HM41,-0.1558222770690918,-0.1282038688659668,-0.08143329620361328,15.265758937224746,15.23649387259502,15.331762326415628
13,0.25,9,0.8182,The harbour pilot's licence shows registration code,MP91,UK64,1.1411561965942383,1.201277256011963,1.042656421661377,13.238044690806419,15.389108882751316,14.094020857010037
13,0.25,10,0.9091,The radio operator's logbook continues in volume,LW25,GW54,-0.13598346710205078,-0.2553133964538574,-0.03707599639892578,16.66387681849301,17.888971482869238,17.166306755505502
13,0.25,11,1.0,The ice core drilling rig was delivered as unit,MV91,PB50,0.5097150802612305,0.5666451454162598,0.6376795768737793,12.907856567995623,14.117606314597651,13.756696279393509
13,0.5,0,0.0,The hydrographic chart set reached edition,JK97,BA50,0.3250093460083008,0.8065271377563477,0.8308811187744141,16.39914084551856,17.630629372783005,17.172743384493515
13,0.5,1,0.0909,The telegraph repeater hut answers to station code,HX28,LE73,-0.3868594169616699,-0.5445585250854492,-0.6660103797912598,16.14979191729799,17.791471036383882,18.871802755631506
13,0.5,2,0.1818,The sealed crate in the annex is marked with inventory tag,HW33,TT76,-0.9561867713928223,-0.8684053421020508,-0.9709405899047852,20.84629865916213,22.08051799813984,21.446932594204554
13,0.5,3,0.2727,The archive microfilm reel is filed under shelf mark,EC78,RH95,0.5460271835327148,0.5690255165100098,0.6694221496582031,16.077944986522198,18.16845793602988,17.678312223870307
13,0.5,4,0.3636,The expedition's spare sledge carries equipment tag,AP26,GK14,0.18720674514770508,-0.06290531158447266,-0.024030685424804688,15.941074694041163,16.039258068194613,15.935772631200962
13,0.5,5,0.4545,Ansel's transit permit was issued as document number,XV11,NS30,-0.22194814682006836,-0.3848276138305664,-0.22579717636108398,15.120524225290865,16.166491439566016,15.393007384613156
13,0.5,6,0.5455,The customs declaration quotes reference code,JE20,PX37,-1.3773078918457031,-1.5066204071044922,-1.475693702697754,15.624750512419268,16.100403873773757,16.211516498122364
13,0.5,7,0.6364,The northern relay station operates under callsign,HR80,JP85,-0.0522308349609375,-0.41420984268188477,-0.47147178649902344,16.58273827296216,18.149581843288615,17.672710541519336
13,0.5,8,0.7273,The reserve fuel depot is listed at site code,UP95,HM41,-0.1558222770690918,-0.20287609100341797,-0.03314399719238281,15.265758937224746,16.677793338894844,15.798124825698324
13,0.5,9,0.8182,The harbour pilot's licence shows registration code,MP91,UK64,1.1411561965942383,1.3523263931274414,1.1731834411621094,13.238044690806419,16.004633559845388,14.854288047645241
13,0.5,10,0.9091,The radio operator's logbook continues in volume,LW25,GW54,-0.13598346710205078,-0.06319808959960938,-0.018166065216064453,16.66387681849301,17.823232466820627,17.838676817715168
13,0.5,11,1.0,The ice core drilling rig was delivered as unit,MV91,PB50,0.5097150802612305,0.34859323501586914,0.33396387100219727,12.907856567995623,13.779470226494595,13.815519831841812
13,0.75,0,0.0,The hydrographic chart set reached edition,JK97,BA50,0.3250093460083008,0.9804010391235352,0.6810216903686523,16.39914084551856,17.24323097197339,17.762887864140794
13,0.75,1,0.0909,The telegraph repeater hut answers to station code,HX28,LE73,-0.3868594169616699,-0.6402826309204102,-0.8702521324157715,16.14979191729799,17.523974671261385,18.96365904691629
13,0.75,2,0.1818,The sealed crate in the annex is marked with inventory tag,HW33,TT76,-0.9561867713928223,-0.717867374420166,-1.0304737091064453,20.84629865916213,22.000400393560994,21.963717032427667
13,0.75,3,0.2727,The archive microfilm reel is filed under shelf mark,EC78,RH95,0.5460271835327148,0.7042922973632812,0.778785228729248,16.077944986522198,18.148754281923175,18.38320671673864
13,0.75,4,0.3636,The expedition's spare sledge carries equipment tag,AP26,GK14,0.18720674514770508,-0.07622480392456055,-0.023586273193359375,15.941074694041163,16.622765831183642,17.176195386680774
13,0.75,5,0.4545,Ansel's transit permit was issued as document number,XV11,NS30,-0.22194814682006836,-0.5075392723083496,-0.386995792388916,15.120524225290865,16.126525492640212,16.154939137864858
13,0.75,6,0.5455,The customs declaration quotes reference code,JE20,PX37,-1.3773078918457031,-1.4407949447631836,-1.6787056922912598,15.624750512419268,16.29146641329862,16.843683455896098
13,0.75,7,0.6364,The northern relay station operates under callsign,HR80,JP85,-0.0522308349609375,-0.05031251907348633,-0.11047887802124023,16.58273827296216,17.78097463492304,17.6862369243172
13,0.75,8,0.7273,The reserve fuel depot is listed at site code,UP95,HM41,-0.1558222770690918,-0.32077980041503906,-0.38916921615600586,15.265758937224746,16.263312082970515,17.244474022416398
13,0.75,9,0.8182,The harbour pilot's licence shows registration code,MP91,UK64,1.1411561965942383,1.3267731666564941,1.592930555343628,13.238044690806419,16.18113808101043,16.51722876401618
13,0.75,10,0.9091,The radio operator's logbook continues in volume,LW25,GW54,-0.13598346710205078,0.034356117248535156,-0.3261232376098633,16.66387681849301,17.18036280013621,18.239842147100717
13,0.75,11,1.0,The ice core drilling rig was delivered as unit,MV91,PB50,0.5097150802612305,0.7397627830505371,0.8442106246948242,12.907856567995623,13.494506786111742,14.151312067871913
13,1.0,0,0.0,The hydrographic chart set reached edition,JK97,BA50,0.3250093460083008,1.310546875,-0.3244194984436035,16.39914084551856,16.31230816571042,17.89960207301192
13,1.0,1,0.0909,The telegraph repeater hut answers to station code,HX28,LE73,-0.3868594169616699,1.3059439659118652,0.6794919967651367,16.14979191729799,16.811704660998657,17.91565815231297
13,1.0,2,0.1818,The sealed crate in the annex is marked with inventory tag,HW33,TT76,-0.9561867713928223,-0.3871150016784668,-0.7306504249572754,20.84629865916213,20.36432591988705,21.336864060838707
13,1.0,3,0.2727,The archive microfilm reel is filed under shelf mark,EC78,RH95,0.5460271835327148,0.4822804927825928,0.8779528141021729,16.077944986522198,18.160200925311074,18.6996577817481
13,1.0,4,0.3636,The expedition's spare sledge carries equipment tag,AP26,GK14,0.18720674514770508,0.7075996398925781,0.01560354232788086,15.941074694041163,16.722620408399962,17.013433921092656
13,1.0,5,0.4545,Ansel's transit permit was issued as document number,XV11,NS30,-0.22194814682006836,-0.8111357688903809,-1.406240463256836,15.120524225290865,18.159078497672454,17.649938091635704
13,1.0,6,0.5455,The customs declaration quotes reference code,JE20,PX37,-1.3773078918457031,-0.9092001914978027,-1.6246023178100586,15.624750512419268,18.9880095111439,18.653198798303492
13,1.0,7,0.6364,The northern relay station operates under callsign,HR80,JP85,-0.0522308349609375,0.34147071838378906,0.7066555023193359,16.58273827296216,15.543589138658717,17.18274408648722
13,1.0,8,0.7273,The reserve fuel depot is listed at site code,UP95,HM41,-0.1558222770690918,-0.3693881034851074,-0.27868127822875977,15.265758937224746,15.995331572717987,17.48993020132184
13,1.0,9,0.8182,The harbour pilot's licence shows registration code,MP91,UK64,1.1411561965942383,0.42205381393432617,0.45827722549438477,13.238044690806419,18.597345128364395,18.671508148720022
13,1.0,10,0.9091,The radio operator's logbook continues in volume,LW25,GW54,-0.13598346710205078,0.6072702407836914,0.16261053085327148,16.66387681849301,19.229586092522368,20.50889387098141
13,1.0,11,1.0,The ice core drilling rig was delivered as unit,MV91,PB50,0.5097150802612305,0.8551979064941406,0.42092084884643555,12.907856567995623,15.163297333521768,15.625432373955846
13,1.25,0,0.0,The hydrographic chart set reached edition,JK97,BA50,0.3250093460083008,1.4364490509033203,-0.4838719367980957,16.39914084551856,18.0983741695527,19.240522661595605
13,1.25,1,0.0909,The telegraph repeater hut answers to station code,HX28,LE73,-0.3868594169616699,1.7249135971069336,0.7390766143798828,16.14979191729799,16.56131554208696,17.173627929994836
13,1.25,2,0.1818,The sealed crate in the annex is marked with inventory tag,HW33,TT76,-0.9561867713928223,-0.32520151138305664,-0.44826841354370117,20.84629865916213,20.311658070539124,21.50085076710093
13,1.25,3,0.2727,The archive microfilm reel is filed under shelf mark,EC78,RH95,0.5460271835327148,0.2772960662841797,0.6232852935791016,16.077944986522198,18.71860608062707,18.885102428728715
13,1.25,4,0.3636,The expedition's spare sledge carries equipment tag,AP26,GK14,0.18720674514770508,0.9354705810546875,0.16376256942749023,15.941074694041163,18.023623962304555,18.015389909414807
13,1.25,5,0.4545,Ansel's transit permit was issued as document number,XV11,NS30,-0.22194814682006836,-1.1126976013183594,-1.4645180702209473,15.120524225290865,18.45952912827488,17.851558340829797
13,1.25,6,0.5455,The customs declaration quotes reference code,JE20,PX37,-1.3773078918457031,-0.7512979507446289,-1.5341105461120605,15.624750512419268,19.290090342750773,19.520398671447765
13,1.25,7,0.6364,The northern relay station operates under callsign,HR80,JP85,-0.0522308349609375,0.7857370376586914,1.0239977836608887,16.58273827296216,17.235661049722694,17.354230556986295
13,1.25,8,0.7273,The reserve fuel depot is listed at site code,UP95,HM41,-0.1558222770690918,-0.6917819976806641,-0.7525873184204102,15.265758937224746,17.633245421864558,18.095348065369762
13,1.25,9,0.8182,The harbour pilot's licence shows registration code,MP91,UK64,1.1411561965942383,0.46558713912963867,0.37099266052246094,13.238044690806419,18.994628467946313,18.965018834685907
13,1.25,10,0.9091,The radio operator's logbook continues in volume,LW25,GW54,-0.13598346710205078,0.7688250541687012,0.14780807495117188,16.66387681849301,19.29723068862222,20.434464381076396
13,1.25,11,1.0,The ice core drilling rig was delivered as unit,MV91,PB50,0.5097150802612305,1.8075766563415527,0.3657350540161133,12.907856567995623,16.046250974293798,16.257460747496225
13,1.5,0,0.0,The hydrographic chart set reached edition,JK97,BA50,0.3250093460083008,0.8137569427490234,-0.44389820098876953,16.39914084551856,18.22473792382516,17.485804322641343
13,1.5,1,0.0909,The telegraph repeater hut answers to station code,HX28,LE73,-0.3868594169616699,1.6901164054870605,0.6707124710083008,16.14979191729799,15.737359303748235,16.515867024310865
13,1.5,2,0.1818,The sealed crate in the annex is marked with inventory tag,HW33,TT76,-0.9561867713928223,-0.046029090881347656,-0.34499311447143555,20.84629865916213,20.768151173717342,21.617663155659102
13,1.5,3,0.2727,The archive microfilm reel is filed under shelf mark,EC78,RH95,0.5460271835327148,0.31784749031066895,0.008995532989501953,16.077944986522198,19.078952920041047,18.73476733569987
13,1.5,4,0.3636,The expedition's spare sledge carries equipment tag,AP26,GK14,0.18720674514770508,1.2765583992004395,0.1506056785583496,15.941074694041163,18.2439215289196,18.49469039484393
13,1.5,5,0.4545,Ansel's transit permit was issued as document number,XV11,NS30,-0.22194814682006836,-0.9640102386474609,-1.268448829650879,15.120524225290865,18.32520078564994,17.721842406550422
13,1.5,6,0.5455,The customs declaration quotes reference code,JE20,PX37,-1.3773078918457031,-0.41208744049072266,-1.5611152648925781,15.624750512419268,18.905082199140452,18.970549698220566
13,1.5,7,0.6364,The northern relay station operates under callsign,HR80,JP85,-0.0522308349609375,0.6352858543395996,0.930694580078125,16.58273827296216,16.93317157390993,17.169233388500288
13,1.5,8,0.7273,The reserve fuel depot is listed at site code,UP95,HM41,-0.1558222770690918,-0.88372802734375,-1.0797152519226074,15.265758937224746,17.569586861529388,17.8173770767753
13,1.5,9,0.8182,The harbour pilot's licence shows registration code,MP91,UK64,1.1411561965942383,0.6311755180358887,0.12492084503173828,13.238044690806419,19.11644412507303,19.366405847482383
13,1.5,10,0.9091,The radio operator's logbook continues in volume,LW25,GW54,-0.13598346710205078,0.6539936065673828,0.2590627670288086,16.66387681849301,19.24128594971262,19.8949138619937
13,1.5,11,1.0,The ice core drilling rig was delivered as unit,MV91,PB50,0.5097150802612305,1.7817792892456055,0.696357250213623,12.907856567995623,16.062604746664874,15.582865648088045
13,2.0,0,0.0,The hydrographic chart set reached edition,JK97,BA50,0.3250093460083008,1.6573476791381836,-0.722869873046875,16.39914084551856,15.730401292443275,16.112300717271864
13,2.0,1,0.0909,The telegraph repeater hut answers to station code,HX28,LE73,-0.3868594169616699,2.8863325119018555,1.069347858428955,16.14979191729799,15.149539808742702,14.553456032415852
13,2.0,2,0.1818,The sealed crate in the annex is marked with inventory tag,HW33,TT76,-0.9561867713928223,-0.04718613624572754,-0.4874918460845947,20.84629865916213,20.91810287372209,20.476411784766242
13,2.0,3,0.2727,The archive microfilm reel is filed under shelf mark,EC78,RH95,0.5460271835327148,0.21924114227294922,-0.16866111755371094,16.077944986522198,15.749974734149873,17.21167504042387
13,2.0,4,0.3636,The expedition's spare sledge carries equipment tag,AP26,GK14,0.18720674514770508,1.522761344909668,0.08463525772094727,15.941074694041163,18.140003106556833,18.28520209272392
13,2.0,5,0.4545,Ansel's transit permit was issued as document number,XV11,NS30,-0.22194814682006836,-2.4023690223693848,-1.8161110877990723,15.120524225290865,18.211636234540492,16.56651861872524
13,2.0,6,0.5455,The customs declaration quotes reference code,JE20,PX37,-1.3773078918457031,0.2849845886230469,-1.2032709121704102,15.624750512419268,18.785604199860245,17.514451225288212
13,2.0,7,0.6364,The northern relay station operates under callsign,HR80,JP85,-0.0522308349609375,1.9584221839904785,1.072474479675293,16.58273827296216,16.85454317042604,15.596849914407358
13,2.0,8,0.7273,The reserve fuel depot is listed at site code,UP95,HM41,-0.1558222770690918,-1.4517693519592285,-1.449967861175537,15.265758937224746,16.08743823785335,16.920150734949857
13,2.0,9,0.8182,The harbour pilot's licence shows registration code,MP91,UK64,1.1411561965942383,0.7788419723510742,0.4028739929199219,13.238044690806419,19.29636002308689,17.731133423396386
13,2.0,10,0.9091,The radio operator's logbook continues in volume,LW25,GW54,-0.13598346710205078,1.3743915557861328,0.16562128067016602,16.66387681849301,18.076240945607424,19.425633376231417
13,2.0,11,1.0,The ice core drilling rig was delivered as unit,MV91,PB50,0.5097150802612305,1.9415497779846191,0.8427658081054688,12.907856567995623,14.906089794589207,14.59056637971662
13,3.0,0,0.0,The hydrographic chart set reached edition,JK97,BA50,0.3250093460083008,2.163224697113037,-1.4322404861450195,16.39914084551856,16.283849192783237,13.71844133734703
13,3.0,1,0.0909,The telegraph repeater hut answers to station code,HX28,LE73,-0.3868594169616699,5.199753046035767,1.4830679893493652,16.14979191729799,14.329579224810004,15.004590922035277
13,3.0,2,0.1818,The sealed crate in the annex is marked with inventory tag,HW33,TT76,-0.9561867713928223,3.4676177501678467,-0.5642633438110352,20.84629865916213,18.206481533125043,15.963752745650709
13,3.0,3,0.2727,The archive microfilm reel is filed under shelf mark,EC78,RH95,0.5460271835327148,1.136695384979248,-0.8587279319763184,16.077944986522198,16.767335014417768,13.83364655310288
13,3.0,4,0.3636,The expedition's spare sledge carries equipment tag,AP26,GK14,0.18720674514770508,3.7216081619262695,0.46639394760131836,15.941074694041163,16.61193617619574,13.422859649173915
13,3.0,5,0.4545,Ansel's transit permit was issued as document number,XV11,NS30,-0.22194814682006836,-1.911813735961914,-3.0845727920532227,15.120524225290865,17.324021449312568,14.574323784559965
13,3.0,6,0.5455,The customs declaration quotes reference code,JE20,PX37,-1.3773078918457031,2.5703721046447754,-0.8358068466186523,15.624750512419268,20.274726909818128,15.594390846788883
13,3.0,7,0.6364,The northern relay station operates under callsign,HR80,JP85,-0.0522308349609375,3.2844648361206055,3.2848896980285645,16.58273827296216,15.699547179043293,13.846371261402965
13,3.0,8,0.7273,The reserve fuel depot is listed at site code,UP95,HM41,-0.1558222770690918,-2.4538121223449707,-2.347740650177002,15.265758937224746,15.307192593347281,13.493363678455353
13,3.0,9,0.8182,The harbour pilot's licence shows registration code,MP91,UK64,1.1411561965942383,1.7201237678527832,0.696143627166748,13.238044690806419,18.127998193260282,17.56205790862441
13,3.0,10,0.9091,The radio operator's logbook continues in volume,LW25,GW54,-0.13598346710205078,3.6442909240722656,1.6410818099975586,16.66387681849301,16.325736744329333,16.44412943162024
13,3.0,11,1.0,The ice core drilling rig was delivered as unit,MV91,PB50,0.5097150802612305,4.167629241943359,2.501884937286377,12.907856567995623,13.326175450813025,11.404409255832434
14,0.0,0,0.0,The reserve fuel depot is listed at site code,DV99,ND14,0.25217580795288086,0.25217580795288086,0.25217580795288086,15.312560585094616,15.312560585094616,15.312560585094616
14,0.0,1,0.0909,The lighthouse relief roster follows schedule,WS41,GK13,2.073556900024414,2.073556900024414,2.073556900024414,17.73765065066982,17.73765065066982,17.73765065066982
14,0.0,2,0.1818,Ansel's transit permit was issued as document number,ND43,AU74,-0.4722023010253906,-0.4722023010253906,-0.4722023010253906,16.800026137731038,16.800026137731038,16.800026137731038
14,0.0,3,0.2727,The diesel storage tank is stencilled vessel number,HL55,KS55,-0.7751884460449219,-0.7751884460449219,-0.7751884460449219,17.631939663318917,17.631939663318917,17.631939663318917
14,0.0,4,0.3636,The medical supply locker was closed with seal number,JM90,JD14,-2.7700018882751465,-2.7700018882751465,-2.7700018882751465,15.32657413603738,15.32657413603738,15.32657413603738
14,0.0,5,0.4545,The border checkpoint ledger opens at entry code,WS29,EG10,0.27505970001220703,0.27505970001220703,0.27505970001220703,16.204856091178954,16.204856091178954,16.204856091178954
14,0.0,6,0.5455,The glacier survey stake is recorded as marker,FT95,GV97,-0.4597463607788086,-0.4597463607788086,-0.4597463607788086,16.200279121287167,16.200279121287167,16.200279121287167
14,0.0,7,0.6364,The archive microfilm reel is filed under shelf mark,AW18,BT86,0.6742863655090332,0.6742863655090332,0.6742863655090332,17.70604157447815,17.70604157447815,17.70604157447815
14,0.0,8,0.7273,The observatory's spare mirror was ordered as part number,DV53,ZF75,0.8866977691650391,0.8866977691650391,0.8866977691650391,16.22209982390632,16.22209982390632,16.22209982390632
14,0.0,9,0.8182,The meteorological buoy broadcasts on transponder code,AC45,WG56,0.1095733642578125,0.1095733642578125,0.1095733642578125,17.9584865126526,17.9584865126526,17.9584865126526
14,0.0,10,0.9091,The freight siding at Kelder appears on the plan as track,GN61,RN41,-1.8090906143188477,-1.8090906143188477,-1.8090906143188477,14.964224432129413,14.964224432129413,14.964224432129413
14,0.0,11,1.0,The survey team's theodolite bears serial number,DW97,NT80,2.534529685974121,2.534529685974121,2.534529685974121,17.711993733537383,17.711993733537383,17.711993733537383
14,0.25,0,0.0,The reserve fuel depot is listed at site code,DV99,ND14,0.25217580795288086,0.4652094841003418,0.40792179107666016,15.312560585094616,15.4304787828587,14.954442237270996
14,0.25,1,0.0909,The lighthouse relief roster follows schedule,WS41,GK13,2.073556900024414,1.9790992736816406,2.07138729095459,17.73765065066982,18.387445720960386,17.964428648003377
14,0.25,2,0.1818,Ansel's transit permit was issued as document number,ND43,AU74,-0.4722023010253906,-0.4352893829345703,-0.6099948883056641,16.800026137731038,16.77884074137546,16.497707209084183
14,0.25,3,0.2727,The diesel storage tank is stencilled vessel number,HL55,KS55,-0.7751884460449219,-0.6898231506347656,-0.818666934967041,17.631939663318917,18.163548668380827,18.29091345751658
14,0.25,4,0.3636,The medical supply locker was closed with seal number,JM90,JD14,-2.7700018882751465,-2.7805302143096924,-2.693556785583496,15.32657413603738,15.544360435567796,15.546181708574295
14,0.25,5,0.4545,The border checkpoint ledger opens at entry code,WS29,EG10,0.27505970001220703,0.44409847259521484,0.3930349349975586,16.204856091178954,15.665920902509242,15.286188395693898
14,0.25,6,0.5455,The glacier survey stake is recorded as marker,FT95,GV97,-0.4597463607788086,-0.3758363723754883,-0.49254512786865234,16.200279121287167,15.81256264843978,15.70487686409615
14,0.25,7,0.6364,The archive microfilm reel is filed under shelf mark,AW18,BT86,0.6742863655090332,0.5662961006164551,0.7062816619873047,17.70604157447815,18.27038286672905,18.057869234122336
14,0.25,8,0.7273,The observatory's spare mirror was ordered as part number,DV53,ZF75,0.8866977691650391,1.1262750625610352,1.119546890258789,16.22209982390632,16.597854212042876,16.976973594428273
14,0.25,9,0.8182,The meteorological buoy broadcasts on transponder code,AC45,WG56,0.1095733642578125,-0.015124797821044922,0.13356494903564453,17.9584865126526,17.39584637020016,17.917252005194314
14,0.25,10,0.9091,The freight siding at Kelder appears on the plan as track,GN61,RN41,-1.8090906143188477,-1.7347135543823242,-1.7273292541503906,14.964224432129413,14.694208106491715,14.450774305034429
14,0.25,11,1.0,The survey team's theodolite bears serial number,DW97,NT80,2.534529685974121,2.4462413787841797,2.3270716667175293,17.711993733537383,17.589102762867697,17.266933658800554
14,0.5,0,0.0,The reserve fuel depot is listed at site code,DV99,ND14,0.25217580795288086,0.4043698310852051,0.5169916152954102,15.312560585094616,15.514171982882544,15.913060220889747
14,0.5,1,0.0909,The lighthouse relief roster follows schedule,WS41,GK13,2.073556900024414,2.155978202819824,1.974682331085205,17.73765065066982,17.783167516288813,17.679836448514834
14,0.5,2,0.1818,Ansel's transit permit was issued as document number,ND43,AU74,-0.4722023010253906,-0.3370652198791504,-0.5380101203918457,16.800026137731038,16.264237817085814,16.660751323739532
14,0.5,3,0.2727,The diesel storage tank is stencilled vessel number,HL55,KS55,-0.7751884460449219,-0.48375701904296875,-0.801396369934082,17.631939663318917,18.958336627692915,17.786804328672588
14,0.5,4,0.3636,The medical supply locker was closed with seal number,JM90,JD14,-2.7700018882751465,-2.669969081878662,-2.820546865463257,15.32657413603738,15.640673272777349,15.654858907219023
14,0.5,5,0.4545,The border checkpoint ledger opens at entry code,WS29,EG10,0.27505970001220703,0.5470609664916992,0.47431373596191406,16.204856091178954,15.854156017303467,15.5069507046137
14,0.5,6,0.5455,The glacier survey stake is recorded as marker,FT95,GV97,-0.4597463607788086,-0.5973038673400879,-0.596771240234375,16.200279121287167,15.790220558876172,15.683709282428026
14,0.5,7,0.6364,The archive microfilm reel is filed under shelf mark,AW18,BT86,0.6742863655090332,0.7694554328918457,0.6488780975341797,17.70604157447815,18.198297006310895,17.734428230207413
14,0.5,8,0.7273,The observatory's spare mirror was ordered as part number,DV53,ZF75,0.8866977691650391,1.1343574523925781,1.1971187591552734,16.22209982390632,17.23446071788203,17.394462588315946
14,0.5,9,0.8182,The meteorological buoy broadcasts on transponder code,AC45,WG56,0.1095733642578125,0.1598663330078125,0.13502264022827148,17.9584865126526,17.695077486510854,17.4086389936856
14,0.5,10,0.9091,The freight siding at Kelder appears on the plan as track,GN61,RN41,-1.8090906143188477,-1.8426413536071777,-1.8925881385803223,14.964224432129413,15.360121397301555,14.106902475468814
14,0.5,11,1.0,The survey team's theodolite bears serial number,DW97,NT80,2.534529685974121,2.3587288856506348,2.378708839416504,17.711993733537383,17.15292916400358,17.25824636372272
14,0.75,0,0.0,The reserve fuel depot is listed at site code,DV99,ND14,0.25217580795288086,0.24776124954223633,0.10483264923095703,15.312560585094616,15.918298676260747,15.246896524797194
14,0.75,1,0.0909,The lighthouse relief roster follows schedule,WS41,GK13,2.073556900024414,2.306849479675293,1.7729158401489258,17.73765065066982,17.320654214941896,16.86148573004175
14,0.75,2,0.1818,Ansel's transit permit was issued as document number,ND43,AU74,-0.4722023010253906,-0.45839500427246094,-0.36286020278930664,16.800026137731038,15.956094702414703,15.460800493718125
14,0.75,3,0.2727,The diesel storage tank is stencilled vessel number,HL55,KS55,-0.7751884460449219,-0.37128400802612305,-0.6456503868103027,17.631939663318917,18.44313991058152,16.696031153434888
14,0.75,4,0.3636,The medical supply locker was closed with seal number,JM90,JD14,-2.7700018882751465,-2.7975354194641113,-3.1569697856903076,15.32657413603738,15.51627229875885,14.502645936794579
14,0.75,5,0.4545,The border checkpoint ledger opens at entry code,WS29,EG10,0.27505970001220703,0.9193086624145508,0.7182703018188477,16.204856091178954,16.41920167580247,14.815150008536875
14,0.75,6,0.5455,The glacier survey stake is recorded as marker,FT95,GV97,-0.4597463607788086,-0.5318050384521484,-0.6925268173217773,16.200279121287167,15.833663567667827,15.366511400323361
14,0.75,7,0.6364,The archive microfilm reel is filed under shelf mark,AW18,BT86,0.6742863655090332,0.7513093948364258,0.4786548614501953,17.70604157447815,18.074941485887393,16.550675586331636
14,0.75,8,0.7273,The observatory's spare mirror was ordered as part number,DV53,ZF75,0.8866977691650391,1.2380099296569824,1.1713027954101562,16.22209982390632,16.663768333615735,16.408097766368883
14,0.75,9,0.8182,The meteorological buoy broadcasts on transponder code,AC45,WG56,0.1095733642578125,0.47182273864746094,0.3192138671875,17.9584865126526,18.07204334891867,14.94067791418638
14,0.75,10,0.9091,The freight siding at Kelder appears on the plan as track,GN61,RN41,-1.8090906143188477,-1.736013412475586,-1.7716760635375977,14.964224432129413,15.340633214917034,13.816779121290892
14,0.75,11,1.0,The survey team's theodolite bears serial number,DW97,NT80,2.534529685974121,2.228578567504883,2.090660572052002,17.711993733537383,16.906545246136375,16.329301338351797
14,1.0,0,0.0,The reserve fuel depot is listed at site code,DV99,ND14,0.25217580795288086,1.7512445449829102,0.4517068862915039,15.312560585094616,17.563084868248552,16.60070809163153
14,1.0,1,0.0909,The lighthouse relief roster follows schedule,WS41,GK13,2.073556900024414,2.0523147583007812,1.3725495338439941,17.73765065066982,19.40287143335445,18.115490107098594
14,1.0,2,0.1818,Ansel's transit permit was issued as document number,ND43,AU74,-0.4722023010253906,-0.05533170700073242,-0.5507664680480957,16.800026137731038,16.65955577598652,15.83637000597082
14,1.0,3,0.2727,The diesel storage tank is stencilled vessel number,HL55,KS55,-0.7751884460449219,-0.47135305404663086,-0.8436479568481445,17.631939663318917,18.41176362754777,17.509157637599856
14,1.0,4,0.3636,The medical supply locker was closed with seal number,JM90,JD14,-2.7700018882751465,-3.9452297687530518,-3.8556711673736572,15.32657413603738,16.849257464520633,16.94281114684418
14,1.0,5,0.4545,The border checkpoint ledger opens at entry code,WS29,EG10,0.27505970001220703,1.703397274017334,0.6057939529418945,16.204856091178954,17.440992707386613,17.116600629873574
14,1.0,6,0.5455,The glacier survey stake is recorded as marker,FT95,GV97,-0.4597463607788086,0.13540267944335938,0.21657180786132812,16.200279121287167,17.640974347828887,17.00519724539481
14,1.0,7,0.6364,The archive microfilm reel is filed under shelf mark,AW18,BT86,0.6742863655090332,1.5598053932189941,0.5459399223327637,17.70604157447815,20.132669150363654,19.78256380185485
14,1.0,8,0.7273,The observatory's spare mirror was ordered as part number,DV53,ZF75,0.8866977691650391,2.2678403854370117,1.7365074157714844,16.22209982390632,20.24194180572522,19.126632420142414
14,1.0,9,0.8182,The meteorological buoy broadcasts on transponder code,AC45,WG56,0.1095733642578125,0.16823315620422363,-0.31635022163391113,17.9584865126526,18.080403117462993,16.30533466950874
14,1.0,10,0.9091,The freight siding at Kelder appears on the plan as track,GN61,RN41,-1.8090906143188477,-0.4563322067260742,-1.0119295120239258,14.964224432129413,16.496372011839412,16.231066721724346
14,1.0,11,1.0,The survey team's theodolite bears serial number,DW97,NT80,2.534529685974121,2.0521721839904785,1.732661247253418,17.711993733537383,18.119356011855416,18.10743796126917
14,1.25,0,0.0,The reserve fuel depot is listed at site code,DV99,ND14,0.25217580795288086,1.5290884971618652,0.5603671073913574,15.312560585094616,16.399610910099,15.898683692095801
14,1.25,1,0.0909,The lighthouse relief roster follows schedule,WS41,GK13,2.073556900024414,2.406585931777954,1.9267778396606445,17.73765065066982,19.07217579020653,18.610763354809023
14,1.25,2,0.1818,Ansel's transit permit was issued as document number,ND43,AU74,-0.4722023010253906,0.3437795639038086,-0.1728677749633789,16.800026137731038,16.728799443721073,15.775721057259943
14,1.25,3,0.2727,The diesel storage tank is stencilled vessel number,HL55,KS55,-0.7751884460449219,-0.3824310302734375,-0.9716405868530273,17.631939663318917,18.44023685203865,17.425871474668384
14,1.25,4,0.3636,The medical supply locker was closed with seal number,JM90,JD14,-2.7700018882751465,-4.159713983535767,-4.033498764038086,15.32657413603738,17.268955746199936,17.502865121350624
14,1.25,5,0.4545,The border checkpoint ledger opens at entry code,WS29,EG10,0.27505970001220703,2.2612252235412598,0.5953207015991211,16.204856091178954,17.431040983297862,17.455647080671042
14,1.25,6,0.5455,The glacier survey stake is recorded as marker,FT95,GV97,-0.4597463607788086,0.014929771423339844,-0.4054222106933594,16.200279121287167,17.562979515991174,17.586575445486233
14,1.25,7,0.6364,The archive microfilm reel is filed under shelf mark,AW18,BT86,0.6742863655090332,1.77333402633667,0.9108085632324219,17.70604157447815,19.980965401628055,19.694257400929928
14,1.25,8,0.7273,The observatory's spare mirror was ordered as part number,DV53,ZF75,0.8866977691650391,2.644190788269043,1.4917702674865723,16.22209982390632,20.004917299578665,19.838845836391556
14,1.25,9,0.8182,The meteorological buoy broadcasts on transponder code,AC45,WG56,0.1095733642578125,0.42841625213623047,-0.5193791389465332,17.9584865126526,18.75423478311859,16.765114281442948
14,1.25,10,0.9091,The freight siding at Kelder appears on the plan as track,GN61,RN41,-1.8090906143188477,-0.21227693557739258,-0.9744710922241211,14.964224432129413,16.884303601982538,16.768716749968007
14,1.25,11,1.0,The survey team's theodolite bears serial number,DW97,NT80,2.534529685974121,2.273509979248047,1.2844562530517578,17.711993733537383,18.44173276319634,17.731109761167318
14,1.5,0,0.0,The reserve fuel depot is listed at site code,DV99,ND14,0.25217580795288086,1.3953132629394531,0.1867361068725586,15.312560585094616,16.777876623207703,14.936617655912414
14,1.5,1,0.0909,The lighthouse relief roster follows schedule,WS41,GK13,2.073556900024414,2.6175906658172607,1.6748335361480713,17.73765065066982,19.547210605756845,18.22794387524482
14,1.5,2,0.1818,Ansel's transit permit was issued as document number,ND43,AU74,-0.4722023010253906,0.025974750518798828,-0.08994293212890625,16.800026137731038,17.043257178389467,15.70502119109733
14,1.5,3,0.2727,The diesel storage tank is stencilled vessel number,HL55,KS55,-0.7751884460449219,-0.6126489639282227,-1.0299983024597168,17.631939663318917,17.711212445050478,17.94758600392379
14,1.5,4,0.3636,The medical supply locker was closed with seal number,JM90,JD14,-2.7700018882751465,-3.8270411491394043,-4.020405054092407,15.32657413603738,17.50668177177431,17.334573140135035
14,1.5,5,0.4545,The border checkpoint ledger opens at entry code,WS29,EG10,0.27505970001220703,2.4466500282287598,0.6117854118347168,16.204856091178954,16.824975989060476,17.49320123391226
14,1.5,6,0.5455,The glacier survey stake is recorded as marker,FT95,GV97,-0.4597463607788086,0.05501842498779297,-0.027483463287353516,16.200279121287167,17.216009218711406,17.31172693707049
14,1.5,7,0.6364,The archive microfilm reel is filed under shelf mark,AW18,BT86,0.6742863655090332,1.6536335945129395,1.0329232215881348,17.70604157447815,19.361862115911208,19.253037034068257
14,1.5,8,0.7273,The observatory's spare mirror was ordered as part number,DV53,ZF75,0.8866977691650391,2.5120186805725098,1.4146780967712402,16.22209982390632,19.762864097283455,19.820481091563124
14,1.5,9,0.8182,The meteorological buoy broadcasts on transponder code,AC45,WG56,0.1095733642578125,1.0150017738342285,-0.4575681686401367,17.9584865126526,18.635518338429392,16.403687486803392
14,1.5,10,0.9091,The freight siding at Kelder appears on the plan as track,GN61,RN41,-1.8090906143188477,-0.32115650177001953,-1.012516975402832,14.964224432129413,16.978595299529843,16.614209767896682
14,1.5,11,1.0,The survey team's theodolite bears serial number,DW97,NT80,2.534529685974121,2.232109546661377,1.107335090637207,17.711993733537383,18.086297986272257,17.880378081812523
14,2.0,0,0.0,The reserve fuel depot is listed at site code,DV99,ND14,0.25217580795288086,1.3986811637878418,0.09258460998535156,15.312560585094616,18.24800541996956,16.397175695747137
14,2.0,1,0.0909,The lighthouse relief roster follows schedule,WS41,GK13,2.073556900024414,3.064124822616577,1.3888425827026367,17.73765065066982,17.65944061370101,17.588444010238163
14,2.0,2,0.1818,Ansel's transit permit was issued as document number,ND43,AU74,-0.4722023010253906,0.17255306243896484,-0.37063145637512207,16.800026137731038,16.69674926652806,15.989449363201857
14,2.0,3,0.2727,The diesel storage tank is stencilled vessel number,HL55,KS55,-0.7751884460449219,-0.6150631904602051,-1.262007236480713,17.631939663318917,17.933570705354214,17.984839368611574
14,2.0,4,0.3636,The medical supply locker was closed with seal number,JM90,JD14,-2.7700018882751465,-3.457972764968872,-3.7840211391448975,15.32657413603738,17.357482680643443,17.877933526819106
14,2.0,5,0.4545,The border checkpoint ledger opens at entry code,WS29,EG10,0.27505970001220703,2.8649468421936035,0.42827463150024414,16.204856091178954,16.080061704851687,16.677959502791055
14,2.0,6,0.5455,The glacier survey stake is recorded as marker,FT95,GV97,-0.4597463607788086,0.33960485458374023,0.009576797485351562,16.200279121287167,16.42610875912942,17.18034384062048
14,2.0,7,0.6364,The archive microfilm reel is filed under shelf mark,AW18,BT86,0.6742863655090332,2.2522544860839844,0.47778749465942383,17.70604157447815,18.82132030010689,18.79923282994423
14,2.0,8,0.7273,The observatory's spare mirror was ordered as part number,DV53,ZF75,0.8866977691650391,3.4317636489868164,1.3280940055847168,16.22209982390632,19.803699983865954,19.932324740337208
14,2.0,9,0.8182,The meteorological buoy broadcasts on transponder code,AC45,WG56,0.1095733642578125,1.3570401668548584,-0.08811330795288086,17.9584865126526,17.683552481161314,16.62058697531029
14,2.0,10,0.9091,The freight siding at Kelder appears on the plan as track,GN61,RN41,-1.8090906143188477,-0.1445140838623047,-1.2353487014770508,14.964224432129413,16.501934465952218,16.5599105063593
14,2.0,11,1.0,The survey team's theodolite bears serial number,DW97,NT80,2.534529685974121,1.8853001594543457,0.8214840888977051,17.711993733537383,17.395107205724344,16.97573332011234
14,3.0,0,0.0,The reserve fuel depot is listed at site code,DV99,ND14,0.25217580795288086,1.3120684623718262,-0.10455942153930664,15.312560585094616,17.50908037275076,14.616843074560165
14,3.0,1,0.0909,The lighthouse relief roster follows schedule,WS41,GK13,2.073556900024414,4.690946340560913,1.9407382011413574,17.73765065066982,17.771730976877734,16.742646910250187
14,3.0,2,0.1818,Ansel's transit permit was issued as document number,ND43,AU74,-0.4722023010253906,0.15765619277954102,-1.2978096008300781,16.800026137731038,15.861132831545547,13.567310177255422
14,3.0,3,0.2727,The diesel storage tank is stencilled vessel number,HL55,KS55,-0.7751884460449219,-2.5941452980041504,-3.121119499206543,17.631939663318917,14.216266023926437,14.858851951546967
14,3.0,4,0.3636,The medical supply locker was closed with seal number,JM90,JD14,-2.7700018882751465,-2.145289897918701,-2.9292120933532715,15.32657413603738,16.191582559258677,15.394339267164469
14,3.0,5,0.4545,The border checkpoint ledger opens at entry code,WS29,EG10,0.27505970001220703,3.608290672302246,-0.7762036323547363,16.204856091178954,17.20957040041685,15.930815061554313
14,3.0,6,0.5455,The glacier survey stake is recorded as marker,FT95,GV97,-0.4597463607788086,-0.705256462097168,-1.8486647605895996,16.200279121287167,16.608158321119845,18.654428939335048
14,3.0,7,0.6364,The archive microfilm reel is filed under shelf mark,AW18,BT86,0.6742863655090332,4.07931113243103,0.07225608825683594,17.70604157447815,18.100647422252223,17.817840286763385
14,3.0,8,0.7273,The observatory's spare mirror was ordered as part number,DV53,ZF75,0.8866977691650391,7.295754671096802,2.517951488494873,16.22209982390632,17.267264779657125,17.854786306037568
14,3.0,9,0.8182,The meteorological buoy broadcasts on transponder code,AC45,WG56,0.1095733642578125,3.747722864151001,1.108621597290039,17.9584865126526,15.51230810303241,14.294494789559394
14,3.0,10,0.9091,The freight siding at Kelder appears on the plan as track,GN61,RN41,-1.8090906143188477,1.03564453125,-0.9171938896179199,14.964224432129413,13.094167258124799,14.183674640022218
14,3.0,11,1.0,The survey team's theodolite bears serial number,DW97,NT80,2.534529685974121,2.6198270320892334,0.5906400680541992,17.711993733537383,16.805415359325707,16.626367788761854
15,0.0,0,0.0,The meteorological buoy broadcasts on transponder code,GA76,HX85,-0.3465876579284668,-0.3465876579284668,-0.3465876579284668,15.19714194117114,15.19714194117114,15.19714194117114
15,0.0,1,0.0909,The signal lamp housing takes fitting code,HA17,LR50,-0.8722457885742188,-0.8722457885742188,-0.8722457885742188,16.04782657371834,16.04782657371834,16.04782657371834
15,0.0,2,0.1818,The freight siding at Kelder appears on the plan as track,MH24,AV55,1.9677600860595703,1.9677600860595703,1.9677600860595703,18.14935928559862,18.14935928559862,18.14935928559862
15,0.0,3,0.2727,The radio operator's logbook continues in volume,MH36,BF92,-0.5744514465332031,-0.5744514465332031,-0.5744514465332031,17.128711010562256,17.128711010562256,17.128711010562256
15,0.0,4,0.3636,The reserve fuel depot is listed at site code,ML38,SZ23,-0.08792734146118164,-0.08792734146118164,-0.08792734146118164,18.65936862467788,18.65936862467788,18.65936862467788
15,0.0,5,0.4545,The coastal watchtower is designated post,PH83,LE52,-2.6217451095581055,-2.6217451095581055,-2.6217451095581055,18.29729951848276,18.29729951848276,18.29729951848276
15,0.0,6,0.5455,The customs declaration quotes reference code,QP72,DL53,0.4019913673400879,0.4019913673400879,0.4019913673400879,12.978642034577206,12.978642034577206,12.978642034577206
15,0.0,7,0.6364,The botanical specimen case holds accession number,CQ82,TV71,0.2091679573059082,0.2091679573059082,0.2091679573059082,16.146601805463433,16.146601805463433,16.146601805463433
15,0.0,8,0.7273,The lighthouse relief roster follows schedule,MQ82,UD60,0.17046070098876953,0.17046070098876953,0.17046070098876953,15.830475764116272,15.830475764116272,15.830475764116272
15,0.0,9,0.8182,The hydrographic chart set reached edition,RA35,UA22,1.7536849975585938,1.7536849975585938,1.7536849975585938,17.18531798920594,17.18531798920594,17.18531798920594
15,0.0,10,0.9091,The expedition's spare sledge carries equipment tag,ET32,GU79,0.5921211242675781,0.5921211242675781,0.5921211242675781,21.585048786597326,21.585048786597326,21.585048786597326
15,0.0,11,1.0,The assay laboratory furnace is a model,KS73,TV51,2.411940574645996,2.411940574645996,2.411940574645996,16.987440903205425,16.987440903205425,16.987440903205425
15,0.25,0,0.0,The meteorological buoy broadcasts on transponder code,GA76,HX85,-0.3465876579284668,-0.42151308059692383,-0.3048572540283203,15.19714194117114,15.378734886879101,15.250328164314851
15,0.25,1,0.0909,The signal lamp housing takes fitting code,HA17,LR50,-0.8722457885742188,-0.6982231140136719,-0.7078704833984375,16.04782657371834,16.84170223842375,16.57552889850922
15,0.25,2,0.1818,The freight siding at Kelder appears on the plan as track,MH24,AV55,1.9677600860595703,2.0562801361083984,2.097527503967285,18.14935928559862,18.43322793196421,18.31378075480461
15,0.25,3,0.2727,The radio operator's logbook continues in volume,MH36,BF92,-0.5744514465332031,-0.3070220947265625,-0.46494007110595703,17.128711010562256,17.405194899445632,16.827511787589174
15,0.25,4,0.3636,The reserve fuel depot is listed at site code,ML38,SZ23,-0.08792734146118164,0.050002098083496094,0.01024007797241211,18.65936862467788,19.034948147600517,18.63482619752176
15,0.25,5,0.4545,The coastal watchtower is designated post,PH83,LE52,-2.6217451095581055,-3.0670037269592285,-3.2908096313476562,18.29729951848276,18.690843968186527,18.824684838182293
15,0.25,6,0.5455,The customs declaration quotes reference code,QP72,DL53,0.4019913673400879,0.5024518966674805,0.37953710556030273,12.978642034577206,13.204975768458098,13.036867630435154
15,0.25,7,0.6364,The botanical specimen case holds accession number,CQ82,TV71,0.2091679573059082,0.18047523498535156,0.13321208953857422,16.146601805463433,16.87799129425548,17.341989405453205
15,0.25,8,0.7273,The lighthouse relief roster follows schedule,MQ82,UD60,0.17046070098876953,0.7728075981140137,-0.09762382507324219,15.830475764116272,16.14188607945107,15.957240853225812
15,0.25,9,0.8182,The hydrographic chart set reached edition,RA35,UA22,1.7536849975585938,2.3903884887695312,2.0132522583007812,17.18531798920594,17.597575412597507,16.8125483894255
15,0.25,10,0.9091,The expedition's spare sledge carries equipment tag,ET32,GU79,0.5921211242675781,0.7675051689147949,0.576789379119873,21.585048786597326,20.59642655053176,20.46225623949431
15,0.25,11,1.0,The assay laboratory furnace is a model,KS73,TV51,2.411940574645996,3.037964344024658,2.7185516357421875,16.987440903205425,17.070167714497074,16.36158400424756
15,0.5,0,0.0,The meteorological buoy broadcasts on transponder code,GA76,HX85,-0.3465876579284668,-0.3740053176879883,-0.38663339614868164,15.19714194117114,15.610966486856341,15.48422774556093
15,0.5,1,0.0909,The signal lamp housing takes fitting code,HA17,LR50,-0.8722457885742188,-0.7603635787963867,-0.7107944488525391,16.04782657371834,16.787895012646914,16.676769560668617
15,0.5,2,0.1818,The freight siding at Kelder appears on the plan as track,MH24,AV55,1.9677600860595703,1.881314754486084,2.0320630073547363,18.14935928559862,18.292495026485994,18.97886515664868
15,0.5,3,0.2727,The radio operator's logbook continues in volume,MH36,BF92,-0.5744514465332031,-0.1184391975402832,-0.3759188652038574,17.128711010562256,17.73075596621493,18.116601767309476
15,0.5,4,0.3636,The reserve fuel depot is listed at site code,ML38,SZ23,-0.08792734146118164,0.09248638153076172,-0.09853553771972656,18.65936862467788,18.794372636359185,19.05405477131717
15,0.5,5,0.4545,The coastal watchtower is designated post,PH83,LE52,-2.6217451095581055,-3.1450586318969727,-3.0439929962158203,18.29729951848276,19.420836099772714,19.776793991448358
15,0.5,6,0.5455,The customs declaration quotes reference code,QP72,DL53,0.4019913673400879,0.6194653511047363,0.3683490753173828,12.978642034577206,13.369592701550573,13.70642763050273
15,0.5,7,0.6364,The botanical specimen case holds accession number,CQ82,TV71,0.2091679573059082,0.37209415435791016,0.10821342468261719,16.146601805463433,17.43033600319177,17.426912588533014
15,0.5,8,0.7273,The lighthouse relief roster follows schedule,MQ82,UD60,0.17046070098876953,0.7526044845581055,0.16567373275756836,15.830475764116272,16.336165265762247,16.6650740604382
15,0.5,9,0.8182,The hydrographic chart set reached edition,RA35,UA22,1.7536849975585938,2.330038547515869,2.3405208587646484,17.18531798920594,17.65741942881141,17.205310485675
15,0.5,10,0.9091,The expedition's spare sledge carries equipment tag,ET32,GU79,0.5921211242675781,0.9029912948608398,0.943345308303833,21.585048786597326,20.41625989775639,20.68414041970391
15,0.5,11,1.0,The assay laboratory furnace is a model,KS73,TV51,2.411940574645996,3.1304192543029785,3.0643086433410645,16.987440903205425,17.926727660000324,17.434965612832457
15,0.75,0,0.0,The meteorological buoy broadcasts on transponder code,GA76,HX85,-0.3465876579284668,-0.3472146987915039,-0.23809003829956055,15.19714194117114,16.669647270115092,16.147923204582185
15,0.75,1,0.0909,The signal lamp housing takes fitting code,HA17,LR50,-0.8722457885742188,-0.5661754608154297,-0.6639776229858398,16.04782657371834,17.931191901676357,16.776442657457665
15,0.75,2,0.1818,The freight siding at Kelder appears on the plan as track,MH24,AV55,1.9677600860595703,2.441862106323242,2.066636085510254,18.14935928559862,19.60597282089293,19.67291316948831
15,0.75,3,0.2727,The radio operator's logbook continues in volume,MH36,BF92,-0.5744514465332031,0.3563203811645508,-0.28307247161865234,17.128711010562256,18.810947594756726,18.58140851103235
15,0.75,4,0.3636,The reserve fuel depot is listed at site code,ML38,SZ23,-0.08792734146118164,0.30093955993652344,0.035643577575683594,18.65936862467788,20.504812280414626,19.417787936516106
15,0.75,5,0.4545,The coastal watchtower is designated post,PH83,LE52,-2.6217451095581055,-2.248532295227051,-2.657557487487793,18.29729951848276,21.73199956334429,21.083060194621794
15,0.75,6,0.5455,The customs declaration quotes reference code,QP72,DL53,0.4019913673400879,0.706334114074707,0.2297077178955078,12.978642034577206,14.59601356589701,14.234080221503973
15,0.75,7,0.6364,The botanical specimen case holds accession number,CQ82,TV71,0.2091679573059082,0.776611328125,0.3569455146789551,16.146601805463433,17.48979452205822,17.79498367011547
15,0.75,8,0.7273,The lighthouse relief roster follows schedule,MQ82,UD60,0.17046070098876953,1.0430169105529785,0.23987436294555664,15.830475764116272,17.235443974495865,17.38974338886328
15,0.75,9,0.8182,The hydrographic chart set reached edition,RA35,UA22,1.7536849975585938,2.734921932220459,2.4967455863952637,17.18531798920594,18.230756832519546,17.947505198884755
15,0.75,10,0.9091,The expedition's spare sledge carries equipment tag,ET32,GU79,0.5921211242675781,1.1723542213439941,1.3118932247161865,21.585048786597326,21.14714425371494,21.045824710046872
15,0.75,11,1.0,The assay laboratory furnace is a model,KS73,TV51,2.411940574645996,3.587085247039795,2.9837470054626465,16.987440903205425,18.83755919523537,18.45023859734647
15,1.0,0,0.0,The meteorological buoy broadcasts on transponder code,GA76,HX85,-0.3465876579284668,-0.18889141082763672,-0.7328281402587891,15.19714194117114,16.57829211628996,15.80196598987095
15,1.0,1,0.0909,The signal lamp housing takes fitting code,HA17,LR50,-0.8722457885742188,-1.7173418998718262,-1.8810360431671143,16.04782657371834,18.821027480007615,19.072357892408036
15,1.0,2,0.1818,The freight siding at Kelder appears on the plan as track,MH24,AV55,1.9677600860595703,2.3918709754943848,0.4631643295288086,18.14935928559862,20.39615475642495,20.678834100370295
15,1.0,3,0.2727,The radio operator's logbook continues in volume,MH36,BF92,-0.5744514465332031,1.6402153968811035,-0.8005247116088867,17.128711010562256,20.51638755912427,19.77158841508208
15,1.0,4,0.3636,The reserve fuel depot is listed at site code,ML38,SZ23,-0.08792734146118164,0.28879642486572266,-0.35210752487182617,18.65936862467788,21.076290063443594,22.168000567005947
15,1.0,5,0.4545,The coastal watchtower is designated post,PH83,LE52,-2.6217451095581055,-2.172297239303589,-2.8657047748565674,18.29729951848276,20.415628727292642,19.38297202443937
15,1.0,6,0.5455,The customs declaration quotes reference code,QP72,DL53,0.4019913673400879,-0.08054828643798828,-0.44433021545410156,12.978642034577206,15.223580427351408,14.76031445665285
15,1.0,7,0.6364,The botanical specimen case holds accession number,CQ82,TV71,0.2091679573059082,0.05139636993408203,0.19121837615966797,16.146601805463433,21.09774021001067,20.576198596623726
15,1.0,8,0.7273,The lighthouse relief roster follows schedule,MQ82,UD60,0.17046070098876953,-0.9063405990600586,-1.3618264198303223,15.830475764116272,19.488019398297183,19.601120758568868
15,1.0,9,0.8182,The hydrographic chart set reached edition,RA35,UA22,1.7536849975585938,3.931694507598877,2.5502734184265137,17.18531798920594,20.285945628769696,20.000226956792176
15,1.0,10,0.9091,The expedition's spare sledge carries equipment tag,ET32,GU79,0.5921211242675781,0.8128559589385986,1.1899809837341309,21.585048786597326,22.472342925379053,22.77143719396554
15,1.0,11,1.0,The assay laboratory furnace is a model,KS73,TV51,2.411940574645996,1.5881047248840332,1.729949712753296,16.987440903205425,19.72045487363357,19.87401291227434
15,1.25,0,0.0,The meteorological buoy broadcasts on transponder code,GA76,HX85,-0.3465876579284668,-0.36252832412719727,-0.8508615493774414,15.19714194117114,16.26054380950518,16.042411147151142
15,1.25,1,0.0909,The signal lamp housing takes fitting code,HA17,LR50,-0.8722457885742188,-1.91819429397583,-2.16819429397583,16.04782657371834,19.39042752236128,19.183617246395443
15,1.25,2,0.1818,The freight siding at Kelder appears on the plan as track,MH24,AV55,1.9677600860595703,2.683136463165283,0.21924686431884766,18.14935928559862,20.469956278335303,21.198030406376347
15,1.25,3,0.2727,The radio operator's logbook continues in volume,MH36,BF92,-0.5744514465332031,1.8011937141418457,-0.8614678382873535,17.128711010562256,20.63250449518091,19.655728471494513
15,1.25,4,0.3636,The reserve fuel depot is listed at site code,ML38,SZ23,-0.08792734146118164,0.4200153350830078,-0.09240484237670898,18.65936862467788,21.11914051300846,22.323097461718135
15,1.25,5,0.4545,The coastal watchtower is designated post,PH83,LE52,-2.6217451095581055,-1.2195959091186523,-2.6514344215393066,18.29729951848276,20.613892331777606,19.529427183733787
15,1.25,6,0.5455,The customs declaration quotes reference code,QP72,DL53,0.4019913673400879,0.15002775192260742,-0.6696443557739258,12.978642034577206,15.538423711899668,14.639031859580427
15,1.25,7,0.6364,The botanical specimen case holds accession number,CQ82,TV71,0.2091679573059082,0.18783950805664062,-0.1975536346435547,16.146601805463433,21.46876001713099,21.44113323453348
15,1.25,8,0.7273,The lighthouse relief roster follows schedule,MQ82,UD60,0.17046070098876953,-0.07522773742675781,-1.3545007705688477,15.830475764116272,20.01680430387205,19.494226212089416
15,1.25,9,0.8182,The hydrographic chart set reached edition,RA35,UA22,1.7536849975585938,4.218039512634277,2.9370408058166504,17.18531798920594,21.4986397769826,20.014896558073815
15,1.25,10,0.9091,The expedition's spare sledge carries equipment tag,ET32,GU79,0.5921211242675781,0.9197065830230713,1.0423235893249512,21.585048786597326,23.044636983249802,22.54301274329191
15,1.25,11,1.0,The assay laboratory furnace is a model,KS73,TV51,2.411940574645996,1.9037106037139893,1.5708253383636475,16.987440903205425,20.213492482318543,20.487266242154874
15,1.5,0,0.0,The meteorological buoy broadcasts on transponder code,GA76,HX85,-0.3465876579284668,-0.21093130111694336,-0.7205491065979004,15.19714194117114,15.760768846259452,15.157478606328368
15,1.5,1,0.0909,The signal lamp housing takes fitting code,HA17,LR50,-0.8722457885742188,-1.983330488204956,-2.6022093296051025,16.04782657371834,19.46038996957941,19.2275157601689
15,1.5,2,0.1818,The freight siding at Kelder appears on the plan as track,MH24,AV55,1.9677600860595703,2.976931571960449,0.013393402099609375,18.14935928559862,20.124001103336923,20.367906723404303
15,1.5,3,0.2727,The radio operator's logbook continues in volume,MH36,BF92,-0.5744514465332031,2.0142006874084473,-1.2401833534240723,17.128711010562256,20.277329096832545,19.496070443245117
15,1.5,4,0.3636,The reserve fuel depot is listed at site code,ML38,SZ23,-0.08792734146118164,0.6253757476806641,-0.22388458251953125,18.65936862467788,21.462385117542,21.706952754582744
15,1.5,5,0.4545,The coastal watchtower is designated post,PH83,LE52,-2.6217451095581055,-1.023515224456787,-1.6546630859375,18.29729951848276,19.828068385715596,20.229430529638194
15,1.5,6,0.5455,The customs declaration quotes reference code,QP72,DL53,0.4019913673400879,0.04027509689331055,-0.5560433864593506,12.978642034577206,15.530356333591044,14.013838727260008
15,1.5,7,0.6364,The botanical specimen case holds accession number,CQ82,TV71,0.2091679573059082,-0.15516328811645508,-0.1222085952758789,16.146601805463433,22.087579317449126,21.51093239954207
15,1.5,8,0.7273,The lighthouse relief roster follows schedule,MQ82,UD60,0.17046070098876953,-0.7601680755615234,-1.2817907333374023,15.830475764116272,19.050221402721945,19.37039268971421
15,1.5,9,0.8182,The hydrographic chart set reached edition,RA35,UA22,1.7536849975585938,4.973822593688965,2.6742401123046875,17.18531798920594,21.482064964890014,20.28909088682849
15,1.5,10,0.9091,The expedition's spare sledge carries equipment tag,ET32,GU79,0.5921211242675781,0.3423616886138916,0.863499641418457,21.585048786597326,22.62165144464234,21.983311591146048
15,1.5,11,1.0,The assay laboratory furnace is a model,KS73,TV51,2.411940574645996,1.512721061706543,1.5035245418548584,16.987440903205425,20.208554432261735,20.509713588980958
15,2.0,0,0.0,The meteorological buoy broadcasts on transponder code,GA76,HX85,-0.3465876579284668,-0.510706901550293,-1.6369872093200684,15.19714194117114,15.005270964466035,12.859800335019827
15,2.0,1,0.0909,The signal lamp housing takes fitting code,HA17,LR50,-0.8722457885742188,-1.8203473091125488,-1.0372836589813232,16.04782657371834,18.866386439593043,18.45965672796592
15,2.0,2,0.1818,The freight siding at Kelder appears on the plan as track,MH24,AV55,1.9677600860595703,3.6817784309387207,-0.5516119003295898,18.14935928559862,20.424045316292904,18.3516945571173
15,2.0,3,0.2727,The radio operator's logbook continues in volume,MH36,BF92,-0.5744514465332031,2.4499740600585938,-1.5662860870361328,17.128711010562256,20.746566627261927,16.380221639061347
15,2.0,4,0.3636,The reserve fuel depot is listed at site code,ML38,SZ23,-0.08792734146118164,0.7421832084655762,-1.1108601093292236,18.65936862467788,21.418304286547936,19.09334102924913
15,2.0,5,0.4545,The coastal watchtower is designated post,PH83,LE52,-2.6217451095581055,0.648932933807373,-1.1185755729675293,18.29729951848276,19.858979269803967,17.419548430712894
15,2.0,6,0.5455,The customs declaration quotes reference code,QP72,DL53,0.4019913673400879,0.10693573951721191,-1.1672582626342773,12.978642034577206,14.487983740284108,11.098995557054877
15,2.0,7,0.6364,The botanical specimen case holds accession number,CQ82,TV71,0.2091679573059082,0.5816984176635742,0.053151607513427734,16.146601805463433,22.03471524384804,19.71831104438752
15,2.0,8,0.7273,The lighthouse relief roster follows schedule,MQ82,UD60,0.17046070098876953,0.17643308639526367,-2.3062400817871094,15.830475764116272,19.494886675165617,16.367440858390182
15,2.0,9,0.8182,The hydrographic chart set reached edition,RA35,UA22,1.7536849975585938,5.067264556884766,3.778747081756592,17.18531798920594,22.319851331878453,19.726810358464718
15,2.0,10,0.9091,The expedition's spare sledge carries equipment tag,ET32,GU79,0.5921211242675781,0.5450766086578369,2.109971284866333,21.585048786597326,21.835504870919976,19.133741210214794
15,2.0,11,1.0,The assay laboratory furnace is a model,KS73,TV51,2.411940574645996,1.7965407371520996,-0.37625622749328613,16.987440903205425,19.36333408765495,16.302554140798748
15,3.0,0,0.0,The meteorological buoy broadcasts on transponder code,GA76,HX85,-0.3465876579284668,0.42103099822998047,-1.0490446090698242,15.19714194117114,12.388516356237233,15.895894872024655
15,3.0,1,0.0909,The signal lamp housing takes fitting code,HA17,LR50,-0.8722457885742188,1.8148958683013916,0.2616281509399414,16.04782657371834,16.88285095244646,16.971222904510796
15,3.0,2,0.1818,The freight siding at Kelder appears on the plan as track,MH24,AV55,1.9677600860595703,6.723093271255493,-2.4963812828063965,18.14935928559862,20.87800654862076,19.07882314361632
15,3.0,3,0.2727,The radio operator's logbook continues in volume,MH36,BF92,-0.5744514465332031,5.294063091278076,-1.8877019882202148,17.128711010562256,15.114429977722466,15.806287579238415
15,3.0,4,0.3636,The reserve fuel depot is listed at site code,ML38,SZ23,-0.08792734146118164,1.568159580230713,-1.2846064567565918,18.65936862467788,17.097348280251026,17.81202482059598
15,3.0,5,0.4545,The coastal watchtower is designated post,PH83,LE52,-2.6217451095581055,2.033358573913574,-1.2076587677001953,18.29729951848276,14.062225550413132,14.573975425213575
15,3.0,6,0.5455,The customs declaration quotes reference code,QP72,DL53,0.4019913673400879,1.5468974113464355,-1.3154499530792236,12.978642034577206,11.054248073138297,10.492575063370168
15,3.0,7,0.6364,The botanical specimen case holds accession number,CQ82,TV71,0.2091679573059082,2.947829246520996,1.7799358367919922,16.146601805463433,20.052205596351996,18.526561386417598
15,3.0,8,0.7273,The lighthouse relief roster follows schedule,MQ82,UD60,0.17046070098876953,5.7230353355407715,-1.2992582321166992,15.830475764116272,15.253866464365274,15.281813032226637
15,3.0,9,0.8182,The hydrographic chart set reached edition,RA35,UA22,1.7536849975585938,5.823376417160034,3.239144802093506,17.18531798920594,18.455117573030293,18.589921993669122
15,3.0,10,0.9091,The expedition's spare sledge carries equipment tag,ET32,GU79,0.5921211242675781,2.563429117202759,2.122678756713867,21.585048786597326,19.556786207249388,18.455723455175757
15,3.0,11,1.0,The assay laboratory furnace is a model,KS73,TV51,2.411940574645996,5.925539016723633,1.3567290306091309,16.987440903205425,17.222821980714798,16.774467835202813
16,0.0,0,0.0,The border checkpoint ledger opens at entry code,MR71,WE44,2.0657944679260254,2.0657944679260254,2.0657944679260254,16.635213528294116,16.635213528294116,16.635213528294116
16,0.0,1,0.0909,The cartography office safe opens with combination,KP39,NP14,-0.22335147857666016,-0.22335147857666016,-0.22335147857666016,16.8748921204824,16.8748921204824,16.8748921204824
16,0.0,2,0.1818,The assay laboratory furnace is a model,QA62,BA35,-1.1775445938110352,-1.1775445938110352,-1.1775445938110352,17.248543668538332,17.248543668538332,17.248543668538332
16,0.0,3,0.2727,The diesel storage tank is stencilled vessel number,XY43,PX42,-0.8314123153686523,-0.8314123153686523,-0.8314123153686523,18.03639026475139,18.03639026475139,18.03639026475139
16,0.0,4,0.3636,The observatory's spare mirror was ordered as part number,HW38,SN23,-1.4207587242126465,-1.4207587242126465,-1.4207587242126465,16.03133807890117,16.03133807890117,16.03133807890117
16,0.0,5,0.4545,Ansel's transit permit was issued as document number,AK48,GD63,0.7636275291442871,0.7636275291442871,0.7636275291442871,19.451744840247557,19.451744840247557,19.451744840247557
16,0.0,6,0.5455,The telegraph repeater hut answers to station code,LX28,WD46,-0.009524822235107422,-0.009524822235107422,-0.009524822235107422,16.74111972330138,16.74111972330138,16.74111972330138
16,0.0,7,0.6364,The survey team's theodolite bears serial number,AH87,DQ65,0.5526294708251953,0.5526294708251953,0.5526294708251953,18.957965577719733,18.957965577719733,18.957965577719733
16,0.0,8,0.7273,The harbour pilot's licence shows registration code,JA29,EN40,0.2787008285522461,0.2787008285522461,0.2787008285522461,18.836133724544197,18.836133724544197,18.836133724544197
16,0.0,9,0.8182,The reserve fuel depot is listed at site code,AQ68,EE61,0.0022683143615722656,0.0022683143615722656,0.0022683143615722656,20.01225843827706,20.01225843827706,20.01225843827706
16,0.0,10,0.9091,The freight siding at Kelder appears on the plan as track,VW47,PS38,-1.6873936653137207,-1.6873936653137207,-1.6873936653137207,17.11370068625547,17.11370068625547,17.11370068625547
16,0.0,11,1.0,The medical supply locker was closed with seal number,HK56,NF56,0.714148998260498,0.714148998260498,0.714148998260498,16.62722458015196,16.62722458015196,16.62722458015196
16,0.25,0,0.0,The border checkpoint ledger opens at entry code,MR71,WE44,2.0657944679260254,1.8898324966430664,1.7472410202026367,16.635213528294116,16.45477560488507,16.04006574070081
16,0.25,1,0.0909,The cartography office safe opens with combination,KP39,NP14,-0.22335147857666016,-0.12190961837768555,-0.24806547164916992,16.8748921204824,16.70717744110152,16.71153394598514
16,0.25,2,0.1818,The assay laboratory furnace is a model,QA62,BA35,-1.1775445938110352,-1.0324416160583496,-0.9790115356445312,17.248543668538332,18.28059757919982,17.733621400780976
16,0.25,3,0.2727,The diesel storage tank is stencilled vessel number,XY43,PX42,-0.8314123153686523,-0.9520492553710938,-0.8949346542358398,18.03639026475139,18.21768065087963,17.94284068304114
16,0.25,4,0.3636,The observatory's spare mirror was ordered as part number,HW38,SN23,-1.4207587242126465,-1.3584952354431152,-1.4280343055725098,16.03133807890117,16.019202046096325,15.83899751584977
16,0.25,5,0.4545,Ansel's transit permit was issued as document number,AK48,GD63,0.7636275291442871,0.6307153701782227,0.5866794586181641,19.451744840247557,18.3808100738097,18.524433608632535
16,0.25,6,0.5455,The telegraph repeater hut answers to station code,LX28,WD46,-0.009524822235107422,0.15225553512573242,0.0025963783264160156,16.74111972330138,16.668721789726987,16.723980743205175
16,0.25,7,0.6364,The survey team's theodolite bears serial number,AH87,DQ65,0.5526294708251953,0.4717116355895996,0.4704928398132324,18.957965577719733,18.366006039315835,18.66832923796028
16,0.25,8,0.7273,The harbour pilot's licence shows registration code,JA29,EN40,0.2787008285522461,0.27197742462158203,0.3441014289855957,18.836133724544197,19.229372038971633,19.21031148545444
16,0.25,9,0.8182,The reserve fuel depot is listed at site code,AQ68,EE61,0.0022683143615722656,-0.1581745147705078,-0.05684185028076172,20.01225843827706,19.12116509687621,18.996761392103508
16,0.25,10,0.9091,The freight siding at Kelder appears on the plan as track,VW47,PS38,-1.6873936653137207,-1.7402915954589844,-1.9359464645385742,17.11370068625547,17.312072335975245,16.699460584437475
16,0.25,11,1.0,The medical supply locker was closed with seal number,HK56,NF56,0.714148998260498,0.7739696502685547,0.6423344612121582,16.62722458015196,17.04303346015513,16.80828316672705
16,0.5,0,0.0,The border checkpoint ledger opens at entry code,MR71,WE44,2.0657944679260254,1.6452159881591797,1.8482537269592285,16.635213528294116,16.522525002015755,16.50996715389192
16,0.5,1,0.0909,The cartography office safe opens with combination,KP39,NP14,-0.22335147857666016,-0.2861795425415039,-0.3304286003112793,16.8748921204824,16.96078658895567,16.559003718895838
16,0.5,2,0.1818,The assay laboratory furnace is a model,QA62,BA35,-1.1775445938110352,-0.948512077331543,-1.2634196281433105,17.248543668538332,17.8518922587391,18.093278229702264
16,0.5,3,0.2727,The diesel storage tank is stencilled vessel number,XY43,PX42,-0.8314123153686523,-1.0747413635253906,-0.9042367935180664,18.03639026475139,18.08467305812519,18.251323717064224
16,0.5,4,0.3636,The observatory's spare mirror was ordered as part number,HW38,SN23,-1.4207587242126465,-1.101123332977295,-1.3206257820129395,16.03133807890117,16.223244212567806,16.29907636763528
16,0.5,5,0.4545,Ansel's transit permit was issued as document number,AK48,GD63,0.7636275291442871,0.4774746894836426,0.8549461364746094,19.451744840247557,19.0315453549847,18.97186530637555
16,0.5,6,0.5455,The telegraph repeater hut answers to station code,LX28,WD46,-0.009524822235107422,0.0650177001953125,0.0010437965393066406,16.74111972330138,17.48288858588785,16.968928727670573
16,0.5,7,0.6364,The survey team's theodolite bears serial number,AH87,DQ65,0.5526294708251953,0.43302106857299805,0.5759029388427734,18.957965577719733,18.122264849720523,18.336999823804945
16,0.5,8,0.7273,The harbour pilot's licence shows registration code,JA29,EN40,0.2787008285522461,0.23841524124145508,0.30314159393310547,18.836133724544197,19.498258959734812,19.16052358201705
16,0.5,9,0.8182,The reserve fuel depot is listed at site code,AQ68,EE61,0.0022683143615722656,0.045004844665527344,0.016530513763427734,20.01225843827706,19.190678080311045,19.632475280901417
16,0.5,10,0.9091,The freight siding at Kelder appears on the plan as track,VW47,PS38,-1.6873936653137207,-1.9085731506347656,-1.714799404144287,17.11370068625547,17.566886289510876,17.196078979992308
16,0.5,11,1.0,The medical supply locker was closed with seal number,HK56,NF56,0.714148998260498,0.39763355255126953,0.4773750305175781,16.62722458015196,17.185660284827463,16.954068420105614
16,0.75,0,0.0,The border checkpoint ledger opens at entry code,MR71,WE44,2.0657944679260254,1.8165807723999023,1.6724882125854492,16.635213528294116,16.26574885426089,17.846572179347277
16,0.75,1,0.0909,The cartography office safe opens with combination,KP39,NP14,-0.22335147857666016,-0.2541074752807617,-0.17249059677124023,16.8748921204824,15.844750555697829,16.349226905731484
16,0.75,2,0.1818,The assay laboratory furnace is a model,QA62,BA35,-1.1775445938110352,-0.6290421485900879,-1.1007003784179688,17.248543668538332,17.613615594804287,17.795898368465714
16,0.75,3,0.2727,The diesel storage tank is stencilled vessel number,XY43,PX42,-0.8314123153686523,-1.0368900299072266,-1.2294340133666992,18.03639026475139,18.2390762520954,18.775626221788116
16,0.75,4,0.3636,The observatory's spare mirror was ordered as part number,HW38,SN23,-1.4207587242126465,-1.160027027130127,-1.2100300788879395,16.03133807890117,15.915396861732006,16.165774922352284
16,0.75,5,0.4545,Ansel's transit permit was issued as document number,AK48,GD63,0.7636275291442871,0.6225128173828125,0.6356658935546875,19.451744840247557,19.18635094468482,19.630112124956213
16,0.75,6,0.5455,The telegraph repeater hut answers to station code,LX28,WD46,-0.009524822235107422,0.0673074722290039,-0.07040071487426758,16.74111972330138,17.33179687859956,17.351625134120695
16,0.75,7,0.6364,The survey team's theodolite bears serial number,AH87,DQ65,0.5526294708251953,0.27112722396850586,0.6176953315734863,18.957965577719733,17.317541889613494,17.229357470292598
16,0.75,8,0.7273,The harbour pilot's licence shows registration code,JA29,EN40,0.2787008285522461,0.3124051094055176,0.3144259452819824,18.836133724544197,18.761728604556993,19.019235784886405
16,0.75,9,0.8182,The reserve fuel depot is listed at site code,AQ68,EE61,0.0022683143615722656,0.06826305389404297,0.13814401626586914,20.01225843827706,17.739172861445695,18.01568941550795
16,0.75,10,0.9091,The freight siding at Kelder appears on the plan as track,VW47,PS38,-1.6873936653137207,-1.735156536102295,-1.7928743362426758,17.11370068625547,17.20827340334654,17.31466935831122
16,0.75,11,1.0,The medical supply locker was closed with seal number,HK56,NF56,0.714148998260498,0.47809839248657227,0.36133909225463867,16.62722458015196,16.405890860129148,16.365052775363438
16,1.0,0,0.0,The border checkpoint ledger opens at entry code,MR71,WE44,2.0657944679260254,2.9818758964538574,2.099860668182373,16.635213528294116,14.333134640939534,15.179361057467759
16,1.0,1,0.0909,The cartography office safe opens with combination,KP39,NP14,-0.22335147857666016,-0.12197256088256836,-0.5136828422546387,16.8748921204824,15.71977245202288,15.814408883685246
16,1.0,2,0.1818,The assay laboratory furnace is a model,QA62,BA35,-1.1775445938110352,-0.0657949447631836,-1.2809410095214844,17.248543668538332,19.182431297842413,18.728783803409897
16,1.0,3,0.2727,The diesel storage tank is stencilled vessel number,XY43,PX42,-0.8314123153686523,-0.6606850624084473,-0.9249944686889648,18.03639026475139,18.26532067824155,18.232511380454525
16,1.0,4,0.3636,The observatory's spare mirror was ordered as part number,HW38,SN23,-1.4207587242126465,-0.7796750068664551,-0.7259731292724609,16.03133807890117,16.974177392199636,16.631864071357995
16,1.0,5,0.4545,Ansel's transit permit was issued as document number,AK48,GD63,0.7636275291442871,1.33599853515625,1.1421599388122559,19.451744840247557,18.413100893842056,18.89524202165194
16,1.0,6,0.5455,The telegraph repeater hut answers to station code,LX28,WD46,-0.009524822235107422,0.38550662994384766,0.12041091918945312,16.74111972330138,17.315678131999448,16.948264557868242
16,1.0,7,0.6364,The survey team's theodolite bears serial number,AH87,DQ65,0.5526294708251953,0.5533370971679688,0.6049370765686035,18.957965577719733,19.858358159894124,19.336225458886474
16,1.0,8,0.7273,The harbour pilot's licence shows registration code,JA29,EN40,0.2787008285522461,0.9455347061157227,0.6741671562194824,18.836133724544197,19.8766134432517,20.534681155113503
16,1.0,9,0.8182,The reserve fuel depot is listed at site code,AQ68,EE61,0.0022683143615722656,1.3459796905517578,0.8101792335510254,20.01225843827706,17.45593955204822,17.12913935049437
16,1.0,10,0.9091,The freight siding at Kelder appears on the plan as track,VW47,PS38,-1.6873936653137207,-1.2694015502929688,-1.8092269897460938,17.11370068625547,18.383337668259628,18.292073692544363
16,1.0,11,1.0,The medical supply locker was closed with seal number,HK56,NF56,0.714148998260498,1.0741891860961914,0.7381277084350586,16.62722458015196,16.848757205647416,16.166215543751605
16,1.25,0,0.0,The border checkpoint ledger opens at entry code,MR71,WE44,2.0657944679260254,3.0527849197387695,2.4931654930114746,16.635213528294116,14.392447880469263,16.071969484444708
16,1.25,1,0.0909,The cartography office safe opens with combination,KP39,NP14,-0.22335147857666016,0.0536952018737793,-0.6166954040527344,16.8748921204824,15.939939846168272,15.944805003004149
16,1.25,2,0.1818,The assay laboratory furnace is a model,QA62,BA35,-1.1775445938110352,0.02496051788330078,-1.354006290435791,17.248543668538332,19.11817506980151,19.152540231356397
16,1.25,3,0.2727,The diesel storage tank is stencilled vessel number,XY43,PX42,-0.8314123153686523,-0.6538023948669434,-0.9692187309265137,18.03639026475139,17.559188730549067,18.45453391596675
16,1.25,4,0.3636,The observatory's spare mirror was ordered as part number,HW38,SN23,-1.4207587242126465,-0.556027889251709,-0.9844241142272949,16.03133807890117,16.620152757968754,17.263158752582967
16,1.25,5,0.4545,Ansel's transit permit was issued as document number,AK48,GD63,0.7636275291442871,1.66701078414917,1.0453271865844727,19.451744840247557,17.730583786498755,19.12610534671694
16,1.25,6,0.5455,The telegraph repeater hut answers to station code,LX28,WD46,-0.009524822235107422,0.13282346725463867,-0.11422443389892578,16.74111972330138,17.26785526960157,17.379983364837244
16,1.25,7,0.6364,The survey team's theodolite bears serial number,AH87,DQ65,0.5526294708251953,0.5914340019226074,0.9266242980957031,18.957965577719733,19.33878512517549,18.98561175656505
16,1.25,8,0.7273,The harbour pilot's licence shows registration code,JA29,EN40,0.2787008285522461,1.3024601936340332,0.7376837730407715,18.836133724544197,19.562714987667277,19.984013837063685
16,1.25,9,0.8182,The reserve fuel depot is listed at site code,AQ68,EE61,0.0022683143615722656,1.331489086151123,0.9984817504882812,20.01225843827706,17.83298522536643,17.917476575123146
16,1.25,10,0.9091,The freight siding at Kelder appears on the plan as track,VW47,PS38,-1.6873936653137207,-0.8715124130249023,-1.823911190032959,17.11370068625547,17.853682296001352,18.35111230961047
16,1.25,11,1.0,The medical supply locker was closed with seal number,HK56,NF56,0.714148998260498,1.227128505706787,0.9442605972290039,16.62722458015196,17.358585425070487,16.944464119151235
16,1.5,0,0.0,The border checkpoint ledger opens at entry code,MR71,WE44,2.0657944679260254,3.1177000999450684,2.623107433319092,16.635213528294116,13.679125934839249,16.136002684943378
16,1.5,1,0.0909,The cartography office safe opens with combination,KP39,NP14,-0.22335147857666016,0.21981287002563477,-0.4917011260986328,16.8748921204824,15.560523729538545,15.93860200070776
16,1.5,2,0.1818,The assay laboratory furnace is a model,QA62,BA35,-1.1775445938110352,0.2237071990966797,-1.2034578323364258,17.248543668538332,18.267525723204017,18.286436981055886
16,1.5,3,0.2727,The diesel storage tank is stencilled vessel number,XY43,PX42,-0.8314123153686523,-0.8326301574707031,-0.8116674423217773,18.03639026475139,16.980945848859847,18.1223014339339
16,1.5,4,0.3636,The observatory's spare mirror was ordered as part number,HW38,SN23,-1.4207587242126465,-0.6823797225952148,-0.913362979888916,16.03133807890117,16.08049702597782,17.362300738692284
16,1.5,5,0.4545,Ansel's transit permit was issued as document number,AK48,GD63,0.7636275291442871,2.2185349464416504,1.3067107200622559,19.451744840247557,16.98825907940045,18.35731497569941
16,1.5,6,0.5455,The telegraph repeater hut answers to station code,LX28,WD46,-0.009524822235107422,0.15662574768066406,0.04306507110595703,16.74111972330138,16.894640307407826,17.048073651036248
16,1.5,7,0.6364,The survey team's theodolite bears serial number,AH87,DQ65,0.5526294708251953,0.8180985450744629,1.2417545318603516,18.957965577719733,19.46597414603457,18.904912945465185
16,1.5,8,0.7273,The harbour pilot's licence shows registration code,JA29,EN40,0.2787008285522461,1.9055747985839844,1.1843256950378418,18.836133724544197,18.559960442129523,20.04127864143811
16,1.5,9,0.8182,The reserve fuel depot is listed at site code,AQ68,EE61,0.0022683143615722656,1.5169620513916016,0.8715901374816895,20.01225843827706,17.345184240140952,17.8479430625448
16,1.5,10,0.9091,The freight siding at Kelder appears on the plan as track,VW47,PS38,-1.6873936653137207,-0.9405198097229004,-1.8818225860595703,17.11370068625547,17.915544620947912,18.61176353949122
16,1.5,11,1.0,The medical supply locker was closed with seal number,HK56,NF56,0.714148998260498,1.3077034950256348,1.0483131408691406,16.62722458015196,17.043803814682178,16.509424416930415
16,2.0,0,0.0,The border checkpoint ledger opens at entry code,MR71,WE44,2.0657944679260254,2.8226280212402344,2.784985065460205,16.635213528294116,14.249661913141608,15.410470054484904
16,2.0,1,0.0909,The cartography office safe opens with combination,KP39,NP14,-0.22335147857666016,0.37001609802246094,-0.47420358657836914,16.8748921204824,15.762290655286051,16.034318165970035
16,2.0,2,0.1818,The assay laboratory furnace is a model,QA62,BA35,-1.1775445938110352,0.30312013626098633,-0.7300014495849609,17.248543668538332,18.05451407295186,18.248705180361867
16,2.0,3,0.2727,The diesel storage tank is stencilled vessel number,XY43,PX42,-0.8314123153686523,-0.6769075393676758,-0.9831891059875488,18.03639026475139,17.425288055092096,17.563999155536294
16,2.0,4,0.3636,The observatory's spare mirror was ordered as part number,HW38,SN23,-1.4207587242126465,-1.0969667434692383,-1.5919456481933594,16.03133807890117,16.90902209340129,17.96436700457707
16,2.0,5,0.4545,Ansel's transit permit was issued as document number,AK48,GD63,0.7636275291442871,3.067897319793701,1.6993155479431152,19.451744840247557,17.384295087773353,17.269428884144872
16,2.0,6,0.5455,The telegraph repeater hut answers to station code,LX28,WD46,-0.009524822235107422,0.362821102142334,-0.13141298294067383,16.74111972330138,16.949374565156177,17.317821623990312
16,2.0,7,0.6364,The survey team's theodolite bears serial number,AH87,DQ65,0.5526294708251953,0.8782339096069336,1.6555356979370117,18.957965577719733,18.89245123125147,18.973430312238634
16,2.0,8,0.7273,The harbour pilot's licence shows registration code,JA29,EN40,0.2787008285522461,2.5794811248779297,1.8430733680725098,18.836133724544197,18.90841415617615,19.68141230614856
16,2.0,9,0.8182,The reserve fuel depot is listed at site code,AQ68,EE61,0.0022683143615722656,2.2093610763549805,1.1157426834106445,20.01225843827706,17.551477427594364,18.09690503636375
16,2.0,10,0.9091,The freight siding at Kelder appears on the plan as track,VW47,PS38,-1.6873936653137207,-0.7312116622924805,-1.7202033996582031,17.11370068625547,18.335389346349984,18.45227829797659
16,2.0,11,1.0,The medical supply locker was closed with seal number,HK56,NF56,0.714148998260498,1.611602783203125,0.996859073638916,16.62722458015196,17.172111121588387,16.287059902213514
16,3.0,0,0.0,The border checkpoint ledger opens at entry code,MR71,WE44,2.0657944679260254,5.575098037719727,3.094148635864258,16.635213528294116,12.94847822189331,13.500189416110516
16,3.0,1,0.0909,The cartography office safe opens with combination,KP39,NP14,-0.22335147857666016,0.7680559158325195,-0.5783724784851074,16.8748921204824,14.717826110078022,14.903277872130275
16,3.0,2,0.1818,The assay laboratory furnace is a model,QA62,BA35,-1.1775445938110352,-0.25867748260498047,-1.5714025497436523,17.248543668538332,15.892976528499275,17.339916051365435
16,3.0,3,0.2727,The diesel storage tank is stencilled vessel number,XY43,PX42,-0.8314123153686523,-0.4270648956298828,-1.4053030014038086,18.03639026475139,17.159667218104005,17.415245952550322
16,3.0,4,0.3636,The observatory's spare mirror was ordered as part number,HW38,SN23,-1.4207587242126465,-0.7773041725158691,-1.9274024963378906,16.03133807890117,13.924279563128948,16.09577993210405
16,3.0,5,0.4545,Ansel's transit permit was issued as document number,AK48,GD63,0.7636275291442871,4.3204286098480225,2.2164154052734375,19.451744840247557,17.574235130101442,17.662443421781063
16,3.0,6,0.5455,The telegraph repeater hut answers to station code,LX28,WD46,-0.009524822235107422,1.157383918762207,-0.21985673904418945,16.74111972330138,15.656229121610522,16.89697179477662
16,3.0,7,0.6364,The survey team's theodolite bears serial number,AH87,DQ65,0.5526294708251953,2.597214937210083,2.301360607147217,18.957965577719733,17.75428754463792,15.986133724451065
16,3.0,8,0.7273,The harbour pilot's licence shows registration code,JA29,EN40,0.2787008285522461,3.8346195220947266,3.593724250793457,18.836133724544197,16.04062419384718,16.268936805427074
16,3.0,9,0.8182,The reserve fuel depot is listed at site code,AQ68,EE61,0.0022683143615722656,3.2658629417419434,0.3899726867675781,20.01225843827706,17.424538790015504,17.535469411406666
16,3.0,10,0.9091,The freight siding at Kelder appears on the plan as track,VW47,PS38,-1.6873936653137207,-0.9100008010864258,-1.1029467582702637,17.11370068625547,16.288865823764354,17.801015289034694
16,3.0,11,1.0,The medical supply locker was closed with seal number,HK56,NF56,0.714148998260498,2.5953192710876465,1.0916180610656738,16.62722458015196,15.702130291378126,16.06235930416733
17,0.0,0,0.0,The border checkpoint ledger opens at entry code,SP48,TJ83,0.6495394706726074,0.6495394706726074,0.6495394706726074,19.12923706311267,19.12923706311267,19.12923706311267
17,0.0,1,0.0909,The observatory's spare mirror was ordered as part number,MK32,FK16,2.605936050415039,2.605936050415039,2.605936050415039,18.2068141780328,18.2068141780328,18.2068141780328
17,0.0,2,0.1818,The hydrographic chart set reached edition,YY79,NR38,-0.5727095603942871,-0.5727095603942871,-0.5727095603942871,20.356514726066962,20.356514726066962,20.356514726066962
17,0.0,3,0.2727,The customs declaration quotes reference code,AH59,TP76,-1.4528589248657227,-1.4528589248657227,-1.4528589248657227,17.84298414667137,17.84298414667137,17.84298414667137
17,0.0,4,0.3636,The coastal watchtower is designated post,SL91,RL34,-1.8702664375305176,-1.8702664375305176,-1.8702664375305176,18.382622009143233,18.382622009143233,18.382622009143233
17,0.0,5,0.4545,The meteorological buoy broadcasts on transponder code,ET17,MV13,-0.7095074653625488,-0.7095074653625488,-0.7095074653625488,19.03887587285135,19.03887587285135,19.03887587285135
17,0.0,6,0.5455,The sealed crate in the annex is marked with inventory tag,EG29,SP16,-1.2925033569335938,-1.2925033569335938,-1.2925033569335938,18.789602019358426,18.789602019358426,18.789602019358426
17,0.0,7,0.6364,The glacier survey stake is recorded as marker,TD91,LU31,-0.4263901710510254,-0.4263901710510254,-0.4263901710510254,19.575800953432918,19.575800953432918,19.575800953432918
17,0.0,8,0.7273,The radio operator's logbook continues in volume,CK62,TH88,-1.3141851425170898,-1.3141851425170898,-1.3141851425170898,18.018661674577743,18.018661674577743,18.018661674577743
17,0.0,9,0.8182,The assay laboratory furnace is a model,CS70,LM32,-1.9705500602722168,-1.9705500602722168,-1.9705500602722168,22.13385192118585,22.13385192118585,22.13385192118585
17,0.0,10,0.9091,The winter quarters roof panel came from batch,WV28,GK65,1.1548051834106445,1.1548051834106445,1.1548051834106445,19.601615474792197,19.601615474792197,19.601615474792197
17,0.0,11,1.0,The lighthouse relief roster follows schedule,XP74,MQ85,-1.1089987754821777,-1.1089987754821777,-1.1089987754821777,19.72433352144435,19.72433352144435,19.72433352144435
17,0.25,0,0.0,The border checkpoint ledger opens at entry code,SP48,TJ83,0.6495394706726074,0.9417777061462402,0.664456844329834,19.12923706311267,19.120227122330107,19.2668773252517
17,0.25,1,0.0909,The observatory's spare mirror was ordered as part number,MK32,FK16,2.605936050415039,2.1440043449401855,2.310154914855957,18.2068141780328,18.121250537224114,17.99696420878172
17,0.25,2,0.1818,The hydrographic chart set reached edition,YY79,NR38,-0.5727095603942871,-0.5316967964172363,-0.19635391235351562,20.356514726066962,19.726638886146247,19.82992863166146
17,0.25,3,0.2727,The customs declaration quotes reference code,AH59,TP76,-1.4528589248657227,-1.255716323852539,-1.2948212623596191,17.84298414667137,17.64727764693089,17.74801514740102
17,0.25,4,0.3636,The coastal watchtower is designated post,SL91,RL34,-1.8702664375305176,-2.0704636573791504,-2.182988166809082,18.382622009143233,18.25360804144293,18.291864505968988
17,0.25,5,0.4545,The meteorological buoy broadcasts on transponder code,ET17,MV13,-0.7095074653625488,-0.27245044708251953,-0.534174919128418,19.03887587285135,19.58694255130831,19.104357058298774
17,0.25,6,0.5455,The sealed crate in the annex is marked with inventory tag,EG29,SP16,-1.2925033569335938,-1.389512538909912,-1.387211799621582,18.789602019358426,18.79725041333586,18.784226650139317
17,0.25,7,0.6364,The glacier survey stake is recorded as marker,TD91,LU31,-0.4263901710510254,-0.6423711776733398,-0.7040891647338867,19.575800953432918,19.920055015245453,19.67640549177304
17,0.25,8,0.7273,The radio operator's logbook continues in volume,CK62,TH88,-1.3141851425170898,-1.0467820167541504,-1.1672048568725586,18.018661674577743,17.675527457613498,17.912103103240952
17,0.25,9,0.8182,The assay laboratory furnace is a model,CS70,LM32,-1.9705500602722168,-1.8223824501037598,-2.0314340591430664,22.13385192118585,21.52407347271219,21.05863457568921
17,0.25,10,0.9091,The winter quarters roof panel came from batch,WV28,GK65,1.1548051834106445,1.000816822052002,1.2807044982910156,19.601615474792197,19.482233120827004,19.5643136005383
17,0.25,11,1.0,The lighthouse relief roster follows schedule,XP74,MQ85,-1.1089987754821777,-1.0646109580993652,-1.132399559020996,19.72433352144435,20.062588966218755,19.875698601594195
17,0.5,0,0.0,The border checkpoint ledger opens at entry code,SP48,TJ83,0.6495394706726074,1.1027727127075195,1.0291285514831543,19.12923706311267,19.35688517917879,19.490245071123354
17,0.5,1,0.0909,The observatory's spare mirror was ordered as part number,MK32,FK16,2.605936050415039,2.62410306930542,2.319286346435547,18.2068141780328,17.855673275422305,17.818037438206375
17,0.5,2,0.1818,The hydrographic chart set reached edition,YY79,NR38,-0.5727095603942871,-0.27639102935791016,-0.658416748046875,20.356514726066962,20.108126322738826,20.43556797457859
17,0.5,3,0.2727,The customs declaration quotes reference code,AH59,TP76,-1.4528589248657227,-1.554318904876709,-1.1500930786132812,17.84298414667137,17.636437630746514,17.715660576708615
17,0.5,4,0.3636,The coastal watchtower is designated post,SL91,RL34,-1.8702664375305176,-2.132053852081299,-2.137044906616211,18.382622009143233,17.83934147330001,17.630871953908354
17,0.5,5,0.4545,The meteorological buoy broadcasts on transponder code,ET17,MV13,-0.7095074653625488,-0.07241296768188477,-0.2037038803100586,19.03887587285135,19.557947114284616,19.023483660654165
17,0.5,6,0.5455,The sealed crate in the annex is marked with inventory tag,EG29,SP16,-1.2925033569335938,-1.3750333786010742,-1.1834535598754883,18.789602019358426,19.27315556188114,19.081121986731887
17,0.5,7,0.6364,The glacier survey stake is recorded as marker,TD91,LU31,-0.4263901710510254,-0.4919314384460449,-0.5887136459350586,19.575800953432918,20.187702676281333,19.36727690999396
17,0.5,8,0.7273,The radio operator's logbook continues in volume,CK62,TH88,-1.3141851425170898,-0.9149079322814941,-1.0595440864562988,18.018661674577743,17.558277088217437,17.617963225580752
17,0.5,9,0.8182,The assay laboratory furnace is a model,CS70,LM32,-1.9705500602722168,-1.9403533935546875,-1.8796629905700684,22.13385192118585,22.57533184136264,21.950004432117566
17,0.5,10,0.9091,The winter quarters roof panel came from batch,WV28,GK65,1.1548051834106445,0.8151206970214844,1.1281089782714844,19.601615474792197,19.586961216991767,19.138463088311255
17,0.5,11,1.0,The lighthouse relief roster follows schedule,XP74,MQ85,-1.1089987754821777,-0.9883604049682617,-1.1104116439819336,19.72433352144435,20.1596305326093,19.12337762489915
17,0.75,0,0.0,The border checkpoint ledger opens at entry code,SP48,TJ83,0.6495394706726074,1.1622200012207031,0.9370384216308594,19.12923706311267,19.600684467644896,18.83729535387829
17,0.75,1,0.0909,The observatory's spare mirror was ordered as part number,MK32,FK16,2.605936050415039,2.658647060394287,2.7528133392333984,18.2068141780328,18.11705667246133,18.076519069611095
17,0.75,2,0.1818,The hydrographic chart set reached edition,YY79,NR38,-0.5727095603942871,-0.3243379592895508,-1.1600122451782227,20.356514726066962,20.69047184009105,20.847779406933114
17,0.75,3,0.2727,The customs declaration quotes reference code,AH59,TP76,-1.4528589248657227,-1.7888474464416504,-1.7332477569580078,17.84298414667137,17.883372341981158,17.444675313774496
17,0.75,4,0.3636,The coastal watchtower is designated post,SL91,RL34,-1.8702664375305176,-1.892611026763916,-2.1945996284484863,18.382622009143233,18.481718405149877,18.11000003782101
17,0.75,5,0.4545,The meteorological buoy broadcasts on transponder code,ET17,MV13,-0.7095074653625488,-0.04118824005126953,-0.005663871765136719,19.03887587285135,19.13658377926913,19.547816955891903
17,0.75,6,0.5455,The sealed crate in the annex is marked with inventory tag,EG29,SP16,-1.2925033569335938,-1.4608211517333984,-1.275040626525879,18.789602019358426,19.562342122662812,19.25719022762496
17,0.75,7,0.6364,The glacier survey stake is recorded as marker,TD91,LU31,-0.4263901710510254,-0.5165410041809082,-0.7226877212524414,19.575800953432918,20.462357616634108,19.885206538136117
17,0.75,8,0.7273,The radio operator's logbook continues in volume,CK62,TH88,-1.3141851425170898,-0.7857112884521484,-1.1380138397216797,18.018661674577743,17.84699107473716,17.84339573024772
17,0.75,9,0.8182,The assay laboratory furnace is a model,CS70,LM32,-1.9705500602722168,-1.9685158729553223,-2.3613572120666504,22.13385192118585,22.6590952379629,21.893366335192695
17,0.75,10,0.9091,The winter quarters roof panel came from batch,WV28,GK65,1.1548051834106445,1.1305580139160156,1.1321187019348145,19.601615474792197,19.72560954722576,19.38196090515703
17,0.75,11,1.0,The lighthouse relief roster follows schedule,XP74,MQ85,-1.1089987754821777,-0.9865260124206543,-1.030158519744873,19.72433352144435,20.39961117366329,19.54475521761924
17,1.0,0,0.0,The border checkpoint ledger opens at entry code,SP48,TJ83,0.6495394706726074,1.3494877815246582,1.157956600189209,19.12923706311267,19.609818619210273,19.250748262973502
17,1.0,1,0.0909,The observatory's spare mirror was ordered as part number,MK32,FK16,2.605936050415039,2.617953300476074,2.4072556495666504,18.2068141780328,18.324057778692804,17.414701448986307
17,1.0,2,0.1818,The hydrographic chart set reached edition,YY79,NR38,-0.5727095603942871,-0.009002208709716797,-1.5727276802062988,20.356514726066962,20.720820346148685,21.10799336526543
17,1.0,3,0.2727,The customs declaration quotes reference code,AH59,TP76,-1.4528589248657227,-1.7817177772521973,-2.479308605194092,17.84298414667137,17.954785636626184,16.959578185807914
17,1.0,4,0.3636,The coastal watchtower is designated post,SL91,RL34,-1.8702664375305176,-2.2024335861206055,-3.135010242462158,18.382622009143233,18.98912944761105,18.05759645975195
17,1.0,5,0.4545,The meteorological buoy broadcasts on transponder code,ET17,MV13,-0.7095074653625488,0.18339061737060547,0.12502622604370117,19.03887587285135,19.77744537719991,19.13165002327878
17,1.0,6,0.5455,The sealed crate in the annex is marked with inventory tag,EG29,SP16,-1.2925033569335938,-1.0487651824951172,-1.114394187927246,18.789602019358426,19.181118097854778,18.409505002200603
17,1.0,7,0.6364,The glacier survey stake is recorded as marker,TD91,LU31,-0.4263901710510254,-0.43712949752807617,-0.8447437286376953,19.575800953432918,20.559470955398865,19.577240663347766
17,1.0,8,0.7273,The radio operator's logbook continues in volume,CK62,TH88,-1.3141851425170898,-0.30594635009765625,-1.550328254699707,18.018661674577743,17.679211516864598,17.52052053785883
17,1.0,9,0.8182,The assay laboratory furnace is a model,CS70,LM32,-1.9705500602722168,-1.8731207847595215,-2.2902121543884277,22.13385192118585,22.33564038341865,21.483924846397713
17,1.0,10,0.9091,The winter quarters roof panel came from batch,WV28,GK65,1.1548051834106445,1.072596549987793,1.1882061958312988,19.601615474792197,19.415629657916725,18.936843489296734
17,1.0,11,1.0,The lighthouse relief roster follows schedule,XP74,MQ85,-1.1089987754821777,-0.7155470848083496,-1.0178003311157227,19.72433352144435,20.256971975322813,19.320532070472836
17,1.25,0,0.0,The border checkpoint ledger opens at entry code,SP48,TJ83,0.6495394706726074,1.7114038467407227,0.3957357406616211,19.12923706311267,19.874330858001485,19.27375436935108
17,1.25,1,0.0909,The observatory's spare mirror was ordered as part number,MK32,FK16,2.605936050415039,2.770169734954834,1.1097331047058105,18.2068141780328,17.382757806102745,16.963758961530402
17,1.25,2,0.1818,The hydrographic chart set reached edition,YY79,NR38,-0.5727095603942871,0.4140052795410156,-3.7803592681884766,20.356514726066962,20.358047170680948,19.882824342814274
17,1.25,3,0.2727,The customs declaration quotes reference code,AH59,TP76,-1.4528589248657227,-0.41965675354003906,-0.6133928298950195,17.84298414667137,16.56155486125499,15.765055348398164
17,1.25,4,0.3636,The coastal watchtower is designated post,SL91,RL34,-1.8702664375305176,-1.9067301750183105,-3.4091238975524902,18.382622009143233,20.175431177485734,19.821833414956927
17,1.25,5,0.4545,The meteorological buoy broadcasts on transponder code,ET17,MV13,-0.7095074653625488,0.4076852798461914,0.2704935073852539,19.03887587285135,20.71853700542124,20.28500438045012
17,1.25,6,0.5455,The sealed crate in the annex is marked with inventory tag,EG29,SP16,-1.2925033569335938,-2.080683708190918,-2.371955394744873,18.789602019358426,19.84241265198216,18.77212997782044
17,1.25,7,0.6364,The glacier survey stake is recorded as marker,TD91,LU31,-0.4263901710510254,-1.371507167816162,-1.7304267883300781,19.575800953432918,19.988978652399965,19.624771897681057
17,1.25,8,0.7273,The radio operator's logbook continues in volume,CK62,TH88,-1.3141851425170898,-0.9032435417175293,-2.047764778137207,18.018661674577743,17.872745508910157,17.00692562852055
17,1.25,9,0.8182,The assay laboratory furnace is a model,CS70,LM32,-1.9705500602722168,-1.0057315826416016,-1.5628414154052734,22.13385192118585,22.254632481955923,20.909322683000937
17,1.25,10,0.9091,The winter quarters roof panel came from batch,WV28,GK65,1.1548051834106445,1.3030896186828613,1.5154657363891602,19.601615474792197,18.873340012156405,18.948547384003177
17,1.25,11,1.0,The lighthouse relief roster follows schedule,XP74,MQ85,-1.1089987754821777,-0.44051027297973633,-1.6289715766906738,19.72433352144435,18.671086771180853,18.638949263258837
17,1.5,0,0.0,The border checkpoint ledger opens at entry code,SP48,TJ83,0.6495394706726074,1.6226129531860352,-0.08536958694458008,19.12923706311267,20.145525901112705,19.972170343855396
17,1.5,1,0.0909,The observatory's spare mirror was ordered as part number,MK32,FK16,2.605936050415039,2.4727623462677,1.1252148151397705,18.2068141780328,17.515601588762365,16.674933635862544
17,1.5,2,0.1818,The hydrographic chart set reached edition,YY79,NR38,-0.5727095603942871,1.0075464248657227,-3.6974616050720215,20.356514726066962,21.02151393063832,21.015942489611916
17,1.5,3,0.2727,The customs declaration quotes reference code,AH59,TP76,-1.4528589248657227,0.026538848876953125,-0.4051856994628906,17.84298414667137,16.697383281192742,16.832790432148613
17,1.5,4,0.3636,The coastal watchtower is designated post,SL91,RL34,-1.8702664375305176,-1.570967674255371,-3.2490673065185547,18.382622009143233,20.442447285400704,20.954243065207265
17,1.5,5,0.4545,The meteorological buoy broadcasts on transponder code,ET17,MV13,-0.7095074653625488,0.4261636734008789,0.2611517906188965,19.03887587285135,20.230480016674846,20.44351087140967
17,1.5,6,0.5455,The sealed crate in the annex is marked with inventory tag,EG29,SP16,-1.2925033569335938,-2.23671817779541,-2.0859224796295166,18.789602019358426,19.620857572415844,19.412724549183622
17,1.5,7,0.6364,The glacier survey stake is recorded as marker,TD91,LU31,-0.4263901710510254,-1.4609365463256836,-1.6682772636413574,19.575800953432918,19.589496938395314,19.71170763846021
17,1.5,8,0.7273,The radio operator's logbook continues in volume,CK62,TH88,-1.3141851425170898,-0.28861379623413086,-2.201443672180176,18.018661674577743,17.729061828460544,17.368940467364155
17,1.5,9,0.8182,The assay laboratory furnace is a model,CS70,LM32,-1.9705500602722168,-0.985999584197998,-1.0233635902404785,22.13385192118585,22.21552269568201,21.356174225045834
17,1.5,10,0.9091,The winter quarters roof panel came from batch,WV28,GK65,1.1548051834106445,1.6540465354919434,1.6793389320373535,19.601615474792197,19.634389157989062,19.37509127613157
17,1.5,11,1.0,The lighthouse relief roster follows schedule,XP74,MQ85,-1.1089987754821777,-0.748354434967041,-1.7641968727111816,19.72433352144435,18.02549090492539,18.521923241205513
17,2.0,0,0.0,The border checkpoint ledger opens at entry code,SP48,TJ83,0.6495394706726074,1.4191508293151855,-0.3767576217651367,19.12923706311267,19.679008003673516,20.21989457134623
17,2.0,1,0.0909,The observatory's spare mirror was ordered as part number,MK32,FK16,2.605936050415039,2.461261749267578,0.8645317554473877,18.2068141780328,16.690552056767046,15.377999283140525
17,2.0,2,0.1818,The hydrographic chart set reached edition,YY79,NR38,-0.5727095603942871,0.7456145286560059,-3.9640274047851562,20.356514726066962,21.296296491054818,20.942605639691465
17,2.0,3,0.2727,The customs declaration quotes reference code,AH59,TP76,-1.4528589248657227,-0.018697261810302734,-0.15908575057983398,17.84298414667137,17.164328236831352,16.17239300638903
17,2.0,4,0.3636,The coastal watchtower is designated post,SL91,RL34,-1.8702664375305176,-0.7814602851867676,-2.52247953414917,18.382622009143233,20.15576666779816,19.982435808051378
17,2.0,5,0.4545,The meteorological buoy broadcasts on transponder code,ET17,MV13,-0.7095074653625488,0.5367860794067383,0.34210681915283203,19.03887587285135,19.4997675716877,19.97872373374412
17,2.0,6,0.5455,The sealed crate in the annex is marked with inventory tag,EG29,SP16,-1.2925033569335938,-2.1948204040527344,-1.707162857055664,18.789602019358426,19.89948022144381,19.14013699721545
17,2.0,7,0.6364,The glacier survey stake is recorded as marker,TD91,LU31,-0.4263901710510254,-1.570763111114502,-1.6552033424377441,19.575800953432918,18.72807673108764,19.35720384074375
17,2.0,8,0.7273,The radio operator's logbook continues in volume,CK62,TH88,-1.3141851425170898,0.21858596801757812,-1.9315290451049805,18.018661674577743,17.039366256445646,16.38530953368172
17,2.0,9,0.8182,The assay laboratory furnace is a model,CS70,LM32,-1.9705500602722168,-0.8831057548522949,-0.9257588386535645,22.13385192118585,20.457532215164974,19.24463322025258
17,2.0,10,0.9091,The winter quarters roof panel came from batch,WV28,GK65,1.1548051834106445,1.8952546119689941,2.2533698081970215,19.601615474792197,19.850081608863547,18.46563000069
17,2.0,11,1.0,The lighthouse relief roster follows schedule,XP74,MQ85,-1.1089987754821777,-0.7056789398193359,-1.7692179679870605,19.72433352144435,18.335948553401977,18.068355786264874
17,3.0,0,0.0,The border checkpoint ledger opens at entry code,SP48,TJ83,0.6495394706726074,4.128281354904175,-1.7936415672302246,19.12923706311267,13.299769029021263,15.05208294838667
17,3.0,1,0.0909,The observatory's spare mirror was ordered as part number,MK32,FK16,2.605936050415039,2.615154266357422,2.4741225242614746,18.2068141780328,14.210531597957015,14.359284264035523
17,3.0,2,0.1818,The hydrographic chart set reached edition,YY79,NR38,-0.5727095603942871,0.28446531295776367,-5.648280620574951,20.356514726066962,20.29006541892886,19.37558908946812
17,3.0,3,0.2727,The customs declaration quotes reference code,AH59,TP76,-1.4528589248657227,0.1336970329284668,0.7945914268493652,17.84298414667137,16.48793802689761,16.33233795920387
17,3.0,4,0.3636,The coastal watchtower is designated post,SL91,RL34,-1.8702664375305176,-0.16836309432983398,-1.9980168342590332,18.382622009143233,20.89526943769306,22.763639292446896
17,3.0,5,0.4545,The meteorological buoy broadcasts on transponder code,ET17,MV13,-0.7095074653625488,1.1949176788330078,-0.19977664947509766,19.03887587285135,16.21128622116521,16.597339301137254
17,3.0,6,0.5455,The sealed crate in the annex is marked with inventory tag,EG29,SP16,-1.2925033569335938,-4.0576722621917725,-0.8152475357055664,18.789602019358426,18.310947303194553,17.545276849763468
17,3.0,7,0.6364,The glacier survey stake is recorded as marker,TD91,LU31,-0.4263901710510254,-1.063629150390625,-2.2813358306884766,19.575800953432918,19.640482005663216,21.022638435242698
17,3.0,8,0.7273,The radio operator's logbook continues in volume,CK62,TH88,-1.3141851425170898,1.4687623977661133,-3.445998191833496,18.018661674577743,15.711388887371868,16.239215697627515
17,3.0,9,0.8182,The assay laboratory furnace is a model,CS70,LM32,-1.9705500602722168,-1.9954371452331543,-2.288290023803711,22.13385192118585,21.35528022516519,20.745850222185254
17,3.0,10,0.9091,The winter quarters roof panel came from batch,WV28,GK65,1.1548051834106445,3.978379726409912,3.493030548095703,19.601615474792197,19.040007886942476,18.859130615368485
17,3.0,11,1.0,The lighthouse relief roster follows schedule,XP74,MQ85,-1.1089987754821777,0.12225055694580078,-1.89068603515625,19.72433352144435,18.082180173136294,17.509529950097203
18,0.0,0,0.0,The radio operator's logbook continues in volume,FD94,VT70,1.4892172813415527,1.4892172813415527,1.4892172813415527,17.849882850423455,17.849882850423455,17.849882850423455
18,0.0,1,0.0909,The coastal watchtower is designated post,GR90,PE38,1.344015121459961,1.344015121459961,1.344015121459961,19.284313732525334,19.284313732525334,19.284313732525334
18,0.0,2,0.1818,The telegraph repeater hut answers to station code,RF71,FF57,2.0980429649353027,2.0980429649353027,2.0980429649353027,22.446796976146288,22.446796976146288,22.446796976146288
18,0.0,3,0.2727,The hydrographic chart set reached edition,DL76,RB21,0.4886302947998047,0.4886302947998047,0.4886302947998047,18.799476585234515,18.799476585234515,18.799476585234515
18,0.0,4,0.3636,The seismograph at Ridge Camp reports as instrument,FH35,MT32,-1.4042606353759766,-1.4042606353759766,-1.4042606353759766,17.022506844252348,17.022506844252348,17.022506844252348
18,0.0,5,0.4545,The shipment of core samples travelled under consignment code,SG96,SE37,-0.6994242668151855,-0.6994242668151855,-0.6994242668151855,17.0211579966126,17.0211579966126,17.0211579966126
18,0.0,6,0.5455,The signal lamp housing takes fitting code,RG48,JC30,1.4870057106018066,1.4870057106018066,1.4870057106018066,16.63855101983063,16.63855101983063,16.63855101983063
18,0.0,7,0.6364,The reserve fuel depot is listed at site code,JA53,UM18,0.8317818641662598,0.8317818641662598,0.8317818641662598,17.244135172921233,17.244135172921233,17.244135172921233
18,0.0,8,0.7273,The lighthouse relief roster follows schedule,NH61,ML21,-1.4403963088989258,-1.4403963088989258,-1.4403963088989258,17.59088420169428,17.59088420169428,17.59088420169428
18,0.0,9,0.8182,The eastern pumping station runs on circuit label,TM85,ZF60,0.6227612495422363,0.6227612495422363,0.6227612495422363,17.416915887966752,17.416915887966752,17.416915887966752
18,0.0,10,0.9091,The observatory's spare mirror was ordered as part number,US44,YA44,-0.015973567962646484,-0.015973567962646484,-0.015973567962646484,19.977683904813603,19.977683904813603,19.977683904813603
18,0.0,11,1.0,The border checkpoint ledger opens at entry code,JV48,JC37,-1.746126651763916,-1.746126651763916,-1.746126651763916,17.148865876253694,17.148865876253694,17.148865876253694
18,0.25,0,0.0,The radio operator's logbook continues in volume,FD94,VT70,1.4892172813415527,1.801283359527588,1.7732558250427246,17.849882850423455,17.597398236743174,17.503490107599646
18,0.25,1,0.0909,The coastal watchtower is designated post,GR90,PE38,1.344015121459961,1.4803404808044434,1.102736473083496,19.284313732525334,19.042450739769265,19.22789382690098
18,0.25,2,0.1818,The telegraph repeater hut answers to station code,RF71,FF57,2.0980429649353027,1.9206724166870117,1.9668474197387695,22.446796976146288,21.870206449762918,22.23635380656924
18,0.25,3,0.2727,The hydrographic chart set reached edition,DL76,RB21,0.4886302947998047,0.35508203506469727,0.4537668228149414,18.799476585234515,18.585531540447846,18.46321387263015
18,0.25,4,0.3636,The seismograph at Ridge Camp reports as instrument,FH35,MT32,-1.4042606353759766,-1.3320136070251465,-1.306485652923584,17.022506844252348,16.833797528757714,16.847342668566853
18,0.25,5,0.4545,The shipment of core samples travelled under consignment code,SG96,SE37,-0.6994242668151855,-0.6650300025939941,-0.6593098640441895,17.0211579966126,17.298923087189905,16.702985196956433
18,0.25,6,0.5455,The signal lamp housing takes fitting code,RG48,JC30,1.4870057106018066,1.4034643173217773,1.3068480491638184,16.63855101983063,16.186753390473314,16.208013174240477
18,0.25,7,0.6364,The reserve fuel depot is listed at site code,JA53,UM18,0.8317818641662598,0.9061665534973145,1.0140376091003418,17.244135172921233,17.878577906289138,17.844567680498585
18,0.25,8,0.7273,The lighthouse relief roster follows schedule,NH61,ML21,-1.4403963088989258,-1.3179287910461426,-1.4081816673278809,17.59088420169428,16.58814314706251,16.722772363573313
18,0.25,9,0.8182,The eastern pumping station runs on circuit label,TM85,ZF60,0.6227612495422363,0.5428075790405273,0.5011935234069824,17.416915887966752,17.3205513660796,17.44536327337846
18,0.25,10,0.9091,The observatory's spare mirror was ordered as part number,US44,YA44,-0.015973567962646484,0.11534643173217773,-0.0010194778442382812,19.977683904813603,19.672997171524912,19.787248154403642
18,0.25,11,1.0,The border checkpoint ledger opens at entry code,JV48,JC37,-1.746126651763916,-1.5955519676208496,-1.6263699531555176,17.148865876253694,17.39970841491595,17.433257228927687
18,0.5,0,0.0,The radio operator's logbook continues in volume,FD94,VT70,1.4892172813415527,1.947504997253418,1.4465208053588867,17.849882850423455,17.10232121986337,17.44200332427863
18,0.5,1,0.0909,The coastal watchtower is designated post,GR90,PE38,1.344015121459961,1.3068490028381348,1.2612543106079102,19.284313732525334,17.940943183144554,18.6554568472784
18,0.5,2,0.1818,The telegraph repeater hut answers to station code,RF71,FF57,2.0980429649353027,1.761322021484375,1.8589072227478027,22.446796976146288,21.476207190542482,21.920216470607556
18,0.5,3,0.2727,The hydrographic chart set reached edition,DL76,RB21,0.4886302947998047,0.6307625770568848,0.416445255279541,18.799476585234515,18.311056074337102,18.18988234642893
18,0.5,4,0.3636,The seismograph at Ridge Camp reports as instrument,FH35,MT32,-1.4042606353759766,-1.289194107055664,-1.5043187141418457,17.022506844252348,16.60004644212313,17.21118489804212
18,0.5,5,0.4545,The shipment of core samples travelled under consignment code,SG96,SE37,-0.6994242668151855,-0.6057829856872559,-0.665015697479248,17.0211579966126,16.633805145393126,17.055958460550755
18,0.5,6,0.5455,The signal lamp housing takes fitting code,RG48,JC30,1.4870057106018066,1.5155510902404785,1.3319368362426758,16.63855101983063,15.926777168177068,16.58489881741116
18,0.5,7,0.6364,The reserve fuel depot is listed at site code,JA53,UM18,0.8317818641662598,0.8711390495300293,0.7157564163208008,17.244135172921233,18.05721655569505,18.476012705126777
18,0.5,8,0.7273,The lighthouse relief roster follows schedule,NH61,ML21,-1.4403963088989258,-1.2352333068847656,-1.4385032653808594,17.59088420169428,16.625856273807585,17.450183884473518
18,0.5,9,0.8182,The eastern pumping station runs on circuit label,TM85,ZF60,0.6227612495422363,0.5329465866088867,0.7012662887573242,17.416915887966752,17.034278331091627,18.07446878007613
18,0.5,10,0.9091,The observatory's spare mirror was ordered as part number,US44,YA44,-0.015973567962646484,0.3665742874145508,0.22241783142089844,19.977683904813603,19.335271995863877,19.752274619881064
18,0.5,11,1.0,The border checkpoint ledger opens at entry code,JV48,JC37,-1.746126651763916,-1.5134410858154297,-1.8058032989501953,17.148865876253694,17.48514658724889,18.343622353393584
18,0.75,0,0.0,The radio operator's logbook continues in volume,FD94,VT70,1.4892172813415527,1.947854995727539,1.6987648010253906,17.849882850423455,17.413944179657847,17.87964191858191
18,0.75,1,0.0909,The coastal watchtower is designated post,GR90,PE38,1.344015121459961,1.8302407264709473,1.8815908432006836,19.284313732525334,18.26427131984383,18.4189009454567
18,0.75,2,0.1818,The telegraph repeater hut answers to station code,RF71,FF57,2.0980429649353027,1.9547505378723145,1.8954334259033203,22.446796976146288,21.13965547864791,21.197457480011508
18,0.75,3,0.2727,The hydrographic chart set reached edition,DL76,RB21,0.4886302947998047,0.42420530319213867,0.34063243865966797,18.799476585234515,18.166545606800355,18.60258630302269
18,0.75,4,0.3636,The seismograph at Ridge Camp reports as instrument,FH35,MT32,-1.4042606353759766,-1.4177546501159668,-1.4056715965270996,17.022506844252348,16.307346913497895,17.19466688297689
18,0.75,5,0.4545,The shipment of core samples travelled under consignment code,SG96,SE37,-0.6994242668151855,-0.5585088729858398,-0.5028667449951172,17.0211579966126,16.971939292387106,17.678798982524313
18,0.75,6,0.5455,The signal lamp housing takes fitting code,RG48,JC30,1.4870057106018066,1.1734538078308105,1.1694397926330566,16.63855101983063,16.290263715782203,18.209887145028915
18,0.75,7,0.6364,The reserve fuel depot is listed at site code,JA53,UM18,0.8317818641662598,0.7412853240966797,0.316835880279541,17.244135172921233,18.40179214219097,18.512380244093947
18,0.75,8,0.7273,The lighthouse relief roster follows schedule,NH61,ML21,-1.4403963088989258,-1.5965485572814941,-1.6319446563720703,17.59088420169428,16.571955654304475,18.087056095246226
18,0.75,9,0.8182,The eastern pumping station runs on circuit label,TM85,ZF60,0.6227612495422363,0.5764346122741699,0.8866744041442871,17.416915887966752,16.906668334035203,18.26053334469907
18,0.75,10,0.9091,The observatory's spare mirror was ordered as part number,US44,YA44,-0.015973567962646484,0.6914334297180176,0.4607081413269043,19.977683904813603,19.286692304420285,20.434871633187868
18,0.75,11,1.0,The border checkpoint ledger opens at entry code,JV48,JC37,-1.746126651763916,-1.4920177459716797,-1.8384966850280762,17.148865876253694,17.683779469691217,17.446788961533457
18,1.0,0,0.0,The radio operator's logbook continues in volume,FD94,VT70,1.4892172813415527,1.9295415878295898,0.6230063438415527,17.849882850423455,17.79308814916294,19.537143409601413
18,1.0,1,0.0909,The coastal watchtower is designated post,GR90,PE38,1.344015121459961,2.5756278038024902,0.5327010154724121,19.284313732525334,17.355707677430473,18.618722515529953
18,1.0,2,0.1818,The telegraph repeater hut answers to station code,RF71,FF57,2.0980429649353027,2.6426167488098145,2.7758030891418457,22.446796976146288,19.793351302389055,21.341206533601508
18,1.0,3,0.2727,The hydrographic chart set reached edition,DL76,RB21,0.4886302947998047,1.4160451889038086,-0.12665224075317383,18.799476585234515,16.365695528453216,17.6326253360603
18,1.0,4,0.3636,The seismograph at Ridge Camp reports as instrument,FH35,MT32,-1.4042606353759766,-0.6617708206176758,-0.6326837539672852,17.022506844252348,14.914290262153372,16.31824733153917
18,1.0,5,0.4545,The shipment of core samples travelled under consignment code,SG96,SE37,-0.6994242668151855,0.37515926361083984,0.509829044342041,17.0211579966126,15.781002510513645,16.754467515973374
18,1.0,6,0.5455,The signal lamp housing takes fitting code,RG48,JC30,1.4870057106018066,1.7419371604919434,1.6814155578613281,16.63855101983063,15.62253505398985,15.7688522117096
18,1.0,7,0.6364,The reserve fuel depot is listed at site code,JA53,UM18,0.8317818641662598,1.3627166748046875,0.7177577018737793,17.244135172921233,19.13610213494394,19.279726558132097
18,1.0,8,0.7273,The lighthouse relief roster follows schedule,NH61,ML21,-1.4403963088989258,-0.09076690673828125,-0.21421480178833008,17.59088420169428,17.158884147182107,17.9519509607926
18,1.0,9,0.8182,The eastern pumping station runs on circuit label,TM85,ZF60,0.6227612495422363,1.1198229789733887,1.1323137283325195,17.416915887966752,16.94872889155522,18.62932615610771
18,1.0,10,0.9091,The observatory's spare mirror was ordered as part number,US44,YA44,-0.015973567962646484,0.9091391563415527,0.5138282775878906,19.977683904813603,18.066779896384105,20.263780355686322
18,1.0,11,1.0,The border checkpoint ledger opens at entry code,JV48,JC37,-1.746126651763916,-0.39470672607421875,-0.6213788986206055,17.148865876253694,17.660660268273205,17.913868871051818
18,1.25,0,0.0,The radio operator's logbook continues in volume,FD94,VT70,1.4892172813415527,2.384220600128174,0.7477498054504395,17.849882850423455,17.714069967973046,18.799852889496833
18,1.25,1,0.0909,The coastal watchtower is designated post,GR90,PE38,1.344015121459961,3.091217517852783,0.7273283004760742,19.284313732525334,17.364157508825883,19.019926590495743
18,1.25,2,0.1818,The telegraph repeater hut answers to station code,RF71,FF57,2.0980429649353027,2.3798460960388184,2.92911696434021,22.446796976146288,20.718897032085806,21.99550915148575
18,1.25,3,0.2727,The hydrographic chart set reached edition,DL76,RB21,0.4886302947998047,1.684217929840088,0.48651123046875,18.799476585234515,16.41925641335547,17.387165163410828
18,1.25,4,0.3636,The seismograph at Ridge Camp reports as instrument,FH35,MT32,-1.4042606353759766,-0.30524730682373047,-0.36058998107910156,17.022506844252348,13.917258799949195,15.386130711471196
18,1.25,5,0.4545,The shipment of core samples travelled under consignment code,SG96,SE37,-0.6994242668151855,0.5103168487548828,0.6127767562866211,17.0211579966126,15.720079133752733,16.82393501745537
18,1.25,6,0.5455,The signal lamp housing takes fitting code,RG48,JC30,1.4870057106018066,1.670088291168213,1.744929313659668,16.63855101983063,15.819547933293507,16.12555281468667
18,1.25,7,0.6364,The reserve fuel depot is listed at site code,JA53,UM18,0.8317818641662598,1.5470848083496094,0.5898714065551758,17.244135172921233,19.484690813464113,19.62860938021913
18,1.25,8,0.7273,The lighthouse relief roster follows schedule,NH61,ML21,-1.4403963088989258,-0.14220094680786133,-0.25844287872314453,17.59088420169428,17.443350796122104,17.956038179807365
18,1.25,9,0.8182,The eastern pumping station runs on circuit label,TM85,ZF60,0.6227612495422363,1.2123212814331055,1.6657218933105469,17.416915887966752,16.733091465197504,18.194377443753183
18,1.25,10,0.9091,The observatory's spare mirror was ordered as part number,US44,YA44,-0.015973567962646484,1.1207799911499023,0.4251556396484375,19.977683904813603,17.954026470542885,19.79529705643654
18,1.25,11,1.0,The border checkpoint ledger opens at entry code,JV48,JC37,-1.746126651763916,-0.6390285491943359,-0.6180243492126465,17.148865876253694,17.839133320609108,18.077081268187612
18,1.5,0,0.0,The radio operator's logbook continues in volume,FD94,VT70,1.4892172813415527,2.4686264991760254,0.6611413955688477,17.849882850423455,16.93553088977933,18.064290707698092
18,1.5,1,0.0909,The coastal watchtower is designated post,GR90,PE38,1.344015121459961,3.3209309577941895,1.3181772232055664,19.284313732525334,17.489740296266973,18.42252758331597
18,1.5,2,0.1818,The telegraph repeater hut answers to station code,RF71,FF57,2.0980429649353027,2.4365592002868652,2.683816432952881,22.446796976146288,21.529979745391756,21.678923483472317
18,1.5,3,0.2727,The hydrographic chart set reached edition,DL76,RB21,0.4886302947998047,2.1222715377807617,0.2504768371582031,18.799476585234515,16.675266426987946,17.302449180046096
18,1.5,4,0.3636,The seismograph at Ridge Camp reports as instrument,FH35,MT32,-1.4042606353759766,-0.04438066482543945,-0.6101722717285156,17.022506844252348,13.488258448865963,15.91358926933026
18,1.5,5,0.4545,The shipment of core samples travelled under consignment code,SG96,SE37,-0.6994242668151855,0.7192173004150391,0.4681873321533203,17.0211579966126,15.938875950640067,16.68292386981193
18,1.5,6,0.5455,The signal lamp housing takes fitting code,RG48,JC30,1.4870057106018066,1.574819564819336,1.6391868591308594,16.63855101983063,15.66343717154814,16.200143885973375
18,1.5,7,0.6364,The reserve fuel depot is listed at site code,JA53,UM18,0.8317818641662598,1.7696375846862793,0.6432552337646484,17.244135172921233,19.454844299005345,20.17225596559001
18,1.5,8,0.7273,The lighthouse relief roster follows schedule,NH61,ML21,-1.4403963088989258,0.21792888641357422,-0.11163711547851562,17.59088420169428,17.153795738471672,17.844418639782816
18,1.5,9,0.8182,The eastern pumping station runs on circuit label,TM85,ZF60,0.6227612495422363,1.5232582092285156,1.4359407424926758,17.416915887966752,16.389443755615503,17.740061949938536
18,1.5,10,0.9091,The observatory's spare mirror was ordered as part number,US44,YA44,-0.015973567962646484,1.2065610885620117,0.5219969749450684,19.977683904813603,17.254067265428603,19.512488221284002
18,1.5,11,1.0,The border checkpoint ledger opens at entry code,JV48,JC37,-1.746126651763916,-0.5886125564575195,-0.6943659782409668,17.148865876253694,17.48989883600734,18.065005332697183
18,2.0,0,0.0,The radio operator's logbook continues in volume,FD94,VT70,1.4892172813415527,2.623237133026123,0.6766719818115234,17.849882850423455,15.546842808369547,17.020949362311512
18,2.0,1,0.0909,The coastal watchtower is designated post,GR90,PE38,1.344015121459961,4.2905800342559814,1.76220703125,19.284313732525334,16.03139583626762,19.208203203277662
18,2.0,2,0.1818,The telegraph repeater hut answers to station code,RF71,FF57,2.0980429649353027,2.3137505054473877,3.4236509799957275,22.446796976146288,20.31809918396175,21.47647339082323
18,2.0,3,0.2727,The hydrographic chart set reached edition,DL76,RB21,0.4886302947998047,2.5848169326782227,0.09997892379760742,18.799476585234515,15.768304254394025,16.75645640376024
18,2.0,4,0.3636,The seismograph at Ridge Camp reports as instrument,FH35,MT32,-1.4042606353759766,-0.21310758590698242,-1.3558893203735352,17.022506844252348,12.471025747887325,16.077504635672085
18,2.0,5,0.4545,The shipment of core samples travelled under consignment code,SG96,SE37,-0.6994242668151855,1.2416045665740967,0.49213409423828125,17.0211579966126,14.332941268454306,17.134168567019515
18,2.0,6,0.5455,The signal lamp housing takes fitting code,RG48,JC30,1.4870057106018066,1.5486764907836914,1.8532705307006836,16.63855101983063,13.928448114311323,16.338744032080285
18,2.0,7,0.6364,The reserve fuel depot is listed at site code,JA53,UM18,0.8317818641662598,2.400254249572754,0.6453652381896973,17.244135172921233,18.215348794008605,20.08120010176208
18,2.0,8,0.7273,The lighthouse relief roster follows schedule,NH61,ML21,-1.4403963088989258,0.3348722457885742,0.10908937454223633,17.59088420169428,14.989988249260932,16.684662071755156
18,2.0,9,0.8182,The eastern pumping station runs on circuit label,TM85,ZF60,0.6227612495422363,1.59613037109375,1.8325920104980469,17.416915887966752,15.612007027957588,18.516476674936712
18,2.0,10,0.9091,The observatory's spare mirror was ordered as part number,US44,YA44,-0.015973567962646484,1.2144770622253418,0.5670552253723145,19.977683904813603,15.577000919729471,18.559206695994362
18,2.0,11,1.0,The border checkpoint ledger opens at entry code,JV48,JC37,-1.746126651763916,-0.6897377967834473,-1.562398910522461,17.148865876253694,15.325323804747313,16.24979489762336
18,3.0,0,0.0,The radio operator's logbook continues in volume,FD94,VT70,1.4892172813415527,3.152456283569336,-0.7968645095825195,17.849882850423455,14.007756117731333,14.882107713259757
18,3.0,1,0.0909,The coastal watchtower is designated post,GR90,PE38,1.344015121459961,4.703945636749268,1.5094611644744873,19.284313732525334,13.770100586116314,17.12257058545947
18,3.0,2,0.1818,The telegraph repeater hut answers to station code,RF71,FF57,2.0980429649353027,4.4184346199035645,4.001127004623413,22.446796976146288,19.352391488850117,21.378767426591367
18,3.0,3,0.2727,The hydrographic chart set reached edition,DL76,RB21,0.4886302947998047,3.293328046798706,0.9231343269348145,18.799476585234515,18.190822946373373,18.365045150741935
18,3.0,4,0.3636,The seismograph at Ridge Camp reports as instrument,FH35,MT32,-1.4042606353759766,0.15936851501464844,-2.3045239448547363,17.022506844252348,12.714002029737458,15.375661405501887
18,3.0,5,0.4545,The shipment of core samples travelled under consignment code,SG96,SE37,-0.6994242668151855,1.3947429656982422,-0.3603701591491699,17.0211579966126,14.221389094367623,15.604110735468566
18,3.0,6,0.5455,The signal lamp housing takes fitting code,RG48,JC30,1.4870057106018066,2.085387706756592,1.3244261741638184,16.63855101983063,12.630153499543667,15.43507609469816
18,3.0,7,0.6364,The reserve fuel depot is listed at site code,JA53,UM18,0.8317818641662598,2.3733901977539062,0.0837697982788086,17.244135172921233,14.898047708906233,18.090760067570955
18,3.0,8,0.7273,The lighthouse relief roster follows schedule,NH61,ML21,-1.4403963088989258,1.497138500213623,1.2405166625976562,17.59088420169428,14.08971206098795,15.74148950050585
18,3.0,9,0.8182,The eastern pumping station runs on circuit label,TM85,ZF60,0.6227612495422363,2.6195125579833984,2.018582820892334,17.416915887966752,16.01452348008752,16.751448143739253
18,3.0,10,0.9091,The observatory's spare mirror was ordered as part number,US44,YA44,-0.015973567962646484,2.549348831176758,1.0882039070129395,19.977683904813603,14.530990332365036,18.926269843243062
18,3.0,11,1.0,The border checkpoint ledger opens at entry code,JV48,JC37,-1.746126651763916,-1.8748798370361328,-2.430572032928467,17.148865876253694,12.483372846618295,13.599472942762077
19,0.0,0,0.0,The signal lamp housing takes fitting code,XB76,TU55,0.5730185508728027,0.5730185508728027,0.5730185508728027,15.491871523321606,15.491871523321606,15.491871523321606
19,0.0,1,0.0909,The customs declaration quotes reference code,DS35,SL17,0.22739601135253906,0.22739601135253906,0.22739601135253906,16.924732184852473,16.924732184852473,16.924732184852473
19,0.0,2,0.1818,The assay laboratory furnace is a model,NM77,AJ93,0.48798489570617676,0.48798489570617676,0.48798489570617676,16.722102940897457,16.722102940897457,16.722102940897457
19,0.0,3,0.2727,The medical supply locker was closed with seal number,JP51,GC35,0.457033634185791,0.457033634185791,0.457033634185791,17.08764274395071,17.08764274395071,17.08764274395071
19,0.0,4,0.3636,The salvage tender was registered with hull number,JD51,KS69,-0.15987110137939453,-0.15987110137939453,-0.15987110137939453,17.05579799262341,17.05579799262341,17.05579799262341
19,0.0,5,0.4545,The shipment of core samples travelled under consignment code,VG19,SE51,-1.0479402542114258,-1.0479402542114258,-1.0479402542114258,14.4468115165364,14.4468115165364,14.4468115165364
19,0.0,6,0.5455,The cartography office safe opens with combination,GD79,SJ81,0.2770977020263672,0.2770977020263672,0.2770977020263672,19.158073162834626,19.158073162834626,19.158073162834626
19,0.0,7,0.6364,The sealed crate in the annex is marked with inventory tag,DP12,SK92,-0.7263083457946777,-0.7263083457946777,-0.7263083457946777,15.864149037166499,15.864149037166499,15.864149037166499
19,0.0,8,0.7273,Ansel's transit permit was issued as document number,DU64,SU64,0.11512041091918945,0.11512041091918945,0.11512041091918945,15.353178394958377,15.353178394958377,15.353178394958377
19,0.0,9,0.8182,The hydrographic chart set reached edition,FW62,RB38,1.1323127746582031,1.1323127746582031,1.1323127746582031,16.911429247935303,16.911429247935303,16.911429247935303
19,0.0,10,0.9091,The glacier survey stake is recorded as marker,HT83,EB68,-0.8410987854003906,-0.8410987854003906,-0.8410987854003906,16.158131159143522,16.158131159143522,16.158131159143522
19,0.0,11,1.0,The winter quarters roof panel came from batch,NG27,DS85,-0.7762308120727539,-0.7762308120727539,-0.7762308120727539,15.355297495378181,15.355297495378181,15.355297495378181
19,0.25,0,0.0,The signal lamp housing takes fitting code,XB76,TU55,0.5730185508728027,0.4572153091430664,0.5004425048828125,15.491871523321606,15.871252078912221,15.799551562929992
19,0.25,1,0.0909,The customs declaration quotes reference code,DS35,SL17,0.22739601135253906,0.01787090301513672,0.1497640609741211,16.924732184852473,17.835676407441497,17.40644448180683
19,0.25,2,0.1818,The assay laboratory furnace is a model,NM77,AJ93,0.48798489570617676,0.6552467346191406,0.45169615745544434,16.722102940897457,16.849025627714582,17.132533359341323
19,0.25,3,0.2727,The medical supply locker was closed with seal number,JP51,GC35,0.457033634185791,0.594630241394043,0.5081768035888672,17.08764274395071,17.69346044806298,17.030856538855005
19,0.25,4,0.3636,The salvage tender was registered with hull number,JD51,KS69,-0.15987110137939453,-0.07251691818237305,-0.1294236183166504,17.05579799262341,17.277540202834643,17.079993628605735
19,0.25,5,0.4545,The shipment of core samples travelled under consignment code,VG19,SE51,-1.0479402542114258,-1.0670485496520996,-1.076094627380371,14.4468115165364,14.667667347821407,14.506836095941253
19,0.25,6,0.5455,The cartography office safe opens with combination,GD79,SJ81,0.2770977020263672,0.3268413543701172,0.34134960174560547,19.158073162834626,19.026559634512523,18.99806305731181
19,0.25,7,0.6364,The sealed crate in the annex is marked with inventory tag,DP12,SK92,-0.7263083457946777,-0.711733341217041,-0.7546734809875488,15.864149037166499,16.0326568253804,15.921263522701338
19,0.25,8,0.7273,Ansel's transit permit was issued as document number,DU64,SU64,0.11512041091918945,0.24610280990600586,0.22116613388061523,15.353178394958377,15.406220251694322,15.535779335070401
19,0.25,9,0.8182,The hydrographic chart set reached edition,FW62,RB38,1.1323127746582031,1.6731834411621094,1.4771766662597656,16.911429247935303,17.210471247090027,16.808980950387195
19,0.25,10,0.9091,The glacier survey stake is recorded as marker,HT83,EB68,-0.8410987854003906,-0.7207498550415039,-0.7063493728637695,16.158131159143522,17.50243175693322,17.47311597468797
19,0.25,11,1.0,The winter quarters roof panel came from batch,NG27,DS85,-0.7762308120727539,-0.5599865913391113,-0.7671918869018555,15.355297495378181,14.651770882308483,15.628023157129064
19,0.5,0,0.0,The signal lamp housing takes fitting code,XB76,TU55,0.5730185508728027,0.27526378631591797,0.5145721435546875,15.491871523321606,16.80025181802921,17.04864838148933
19,0.5,1,0.0909,The customs declaration quotes reference code,DS35,SL17,0.22739601135253906,-0.13007497787475586,-0.07139396667480469,16.924732184852473,18.08344231499359,18.135974960110616
19,0.5,2,0.1818,The assay laboratory furnace is a model,NM77,AJ93,0.48798489570617676,0.673436164855957,0.5652003288269043,16.722102940897457,18.39188026683405,18.52282163745258
19,0.5,3,0.2727,The medical supply locker was closed with seal number,JP51,GC35,0.457033634185791,0.4802885055541992,0.4817218780517578,17.08764274395071,18.138078703486826,17.525361265754327
19,0.5,4,0.3636,The salvage tender was registered with hull number,JD51,KS69,-0.15987110137939453,-0.1485881805419922,-0.08274030685424805,17.05579799262341,17.789925108256284,17.759657410730142
19,0.5,5,0.4545,The shipment of core samples travelled under consignment code,VG19,SE51,-1.0479402542114258,-1.0277776718139648,-1.1122708320617676,14.4468115165364,14.736995865823701,14.938842033036053
19,0.5,6,0.5455,The cartography office safe opens with combination,GD79,SJ81,0.2770977020263672,0.331573486328125,0.3701791763305664,19.158073162834626,19.0730163991102,19.778293895564275
19,0.5,7,0.6364,The sealed crate in the annex is marked with inventory tag,DP12,SK92,-0.7263083457946777,-1.0499968528747559,-0.9018468856811523,15.864149037166499,16.88972544542048,16.874346024123952
19,0.5,8,0.7273,Ansel's transit permit was issued as document number,DU64,SU64,0.11512041091918945,0.19039106369018555,0.24144506454467773,15.353178394958377,16.63296052441001,16.1825567886699
19,0.5,9,0.8182,The hydrographic chart set reached edition,FW62,RB38,1.1323127746582031,1.3874130249023438,1.8379440307617188,16.911429247935303,17.281460136757232,16.978638699860312
19,0.5,10,0.9091,The glacier survey stake is recorded as marker,HT83,EB68,-0.8410987854003906,-0.48213911056518555,-0.2855076789855957,16.158131159143522,18.17903696349822,18.501687383744866
19,0.5,11,1.0,The winter quarters roof panel came from batch,NG27,DS85,-0.7762308120727539,-0.3744521141052246,-0.34966373443603516,15.355297495378181,15.73485108173918,15.641369837452658
19,0.75,0,0.0,The signal lamp housing takes fitting code,XB76,TU55,0.5730185508728027,0.5600442886352539,0.5409197807312012,15.491871523321606,18.446696155995596,18.365667021949776
19,0.75,1,0.0909,The customs declaration quotes reference code,DS35,SL17,0.22739601135253906,-0.125030517578125,0.03415727615356445,16.924732184852473,17.701744872319978,18.84323810256319
19,0.75,2,0.1818,The assay laboratory furnace is a model,NM77,AJ93,0.48798489570617676,0.4311389923095703,0.2511606216430664,16.722102940897457,18.22335598769132,18.568429129838478
19,0.75,3,0.2727,The medical supply locker was closed with seal number,JP51,GC35,0.457033634185791,0.6781854629516602,0.5483369827270508,17.08764274395071,18.27011896984186,18.360283184883883
19,0.75,4,0.3636,The salvage tender was registered with hull number,JD51,KS69,-0.15987110137939453,0.0037069320678710938,-0.27620601654052734,17.05579799262341,18.096181291271932,18.132820626109606
19,0.75,5,0.4545,The shipment of core samples travelled under consignment code,VG19,SE51,-1.0479402542114258,-0.9857034683227539,-1.0435786247253418,14.4468115165364,14.001473991433159,14.837350629386492
19,0.75,6,0.5455,The cartography office safe opens with combination,GD79,SJ81,0.2770977020263672,0.46318626403808594,0.20755481719970703,19.158073162834626,19.54079418242327,19.987750978267286
19,0.75,7,0.6364,The sealed crate in the annex is marked with inventory tag,DP12,SK92,-0.7263083457946777,-1.3871550559997559,-1.142263412475586,15.864149037166499,16.849865989293903,17.18795057933312
19,0.75,8,0.7273,Ansel's transit permit was issued as document number,DU64,SU64,0.11512041091918945,0.39039134979248047,0.14500808715820312,15.353178394958377,16.645023381104693,16.909934188006446
19,0.75,9,0.8182,The hydrographic chart set reached edition,FW62,RB38,1.1323127746582031,1.805189609527588,1.3599324226379395,16.911429247935303,18.160888629499823,17.479913108574692
19,0.75,10,0.9091,The glacier survey stake is recorded as marker,HT83,EB68,-0.8410987854003906,-0.29610204696655273,-0.40308380126953125,16.158131159143522,18.36757937062066,19.086666630057152
19,0.75,11,1.0,The winter quarters roof panel came from batch,NG27,DS85,-0.7762308120727539,-0.36735010147094727,-0.17428970336914062,15.355297495378181,15.506658725440502,15.723362110788003
19,1.0,0,0.0,The signal lamp housing takes fitting code,XB76,TU55,0.5730185508728027,0.5891430377960205,0.8208224773406982,15.491871523321606,15.97598240536172,17.444962397799827
19,1.0,1,0.0909,The customs declaration quotes reference code,DS35,SL17,0.22739601135253906,1.6865968704223633,1.6035699844360352,16.924732184852473,17.004480578936636,19.273351611976977
19,1.0,2,0.1818,The assay laboratory furnace is a model,NM77,AJ93,0.48798489570617676,0.12415409088134766,-0.22545313835144043,16.722102940897457,15.826131047680974,17.515671417990234
19,1.0,3,0.2727,The medical supply locker was closed with seal number,JP51,GC35,0.457033634185791,1.2134995460510254,1.1803579330444336,17.08764274395071,17.855913244071417,17.809956965385936
19,1.0,4,0.3636,The salvage tender was registered with hull number,JD51,KS69,-0.15987110137939453,0.13937616348266602,-0.6309933662414551,17.05579799262341,18.881297985673882,20.106352605856955
19,1.0,5,0.4545,The shipment of core samples travelled under consignment code,VG19,SE51,-1.0479402542114258,-1.045280933380127,-1.4547290802001953,14.4468115165364,14.717657056287862,16.014930702047423
19,1.0,6,0.5455,The cartography office safe opens with combination,GD79,SJ81,0.2770977020263672,0.2239060401916504,-0.5087528228759766,19.158073162834626,18.10113211348653,19.540620470419526
19,1.0,7,0.6364,The sealed crate in the annex is marked with inventory tag,DP12,SK92,-0.7263083457946777,-0.42330455780029297,-1.093252182006836,15.864149037166499,16.750522290123627,18.439385212841444
19,1.0,8,0.7273,Ansel's transit permit was issued as document number,DU64,SU64,0.11512041091918945,0.4716377258300781,0.3152327537536621,15.353178394958377,16.45106596266851,18.20175466663204
19,1.0,9,0.8182,The hydrographic chart set reached edition,FW62,RB38,1.1323127746582031,2.4947142601013184,1.337470531463623,16.911429247935303,17.74992824322544,18.92496886954177
19,1.0,10,0.9091,The glacier survey stake is recorded as marker,HT83,EB68,-0.8410987854003906,-0.338914155960083,-0.7017109394073486,16.158131159143522,17.151923012919724,18.813380534178577
19,1.0,11,1.0,The winter quarters roof panel came from batch,NG27,DS85,-0.7762308120727539,-2.2641119956970215,-1.2059683799743652,15.355297495378181,16.829067520913668,17.430411373032257
19,1.25,0,0.0,The signal lamp housing takes fitting code,XB76,TU55,0.5730185508728027,0.7397599220275879,0.9870140552520752,15.491871523321606,15.940880993613973,16.459699832077604
19,1.25,1,0.0909,The customs declaration quotes reference code,DS35,SL17,0.22739601135253906,1.926246166229248,1.6291437149047852,16.924732184852473,17.59766623051837,19.035384064540267
19,1.25,2,0.1818,The assay laboratory furnace is a model,NM77,AJ93,0.48798489570617676,0.27420854568481445,-0.6252732276916504,16.722102940897457,16.311087474692613,17.309899156854954
19,1.25,3,0.2727,The medical supply locker was closed with seal number,JP51,GC35,0.457033634185791,1.3530783653259277,1.2801175117492676,17.08764274395071,18.335375355847646,16.742755110550206
19,1.25,4,0.3636,The salvage tender was registered with hull number,JD51,KS69,-0.15987110137939453,0.38413238525390625,-0.5273678302764893,17.05579799262341,19.622979765292257,19.961162370047532
19,1.25,5,0.4545,The shipment of core samples travelled under consignment code,VG19,SE51,-1.0479402542114258,-1.0990533828735352,-1.5217599868774414,14.4468115165364,15.319268700084649,15.929824559367262
19,1.25,6,0.5455,The cartography office safe opens with combination,GD79,SJ81,0.2770977020263672,0.034342288970947266,-0.8667850494384766,19.158073162834626,18.796629844000563,19.441485341871157
19,1.25,7,0.6364,The sealed crate in the annex is marked with inventory tag,DP12,SK92,-0.7263083457946777,-0.7277660369873047,-1.2173776626586914,15.864149037166499,16.88175189564936,17.81164729630109
19,1.25,8,0.7273,Ansel's transit permit was issued as document number,DU64,SU64,0.11512041091918945,0.5406765937805176,0.7520279884338379,15.353178394958377,16.692113482393324,18.418534348951653
19,1.25,9,0.8182,The hydrographic chart set reached edition,FW62,RB38,1.1323127746582031,1.6102943420410156,0.8029074668884277,16.911429247935303,18.283651008212473,18.57758748572087
19,1.25,10,0.9091,The glacier survey stake is recorded as marker,HT83,EB68,-0.8410987854003906,-0.20235514640808105,-0.933600664138794,16.158131159143522,17.647302174940705,19.01715414877981
19,1.25,11,1.0,The winter quarters roof panel came from batch,NG27,DS85,-0.7762308120727539,-2.0898890495300293,-1.3956866264343262,15.355297495378181,16.35587075748481,17.43328975921031
19,1.5,0,0.0,The signal lamp housing takes fitting code,XB76,TU55,0.5730185508728027,0.8655216693878174,0.9478211402893066,15.491871523321606,14.778684422024526,16.119183907983825
19,1.5,1,0.0909,The customs declaration quotes reference code,DS35,SL17,0.22739601135253906,2.0242581367492676,1.8938159942626953,16.924732184852473,17.028198985848576,18.530720380775165
19,1.5,2,0.1818,The assay laboratory furnace is a model,NM77,AJ93,0.48798489570617676,0.41216278076171875,-0.25690793991088867,16.722102940897457,16.405522106215358,17.041047564707696
19,1.5,3,0.2727,The medical supply locker was closed with seal number,JP51,GC35,0.457033634185791,1.2982845306396484,1.2831807136535645,17.08764274395071,17.472390712006018,15.829778672312386
19,1.5,4,0.3636,The salvage tender was registered with hull number,JD51,KS69,-0.15987110137939453,0.45597314834594727,-0.6014246940612793,17.05579799262341,19.642553808982484,19.94916120567359
19,1.5,5,0.4545,The shipment of core samples travelled under consignment code,VG19,SE51,-1.0479402542114258,-1.0966858863830566,-1.573587417602539,14.4468115165364,15.143681020708755,15.179774844320491
19,1.5,6,0.5455,The cartography office safe opens with combination,GD79,SJ81,0.2770977020263672,0.15004825592041016,-0.7905588150024414,19.158073162834626,18.51335865771398,19.478190748486668
19,1.5,7,0.6364,The sealed crate in the annex is marked with inventory tag,DP12,SK92,-0.7263083457946777,-0.5647101402282715,-1.476499080657959,15.864149037166499,16.546990391798317,17.4318955168128
19,1.5,8,0.7273,Ansel's transit permit was issued as document number,DU64,SU64,0.11512041091918945,0.5834245681762695,0.5674290657043457,15.353178394958377,16.58168697403744,18.122845038305968
19,1.5,9,0.8182,The hydrographic chart set reached edition,FW62,RB38,1.1323127746582031,1.4985785484313965,0.4396095275878906,16.911429247935303,17.485826877644286,18.062135039595887
19,1.5,10,0.9091,The glacier survey stake is recorded as marker,HT83,EB68,-0.8410987854003906,-0.19474053382873535,-1.1681413650512695,16.158131159143522,16.464900172315538,18.0688311716076
19,1.5,11,1.0,The winter quarters roof panel came from batch,NG27,DS85,-0.7762308120727539,-2.205521583557129,-1.4567899703979492,15.355297495378181,16.24634633224923,16.947534321108833
19,2.0,0,0.0,The signal lamp housing takes fitting code,XB76,TU55,0.5730185508728027,1.5040881633758545,1.0119028091430664,15.491871523321606,12.283829818479717,14.02178275375627
19,2.0,1,0.0909,The customs declaration quotes reference code,DS35,SL17,0.22739601135253906,3.3626060485839844,1.7282195091247559,16.924732184852473,17.424475725274533,18.095429583103396
19,2.0,2,0.1818,The assay laboratory furnace is a model,NM77,AJ93,0.48798489570617676,0.5207540988922119,-0.6826126575469971,16.722102940897457,15.510051515884697,16.609816646319814
19,2.0,3,0.2727,The medical supply locker was closed with seal number,JP51,GC35,0.457033634185791,1.3735466003417969,0.5080571174621582,17.08764274395071,16.45466071018018,15.440250877174549
19,2.0,4,0.3636,The salvage tender was registered with hull number,JD51,KS69,-0.15987110137939453,1.3205056190490723,-0.6091563701629639,17.05579799262341,19.971355761634186,20.195465916534886
19,2.0,5,0.4545,The shipment of core samples travelled under consignment code,VG19,SE51,-1.0479402542114258,-0.5251598358154297,-0.9083447456359863,14.4468115165364,13.025252907536924,14.239442789927125
19,2.0,6,0.5455,The cartography office safe opens with combination,GD79,SJ81,0.2770977020263672,0.3296854496002197,-0.40442633628845215,19.158073162834626,17.988245679996908,18.454445513430983
19,2.0,7,0.6364,The sealed crate in the annex is marked with inventory tag,DP12,SK92,-0.7263083457946777,-0.5405731201171875,-1.3061256408691406,15.864149037166499,14.345179019495845,15.500265971757472
19,2.0,8,0.7273,Ansel's transit permit was issued as document number,DU64,SU64,0.11512041091918945,1.1902050971984863,0.9197549819946289,15.353178394958377,15.965609917417169,17.557131307199597
19,2.0,9,0.8182,The hydrographic chart set reached edition,FW62,RB38,1.1323127746582031,1.8441715240478516,-0.1291518211364746,16.911429247935303,17.597234235028736,17.792982548475266
19,2.0,10,0.9091,The glacier survey stake is recorded as marker,HT83,EB68,-0.8410987854003906,-0.6764826774597168,-1.1575748920440674,16.158131159143522,15.421010003658012,16.526324555976316
19,2.0,11,1.0,The winter quarters roof panel came from batch,NG27,DS85,-0.7762308120727539,-2.0469608306884766,-1.7697787284851074,15.355297495378181,16.070309996139258,16.269908469403163
19,3.0,0,0.0,The signal lamp housing takes fitting code,XB76,TU55,0.5730185508728027,3.120563268661499,1.8000311851501465,15.491871523321606,14.398382945917547,14.60103646479547
19,3.0,1,0.0909,The customs declaration quotes reference code,DS35,SL17,0.22739601135253906,5.849148273468018,2.718297004699707,16.924732184852473,19.961435947101563,18.632572254166007
19,3.0,2,0.1818,The assay laboratory furnace is a model,NM77,AJ93,0.48798489570617676,1.2768449783325195,0.3575630187988281,16.722102940897457,15.07735348213464,15.088947197422385
19,3.0,3,0.2727,The medical supply locker was closed with seal number,JP51,GC35,0.457033634185791,1.8695964813232422,0.6389055252075195,17.08764274395071,16.562631235457957,13.277651727199554
19,3.0,4,0.3636,The salvage tender was registered with hull number,JD51,KS69,-0.15987110137939453,1.6464362144470215,-1.45578932762146,17.05579799262341,19.900825730524957,20.48637652117759
19,3.0,5,0.4545,The shipment of core samples travelled under consignment code,VG19,SE51,-1.0479402542114258,1.0433540344238281,-0.4409184455871582,14.4468115165364,14.212617568671703,14.422771412879229
19,3.0,6,0.5455,The cartography office safe opens with combination,GD79,SJ81,0.2770977020263672,1.271223545074463,-2.2576889991760254,19.158073162834626,17.968407944310457,16.81471680290997
19,3.0,7,0.6364,The sealed crate in the annex is marked with inventory tag,DP12,SK92,-0.7263083457946777,1.670802116394043,-1.816133737564087,15.864149037166499,15.364893645048141,16.27896573394537
19,3.0,8,0.7273,Ansel's transit permit was issued as document number,DU64,SU64,0.11512041091918945,1.4787206649780273,1.171809196472168,15.353178394958377,15.83662490081042,16.38756972551346
19,3.0,9,0.8182,The hydrographic chart set reached edition,FW62,RB38,1.1323127746582031,3.7784361839294434,0.7053308486938477,16.911429247935303,18.811187632847577,19.922398288268596
19,3.0,10,0.9091,The glacier survey stake is recorded as marker,HT83,EB68,-0.8410987854003906,-1.5049142837524414,-1.6870207786560059,16.158131159143522,13.95716242492199,14.22314977645874
19,3.0,11,1.0,The winter quarters roof panel came from batch,NG27,DS85,-0.7762308120727539,0.8492913246154785,-1.7346572875976562,15.355297495378181,15.802213730290532,15.059006221592426
20,0.0,0,0.0,The eastern pumping station runs on circuit label,ZX29,KE81,-0.973106861114502,-0.973106861114502,-0.973106861114502,19.189460118999705,19.189460118999705,19.189460118999705
20,0.0,1,0.0909,The signal lamp housing takes fitting code,DL83,NE92,1.3417725563049316,1.3417725563049316,1.3417725563049316,17.18205444025807,17.18205444025807,17.18205444025807
20,0.0,2,0.1818,The cartography office safe opens with combination,FA62,CQ72,-0.17433643341064453,-0.17433643341064453,-0.17433643341064453,19.28017157490831,19.28017157490831,19.28017157490831
20,0.0,3,0.2727,The shipment of core samples travelled under consignment code,PC23,AF34,0.037201881408691406,0.037201881408691406,0.037201881408691406,16.84647046099417,16.84647046099417,16.84647046099417
20,0.0,4,0.3636,The lighthouse relief roster follows schedule,EL70,WK61,-0.13457441329956055,-0.13457441329956055,-0.13457441329956055,18.45856089319568,18.45856089319568,18.45856089319568
20,0.0,5,0.4545,The hydrographic chart set reached edition,GG50,DK36,-2.2834081649780273,-2.2834081649780273,-2.2834081649780273,17.150740695302375,17.150740695302375,17.150740695302375
20,0.0,6,0.5455,The winter supply manifest lists lot number,WX52,MV48,1.0693111419677734,1.0693111419677734,1.0693111419677734,20.311241375107784,20.311241375107784,20.311241375107784
20,0.0,7,0.6364,The meteorological buoy broadcasts on transponder code,LP21,EX22,-0.2010202407836914,-0.2010202407836914,-0.2010202407836914,17.03500300552696,17.03500300552696,17.03500300552696
20,0.0,8,0.7273,The telegraph repeater hut answers to station code,WS72,AJ17,1.2061281204223633,1.2061281204223633,1.2061281204223633,17.284338823053986,17.284338823053986,17.284338823053986
20,0.0,9,0.8182,The auxiliary generator was tagged asset number,NC36,NM46,-0.5903873443603516,-0.5903873443603516,-0.5903873443603516,20.855590658262372,20.855590658262372,20.855590658262372
20,0.0,10,0.9091,The archive microfilm reel is filed under shelf mark,GD20,CU70,0.4783797264099121,0.4783797264099121,0.4783797264099121,19.19832828314975,19.19832828314975,19.19832828314975
20,0.0,11,1.0,The ice core drilling rig was delivered as unit,KK98,GA99,-1.1255607604980469,-1.1255607604980469,-1.1255607604980469,20.443930749082938,20.443930749082938,20.443930749082938
20,0.25,0,0.0,The eastern pumping station runs on circuit label,ZX29,KE81,-0.973106861114502,-0.9311099052429199,-1.0069446563720703,19.189460118999705,19.38885888364166,19.382730898214504
20,0.25,1,0.0909,The signal lamp housing takes fitting code,DL83,NE92,1.3417725563049316,1.2168073654174805,1.177485466003418,17.18205444025807,17.063071340322495,17.495821257238276
20,0.25,2,0.1818,The cartography office safe opens with combination,FA62,CQ72,-0.17433643341064453,-0.2749466896057129,-0.2212529182434082,19.28017157490831,18.64090675220359,18.624838103190996
20,0.25,3,0.2727,The shipment of core samples travelled under consignment code,PC23,AF34,0.037201881408691406,0.0716562271118164,0.044007301330566406,16.84647046099417,16.43481960101053,16.95908243721351
20,0.25,4,0.3636,The lighthouse relief roster follows schedule,EL70,WK61,-0.13457441329956055,-0.19491100311279297,-0.10955238342285156,18.45856089319568,18.343765977071598,18.337731890846044
20,0.25,5,0.4545,The hydrographic chart set reached edition,GG50,DK36,-2.2834081649780273,-2.0182461738586426,-2.241288185119629,17.150740695302375,17.54424048762303,17.86482849600725
20,0.25,6,0.5455,The winter supply manifest lists lot number,WX52,MV48,1.0693111419677734,1.0186452865600586,1.0237631797790527,20.311241375107784,20.43074593041092,20.07610971404938
20,0.25,7,0.6364,The meteorological buoy broadcasts on transponder code,LP21,EX22,-0.2010202407836914,-0.18904924392700195,-0.11702537536621094,17.03500300552696,17.20422248961404,16.77581781335175
20,0.25,8,0.7273,The telegraph repeater hut answers to station code,WS72,AJ17,1.2061281204223633,1.182154655456543,1.114790439605713,17.284338823053986,17.44492812885437,17.492130371392705
20,0.25,9,0.8182,The auxiliary generator was tagged asset number,NC36,NM46,-0.5903873443603516,-0.5728168487548828,-0.6610355377197266,20.855590658262372,20.484433288802393,20.84717154025566
20,0.25,10,0.9091,The archive microfilm reel is filed under shelf mark,GD20,CU70,0.4783797264099121,0.44446420669555664,0.4181246757507324,19.19832828314975,18.510932937497273,18.344368540216237
20,0.25,11,1.0,The ice core drilling rig was delivered as unit,KK98,GA99,-1.1255607604980469,-0.9053444862365723,-1.0389337539672852,20.443930749082938,19.43463625316508,20.445625598658808
20,0.5,0,0.0,The eastern pumping station runs on circuit label,ZX29,KE81,-0.973106861114502,-0.9615163803100586,-0.9633278846740723,19.189460118999705,19.1619110184256,18.88843087654095
20,0.5,1,0.0909,The signal lamp housing takes fitting code,DL83,NE92,1.3417725563049316,1.2562627792358398,1.1849451065063477,17.18205444025807,17.480013427208178,17.659227833966725
20,0.5,2,0.1818,The cartography office safe opens with combination,FA62,CQ72,-0.17433643341064453,-0.4193124771118164,-0.39360904693603516,19.28017157490831,16.86084756127093,17.590283960918896
20,0.5,3,0.2727,The shipment of core samples travelled under consignment code,PC23,AF34,0.037201881408691406,0.12329721450805664,0.0030922889709472656,16.84647046099417,16.701590260025114,16.94329619104974
20,0.5,4,0.3636,The lighthouse relief roster follows schedule,EL70,WK61,-0.13457441329956055,-0.15404796600341797,-0.1675124168395996,18.45856089319568,18.856184428790584,18.73633635113947
20,0.5,5,0.4545,The hydrographic chart set reached edition,GG50,DK36,-2.2834081649780273,-2.2381343841552734,-2.3081483840942383,17.150740695302375,17.839136040885933,17.92373320751358
20,0.5,6,0.5455,The winter supply manifest lists lot number,WX52,MV48,1.0693111419677734,1.3560047149658203,1.1040682792663574,20.311241375107784,20.837797785410658,20.835404972196557
20,0.5,7,0.6364,The meteorological buoy broadcasts on transponder code,LP21,EX22,-0.2010202407836914,-0.14410161972045898,-0.19881057739257812,17.03500300552696,17.598364783916622,17.73396101873368
20,0.5,8,0.7273,The telegraph repeater hut answers to station code,WS72,AJ17,1.2061281204223633,1.3438453674316406,1.2555975914001465,17.284338823053986,17.087987968465313,17.192727360641584
20,0.5,9,0.8182,The auxiliary generator was tagged asset number,NC36,NM46,-0.5903873443603516,-0.5021467208862305,-0.5908722877502441,20.855590658262372,20.114093045471236,20.510973234893754
20,0.5,10,0.9091,The archive microfilm reel is filed under shelf mark,GD20,CU70,0.4783797264099121,0.28957414627075195,0.33539819717407227,19.19832828314975,18.6340207507601,18.704178403364494
20,0.5,11,1.0,The ice core drilling rig was delivered as unit,KK98,GA99,-1.1255607604980469,-1.1229000091552734,-1.1125383377075195,20.443930749082938,19.778445382835343,20.3648072326323
20,0.75,0,0.0,The eastern pumping station runs on circuit label,ZX29,KE81,-0.973106861114502,-1.0779433250427246,-0.7677440643310547,19.189460118999705,18.886909993947484,18.92007810017094
20,0.75,1,0.0909,The signal lamp housing takes fitting code,DL83,NE92,1.3417725563049316,1.2912826538085938,1.1908745765686035,17.18205444025807,18.416780080180615,18.948510346119292
20,0.75,2,0.1818,The cartography office safe opens with combination,FA62,CQ72,-0.17433643341064453,-0.5627961158752441,-0.7990570068359375,19.28017157490831,17.503281753277406,17.090818624943495
20,0.75,3,0.2727,The shipment of core samples travelled under consignment code,PC23,AF34,0.037201881408691406,0.17027664184570312,-0.06273126602172852,16.84647046099417,17.179686850169674,17.42895917594433
20,0.75,4,0.3636,The lighthouse relief roster follows schedule,EL70,WK61,-0.13457441329956055,-0.4087333679199219,-0.3553900718688965,18.45856089319568,19.171121906954795,19.075680691748857
20,0.75,5,0.4545,The hydrographic chart set reached edition,GG50,DK36,-2.2834081649780273,-1.853475570678711,-1.9606895446777344,17.150740695302375,18.44293554709293,18.725792171200737
20,0.75,6,0.5455,The winter supply manifest lists lot number,WX52,MV48,1.0693111419677734,1.4570679664611816,1.2368454933166504,20.311241375107784,20.944100227672607,21.48336573940469
20,0.75,7,0.6364,The meteorological buoy broadcasts on transponder code,LP21,EX22,-0.2010202407836914,-0.11179924011230469,-0.19916057586669922,17.03500300552696,18.146715227514505,17.690622443333268
20,0.75,8,0.7273,The telegraph repeater hut answers to station code,WS72,AJ17,1.2061281204223633,1.5828170776367188,1.2491025924682617,17.284338823053986,17.81911601719912,17.750607122434303
20,0.75,9,0.8182,The auxiliary generator was tagged asset number,NC36,NM46,-0.5903873443603516,-0.4328169822692871,-0.49143218994140625,20.855590658262372,20.507996301399544,20.066748645156622
20,0.75,10,0.9091,The archive microfilm reel is filed under shelf mark,GD20,CU70,0.4783797264099121,0.2210369110107422,-0.11543703079223633,19.19832828314975,18.735863053938374,18.9936650772579
20,0.75,11,1.0,The ice core drilling rig was delivered as unit,KK98,GA99,-1.1255607604980469,-1.3335814476013184,-1.4343576431274414,20.443930749082938,19.836102278204635,20.71529502631165
20,1.0,0,0.0,The eastern pumping station runs on circuit label,ZX29,KE81,-0.973106861114502,-1.0807290077209473,-0.911372184753418,19.189460118999705,18.376606109086424,19.146020942251198
20,1.0,1,0.0909,The signal lamp housing takes fitting code,DL83,NE92,1.3417725563049316,0.810004711151123,0.06371116638183594,17.18205444025807,19.152815838286187,19.76156155759236
20,1.0,2,0.1818,The cartography office safe opens with combination,FA62,CQ72,-0.17433643341064453,0.7240939140319824,1.0045313835144043,19.28017157490831,18.61284970957786,18.930265218717977
20,1.0,3,0.2727,The shipment of core samples travelled under consignment code,PC23,AF34,0.037201881408691406,0.2924675941467285,-0.04895973205566406,16.84647046099417,15.858921303413808,16.592676121275872
20,1.0,4,0.3636,The lighthouse relief roster follows schedule,EL70,WK61,-0.13457441329956055,1.259481430053711,1.1282048225402832,18.45856089319568,19.44655107660219,19.80334527278319
20,1.0,5,0.4545,The hydrographic chart set reached edition,GG50,DK36,-2.2834081649780273,-0.2729039192199707,-0.5168752670288086,17.150740695302375,18.492077018134296,19.635371253010817
20,1.0,6,0.5455,The winter supply manifest lists lot number,WX52,MV48,1.0693111419677734,2.094602584838867,1.848914623260498,20.311241375107784,21.326370768307243,21.923855701170396
20,1.0,7,0.6364,The meteorological buoy broadcasts on transponder code,LP21,EX22,-0.2010202407836914,-0.09867429733276367,-0.46671533584594727,17.03500300552696,18.383460856042802,20.17994930909481
20,1.0,8,0.7273,The telegraph repeater hut answers to station code,WS72,AJ17,1.2061281204223633,2.39609432220459,2.4000678062438965,17.284338823053986,19.387320346548222,20.243126351269893
20,1.0,9,0.8182,The auxiliary generator was tagged asset number,NC36,NM46,-0.5903873443603516,-0.506690502166748,-0.6030893325805664,20.855590658262372,20.698071227408946,21.025718090939336
20,1.0,10,0.9091,The archive microfilm reel is filed under shelf mark,GD20,CU70,0.4783797264099121,0.9745337963104248,0.2588315010070801,19.19832828314975,18.528970861574635,19.027781195240095
20,1.0,11,1.0,The ice core drilling rig was delivered as unit,KK98,GA99,-1.1255607604980469,-1.3193535804748535,-2.0989627838134766,20.443930749082938,18.729937052819878,20.412453995551914
20,1.25,0,0.0,The eastern pumping station runs on circuit label,ZX29,KE81,-0.973106861114502,-1.3009471893310547,-1.0931153297424316,19.189460118999705,19.41303434211295,19.366711705341004
20,1.25,1,0.0909,The signal lamp housing takes fitting code,DL83,NE92,1.3417725563049316,1.0876083374023438,0.4153275489807129,17.18205444025807,18.746852644893806,20.138260582345538
20,1.25,2,0.1818,The cartography office safe opens with combination,FA62,CQ72,-0.17433643341064453,1.1749753952026367,0.8033828735351562,19.28017157490831,18.547306643100455,19.162069265556056
20,1.25,3,0.2727,The shipment of core samples travelled under consignment code,PC23,AF34,0.037201881408691406,0.4741983413696289,0.4928421974182129,16.84647046099417,16.34768260270357,16.547416089451872
20,1.25,4,0.3636,The lighthouse relief roster follows schedule,EL70,WK61,-0.13457441329956055,1.0120000839233398,0.970428466796875,18.45856089319568,20.03419095207937,20.649897583585698
20,1.25,5,0.4545,The hydrographic chart set reached edition,GG50,DK36,-2.2834081649780273,-0.4952101707458496,-0.41881322860717773,17.150740695302375,18.63559734087903,19.918353738845326
20,1.25,6,0.5455,The winter supply manifest lists lot number,WX52,MV48,1.0693111419677734,2.229763984680176,1.6343188285827637,20.311241375107784,21.240913212066516,22.802581332914997
20,1.25,7,0.6364,The meteorological buoy broadcasts on transponder code,LP21,EX22,-0.2010202407836914,0.5151958465576172,-0.44963932037353516,17.03500300552696,19.15893294918351,20.51861535781063
20,1.25,8,0.7273,The telegraph repeater hut answers to station code,WS72,AJ17,1.2061281204223633,2.8869261741638184,2.5440945625305176,17.284338823053986,20.207516098278575,20.49878810363589
20,1.25,9,0.8182,The auxiliary generator was tagged asset number,NC36,NM46,-0.5903873443603516,-0.3683815002441406,-0.591270923614502,20.855590658262372,20.708162537543103,21.26417912222678
20,1.25,10,0.9091,The archive microfilm reel is filed under shelf mark,GD20,CU70,0.4783797264099121,1.0737206935882568,0.03650474548339844,19.19832828314975,19.58731896011159,19.804321434581652
20,1.25,11,1.0,The ice core drilling rig was delivered as unit,KK98,GA99,-1.1255607604980469,-0.6604256629943848,-1.4634180068969727,20.443930749082938,20.097902855835855,21.875963280443102
20,1.5,0,0.0,The eastern pumping station runs on circuit label,ZX29,KE81,-0.973106861114502,-1.4263439178466797,-1.4690794944763184,19.189460118999705,18.942315332242288,19.45237851398997
20,1.5,1,0.0909,The signal lamp housing takes fitting code,DL83,NE92,1.3417725563049316,1.589395523071289,0.5875911712646484,17.18205444025807,18.75248123286292,19.80707521334989
20,1.5,2,0.1818,The cartography office safe opens with combination,FA62,CQ72,-0.17433643341064453,1.0895848274230957,0.3629012107849121,19.28017157490831,18.760042999871075,18.799347970518284
20,1.5,3,0.2727,The shipment of core samples travelled under consignment code,PC23,AF34,0.037201881408691406,1.078230857849121,0.7001237869262695,16.84647046099417,15.635726429056376,16.49135540856514
20,1.5,4,0.3636,The lighthouse relief roster follows schedule,EL70,WK61,-0.13457441329956055,1.184025764465332,0.8895325660705566,18.45856089319568,19.860166728380136,20.06409190269187
20,1.5,5,0.4545,The hydrographic chart set reached edition,GG50,DK36,-2.2834081649780273,-0.2218184471130371,-0.444058895111084,17.150740695302375,17.67509412241634,19.517004583205562
20,1.5,6,0.5455,The winter supply manifest lists lot number,WX52,MV48,1.0693111419677734,1.9747848510742188,1.5279998779296875,20.311241375107784,21.525794051471166,22.143847775412723
20,1.5,7,0.6364,The meteorological buoy broadcasts on transponder code,LP21,EX22,-0.2010202407836914,0.24403953552246094,-0.3190622329711914,17.03500300552696,19.15267040929757,20.311063656117767
20,1.5,8,0.7273,The telegraph repeater hut answers to station code,WS72,AJ17,1.2061281204223633,2.877685546875,2.427079677581787,17.284338823053986,20.0378221005667,20.01760753680719
20,1.5,9,0.8182,The auxiliary generator was tagged asset number,NC36,NM46,-0.5903873443603516,-0.14097976684570312,-0.5126681327819824,20.855590658262372,20.527601606445387,20.531605827854946
20,1.5,10,0.9091,The archive microfilm reel is filed under shelf mark,GD20,CU70,0.4783797264099121,0.8057527542114258,-0.05766439437866211,19.19832828314975,19.181932790903375,19.662494937423617
20,1.5,11,1.0,The ice core drilling rig was delivered as unit,KK98,GA99,-1.1255607604980469,-0.3946681022644043,-1.3403716087341309,20.443930749082938,19.88584147999063,21.47321698674932
20,2.0,0,0.0,The eastern pumping station runs on circuit label,ZX29,KE81,-0.973106861114502,-1.4904594421386719,-1.285477638244629,19.189460118999705,18.625446545425802,18.306946326047182
20,2.0,1,0.0909,The signal lamp housing takes fitting code,DL83,NE92,1.3417725563049316,2.122849941253662,1.1535472869873047,17.18205444025807,17.571855385322124,17.088892507366836
20,2.0,2,0.1818,The cartography office safe opens with combination,FA62,CQ72,-0.17433643341064453,1.264225959777832,1.2294011116027832,19.28017157490831,18.405390126165003,17.30337015260011
20,2.0,3,0.2727,The shipment of core samples travelled under consignment code,PC23,AF34,0.037201881408691406,2.2336807250976562,0.9116415977478027,16.84647046099417,13.793531102593988,14.759027747437358
20,2.0,4,0.3636,The lighthouse relief roster follows schedule,EL70,WK61,-0.13457441329956055,1.1597466468811035,0.3225278854370117,18.45856089319568,19.711033008992672,19.57977247959934
20,2.0,5,0.4545,The hydrographic chart set reached edition,GG50,DK36,-2.2834081649780273,-0.7833108901977539,-1.1138296127319336,17.150740695302375,17.471713692182675,17.939717091503553
20,2.0,6,0.5455,The winter supply manifest lists lot number,WX52,MV48,1.0693111419677734,1.8408617973327637,1.5607523918151855,20.311241375107784,21.810842419974506,21.990922296012286
20,2.0,7,0.6364,The meteorological buoy broadcasts on transponder code,LP21,EX22,-0.2010202407836914,1.0267553329467773,0.2531318664550781,17.03500300552696,18.997406759066507,20.64976645744173
20,2.0,8,0.7273,The telegraph repeater hut answers to station code,WS72,AJ17,1.2061281204223633,4.624817371368408,3.102105140686035,17.284338823053986,20.855591042898595,20.611570654204115
20,2.0,9,0.8182,The auxiliary generator was tagged asset number,NC36,NM46,-0.5903873443603516,0.006175041198730469,-0.4583754539489746,20.855590658262372,20.285202796570957,20.75557864457369
20,2.0,10,0.9091,The archive microfilm reel is filed under shelf mark,GD20,CU70,0.4783797264099121,0.8709135055541992,-0.44832563400268555,19.19832828314975,20.165608359500766,19.651620359858498
20,2.0,11,1.0,The ice core drilling rig was delivered as unit,KK98,GA99,-1.1255607604980469,0.13759994506835938,-0.8022885322570801,20.443930749082938,20.8053109459579,21.07900792034343
20,3.0,0,0.0,The eastern pumping station runs on circuit label,ZX29,KE81,-0.973106861114502,-0.024233341217041016,-1.5557641983032227,19.189460118999705,18.28491450101137,18.44875424169004
20,3.0,1,0.0909,The signal lamp housing takes fitting code,DL83,NE92,1.3417725563049316,1.5631413459777832,-0.15643835067749023,17.18205444025807,18.010655261576176,19.241259779315442
20,3.0,2,0.1818,The cartography office safe opens with combination,FA62,CQ72,-0.17433643341064453,4.707512855529785,1.1205496788024902,19.28017157490831,18.95326410420239,17.29143301397562
20,3.0,3,0.2727,The shipment of core samples travelled under consignment code,PC23,AF34,0.037201881408691406,5.538985967636108,2.051151752471924,16.84647046099417,13.702615037560463,15.149331842549145
20,3.0,4,0.3636,The lighthouse relief roster follows schedule,EL70,WK61,-0.13457441329956055,2.601742744445801,-0.06380653381347656,18.45856089319568,19.03870105370879,19.21149591030553
20,3.0,5,0.4545,The hydrographic chart set reached edition,GG50,DK36,-2.2834081649780273,0.30364084243774414,-0.3684515953063965,17.150740695302375,16.700127107091248,17.624332034494728
20,3.0,6,0.5455,The winter supply manifest lists lot number,WX52,MV48,1.0693111419677734,5.374639987945557,2.6451025009155273,20.311241375107784,21.67400775384158,21.385844965465367
20,3.0,7,0.6364,The meteorological buoy broadcasts on transponder code,LP21,EX22,-0.2010202407836914,1.9363479614257812,-0.13469457626342773,17.03500300552696,19.01759156677872,19.46392539772205
20,3.0,8,0.7273,The telegraph repeater hut answers to station code,WS72,AJ17,1.2061281204223633,5.164502143859863,2.6685171127319336,17.284338823053986,22.787735435646027,21.9461332304636
20,3.0,9,0.8182,The auxiliary generator was tagged asset number,NC36,NM46,-0.5903873443603516,-0.016106128692626953,-0.6832466125488281,20.855590658262372,20.60364267323166,20.025895739439875
20,3.0,10,0.9091,The archive microfilm reel is filed under shelf mark,GD20,CU70,0.4783797264099121,4.008866310119629,-0.10319852828979492,19.19832828314975,21.260321892797947,20.903920017182827
20,3.0,11,1.0,The ice core drilling rig was delivered as unit,KK98,GA99,-1.1255607604980469,1.782630443572998,1.2685613632202148,20.443930749082938,21.61378549039364,22.308518139645457
21,0.0,0,0.0,Feld's field notebook carries catalogue reference,FP98,PF85,2.1435298919677734,2.1435298919677734,2.1435298919677734,17.685719353845343,17.685719353845343,17.685719353845343
21,0.0,1,0.0909,The northern relay station operates under callsign,PW46,AM72,-2.331851005554199,-2.331851005554199,-2.331851005554199,16.99171601072885,16.99171601072885,16.99171601072885
21,0.0,2,0.1818,Ansel's transit permit was issued as document number,RG70,SN95,-0.09160184860229492,-0.09160184860229492,-0.09160184860229492,16.49367111804895,16.49367111804895,16.49367111804895
21,0.0,3,0.2727,The hydrographic chart set reached edition,SF74,HH30,-1.348787784576416,-1.348787784576416,-1.348787784576416,16.287647956050932,16.287647956050932,16.287647956050932
21,0.0,4,0.3636,The survey team's theodolite bears serial number,SH10,TC66,-1.77329683303833,-1.77329683303833,-1.77329683303833,16.30774518509861,16.30774518509861,16.30774518509861
21,0.0,5,0.4545,The expedition's spare sledge carries equipment tag,AM84,BK16,0.33270931243896484,0.33270931243896484,0.33270931243896484,15.527038138126954,15.527038138126954,15.527038138126954
21,0.0,6,0.5455,The freight siding at Kelder appears on the plan as track,PC28,BP41,-1.4622087478637695,-1.4622087478637695,-1.4622087478637695,16.91670815856196,16.91670815856196,16.91670815856196
21,0.0,7,0.6364,The shipment of core samples travelled under consignment code,HH98,FN18,-0.42665529251098633,-0.42665529251098633,-0.42665529251098633,18.677502505248412,18.677502505248412,18.677502505248412
21,0.0,8,0.7273,The observatory's spare mirror was ordered as part number,BP62,LW28,0.9929022789001465,0.9929022789001465,0.9929022789001465,20.91687502199784,20.91687502199784,20.91687502199784
21,0.0,9,0.8182,The winter quarters roof panel came from batch,LT73,EZ71,1.3408465385437012,1.3408465385437012,1.3408465385437012,19.09788952919189,19.09788952919189,19.09788952919189
21,0.0,10,0.9091,The harbour pilot's licence shows registration code,MA29,WS71,0.8880434036254883,0.8880434036254883,0.8880434036254883,14.760794784408063,14.760794784408063,14.760794784408063
21,0.0,11,1.0,The sealed crate in the annex is marked with inventory tag,AQ30,AG56,-0.7046699523925781,-0.7046699523925781,-0.7046699523925781,13.521479080896825,13.521479080896825,13.521479080896825
21,0.25,0,0.0,Feld's field notebook carries catalogue reference,FP98,PF85,2.1435298919677734,1.8221921920776367,1.9320616722106934,17.685719353845343,17.27046210458502,18.065442166407593
21,0.25,1,0.0909,The northern relay station operates under callsign,PW46,AM72,-2.331851005554199,-2.370281219482422,-2.423461437225342,16.99171601072885,17.176378038944677,16.955061204731464
21,0.25,2,0.1818,Ansel's transit permit was issued as document number,RG70,SN95,-0.09160184860229492,-0.1319432258605957,-0.1165781021118164,16.49367111804895,17.24552399793174,17.543018015334383
21,0.25,3,0.2727,The hydrographic chart set reached edition,SF74,HH30,-1.348787784576416,-0.9340968132019043,-0.8412384986877441,16.287647956050932,17.25982699962333,17.1495664678514
21,0.25,4,0.3636,The survey team's theodolite bears serial number,SH10,TC66,-1.77329683303833,-1.5733089447021484,-1.435699462890625,16.30774518509861,16.747135174344294,16.532365064835176
21,0.25,5,0.4545,The expedition's spare sledge carries equipment tag,AM84,BK16,0.33270931243896484,0.2400827407836914,0.010439872741699219,15.527038138126954,15.64860091265291,15.888904497027397
21,0.25,6,0.5455,The freight siding at Kelder appears on the plan as track,PC28,BP41,-1.4622087478637695,-1.2011032104492188,-1.3791208267211914,16.91670815856196,17.063856820575893,17.642990197055042
21,0.25,7,0.6364,The shipment of core samples travelled under consignment code,HH98,FN18,-0.42665529251098633,-0.357144832611084,-0.4960622787475586,18.677502505248412,19.65277861256618,18.806663393683266
21,0.25,8,0.7273,The observatory's spare mirror was ordered as part number,BP62,LW28,0.9929022789001465,0.6338810920715332,0.733123779296875,20.91687502199784,21.07207536138594,21.638591759372503
21,0.25,9,0.8182,The winter quarters roof panel came from batch,LT73,EZ71,1.3408465385437012,1.5319576263427734,1.698176383972168,19.09788952919189,19.17609322851058,19.401570876303595
21,0.25,10,0.9091,The harbour pilot's licence shows registration code,MA29,WS71,0.8880434036254883,0.919795036315918,0.7450623512268066,14.760794784408063,15.238957069581375,15.056215915828943
21,0.25,11,1.0,The sealed crate in the annex is marked with inventory tag,AQ30,AG56,-0.7046699523925781,-0.757474422454834,-0.7147407531738281,13.521479080896825,13.825869778404012,13.605972492834553
21,0.5,0,0.0,Feld's field notebook carries catalogue reference,FP98,PF85,2.1435298919677734,1.917734146118164,1.798161506652832,17.685719353845343,17.70341633888893,18.053341273218393
21,0.5,1,0.0909,The northern relay station operates under callsign,PW46,AM72,-2.331851005554199,-2.655177593231201,-2.6219348907470703,16.99171601072885,17.0767836793093,17.055357926059514
21,0.5,2,0.1818,Ansel's transit permit was issued as document number,RG70,SN95,-0.09160184860229492,-0.2538290023803711,-0.13434505462646484,16.49367111804895,17.564210292650387,17.44266135408543
21,0.5,3,0.2727,The hydrographic chart set reached edition,SF74,HH30,-1.348787784576416,-0.6126666069030762,-0.46804332733154297,16.287647956050932,17.94620212703012,17.97168771433644
21,0.5,4,0.3636,The survey team's theodolite bears serial number,SH10,TC66,-1.77329683303833,-2.0743675231933594,-1.7314753532409668,16.30774518509861,17.274363195407204,17.314569811045658
21,0.5,5,0.4545,The expedition's spare sledge carries equipment tag,AM84,BK16,0.33270931243896484,0.357330322265625,0.21122407913208008,15.527038138126954,17.439503169851378,16.996559237828478
21,0.5,6,0.5455,The freight siding at Kelder appears on the plan as track,PC28,BP41,-1.4622087478637695,-1.4770865440368652,-1.4104218482971191,16.91670815856196,17.146223192219622,17.115658759488724
21,0.5,7,0.6364,The shipment of core samples travelled under consignment code,HH98,FN18,-0.42665529251098633,-0.43969106674194336,-0.34679174423217773,18.677502505248412,20.066116919741035,19.697101296682376
21,0.5,8,0.7273,The observatory's spare mirror was ordered as part number,BP62,LW28,0.9929022789001465,0.889519214630127,0.5738306045532227,20.91687502199784,22.734186391346157,22.46244231169112
21,0.5,9,0.8182,The winter quarters roof panel came from batch,LT73,EZ71,1.3408465385437012,1.420485019683838,1.5833849906921387,19.09788952919189,19.783188510336913,19.496428883168846
21,0.5,10,0.9091,The harbour pilot's licence shows registration code,MA29,WS71,0.8880434036254883,0.8494443893432617,0.7860584259033203,14.760794784408063,16.883096050703898,16.86469383293297
21,0.5,11,1.0,The sealed crate in the annex is marked with inventory tag,AQ30,AG56,-0.7046699523925781,-0.6877832412719727,-0.6994328498840332,13.521479080896825,14.809247568831779,14.263725032564253
21,0.75,0,0.0,Feld's field notebook carries catalogue reference,FP98,PF85,2.1435298919677734,2.089099884033203,1.9753398895263672,17.685719353845343,18.271269155666232,17.292633160948753
21,0.75,1,0.0909,The northern relay station operates under callsign,PW46,AM72,-2.331851005554199,-2.8837599754333496,-2.3586559295654297,16.99171601072885,16.624693356454372,16.89429417788051
21,0.75,2,0.1818,Ansel's transit permit was issued as document number,RG70,SN95,-0.09160184860229492,-0.2180781364440918,-0.12234878540039062,16.49367111804895,17.369744844094384,17.512538559618406
21,0.75,3,0.2727,The hydrographic chart set reached edition,SF74,HH30,-1.348787784576416,-0.025867938995361328,0.11687946319580078,16.287647956050932,19.13259666506201,18.87950848438777
21,0.75,4,0.3636,The survey team's theodolite bears serial number,SH10,TC66,-1.77329683303833,-2.1238956451416016,-1.7941761016845703,16.30774518509861,17.871477923821658,17.512637754902244
21,0.75,5,0.4545,The expedition's spare sledge carries equipment tag,AM84,BK16,0.33270931243896484,-0.007516384124755859,0.12859869003295898,15.527038138126954,18.888687280006707,17.931516274111345
21,0.75,6,0.5455,The freight siding at Kelder appears on the plan as track,PC28,BP41,-1.4622087478637695,-1.5427885055541992,-1.5456314086914062,16.91670815856196,17.199919459526427,17.614623358356766
21,0.75,7,0.6364,The shipment of core samples travelled under consignment code,HH98,FN18,-0.42665529251098633,-0.4183845520019531,-0.5803184509277344,18.677502505248412,20.41993208025815,20.275545696611516
21,0.75,8,0.7273,The observatory's spare mirror was ordered as part number,BP62,LW28,0.9929022789001465,1.166764259338379,0.6058764457702637,20.91687502199784,23.159919391036965,22.841743254219182
21,0.75,9,0.8182,The winter quarters roof panel came from batch,LT73,EZ71,1.3408465385437012,1.8820748329162598,1.6233344078063965,19.09788952919189,20.666350102983415,19.697830520337448
21,0.75,10,0.9091,The harbour pilot's licence shows registration code,MA29,WS71,0.8880434036254883,0.6744389533996582,0.6569781303405762,14.760794784408063,17.46417194674723,17.738560343394056
21,0.75,11,1.0,The sealed crate in the annex is marked with inventory tag,AQ30,AG56,-0.7046699523925781,-0.5886340141296387,-0.6484184265136719,13.521479080896825,15.197046726476401,14.874523335602134
21,1.0,0,0.0,Feld's field notebook carries catalogue reference,FP98,PF85,2.1435298919677734,1.8636994361877441,1.6965546607971191,17.685719353845343,15.934954477939755,14.728193174116313
21,1.0,1,0.0909,The northern relay station operates under callsign,PW46,AM72,-2.331851005554199,-0.939702033996582,-1.1654248237609863,16.99171601072885,16.106341529171914,15.97711822600104
21,1.0,2,0.1818,Ansel's transit permit was issued as document number,RG70,SN95,-0.09160184860229492,0.19403743743896484,0.25889110565185547,16.49367111804895,16.935331018292345,17.518704063957557
21,1.0,3,0.2727,The hydrographic chart set reached edition,SF74,HH30,-1.348787784576416,0.2672915458679199,-0.3582143783569336,16.287647956050932,19.80940887320321,18.71647332503926
21,1.0,4,0.3636,The survey team's theodolite bears serial number,SH10,TC66,-1.77329683303833,-1.592306137084961,-2.3841772079467773,16.30774518509861,17.600708817364648,16.326581028755754
21,1.0,5,0.4545,The expedition's spare sledge carries equipment tag,AM84,BK16,0.33270931243896484,0.5976028442382812,0.5828967094421387,15.527038138126954,19.85394441941753,18.938850954640657
21,1.0,6,0.5455,The freight siding at Kelder appears on the plan as track,PC28,BP41,-1.4622087478637695,-1.0019564628601074,-0.8239798545837402,16.91670815856196,18.62986561038997,18.80650852539111
21,1.0,7,0.6364,The shipment of core samples travelled under consignment code,HH98,FN18,-0.42665529251098633,0.9254136085510254,1.096987247467041,18.677502505248412,19.21839133807225,18.523654152057134
21,1.0,8,0.7273,The observatory's spare mirror was ordered as part number,BP62,LW28,0.9929022789001465,0.6702065467834473,0.3816714286804199,20.91687502199784,23.367654740111902,22.215950593934394
21,1.0,9,0.8182,The winter quarters roof panel came from batch,LT73,EZ71,1.3408465385437012,2.3506736755371094,2.3533411026000977,19.09788952919189,20.056738968822174,18.99132584373001
21,1.0,10,0.9091,The harbour pilot's licence shows registration code,MA29,WS71,0.8880434036254883,1.9859681129455566,1.1508283615112305,14.760794784408063,17.579289534245618,17.571131408330984
21,1.0,11,1.0,The sealed crate in the annex is marked with inventory tag,AQ30,AG56,-0.7046699523925781,-0.16209173202514648,-0.7105913162231445,13.521479080896825,15.660468175308779,15.175916764419526
21,1.25,0,0.0,Feld's field notebook carries catalogue reference,FP98,PF85,2.1435298919677734,1.8076200485229492,1.8317337036132812,17.685719353845343,15.025925693567842,14.873090370558202
21,1.25,1,0.0909,The northern relay station operates under callsign,PW46,AM72,-2.331851005554199,-0.6196746826171875,-0.8535947799682617,16.99171601072885,15.12629010854289,16.0912094458472
21,1.25,2,0.1818,Ansel's transit permit was issued as document number,RG70,SN95,-0.09160184860229492,0.37265825271606445,0.3153800964355469,16.49367111804895,17.057323096203618,17.819968394585885
21,1.25,3,0.2727,The hydrographic chart set reached edition,SF74,HH30,-1.348787784576416,0.7858891487121582,-0.0517730712890625,16.287647956050932,19.337787964148447,18.95709093962796
21,1.25,4,0.3636,The survey team's theodolite bears serial number,SH10,TC66,-1.77329683303833,-1.4793610572814941,-2.422344207763672,16.30774518509861,16.67248488299083,15.775795953348279
21,1.25,5,0.4545,The expedition's spare sledge carries equipment tag,AM84,BK16,0.33270931243896484,0.7026100158691406,0.4716634750366211,15.527038138126954,19.423752544098534,19.75841825909447
21,1.25,6,0.5455,The freight siding at Kelder appears on the plan as track,PC28,BP41,-1.4622087478637695,-1.0685348510742188,-1.236433506011963,16.91670815856196,19.177367103518918,18.967265766113997
21,1.25,7,0.6364,The shipment of core samples travelled under consignment code,HH98,FN18,-0.42665529251098633,1.0139594078063965,0.9276704788208008,18.677502505248412,19.015281427593436,18.796201998891775
21,1.25,8,0.7273,The observatory's spare mirror was ordered as part number,BP62,LW28,0.9929022789001465,0.5425152778625488,0.42041444778442383,20.91687502199784,23.127186174679082,22.23094068968203
21,1.25,9,0.8182,The winter quarters roof panel came from batch,LT73,EZ71,1.3408465385437012,2.2947921752929688,2.178206443786621,19.09788952919189,18.279057805310003,19.488422938855365
21,1.25,10,0.9091,The harbour pilot's licence shows registration code,MA29,WS71,0.8880434036254883,1.249673843383789,1.315352439880371,14.760794784408063,17.420543635613285,17.367486279690638
21,1.25,11,1.0,The sealed crate in the annex is marked with inventory tag,AQ30,AG56,-0.7046699523925781,-0.6826534271240234,-0.8452396392822266,13.521479080896825,15.242887795902789,15.561621273402125
21,1.5,0,0.0,Feld's field notebook carries catalogue reference,FP98,PF85,2.1435298919677734,1.5887031555175781,1.707597255706787,17.685719353845343,14.605686329305172,14.622279553674161
21,1.5,1,0.0909,The northern relay station operates under callsign,PW46,AM72,-2.331851005554199,-0.6563525199890137,-1.0312981605529785,16.99171601072885,15.21303709037602,15.472863805829547
21,1.5,2,0.1818,Ansel's transit permit was issued as document number,RG70,SN95,-0.09160184860229492,0.24062824249267578,0.19183778762817383,16.49367111804895,16.89293137594359,17.773951185983606
21,1.5,3,0.2727,The hydrographic chart set reached edition,SF74,HH30,-1.348787784576416,0.7621264457702637,-0.3043684959411621,16.287647956050932,19.82541155058425,19.347777907038108
21,1.5,4,0.3636,The survey team's theodolite bears serial number,SH10,TC66,-1.77329683303833,-1.413724422454834,-2.413661479949951,16.30774518509861,16.748276614467613,15.063353870995343
21,1.5,5,0.4545,The expedition's spare sledge carries equipment tag,AM84,BK16,0.33270931243896484,0.7165136337280273,0.2882876396179199,15.527038138126954,19.931506661116146,20.122030230471864
21,1.5,6,0.5455,The freight siding at Kelder appears on the plan as track,PC28,BP41,-1.4622087478637695,-0.6078367233276367,-0.8292512893676758,16.91670815856196,18.14952140545938,18.99400283221621
21,1.5,7,0.6364,The shipment of core samples travelled under consignment code,HH98,FN18,-0.42665529251098633,1.1276206970214844,0.8841867446899414,18.677502505248412,18.460346067906357,18.749165312270634
21,1.5,8,0.7273,The observatory's spare mirror was ordered as part number,BP62,LW28,0.9929022789001465,0.48146533966064453,0.5677533149719238,20.91687502199784,22.968788941332605,22.352375938324258
21,1.5,9,0.8182,The winter quarters roof panel came from batch,LT73,EZ71,1.3408465385437012,2.4386510848999023,2.239637851715088,19.09788952919189,18.469048435101286,18.79684980842285
21,1.5,10,0.9091,The harbour pilot's licence shows registration code,MA29,WS71,0.8880434036254883,1.5692567825317383,1.1078038215637207,14.760794784408063,17.193117171002086,17.675755426753312
21,1.5,11,1.0,The sealed crate in the annex is marked with inventory tag,AQ30,AG56,-0.7046699523925781,-0.6582441329956055,-1.0613384246826172,13.521479080896825,15.4235950242728,15.1574923528824
21,2.0,0,0.0,Feld's field notebook carries catalogue reference,FP98,PF85,2.1435298919677734,1.9332866668701172,2.196408271789551,17.685719353845343,15.780156499706209,13.64792949333787
21,2.0,1,0.0909,The northern relay station operates under callsign,PW46,AM72,-2.331851005554199,-0.4997081756591797,-0.9184403419494629,16.99171601072885,15.337267038412392,14.732512728776783
21,2.0,2,0.1818,Ansel's transit permit was issued as document number,RG70,SN95,-0.09160184860229492,0.2396526336669922,-0.2502121925354004,16.49367111804895,16.46319863665849,18.64701266551856
21,2.0,3,0.2727,The hydrographic chart set reached edition,SF74,HH30,-1.348787784576416,1.0987091064453125,0.08822774887084961,16.287647956050932,20.411212370265275,19.76712255278835
21,2.0,4,0.3636,The survey team's theodolite bears serial number,SH10,TC66,-1.77329683303833,-0.9466357231140137,-1.7105093002319336,16.30774518509861,16.833339514560066,15.867378521477804
21,2.0,5,0.4545,The expedition's spare sledge carries equipment tag,AM84,BK16,0.33270931243896484,1.0157032012939453,0.6521430015563965,15.527038138126954,19.494687121594325,20.451327517512254
21,2.0,6,0.5455,The freight siding at Kelder appears on the plan as track,PC28,BP41,-1.4622087478637695,-0.511009693145752,-1.0099201202392578,16.91670815856196,17.850883734296076,19.50216516968794
21,2.0,7,0.6364,The shipment of core samples travelled under consignment code,HH98,FN18,-0.42665529251098633,1.2792549133300781,1.55424165725708,18.677502505248412,17.416314910689835,18.368343706591986
21,2.0,8,0.7273,The observatory's spare mirror was ordered as part number,BP62,LW28,0.9929022789001465,0.45960474014282227,0.27196645736694336,20.91687502199784,22.191691863525193,20.71126251842361
21,2.0,9,0.8182,The winter quarters roof panel came from batch,LT73,EZ71,1.3408465385437012,2.318775177001953,1.8805670738220215,19.09788952919189,17.00882470945362,18.142509436351247
21,2.0,10,0.9091,The harbour pilot's licence shows registration code,MA29,WS71,0.8880434036254883,1.2523722648620605,0.9943428039550781,14.760794784408063,16.766120488813613,16.906067045172676
21,2.0,11,1.0,The sealed crate in the annex is marked with inventory tag,AQ30,AG56,-0.7046699523925781,-0.6592741012573242,-1.2898178100585938,13.521479080896825,14.200288059189916,14.694791153306141
21,3.0,0,0.0,Feld's field notebook carries catalogue reference,FP98,PF85,2.1435298919677734,3.422652006149292,1.0274181365966797,17.685719353845343,14.753266856074333,15.081037186086178
21,3.0,1,0.0909,The northern relay station operates under callsign,PW46,AM72,-2.331851005554199,-0.2254948616027832,-1.608182430267334,16.99171601072885,13.630123097449541,14.027321620844305
21,3.0,2,0.1818,Ansel's transit permit was issued as document number,RG70,SN95,-0.09160184860229492,0.05748701095581055,-0.36087608337402344,16.49367111804895,16.613326489459723,16.982083175797015
21,3.0,3,0.2727,The hydrographic chart set reached edition,SF74,HH30,-1.348787784576416,2.5087008476257324,0.024413108825683594,16.287647956050932,19.208725444041193,18.967462023720145
21,3.0,4,0.3636,The survey team's theodolite bears serial number,SH10,TC66,-1.77329683303833,-0.008929729461669922,-1.9197359085083008,16.30774518509861,15.781491670757532,16.189290654845536
21,3.0,5,0.4545,The expedition's spare sledge carries equipment tag,AM84,BK16,0.33270931243896484,2.1017093658447266,0.7952737808227539,15.527038138126954,18.225036218762398,19.54672587988898
21,3.0,6,0.5455,The freight siding at Kelder appears on the plan as track,PC28,BP41,-1.4622087478637695,-0.49753570556640625,-1.0428037643432617,16.91670815856196,20.201192098669708,20.8718088157475
21,3.0,7,0.6364,The shipment of core samples travelled under consignment code,HH98,FN18,-0.42665529251098633,1.4346981048583984,1.89072847366333,18.677502505248412,15.499221612233669,16.23306902870536
21,3.0,8,0.7273,The observatory's spare mirror was ordered as part number,BP62,LW28,0.9929022789001465,0.12026453018188477,-0.4124631881713867,20.91687502199784,18.98654192686081,20.837349409470335
21,3.0,9,0.8182,The winter quarters roof panel came from batch,LT73,EZ71,1.3408465385437012,3.6040117740631104,2.0619168281555176,19.09788952919189,17.169449273962528,19.391082395100966
21,3.0,10,0.9091,The harbour pilot's licence shows registration code,MA29,WS71,0.8880434036254883,2.40034818649292,1.4403533935546875,14.760794784408063,15.447159283794463,14.81760932970792
21,3.0,11,1.0,The sealed crate in the annex is marked with inventory tag,AQ30,AG56,-0.7046699523925781,-0.662022590637207,-1.3090996742248535,13.521479080896825,12.987161038443446,14.805208059959114
22,0.0,0,0.0,The signal lamp housing takes fitting code,EH13,DV43,-0.5074443817138672,-0.5074443817138672,-0.5074443817138672,16.943118786322884,16.943118786322884,16.943118786322884
22,0.0,1,0.0909,The auxiliary generator was tagged asset number,MC39,DA33,-0.3345670700073242,-0.3345670700073242,-0.3345670700073242,14.009030172135681,14.009030172135681,14.009030172135681
22,0.0,2,0.1818,The expedition's spare sledge carries equipment tag,JB50,SM91,-2.5345020294189453,-2.5345020294189453,-2.5345020294189453,16.99358980706893,16.99358980706893,16.99358980706893
22,0.0,3,0.2727,The survey team's theodolite bears serial number,VF80,CL22,-0.9925761222839355,-0.9925761222839355,-0.9925761222839355,15.106068026274443,15.106068026274443,15.106068026274443
22,0.0,4,0.3636,The sealed crate in the annex is marked with inventory tag,AU43,FW98,-0.493499755859375,-0.493499755859375,-0.493499755859375,16.935206286492757,16.935206286492757,16.935206286492757
22,0.0,5,0.4545,The winter quarters roof panel came from batch,KP34,VP99,-0.9540891647338867,-0.9540891647338867,-0.9540891647338867,17.604850696166977,17.604850696166977,17.604850696166977
22,0.0,6,0.5455,The salvage tender was registered with hull number,FD84,CG55,0.30101776123046875,0.30101776123046875,0.30101776123046875,17.830724937375635,17.830724937375635,17.830724937375635
22,0.0,7,0.6364,The harbour pilot's licence shows registration code,SZ82,XD37,1.2403335571289062,1.2403335571289062,1.2403335571289062,14.389847626909614,14.389847626909614,14.389847626909614
22,0.0,8,0.7273,The reserve fuel depot is listed at site code,BY51,TJ72,-1.8379969596862793,-1.8379969596862793,-1.8379969596862793,17.465192538918927,17.465192538918927,17.465192538918927
22,0.0,9,0.8182,The customs declaration quotes reference code,VL43,CF12,0.2933197021484375,0.2933197021484375,0.2933197021484375,15.51235566381365,15.51235566381365,15.51235566381365
22,0.0,10,0.9091,The northern relay station operates under callsign,FN49,JD84,0.2723546028137207,0.2723546028137207,0.2723546028137207,18.95397959346883,18.95397959346883,18.95397959346883
22,0.0,11,1.0,The observatory's spare mirror was ordered as part number,WS28,RV36,-0.46326351165771484,-0.46326351165771484,-0.46326351165771484,19.83493153285235,19.83493153285235,19.83493153285235
22,0.25,0,0.0,The signal lamp housing takes fitting code,EH13,DV43,-0.5074443817138672,-0.46239662170410156,-0.45894622802734375,16.943118786322884,17.74231417651754,17.594587199157104
22,0.25,1,0.0909,The auxiliary generator was tagged asset number,MC39,DA33,-0.3345670700073242,-0.33840131759643555,-0.5793709754943848,14.009030172135681,14.069222101126797,15.028975009452552
22,0.25,2,0.1818,The expedition's spare sledge carries equipment tag,JB50,SM91,-2.5345020294189453,-2.5566515922546387,-2.5553736686706543,16.99358980706893,17.41989723034203,17.08626626757905
22,0.25,3,0.2727,The survey team's theodolite bears serial number,VF80,CL22,-0.9925761222839355,-1.0420241355895996,-1.1411819458007812,15.106068026274443,15.250152171123773,15.247127119917423
22,0.25,4,0.3636,The sealed crate in the annex is marked with inventory tag,AU43,FW98,-0.493499755859375,-0.6170239448547363,-0.6933584213256836,16.935206286492757,17.028581725084223,17.257475248654373
22,0.25,5,0.4545,The winter quarters roof panel came from batch,KP34,VP99,-0.9540891647338867,-0.7458302974700928,-0.7497892379760742,17.604850696166977,18.000622623832896,18.473730673547834
22,0.25,6,0.5455,The salvage tender was registered with hull number,FD84,CG55,0.30101776123046875,0.3673567771911621,0.4432210922241211,17.830724937375635,18.091933950781822,18.454416382941417
22,0.25,7,0.6364,The harbour pilot's licence shows registration code,SZ82,XD37,1.2403335571289062,1.2799735069274902,1.3471002578735352,14.389847626909614,14.710068081039935,14.685603076592088
22,0.25,8,0.7273,The reserve fuel depot is listed at site code,BY51,TJ72,-1.8379969596862793,-1.7873196601867676,-1.974595069885254,17.465192538918927,18.050314848602284,17.79600559058599
22,0.25,9,0.8182,The customs declaration quotes reference code,VL43,CF12,0.2933197021484375,0.25679636001586914,0.48968982696533203,15.51235566381365,16.088040381669998,15.78991586016491
22,0.25,10,0.9091,The northern relay station operates under callsign,FN49,JD84,0.2723546028137207,0.37175750732421875,0.6194748878479004,18.95397959346883,19.24565138341859,19.02194251678884
22,0.25,11,1.0,The observatory's spare mirror was ordered as part number,WS28,RV36,-0.46326351165771484,-0.40041399002075195,-0.5380001068115234,19.83493153285235,20.11947616119869,19.665286675095558
22,0.5,0,0.0,The signal lamp housing takes fitting code,EH13,DV43,-0.5074443817138672,-0.40669727325439453,-0.5760073661804199,16.943118786322884,17.811125023290515,17.804996544960886
22,0.5,1,0.0909,The auxiliary generator was tagged asset number,MC39,DA33,-0.3345670700073242,-0.28115367889404297,-0.48921823501586914,14.009030172135681,14.546888119424693,14.594416085630655
22,0.5,2,0.1818,The expedition's spare sledge carries equipment tag,JB50,SM91,-2.5345020294189453,-2.4801535606384277,-2.764955520629883,16.99358980706893,17.294852829538286,17.076444912236184
22,0.5,3,0.2727,The survey team's theodolite bears serial number,VF80,CL22,-0.9925761222839355,-0.5411019325256348,-1.01670503616333,15.106068026274443,15.355957007035613,15.32095863809809
22,0.5,4,0.3636,The sealed crate in the annex is marked with inventory tag,AU43,FW98,-0.493499755859375,-0.7702736854553223,-0.5421462059020996,16.935206286492757,17.09790452476591,17.39803803525865
22,0.5,5,0.4545,The winter quarters roof panel came from batch,KP34,VP99,-0.9540891647338867,-0.9682152271270752,-0.8455595970153809,17.604850696166977,18.597130035981536,18.833372615277767
22,0.5,6,0.5455,The salvage tender was registered with hull number,FD84,CG55,0.30101776123046875,0.498990535736084,0.44081687927246094,17.830724937375635,18.682895656558685,18.91808349499479
22,0.5,7,0.6364,The harbour pilot's licence shows registration code,SZ82,XD37,1.2403335571289062,1.274548053741455,1.0795927047729492,14.389847626909614,15.368677500169724,14.819597465917468
22,0.5,8,0.7273,The reserve fuel depot is listed at site code,BY51,TJ72,-1.8379969596862793,-1.7830090522766113,-1.9455413818359375,17.465192538918927,18.13649853284005,18.152954900986515
22,0.5,9,0.8182,The customs declaration quotes reference code,VL43,CF12,0.2933197021484375,0.45012998580932617,0.46062517166137695,15.51235566381365,16.19211158680264,16.1587583408691
22,0.5,10,0.9091,The northern relay station operates under callsign,FN49,JD84,0.2723546028137207,0.17529869079589844,0.9242134094238281,18.95397959346883,19.31231640931219,18.860690276138484
22,0.5,11,1.0,The observatory's spare mirror was ordered as part number,WS28,RV36,-0.46326351165771484,-0.5376095771789551,-0.5717449188232422,19.83493153285235,20.855965455062687,20.387230457970873
22,0.75,0,0.0,The signal lamp housing takes fitting code,EH13,DV43,-0.5074443817138672,-0.446897029876709,-0.5653038024902344,16.943118786322884,17.619102374534123,17.898572583450004
22,0.75,1,0.0909,The auxiliary generator was tagged asset number,MC39,DA33,-0.3345670700073242,-0.40250301361083984,-0.6765317916870117,14.009030172135681,13.551362337777391,14.377201707335189
22,0.75,2,0.1818,The expedition's spare sledge carries equipment tag,JB50,SM91,-2.5345020294189453,-2.394989013671875,-2.853538990020752,16.99358980706893,17.482614941895008,17.565730867674574
22,0.75,3,0.2727,The survey team's theodolite bears serial number,VF80,CL22,-0.9925761222839355,-0.6097378730773926,-0.9583120346069336,15.106068026274443,15.38450815784745,15.409334957133979
22,0.75,4,0.3636,The sealed crate in the annex is marked with inventory tag,AU43,FW98,-0.493499755859375,-0.3786048889160156,-0.373626708984375,16.935206286492757,17.251833801274188,18.05656979291234
22,0.75,5,0.4545,The winter quarters roof panel came from batch,KP34,VP99,-0.9540891647338867,-1.1270973682403564,-0.7775874137878418,17.604850696166977,18.572367909830064,18.544554588850588
22,0.75,6,0.5455,The salvage tender was registered with hull number,FD84,CG55,0.30101776123046875,0.35301733016967773,0.2581019401550293,17.830724937375635,18.371787931071594,19.056242079706863
22,0.75,7,0.6364,The harbour pilot's licence shows registration code,SZ82,XD37,1.2403335571289062,1.0353713035583496,1.1303162574768066,14.389847626909614,15.659400683827698,15.48018943448551
22,0.75,8,0.7273,The reserve fuel depot is listed at site code,BY51,TJ72,-1.8379969596862793,-1.8866119384765625,-2.1861371994018555,17.465192538918927,18.716163139557466,17.463411937933415
22,0.75,9,0.8182,The customs declaration quotes reference code,VL43,CF12,0.2933197021484375,0.6780986785888672,0.4983186721801758,15.51235566381365,16.29412174585741,16.082738019526005
22,0.75,10,0.9091,The northern relay station operates under callsign,FN49,JD84,0.2723546028137207,0.8136568069458008,1.0308575630187988,18.95397959346883,18.824618495069444,18.55079349502921
22,0.75,11,1.0,The observatory's spare mirror was ordered as part number,WS28,RV36,-0.46326351165771484,-0.6779460906982422,-0.7945222854614258,19.83493153285235,20.059019819367677,20.36804163805209
22,1.0,0,0.0,The signal lamp housing takes fitting code,EH13,DV43,-0.5074443817138672,-0.8281512260437012,-1.208869457244873,16.943118786322884,15.743817580863833,16.1750981034711
22,1.0,1,0.0909,The auxiliary generator was tagged asset number,MC39,DA33,-0.3345670700073242,-0.4570755958557129,-1.3395771980285645,14.009030172135681,13.699004466179758,15.05927771399729
22,1.0,2,0.1818,The expedition's spare sledge carries equipment tag,JB50,SM91,-2.5345020294189453,-1.685767650604248,-2.1241111755371094,16.99358980706893,18.148470091284253,19.416618091752753
22,1.0,3,0.2727,The survey team's theodolite bears serial number,VF80,CL22,-0.9925761222839355,0.0879669189453125,-1.261599063873291,15.106068026274443,17.02546815702226,17.713294477551244
22,1.0,4,0.3636,The sealed crate in the annex is marked with inventory tag,AU43,FW98,-0.493499755859375,-0.2865753173828125,-0.4068927764892578,16.935206286492757,19.54213671537582,19.645707451505587
22,1.0,5,0.4545,The winter quarters roof panel came from batch,KP34,VP99,-0.9540891647338867,-1.4432682991027832,-1.1065421104431152,17.604850696166977,19.38265720801428,20.399920331081375
22,1.0,6,0.5455,The salvage tender was registered with hull number,FD84,CG55,0.30101776123046875,0.9859695434570312,0.4256453514099121,17.830724937375635,18.819820720353164,18.812926937709562
22,1.0,7,0.6364,The harbour pilot's licence shows registration code,SZ82,XD37,1.2403335571289062,1.9568910598754883,1.685396671295166,14.389847626909614,15.557566661154851,15.121872772811912
22,1.0,8,0.7273,The reserve fuel depot is listed at site code,BY51,TJ72,-1.8379969596862793,-0.686098575592041,-0.6837396621704102,17.465192538918927,19.4572820502799,19.865016389871016
22,1.0,9,0.8182,The customs declaration quotes reference code,VL43,CF12,0.2933197021484375,0.4927959442138672,-0.23508119583129883,15.51235566381365,16.475122456322424,16.711980052525178
22,1.0,10,0.9091,The northern relay station operates under callsign,FN49,JD84,0.2723546028137207,-0.6612758636474609,-0.19483184814453125,18.95397959346883,22.59789336065296,22.181586255319417
22,1.0,11,1.0,The observatory's spare mirror was ordered as part number,WS28,RV36,-0.46326351165771484,0.3351120948791504,-0.015933513641357422,19.83493153285235,19.785113485064358,20.72781461244449
22,1.25,0,0.0,The signal lamp housing takes fitting code,EH13,DV43,-0.5074443817138672,-0.3325772285461426,-0.974034309387207,16.943118786322884,16.232297090813518,16.172804560977966
22,1.25,1,0.0909,The auxiliary generator was tagged asset number,MC39,DA33,-0.3345670700073242,-0.2173328399658203,-1.9296603202819824,14.009030172135681,13.350673713022843,14.924359675496817
22,1.25,2,0.1818,The expedition's spare sledge carries equipment tag,JB50,SM91,-2.5345020294189453,-1.138681411743164,-1.9038352966308594,16.99358980706893,18.59669600854977,20.277040797518566
22,1.25,3,0.2727,The survey team's theodolite bears serial number,VF80,CL22,-0.9925761222839355,0.0348210334777832,-1.420407772064209,15.106068026274443,17.644058231671806,18.27728344858042
22,1.25,4,0.3636,The sealed crate in the annex is marked with inventory tag,AU43,FW98,-0.493499755859375,-0.2637290954589844,-0.2652616500854492,16.935206286492757,19.061522074742243,19.31591260083951
22,1.25,5,0.4545,The winter quarters roof panel came from batch,KP34,VP99,-0.9540891647338867,-1.686811923980713,-0.6965184211730957,17.604850696166977,19.472489678417332,19.918752018129453
22,1.25,6,0.5455,The salvage tender was registered with hull number,FD84,CG55,0.30101776123046875,1.1665019989013672,0.6473901271820068,17.830724937375635,18.296660053310916,19.18040014419239
22,1.25,7,0.6364,The harbour pilot's licence shows registration code,SZ82,XD37,1.2403335571289062,2.037916660308838,1.523909568786621,14.389847626909614,15.440596739645116,15.058823479805142
22,1.25,8,0.7273,The reserve fuel depot is listed at site code,BY51,TJ72,-1.8379969596862793,-0.6642475128173828,-0.8655524253845215,17.465192538918927,19.7688272545347,19.48660145443864
22,1.25,9,0.8182,The customs declaration quotes reference code,VL43,CF12,0.2933197021484375,0.4148430824279785,-0.362882137298584,15.51235566381365,16.51027701247949,16.814488222356886
22,1.25,10,0.9091,The northern relay station operates under callsign,FN49,JD84,0.2723546028137207,-0.8958802223205566,-0.0779566764831543,18.95397959346883,22.164888134924695,21.807727188104764
22,1.25,11,1.0,The observatory's spare mirror was ordered as part number,WS28,RV36,-0.46326351165771484,0.2605710029602051,-0.2025775909423828,19.83493153285235,20.864881751593202,20.96102793328464
22,1.5,0,0.0,The signal lamp housing takes fitting code,EH13,DV43,-0.5074443817138672,-0.25203704833984375,-0.9436068534851074,16.943118786322884,16.326734878122807,16.444475018419325
22,1.5,1,0.0909,The auxiliary generator was tagged asset number,MC39,DA33,-0.3345670700073242,-0.4400362968444824,-1.575113296508789,14.009030172135681,12.96594703826122,15.010793288471177
22,1.5,2,0.1818,The expedition's spare sledge carries equipment tag,JB50,SM91,-2.5345020294189453,-0.7762956619262695,-1.4719548225402832,16.99358980706893,17.03656065548421,20.14038371964125
22,1.5,3,0.2727,The survey team's theodolite bears serial number,VF80,CL22,-0.9925761222839355,0.5390167236328125,-1.4215927124023438,15.106068026274443,18.267231489153346,17.923782351135742
22,1.5,4,0.3636,The sealed crate in the annex is marked with inventory tag,AU43,FW98,-0.493499755859375,-0.21898889541625977,-0.3164401054382324,16.935206286492757,18.6643138139043,19.444223147351295
22,1.5,5,0.4545,The winter quarters roof panel came from batch,KP34,VP99,-0.9540891647338867,-1.8814034461975098,-0.6972012519836426,17.604850696166977,19.390144504024647,19.872518177260645
22,1.5,6,0.5455,The salvage tender was registered with hull number,FD84,CG55,0.30101776123046875,1.2649424076080322,0.4842963218688965,17.830724937375635,17.86268004658632,18.358886123402044
22,1.5,7,0.6364,The harbour pilot's licence shows registration code,SZ82,XD37,1.2403335571289062,2.080111026763916,1.3452067375183105,14.389847626909614,14.911816571140662,14.377108237124048
22,1.5,8,0.7273,The reserve fuel depot is listed at site code,BY51,TJ72,-1.8379969596862793,-0.2527780532836914,-1.0075616836547852,17.465192538918927,19.253782054875046,19.34734066121746
22,1.5,9,0.8182,The customs declaration quotes reference code,VL43,CF12,0.2933197021484375,0.49284887313842773,-0.43480825424194336,15.51235566381365,16.454046695085708,18.07813012250699
22,1.5,10,0.9091,The northern relay station operates under callsign,FN49,JD84,0.2723546028137207,-0.9798545837402344,0.11768627166748047,18.95397959346883,22.04728643107228,20.84521907567978
22,1.5,11,1.0,The observatory's spare mirror was ordered as part number,WS28,RV36,-0.46326351165771484,0.16089200973510742,-0.21895980834960938,19.83493153285235,20.672924489481375,20.73893080209382
22,2.0,0,0.0,The signal lamp housing takes fitting code,EH13,DV43,-0.5074443817138672,0.5197553634643555,-1.213127613067627,16.943118786322884,16.60654924530536,15.913253455422819
22,2.0,1,0.0909,The auxiliary generator was tagged asset number,MC39,DA33,-0.3345670700073242,0.2580852508544922,-2.3196864128112793,14.009030172135681,11.850300489692017,15.068513311678544
22,2.0,2,0.1818,The expedition's spare sledge carries equipment tag,JB50,SM91,-2.5345020294189453,-0.4632878303527832,-1.7306103706359863,16.99358980706893,16.170828217058443,19.311307412193855
22,2.0,3,0.2727,The survey team's theodolite bears serial number,VF80,CL22,-0.9925761222839355,1.012648105621338,-1.6086225509643555,15.106068026274443,19.794678892940283,19.385800830612425
22,2.0,4,0.3636,The sealed crate in the annex is marked with inventory tag,AU43,FW98,-0.493499755859375,0.4183211326599121,-0.11063289642333984,16.935206286492757,18.13948353228625,18.72804260114208
22,2.0,5,0.4545,The winter quarters roof panel came from batch,KP34,VP99,-0.9540891647338867,-1.7549843788146973,-0.6005544662475586,17.604850696166977,16.728779745986685,18.495075396087486
22,2.0,6,0.5455,The salvage tender was registered with hull number,FD84,CG55,0.30101776123046875,2.0279738903045654,1.4870717525482178,17.830724937375635,16.910794547060505,18.79427279799711
22,2.0,7,0.6364,The harbour pilot's licence shows registration code,SZ82,XD37,1.2403335571289062,2.303023338317871,1.4550437927246094,14.389847626909614,13.984343857388012,14.02125071559567
22,2.0,8,0.7273,The reserve fuel depot is listed at site code,BY51,TJ72,-1.8379969596862793,-0.04259347915649414,-0.38241052627563477,17.465192538918927,17.922314113820903,20.154384274908807
22,2.0,9,0.8182,The customs declaration quotes reference code,VL43,CF12,0.2933197021484375,0.5587348937988281,-0.9332427978515625,15.51235566381365,16.59414360090159,18.779637496976648
22,2.0,10,0.9091,The northern relay station operates under callsign,FN49,JD84,0.2723546028137207,-0.5934014320373535,4.57763671875e-05,18.95397959346883,20.130174649879336,20.974658977240324
22,2.0,11,1.0,The observatory's spare mirror was ordered as part number,WS28,RV36,-0.46326351165771484,0.21712112426757812,-0.564152717590332,19.83493153285235,20.27832869149279,20.716020173043944
22,3.0,0,0.0,The signal lamp housing takes fitting code,EH13,DV43,-0.5074443817138672,2.3865504264831543,-0.07419443130493164,16.943118786322884,15.407697286456823,17.29287094809115
22,3.0,1,0.0909,The auxiliary generator was tagged asset number,MC39,DA33,-0.3345670700073242,0.46480607986450195,-4.875461101531982,14.009030172135681,11.025450050830841,14.03786388458684
22,3.0,2,0.1818,The expedition's spare sledge carries equipment tag,JB50,SM91,-2.5345020294189453,-0.8167967796325684,-3.0524234771728516,16.99358980706893,14.50048621185124,19.207258334034123
22,3.0,3,0.2727,The survey team's theodolite bears serial number,VF80,CL22,-0.9925761222839355,3.9983537197113037,-1.0387654304504395,15.106068026274443,18.099527127691545,19.011741056572646
22,3.0,4,0.3636,The sealed crate in the annex is marked with inventory tag,AU43,FW98,-0.493499755859375,0.3407282829284668,0.12831783294677734,16.935206286492757,15.625449573621154,15.920424108859152
22,3.0,5,0.4545,The winter quarters roof panel came from batch,KP34,VP99,-0.9540891647338867,-1.1111836433410645,-1.15693998336792,17.604850696166977,16.169415650889277,17.834015173721127
22,3.0,6,0.5455,The salvage tender was registered with hull number,FD84,CG55,0.30101776123046875,0.7322640419006348,0.6558868885040283,17.830724937375635,18.197345447260886,21.23241190763656
22,3.0,7,0.6364,The harbour pilot's licence shows registration code,SZ82,XD37,1.2403335571289062,3.941655158996582,2.8287930488586426,14.389847626909614,13.126624367199838,13.708760376088321
22,3.0,8,0.7273,The reserve fuel depot is listed at site code,BY51,TJ72,-1.8379969596862793,-0.5688543319702148,-1.3706951141357422,17.465192538918927,18.119226202368736,17.811748342588544
22,3.0,9,0.8182,The customs declaration quotes reference code,VL43,CF12,0.2933197021484375,0.5429267883300781,-1.2302746772766113,15.51235566381365,15.44363575708121,18.619847175781615
22,3.0,10,0.9091,The northern relay station operates under callsign,FN49,JD84,0.2723546028137207,-0.512660026550293,0.6794724464416504,18.95397959346883,17.703960105776787,19.88253576005809
22,3.0,11,1.0,The observatory's spare mirror was ordered as part number,WS28,RV36,-0.46326351165771484,1.067345142364502,-0.5638256072998047,19.83493153285235,16.897018933668733,19.25566511368379
23,0.0,0,0.0,The reserve fuel depot is listed at site code,KC12,LX63,1.3067364692687988,1.3067364692687988,1.3067364692687988,16.053471767809242,16.053471767809242,16.053471767809242
23,0.0,1,0.0909,The ice core drilling rig was delivered as unit,UK64,PC98,-2.961721420288086,-2.961721420288086,-2.961721420288086,19.062863026745617,19.062863026745617,19.062863026745617
23,0.0,2,0.1818,The assay laboratory furnace is a model,NS55,TK64,0.35991573333740234,0.35991573333740234,0.35991573333740234,18.995507206534967,18.995507206534967,18.995507206534967
23,0.0,3,0.2727,The expedition's spare sledge carries equipment tag,EZ34,PK81,0.12069940567016602,0.12069940567016602,0.12069940567016602,18.66736280126497,18.66736280126497,18.66736280126497
23,0.0,4,0.3636,The shipment of core samples travelled under consignment code,HV68,VT16,-0.36274147033691406,-0.36274147033691406,-0.36274147033691406,18.807343295193277,18.807343295193277,18.807343295193277
23,0.0,5,0.4545,The botanical specimen case holds accession number,AD20,KD13,0.9471869468688965,0.9471869468688965,0.9471869468688965,21.00724490941502,21.00724490941502,21.00724490941502
23,0.0,6,0.5455,The hydrographic chart set reached edition,AS90,WE52,4.038603782653809,4.038603782653809,4.038603782653809,19.86786647629924,19.86786647629924,19.86786647629924
23,0.0,7,0.6364,The medical supply locker was closed with seal number,BG14,TZ65,1.7292227745056152,1.7292227745056152,1.7292227745056152,16.664964163443074,16.664964163443074,16.664964163443074
23,0.0,8,0.7273,The quartermaster's tally sheet uses form number,UM94,HF94,-0.9563999176025391,-0.9563999176025391,-0.9563999176025391,17.94418130791746,17.94418130791746,17.94418130791746
23,0.0,9,0.8182,The archive microfilm reel is filed under shelf mark,MU46,CL81,-1.2899832725524902,-1.2899832725524902,-1.2899832725524902,19.501757333171554,19.501757333171554,19.501757333171554
23,0.0,10,0.9091,The border checkpoint ledger opens at entry code,XL83,HT70,-0.5171627998352051,-0.5171627998352051,-0.5171627998352051,19.604929342633113,19.604929342633113,19.604929342633113
23,0.0,11,1.0,The radio operator's logbook continues in volume,CR32,AL58,1.926285743713379,1.926285743713379,1.926285743713379,19.19534472282976,19.19534472282976,19.19534472282976
23,0.25,0,0.0,The reserve fuel depot is listed at site code,KC12,LX63,1.3067364692687988,1.3650221824645996,1.361072063446045,16.053471767809242,15.525698952376842,15.633659694343805
23,0.25,1,0.0909,The ice core drilling rig was delivered as unit,UK64,PC98,-2.961721420288086,-2.9756250381469727,-2.854093074798584,19.062863026745617,19.02294323523529,19.00799359101802
23,0.25,2,0.1818,The assay laboratory furnace is a model,NS55,TK64,0.35991573333740234,0.0006532669067382812,0.18373489379882812,18.995507206534967,19.04746334673837,19.66442687646486
23,0.25,3,0.2727,The expedition's spare sledge carries equipment tag,EZ34,PK81,0.12069940567016602,-0.13830232620239258,-0.13392305374145508,18.66736280126497,18.62442833231762,18.20216128602624
23,0.25,4,0.3636,The shipment of core samples travelled under consignment code,HV68,VT16,-0.36274147033691406,-0.2633843421936035,-0.2586846351623535,18.807343295193277,18.45793710614089,18.299698850605637
23,0.25,5,0.4545,The botanical specimen case holds accession number,AD20,KD13,0.9471869468688965,0.6653547286987305,0.7695798873901367,21.00724490941502,20.703592092730105,20.756004358641803
23,0.25,6,0.5455,The hydrographic chart set reached edition,AS90,WE52,4.038603782653809,4.109127521514893,4.224999904632568,19.86786647629924,19.80817363911774,19.225026091444306
23,0.25,7,0.6364,The medical supply locker was closed with seal number,BG14,TZ65,1.7292227745056152,1.6320858001708984,1.6677756309509277,16.664964163443074,16.668013115180656,16.73943382850848
23,0.25,8,0.7273,The quartermaster's tally sheet uses form number,UM94,HF94,-0.9563999176025391,-1.0718393325805664,-1.2706356048583984,17.94418130791746,18.802007019519806,18.137882576556876
23,0.25,9,0.8182,The archive microfilm reel is filed under shelf mark,MU46,CL81,-1.2899832725524902,-1.5109705924987793,-1.3513741493225098,19.501757333171554,19.71006355958525,19.931103152921423
23,0.25,10,0.9091,The border checkpoint ledger opens at entry code,XL83,HT70,-0.5171627998352051,-0.3738231658935547,-0.4222550392150879,19.604929342633113,20.712909426307306,19.91481944313273
23,0.25,11,1.0,The radio operator's logbook continues in volume,CR32,AL58,1.926285743713379,1.8741767406463623,1.7808938026428223,19.19534472282976,19.488561446778476,19.755166504299268
23,0.5,0,0.0,The reserve fuel depot is listed at site code,KC12,LX63,1.3067364692687988,1.487321376800537,1.248326301574707,16.053471767809242,16.610053971409798,15.723093347391114
23,0.5,1,0.0909,The ice core drilling rig was delivered as unit,UK64,PC98,-2.961721420288086,-3.3410425186157227,-3.1628170013427734,19.062863026745617,19.127878425642848,18.80046482756734
23,0.5,2,0.1818,The assay laboratory furnace is a model,NS55,TK64,0.35991573333740234,-0.05817747116088867,-0.051033973693847656,18.995507206534967,19.25770623795688,18.8597733580973
23,0.5,3,0.2727,The expedition's spare sledge carries equipment tag,EZ34,PK81,0.12069940567016602,-0.022967100143432617,-0.4648313522338867,18.66736280126497,19.2013823739253,18.724605267401785
23,0.5,4,0.3636,The shipment of core samples travelled under consignment code,HV68,VT16,-0.36274147033691406,-0.20805883407592773,-0.20475196838378906,18.807343295193277,18.964408729341812,18.261404070071876
23,0.5,5,0.4545,The botanical specimen case holds accession number,AD20,KD13,0.9471869468688965,0.1676802635192871,0.5959887504577637,21.00724490941502,20.664090540725738,20.63144142064266
23,0.5,6,0.5455,The hydrographic chart set reached edition,AS90,WE52,4.038603782653809,4.157773971557617,4.119493007659912,19.86786647629924,20.084863054100424,19.87209719605744
23,0.5,7,0.6364,The medical supply locker was closed with seal number,BG14,TZ65,1.7292227745056152,1.6904911994934082,1.4220333099365234,16.664964163443074,17.404175891540945,17.17840952426195
23,0.5,8,0.7273,The quartermaster's tally sheet uses form number,UM94,HF94,-0.9563999176025391,-1.219740867614746,-0.8668150901794434,17.94418130791746,18.359405292896554,18.002938204677776
23,0.5,9,0.8182,The archive microfilm reel is filed under shelf mark,MU46,CL81,-1.2899832725524902,-1.7818727493286133,-1.4914603233337402,19.501757333171554,19.890572139061987,19.661274841288105
23,0.5,10,0.9091,The border checkpoint ledger opens at entry code,XL83,HT70,-0.5171627998352051,-0.24719524383544922,-0.520777702331543,19.604929342633113,21.195547187700868,20.135343072470278
23,0.5,11,1.0,The radio operator's logbook continues in volume,CR32,AL58,1.926285743713379,1.8630542755126953,1.7079613208770752,19.19534472282976,19.546735486947,18.97320557711646
23,0.75,0,0.0,The reserve fuel depot is listed at site code,KC12,LX63,1.3067364692687988,1.4361796379089355,1.4167590141296387,16.053471767809242,16.940704246982932,16.18749943515286
23,0.75,1,0.0909,The ice core drilling rig was delivered as unit,UK64,PC98,-2.961721420288086,-3.2203545570373535,-3.147007465362549,19.062863026745617,18.996723408345133,17.975121363531798
23,0.75,2,0.1818,The assay laboratory furnace is a model,NS55,TK64,0.35991573333740234,0.0644826889038086,-0.26206207275390625,18.995507206534967,18.526881431462243,18.773134193383157
23,0.75,3,0.2727,The expedition's spare sledge carries equipment tag,EZ34,PK81,0.12069940567016602,0.1669149398803711,-0.6180624961853027,18.66736280126497,18.380978108383715,18.30368709238246
23,0.75,4,0.3636,The shipment of core samples travelled under consignment code,HV68,VT16,-0.36274147033691406,-0.13576316833496094,-0.16178417205810547,18.807343295193277,18.144259263994172,18.056098367087543
23,0.75,5,0.4545,The botanical specimen case holds accession number,AD20,KD13,0.9471869468688965,-0.18944311141967773,0.39722108840942383,21.00724490941502,20.04349474515766,20.194738988298923
23,0.75,6,0.5455,The hydrographic chart set reached edition,AS90,WE52,4.038603782653809,3.9986891746520996,3.943169593811035,19.86786647629924,19.898861281573772,19.597553323488683
23,0.75,7,0.6364,The medical supply locker was closed with seal number,BG14,TZ65,1.7292227745056152,1.696488857269287,1.5963263511657715,16.664964163443074,17.485983684891835,16.746894328389317
23,0.75,8,0.7273,The quartermaster's tally sheet uses form number,UM94,HF94,-0.9563999176025391,-1.138796329498291,-0.8845925331115723,17.94418130791746,19.432915495708585,17.86887653847225
23,0.75,9,0.8182,The archive microfilm reel is filed under shelf mark,MU46,CL81,-1.2899832725524902,-1.6764097213745117,-1.5288400650024414,19.501757333171554,20.089233226841316,19.45839451730717
23,0.75,10,0.9091,The border checkpoint ledger opens at entry code,XL83,HT70,-0.5171627998352051,-0.5238542556762695,-0.7291221618652344,19.604929342633113,20.41435491689481,19.604009819682688
23,0.75,11,1.0,The radio operator's logbook continues in volume,CR32,AL58,1.926285743713379,1.9268341064453125,1.4687542915344238,19.19534472282976,18.96623599715531,19.228603600990027
23,1.0,0,0.0,The reserve fuel depot is listed at site code,KC12,LX63,1.3067364692687988,1.359278678894043,1.6653614044189453,16.053471767809242,18.40883293817751,17.215634888969362
23,1.0,1,0.0909,The ice core drilling rig was delivered as unit,UK64,PC98,-2.961721420288086,-1.9787230491638184,-3.1850967407226562,19.062863026745617,18.26597966812551,19.49132151156664
23,1.0,2,0.1818,The assay laboratory furnace is a model,NS55,TK64,0.35991573333740234,-0.6617326736450195,-0.7791280746459961,18.995507206534967,20.705722927232273,20.30569839873351
23,1.0,3,0.2727,The expedition's spare sledge carries equipment tag,EZ34,PK81,0.12069940567016602,-0.38773202896118164,-1.54160737991333,18.66736280126497,20.157733030151576,20.630876737181097
23,1.0,4,0.3636,The shipment of core samples travelled under consignment code,HV68,VT16,-0.36274147033691406,-0.8576717376708984,-0.7810525894165039,18.807343295193277,18.467027545440942,19.448107428848743
23,1.0,5,0.4545,The botanical specimen case holds accession number,AD20,KD13,0.9471869468688965,0.8548340797424316,1.5679168701171875,21.00724490941502,20.68394406652078,21.78800244256854
23,1.0,6,0.5455,The hydrographic chart set reached edition,AS90,WE52,4.038603782653809,4.553009510040283,3.311908721923828,19.86786647629924,18.83683777821716,18.96020633378066
23,1.0,7,0.6364,The medical supply locker was closed with seal number,BG14,TZ65,1.7292227745056152,1.5875368118286133,1.6545186042785645,16.664964163443074,18.617146444506943,18.404507217928767
23,1.0,8,0.7273,The quartermaster's tally sheet uses form number,UM94,HF94,-0.9563999176025391,0.4569525718688965,0.04837942123413086,17.94418130791746,18.488250229274854,19.141724914195947
23,1.0,9,0.8182,The archive microfilm reel is filed under shelf mark,MU46,CL81,-1.2899832725524902,0.49600791931152344,-0.1559748649597168,19.501757333171554,19.281873194966465,19.371071325382218
23,1.0,10,0.9091,The border checkpoint ledger opens at entry code,XL83,HT70,-0.5171627998352051,-0.7192840576171875,-1.026474952697754,19.604929342633113,19.904471160145476,19.53646754764486
23,1.0,11,1.0,The radio operator's logbook continues in volume,CR32,AL58,1.926285743713379,1.417635202407837,0.4022984504699707,19.19534472282976,19.077020939905196,18.409306187648326
23,1.25,0,0.0,The reserve fuel depot is listed at site code,KC12,LX63,1.3067364692687988,1.2711141109466553,1.7773032188415527,16.053471767809242,18.818576388061047,17.238240021048114
23,1.25,1,0.0909,The ice core drilling rig was delivered as unit,UK64,PC98,-2.961721420288086,-1.54396390914917,-2.9560999870300293,19.062863026745617,17.632295980583876,20.00918956263922
23,1.25,2,0.1818,The assay laboratory furnace is a model,NS55,TK64,0.35991573333740234,-0.5288968086242676,-0.6414813995361328,18.995507206534967,19.99047102406621,20.28920370445121
23,1.25,3,0.2727,The expedition's spare sledge carries equipment tag,EZ34,PK81,0.12069940567016602,-0.7008302211761475,-1.9476590156555176,18.66736280126497,20.074002342531458,21.094430362572894
23,1.25,4,0.3636,The shipment of core samples travelled under consignment code,HV68,VT16,-0.36274147033691406,-0.6385726928710938,-0.5538363456726074,18.807343295193277,17.935134327039123,19.739754819544032
23,1.25,5,0.4545,The botanical specimen case holds accession number,AD20,KD13,0.9471869468688965,0.7961001396179199,1.369767189025879,21.00724490941502,21.334349136333913,23.364556379499845
23,1.25,6,0.5455,The hydrographic chart set reached edition,AS90,WE52,4.038603782653809,5.033283710479736,3.6297168731689453,19.86786647629924,19.309625201567542,19.52224514936097
23,1.25,7,0.6364,The medical supply locker was closed with seal number,BG14,TZ65,1.7292227745056152,1.4344711303710938,1.739715576171875,16.664964163443074,18.770725361420773,18.235431306879036
23,1.25,8,0.7273,The quartermaster's tally sheet uses form number,UM94,HF94,-0.9563999176025391,0.6826272010803223,-0.06362438201904297,17.94418130791746,18.167913349578157,18.423754377523437
23,1.25,9,0.8182,The archive microfilm reel is filed under shelf mark,MU46,CL81,-1.2899832725524902,0.8048548698425293,-0.13957643508911133,19.501757333171554,19.207486539846286,19.326897194609046
23,1.25,10,0.9091,The border checkpoint ledger opens at entry code,XL83,HT70,-0.5171627998352051,-0.6953654289245605,-0.893953800201416,19.604929342633113,19.69056503032334,19.50122873415239
23,1.25,11,1.0,The radio operator's logbook continues in volume,CR32,AL58,1.926285743713379,1.4198477268218994,0.5668118000030518,19.19534472282976,19.317179890349507,19.294139961712062
23,1.5,0,0.0,The reserve fuel depot is listed at site code,KC12,LX63,1.3067364692687988,1.442955493927002,1.6068394184112549,16.053471767809242,17.85079291067086,16.90467102290131
23,1.5,1,0.0909,The ice core drilling rig was delivered as unit,UK64,PC98,-2.961721420288086,-1.566042423248291,-2.590085983276367,19.062863026745617,17.608733438886702,19.298408082919195
23,1.5,2,0.1818,The assay laboratory furnace is a model,NS55,TK64,0.35991573333740234,-0.3360261917114258,-0.48072242736816406,18.995507206534967,19.75155007909052,20.38014442345593
23,1.5,3,0.2727,The expedition's spare sledge carries equipment tag,EZ34,PK81,0.12069940567016602,-0.6420383453369141,-1.9613099098205566,18.66736280126497,19.21119217481464,21.049726251279935
23,1.5,4,0.3636,The shipment of core samples travelled under consignment code,HV68,VT16,-0.36274147033691406,-0.5991592407226562,-0.6119728088378906,18.807343295193277,17.994581025792286,19.21522775257472
23,1.5,5,0.4545,The botanical specimen case holds accession number,AD20,KD13,0.9471869468688965,0.9344792366027832,1.1614842414855957,21.00724490941502,21.764811322791502,23.34215802908875
23,1.5,6,0.5455,The hydrographic chart set reached edition,AS90,WE52,4.038603782653809,4.903042316436768,3.3729238510131836,19.86786647629924,19.69487657060381,19.602308348636143
23,1.5,7,0.6364,The medical supply locker was closed with seal number,BG14,TZ65,1.7292227745056152,1.3839631080627441,1.6552700996398926,16.664964163443074,18.839411172200926,18.529349839896895
23,1.5,8,0.7273,The quartermaster's tally sheet uses form number,UM94,HF94,-0.9563999176025391,0.9121341705322266,-0.020077228546142578,17.94418130791746,18.336301027797163,18.6835357764503
23,1.5,9,0.8182,The archive microfilm reel is filed under shelf mark,MU46,CL81,-1.2899832725524902,0.7198200225830078,0.17566156387329102,19.501757333171554,19.758908579242416,19.705809806007892
23,1.5,10,0.9091,The border checkpoint ledger opens at entry code,XL83,HT70,-0.5171627998352051,-0.711855411529541,-0.9896731376647949,19.604929342633113,19.360557853942737,19.55215016088914
23,1.5,11,1.0,The radio operator's logbook continues in volume,CR32,AL58,1.926285743713379,1.287156105041504,0.3011331558227539,19.19534472282976,19.147339201066643,19.548582773888484
23,2.0,0,0.0,The reserve fuel depot is listed at site code,KC12,LX63,1.3067364692687988,1.467207908630371,2.0638113021850586,16.053471767809242,16.54150349739939,16.4700815519318
23,2.0,1,0.0909,The ice core drilling rig was delivered as unit,UK64,PC98,-2.961721420288086,-1.6683940887451172,-3.147643566131592,19.062863026745617,16.617733004968613,18.85848533420358
23,2.0,2,0.1818,The assay laboratory furnace is a model,NS55,TK64,0.35991573333740234,-0.05348062515258789,-0.650611400604248,18.995507206534967,18.08259843767155,19.760901685571298
23,2.0,3,0.2727,The expedition's spare sledge carries equipment tag,EZ34,PK81,0.12069940567016602,-1.113813877105713,-2.6013612747192383,18.66736280126497,18.272886532358825,20.079706127755344
23,2.0,4,0.3636,The shipment of core samples travelled under consignment code,HV68,VT16,-0.36274147033691406,-0.4367961883544922,-0.5511322021484375,18.807343295193277,17.96533716004342,19.118292182218283
23,2.0,5,0.4545,The botanical specimen case holds accession number,AD20,KD13,0.9471869468688965,1.07206392288208,0.5838828086853027,21.00724490941502,21.820529067656025,24.08306539163459
23,2.0,6,0.5455,The hydrographic chart set reached edition,AS90,WE52,4.038603782653809,4.908070087432861,3.804042339324951,19.86786647629924,18.67559983523097,18.656909372890368
23,2.0,7,0.6364,The medical supply locker was closed with seal number,BG14,TZ65,1.7292227745056152,1.3525362014770508,1.415799617767334,16.664964163443074,19.52598022937309,19.04512917448301
23,2.0,8,0.7273,The quartermaster's tally sheet uses form number,UM94,HF94,-0.9563999176025391,1.5772557258605957,0.16549444198608398,17.94418130791746,17.544598963228054,17.709203665726818
23,2.0,9,0.8182,The archive microfilm reel is filed under shelf mark,MU46,CL81,-1.2899832725524902,0.8257951736450195,0.5398297309875488,19.501757333171554,19.244845739216544,19.96581435808912
23,2.0,10,0.9091,The border checkpoint ledger opens at entry code,XL83,HT70,-0.5171627998352051,-0.11113405227661133,-0.6270785331726074,19.604929342633113,18.558868646272458,18.955696432036348
23,2.0,11,1.0,The radio operator's logbook continues in volume,CR32,AL58,1.926285743713379,1.0854520797729492,0.25566720962524414,19.19534472282976,18.702518890611827,18.480619938578457
23,3.0,0,0.0,The reserve fuel depot is listed at site code,KC12,LX63,1.3067364692687988,4.673339605331421,3.3058903217315674,16.053471767809242,14.305278282612562,14.90954565629363
23,3.0,1,0.0909,The ice core drilling rig was delivered as unit,UK64,PC98,-2.961721420288086,-1.1779584884643555,-4.931969881057739,19.062863026745617,16.156698815524578,18.846656950190663
23,3.0,2,0.1818,The assay laboratory furnace is a model,NS55,TK64,0.35991573333740234,0.8374252319335938,-1.3476810455322266,18.995507206534967,19.50040080305189,19.78670240053907
23,3.0,3,0.2727,The expedition's spare sledge carries equipment tag,EZ34,PK81,0.12069940567016602,-0.27386474609375,-3.5150094032287598,18.66736280126497,18.953466217964888,19.216756720095873
23,3.0,4,0.3636,The shipment of core samples travelled under consignment code,HV68,VT16,-0.36274147033691406,-1.9587202072143555,-1.3763198852539062,18.807343295193277,17.370557163842022,18.139198801480234
23,3.0,5,0.4545,The botanical specimen case holds accession number,AD20,KD13,0.9471869468688965,1.1897706985473633,0.9280352592468262,21.00724490941502,17.897958648391068,19.848292188718915
23,3.0,6,0.5455,The hydrographic chart set reached edition,AS90,WE52,4.038603782653809,6.110540390014648,3.7293124198913574,19.86786647629924,16.036887525580823,17.179601938463748
23,3.0,7,0.6364,The medical supply locker was closed with seal number,BG14,TZ65,1.7292227745056152,2.4520692825317383,1.1136813163757324,16.664964163443074,17.388868825044483,17.864478092174977
23,3.0,8,0.7273,The quartermaster's tally sheet uses form number,UM94,HF94,-0.9563999176025391,3.0231828689575195,0.25193166732788086,17.94418130791746,14.32546169590205,16.350802361499518
23,3.0,9,0.8182,The archive microfilm reel is filed under shelf mark,MU46,CL81,-1.2899832725524902,1.330289363861084,0.8330888748168945,19.501757333171554,16.307517626322806,17.40313513018191
23,3.0,10,0.9091,The border checkpoint ledger opens at entry code,XL83,HT70,-0.5171627998352051,2.6727685928344727,-0.11617374420166016,19.604929342633113,16.542370935902,16.074330700561404
23,3.0,11,1.0,The radio operator's logbook continues in volume,CR32,AL58,1.926285743713379,2.4211010932922363,0.03009653091430664,19.19534472282976,16.57193173468113,16.210466288030148
