seed,condition,facts,item,depth,ntok,logprob_per_token
0,cold,A,0,0.773,17,-2.03761454582769
0,cold,A,1,0.2078,17,-3.5444554267999004
0,cold,A,2,0.8144,39,-2.800840691115576
0,cold,A,3,0.9518,28,-2.5911131707772648
0,cold,A,4,0.556,20,-1.5555242754053324
0,cold,A,5,0.172,15,-2.332331558999916
0,cold,A,6,0.1425,15,-3.118348193836088
0,cold,A,7,0.3159,23,-2.925986484523215
0,cold,A,8,0.0071,18,-0.01718184453885543
0,cold,A,9,0.3213,33,-3.303558575176408
0,cold,A,10,0.3132,40,-1.8859721708737198
0,cold,A,11,0.8285,33,-2.0715105910763447
0,cold,A,12,0.0919,13,-1.2145754606821215
0,cold,A,13,0.6555,38,-2.006149038813371
0,cold,A,14,0.653,26,-1.4697769596308576
0,cold,A,15,0.2536,11,-1.1783402295444498
0,cold,A,16,0.5547,16,-2.3276988101329152
0,cold,A,17,0.639,29,-2.5275566850394107
0,cold,A,18,0.1024,24,-2.8235145203458765
0,cold,A,19,0.0189,26,-1.9483192972435903
0,cold,A,20,0.6459,20,-2.454023975068412
0,cold,A,21,0.5616,15,-0.07311533146227399
0,cold,A,22,0.965,26,-0.5812288758300453
0,cold,A,23,0.0585,24,-3.0269724657215797
0,cold,A,24,0.1171,20,-1.3928203122231935
0,cold,A,25,0.7381,21,-1.8095039604339123
0,cold,A,26,0.086,19,-2.5883265202865005
0,cold,A,27,0.0809,17,-0.5436685466950567
0,cold,A,28,0.0647,66,-2.538820744754379
0,cold,A,29,0.8555,31,-2.1464005699080806
0,cold,A,30,0.5052,15,-0.6584189304616302
0,cold,A,31,0.6714,24,-2.65827343823427
0,cold,A,32,0.3195,22,-3.7074947147206827
0,cold,A,33,0.5744,28,-2.719818220731603
0,cold,A,34,0.6053,48,-2.2394133918314765
0,cold,A,35,0.5157,32,-1.2983903886597545
0,cold,A,36,0.5244,32,-1.155273953386768
0,cold,A,37,0.8359,20,-1.7694566726568155
0,cold,A,38,0.6791,16,-2.007512746960856
0,cold,A,39,0.445,18,-4.192661816254258
0,cold,A,40,0.768,18,-1.6222193512237735
0,cold,A,41,0.0026,22,-2.2905084118617443
0,cold,A,42,0.6666,16,-2.162077803746797
0,cold,A,43,0.8197,29,-2.1650221680716517
0,cold,A,44,0.1403,30,-1.117776505929578
0,cold,A,45,0.936,29,-0.8390518497912879
0,cold,A,46,0.0717,48,-3.7592768874346802
0,cold,A,47,0.0438,19,-1.5321970315356004
0,cold,A,48,0.6093,18,-1.118704682399362
0,cold,A,49,0.3586,31,-2.7902628245252754
0,cold,A,50,0.2098,33,-1.6907737127939155
0,cold,A,51,0.0993,15,-3.127910679082076
0,cold,A,52,0.6003,32,-1.0760183367630134
0,cold,A,53,0.9584,16,-2.2353238396244706
0,cold,A,54,0.7749,32,-3.462704364443198
0,cold,A,55,0.4905,35,-2.612700010903479
0,cold,A,56,0.2473,22,-1.4643764409490607
0,cold,A,57,0.4995,33,-3.0613046083881548
0,cold,A,58,0.577,16,-3.0652912019286305
0,cold,A,59,0.2452,23,-1.8187356110100392
0,cold,A,60,0.2966,43,-1.9961297878410753
0,cold,A,61,0.9958,15,-2.5237448359529178
0,cold,A,62,0.1761,23,-3.1781164679838265
0,cold,A,63,0.4477,16,-3.0080451297108084
0,cold,A,64,0.1646,21,-2.021177036632296
0,cold,A,65,0.7436,44,-1.9023014086117407
0,cold,A,66,0.3921,27,-2.2460493352954036
0,cold,A,67,0.9769,22,-2.5940171867906345
0,cold,A,68,0.3888,37,-3.159702340090597
0,cold,A,69,0.1799,20,-2.613043497444596
0,cold,A,70,0.7001,15,-1.677547130844323
0,cold,A,71,0.6582,31,-1.101485996599114
0,cold,A,72,0.8413,22,-1.851446292648854
0,cold,A,73,0.344,24,-2.0299743238526085
0,cold,A,74,0.7469,45,-2.176349801545722
0,cold,A,75,0.7303,26,-0.08022239963520406
0,cold,A,76,0.1782,18,-0.5442713239624735
0,cold,A,77,0.702,18,-2.200442263390869
0,cold,A,78,0.5409,29,-2.8483933363449037
0,cold,A,79,0.9834,30,-1.8761678645697732
0,cold,A,80,0.7947,39,-1.9689688832634904
0,cold,A,81,0.407,18,-1.1891833912466407
0,cold,A,82,0.7191,29,-1.3206120624942335
0,cold,A,83,0.3179,22,-2.1568881445987658
0,cold,A,84,0.0,34,-1.481697687312536
0,cold,A,85,0.9924,49,-2.217838837300387
0,cold,A,86,0.4594,32,-1.2472325098514148
0,cold,A,87,0.2732,15,-2.16799760038654
0,cold,A,88,0.9188,20,-2.812780985608697
0,cold,A,89,0.6345,21,-2.6875187521135167
0,cold,A,90,0.8174,25,-1.911216166689992
0,cold,A,91,0.1968,18,-2.1347783751682274
0,cold,A,92,0.8806,39,-2.8198394143643477
0,cold,A,93,0.1704,16,-2.0703848898410797
0,cold,A,94,0.4492,31,-3.8297362776788613
0,cold,A,95,0.3757,181,-2.4521511504569227
0,cold,A,96,0.8829,31,-1.9784584929422577
0,cold,A,97,0.704,33,-2.3354437509551644
0,cold,A,98,0.8042,21,-2.8020648757616677
0,cold,A,99,0.3568,14,-0.8438758489470014
0,cold,A,100,0.3981,89,-2.2467074676486223
0,cold,A,101,0.5711,19,-1.5518576792490326
0,cold,A,102,0.2236,25,-2.57301612354815
0,cold,A,103,0.3076,40,-1.3822229555524246
0,cold,A,104,0.9151,20,-2.122308252193034
0,cold,A,105,0.5317,19,-2.7246235867864206
0,cold,A,106,0.0935,31,-2.569879246428759
0,cold,A,107,0.9386,29,-2.3113796404073144
0,cold,A,108,0.8395,19,-3.162922584304684
0,cold,A,109,0.5381,15,-5.328186987837156
0,cold,A,110,0.7327,24,-3.1986883142575
0,cold,A,111,0.544,31,-0.7246782845261717
0,cold,A,112,0.6863,49,-2.6988213432677166
0,cold,A,113,0.932,16,-3.2395290471613407
0,cold,A,114,0.8702,27,-2.130556979940997
0,cold,A,115,0.2682,33,-2.7004881753766146
0,cold,A,116,0.3532,43,-1.7565223685317526
0,cold,A,117,0.1613,53,-2.4475547594387157
0,cold,A,118,0.3297,32,-3.711989229224855
0,cold,A,119,0.4038,36,-2.743778886108986
0,cold,A,120,0.7875,41,-2.4551177323900912
0,cold,A,121,0.2662,21,-2.634954895646799
0,cold,A,122,0.573,11,-2.99456637843766
0,cold,A,123,0.1664,15,-1.9333851103205233
0,cold,A,124,0.347,62,-1.8708692312530995
0,cold,A,125,0.1868,22,-1.1467756051765305
0,cold,A,126,0.6696,19,-1.9390539959621444
0,cold,A,127,0.2621,18,-0.08072509950175623
0,cold,A,128,0.5855,25,-3.5922201001644134
0,cold,A,129,0.2797,19,-0.05211159490519142
0,cold,A,130,0.3669,30,-0.8534232172047874
0,cold,A,131,0.6975,27,-3.925139320117456
0,cold,A,132,0.3638,27,-1.354723212441227
0,cold,A,133,0.9853,23,-2.559623851325697
0,cold,A,134,0.2864,32,-0.8129555897294267
0,cold,A,135,0.2433,13,-1.4371575460984156
0,cold,A,136,0.4825,24,-1.8857049322493065
0,cold,A,137,0.9672,28,-3.0577831901090184
0,cold,A,138,0.9541,39,-3.1042604283549085
0,cold,A,139,0.603,22,-2.827099979601123
0,cold,A,140,0.2907,20,-1.9856434386434558
0,cold,A,141,0.4778,24,-1.8144609201117419
0,cold,A,142,0.3328,22,-1.3261503835912498
0,cold,A,143,0.2567,23,-1.521387677801692
0,cold,A,144,0.4563,14,-0.6958511324981893
0,cold,A,145,0.4952,18,-2.621243914744506
0,cold,A,146,0.9016,15,-3.5863211870193483
0,cold,A,147,0.7065,29,-4.510286386670737
0,cold,A,148,0.0352,27,-2.9720507022597036
0,cold,A,149,0.1307,36,-3.254638326147364
0,cold,A,150,0.8527,39,-2.103298011753792
0,cold,A,151,0.4967,26,-3.1316012468171093
0,cold,A,152,0.8623,34,-1.7094977201572072
0,cold,A,153,0.0267,54,-2.151480578149117
0,cold,A,154,0.1846,28,-0.2036785079677819
0,cold,A,155,0.416,16,-3.438557007522377
0,cold,A,156,0.055,31,-2.361336675682856
0,cold,A,157,0.7276,30,-2.3035604971086285
0,cold,A,158,0.4934,21,-3.6850484701849164
0,cold,A,159,0.763,19,-2.3027457891914405
0,cold,A,160,0.6898,47,-2.8489285048959343
0,cold,A,161,0.58,23,-3.732584739861878
0,cold,A,162,0.5979,22,-1.7100520114383306
0,cold,A,163,0.7976,28,-2.049516144570329
0,cold,A,164,0.5067,25,-2.0285648338496687
0,cold,A,165,0.7853,20,-2.4465668388991615
0,cold,A,166,0.0455,41,-2.347675635365815
0,cold,A,167,0.24,20,-1.2191355351591482
0,cold,A,168,0.9614,26,-2.711079883963696
0,cold,A,169,0.4518,19,-2.262531794289029
0,cold,A,170,0.7261,19,-1.7781744922397258
0,cold,A,171,0.1044,13,-4.560399771560556
0,cold,A,172,0.8947,24,-3.116754427397003
0,cold,A,173,0.9305,13,-2.286102562247274
0,cold,A,174,0.411,20,-2.5150144470389932
0,cold,A,175,0.8974,20,-0.133708970693624
0,cold,A,176,0.8009,47,-1.6444721447813673
0,cold,A,177,0.1083,18,-2.2803627509468547
0,cold,A,178,0.1551,11,-4.713876553557136
0,cold,A,179,0.8743,21,-1.6195268513013918
0,cold,A,180,0.683,40,-1.8234574966758372
0,cold,A,181,0.6263,20,-3.9501059131842338
0,cold,A,182,0.2329,25,-2.680729968729429
0,cold,A,183,0.2844,17,-0.012020432068418492
0,cold,A,184,0.5342,23,-3.6739807752993605
0,cold,A,185,0.4653,20,-1.0920913679758086
0,cold,A,186,0.8334,31,-3.098142276258929
0,cold,A,187,0.2587,16,-0.8892894969540066
0,cold,A,188,0.0879,30,-2.5392333990059948
0,cold,A,189,0.9123,42,-1.7417476811027708
0,cold,A,190,0.4668,23,-2.6016468095244223
0,cold,A,191,0.0529,35,-1.6827545728002276
0,cold,A,192,0.96,18,-2.552188819481267
0,cold,A,193,0.6616,31,-2.5201190698726643
0,cold,A,194,0.4891,16,-3.268269448191859
0,cold,A,195,0.5942,26,-2.0276436106285893
0,cold,A,196,0.0214,54,-0.38855892631483535
0,cold,A,197,0.1337,23,-2.654532210658426
0,cold,A,198,0.3946,53,-2.4516530822312355
0,cold,A,199,0.8481,42,-3.0943730505137603
0,cold,B,0,0.022,22,-0.008028756620743397
0,cold,B,1,0.07,29,-0.004044009148291762
0,cold,B,2,0.1366,18,-0.007196037125443884
0,cold,B,3,0.1742,16,-0.021010975432091072
0,cold,B,4,0.2432,16,-0.022075200729887
0,cold,B,5,0.3148,39,-0.0006151546954359405
0,cold,B,6,0.4007,38,-0.0035052047810734763
0,cold,B,7,0.5631,63,-0.004960649508012423
0,cold,B,8,0.721,30,-0.011800606720741295
0,cold,B,9,0.9324,35,-0.008883436778679815
0,warm,A,0,0.773,17,-2.0190159200411633
0,warm,A,1,0.2078,17,-3.655198774574434
0,warm,A,2,0.8144,39,-3.267935875606222
0,warm,A,3,0.9518,28,-2.9053037337497307
0,warm,A,4,0.556,20,-1.5562054784968495
0,warm,A,5,0.172,15,-3.376301164428393
0,warm,A,6,0.1425,15,-3.0453451948861283
0,warm,A,7,0.3159,23,-3.1182541988952006
0,warm,A,8,0.0071,18,-0.08486169420858561
0,warm,A,9,0.3213,33,-3.592662143831452
0,warm,A,10,0.3132,40,-2.2482566811901052
0,warm,A,11,0.8285,33,-2.1988805264470903
0,warm,A,12,0.0919,13,-1.3204977504837399
0,warm,A,13,0.6555,38,-2.0979498550311146
0,warm,A,14,0.653,26,-1.651660233590519
0,warm,A,15,0.2536,11,-1.6356794376942245
0,warm,A,16,0.5547,16,-2.245868949150463
0,warm,A,17,0.639,29,-2.755587588783438
0,warm,A,18,0.1024,24,-2.904652797539408
0,warm,A,19,0.0189,26,-2.120795282114369
0,warm,A,20,0.6459,20,-3.089933878253214
0,warm,A,21,0.5616,15,-0.022363446606323122
0,warm,A,22,0.965,26,-0.7953653937578425
0,warm,A,23,0.0585,24,-3.551766898133792
0,warm,A,24,0.1171,20,-1.8253872476518154
0,warm,A,25,0.7381,21,-2.1383618133231286
0,warm,A,26,0.086,19,-2.6415546274449873
0,warm,A,27,0.0809,17,-0.7423316848135608
0,warm,A,28,0.0647,66,-2.71882955543289
0,warm,A,29,0.8555,31,-2.389694192176384
0,warm,A,30,0.5052,15,-0.6184882145025767
0,warm,A,31,0.6714,24,-2.6514920937576485
0,warm,A,32,0.3195,22,-4.0619377344846725
0,warm,A,33,0.5744,28,-2.9522655635539974
0,warm,A,34,0.6053,48,-2.7649163945085697
0,warm,A,35,0.5157,32,-1.4177290420193458
0,warm,A,36,0.5244,32,-1.4735367528156758
0,warm,A,37,0.8359,20,-2.333667738037184
0,warm,A,38,0.6791,16,-2.128055758337723
0,warm,A,39,0.445,18,-4.62682697797815
0,warm,A,40,0.768,18,-1.6226685266527865
0,warm,A,41,0.0026,22,-2.2958430906080385
0,warm,A,42,0.6666,16,-2.101044609269593
0,warm,A,43,0.8197,29,-2.428349582125144
0,warm,A,44,0.1403,30,-1.291070934125067
0,warm,A,45,0.936,29,-1.2152217399682208
0,warm,A,46,0.0717,48,-4.057768068664397
0,warm,A,47,0.0438,19,-1.7734459939559823
0,warm,A,48,0.6093,18,-1.248529623547155
0,warm,A,49,0.3586,31,-2.850913601236478
0,warm,A,50,0.2098,33,-1.991205141117627
0,warm,A,51,0.0993,15,-3.2994980295499166
0,warm,A,52,0.6003,32,-1.5826447345825727
0,warm,A,53,0.9584,16,-2.0435497945800307
0,warm,A,54,0.7749,32,-3.7460710931336507
0,warm,A,55,0.4905,35,-2.7113655680861224
0,warm,A,56,0.2473,22,-2.010130951519717
0,warm,A,57,0.4995,33,-3.6082539707422256
0,warm,A,58,0.577,16,-3.4682652573101223
0,warm,A,59,0.2452,23,-2.195782651638855
0,warm,A,60,0.2966,43,-2.2936349896021015
0,warm,A,61,0.9958,15,-2.3771498372157414
0,warm,A,62,0.1761,23,-3.2974106151124705
0,warm,A,63,0.4477,16,-3.5308287544175982
0,warm,A,64,0.1646,21,-2.17121343474303
0,warm,A,65,0.7436,44,-1.9989782943633723
0,warm,A,66,0.3921,27,-2.670125428794159
0,warm,A,67,0.9769,22,-2.644807972621989
0,warm,A,68,0.3888,37,-3.35813772728717
0,warm,A,69,0.1799,20,-2.872204285627231
0,warm,A,70,0.7001,15,-1.7085351605278751
0,warm,A,71,0.6582,31,-1.31111415693604
0,warm,A,72,0.8413,22,-2.0913575786292893
0,warm,A,73,0.344,24,-2.0226408302939185
0,warm,A,74,0.7469,45,-2.253946787311644
0,warm,A,75,0.7303,26,-0.22234657549807496
0,warm,A,76,0.1782,18,-1.0316431922773417
0,warm,A,77,0.702,18,-2.728032769014438
0,warm,A,78,0.5409,29,-3.218321644493824
0,warm,A,79,0.9834,30,-1.8819630292244256
0,warm,A,80,0.7947,39,-2.3950694484982447
0,warm,A,81,0.407,18,-1.6330736466786928
0,warm,A,82,0.7191,29,-1.3441527858503206
0,warm,A,83,0.3179,22,-2.7492528828707608
0,warm,A,84,0.0,34,-1.9267889552763389
0,warm,A,85,0.9924,49,-2.546087147962606
0,warm,A,86,0.4594,32,-1.944789420638699
0,warm,A,87,0.2732,15,-2.341229774057865
0,warm,A,88,0.9188,20,-2.9306307839229704
0,warm,A,89,0.6345,21,-2.6887605739258498
0,warm,A,90,0.8174,25,-2.12275626629591
0,warm,A,91,0.1968,18,-2.313871543026633
0,warm,A,92,0.8806,39,-2.891125864994067
0,warm,A,93,0.1704,16,-2.10900398530066
0,warm,A,94,0.4492,31,-3.9626026712808637
0,warm,A,95,0.3757,181,-2.6013492892421275
0,warm,A,96,0.8829,31,-2.4984455593681383
0,warm,A,97,0.704,33,-2.385736991736022
0,warm,A,98,0.8042,21,-3.03904128074646
0,warm,A,99,0.3568,14,-0.8459711984573265
0,warm,A,100,0.3981,89,-2.6104118595164
0,warm,A,101,0.5711,19,-1.6032069048501159
0,warm,A,102,0.2236,25,-2.7180864890059455
0,warm,A,103,0.3076,40,-1.6265455170476344
0,warm,A,104,0.9151,20,-2.19490405023098
0,warm,A,105,0.5317,19,-3.2028691076036346
0,warm,A,106,0.0935,31,-2.921750570977888
0,warm,A,107,0.9386,29,-2.563635039849785
0,warm,A,108,0.8395,19,-3.6353682716818234
0,warm,A,109,0.5381,15,-5.829012240966161
0,warm,A,110,0.7327,24,-3.5761128282465506
0,warm,A,111,0.544,31,-0.8379511293174038
0,warm,A,112,0.6863,49,-2.774444653761896
0,warm,A,113,0.932,16,-3.5884325113147497
0,warm,A,114,0.8702,27,-2.336533378119822
0,warm,A,115,0.2682,33,-3.2766635235977555
0,warm,A,116,0.3532,43,-2.0040793702477417
0,warm,A,117,0.1613,53,-2.835847442126218
0,warm,A,118,0.3297,32,-4.086374479113147
0,warm,A,119,0.4038,36,-3.1067727943623646
0,warm,A,120,0.7875,41,-2.620260592852435
0,warm,A,121,0.2662,21,-2.525309433894498
0,warm,A,122,0.573,11,-3.0471978413618426
0,warm,A,123,0.1664,15,-2.014676163593928
0,warm,A,124,0.347,62,-2.374098822650511
0,warm,A,125,0.1868,22,-1.9486290884458206
0,warm,A,126,0.6696,19,-2.444258168034905
0,warm,A,127,0.2621,18,-0.24427657396558466
0,warm,A,128,0.5855,25,-3.771983726620674
0,warm,A,129,0.2797,19,-0.13849381022277826
0,warm,A,130,0.3669,30,-0.9450968416873365
0,warm,A,131,0.6975,27,-4.4816860445533635
0,warm,A,132,0.3638,27,-1.5286577666389618
0,warm,A,133,0.9853,23,-2.6085573589940476
0,warm,A,134,0.2864,32,-1.9055617223930312
0,warm,A,135,0.2433,13,-1.6912790594192653
0,warm,A,136,0.4825,24,-2.3148322983955345
0,warm,A,137,0.9672,28,-3.24788951714124
0,warm,A,138,0.9541,39,-3.040284808820639
0,warm,A,139,0.603,22,-3.2210376513275234
0,warm,A,140,0.2907,20,-2.491080135619268
0,warm,A,141,0.4778,24,-2.0077806336339563
0,warm,A,142,0.3328,22,-1.788889647460151
0,warm,A,143,0.2567,23,-1.666335505635842
0,warm,A,144,0.4563,14,-0.9054870381660294
0,warm,A,145,0.4952,18,-3.1686262965409293
0,warm,A,146,0.9016,15,-3.591979297995567
0,warm,A,147,0.7065,29,-4.859199651356401
0,warm,A,148,0.0352,27,-3.267092610002254
0,warm,A,149,0.1307,36,-3.803307772717542
0,warm,A,150,0.8527,39,-2.483187041781956
0,warm,A,151,0.4967,26,-3.518119882756414
0,warm,A,152,0.8623,34,-1.9915255454457912
0,warm,A,153,0.0267,54,-2.4829980457132614
0,warm,A,154,0.1846,28,-0.31818052859723267
0,warm,A,155,0.416,16,-4.1494230776588665
0,warm,A,156,0.055,31,-2.288600822092004
0,warm,A,157,0.7276,30,-2.412968669831753
0,warm,A,158,0.4934,21,-4.511992695785704
0,warm,A,159,0.763,19,-2.4406170823464266
0,warm,A,160,0.6898,47,-3.0300007575845465
0,warm,A,161,0.58,23,-4.116127450828967
0,warm,A,162,0.5979,22,-1.7561958803072975
0,warm,A,163,0.7976,28,-2.3020255365492113
0,warm,A,164,0.5067,25,-2.1025212145596743
0,warm,A,165,0.7853,20,-2.45675103305839
0,warm,A,166,0.0455,41,-2.514160832889923
0,warm,A,167,0.24,20,-2.0531442198902368
0,warm,A,168,0.9614,26,-3.045139549562009
0,warm,A,169,0.4518,19,-2.890326683954826
0,warm,A,170,0.7261,19,-2.11363478303936
0,warm,A,171,0.1044,13,-4.382968040971229
0,warm,A,172,0.8947,24,-3.4483474670754126
0,warm,A,173,0.9305,13,-2.391162436168927
0,warm,A,174,0.411,20,-3.2863584868609905
0,warm,A,175,0.8974,20,-0.1563826817076915
0,warm,A,176,0.8009,47,-1.7608655517217406
0,warm,A,177,0.1083,18,-2.6403260876735053
0,warm,A,178,0.1551,11,-5.362246896055612
0,warm,A,179,0.8743,21,-1.7724033567522253
0,warm,A,180,0.683,40,-2.1331645340571415
0,warm,A,181,0.6263,20,-4.140438490192173
0,warm,A,182,0.2329,25,-3.0134978645853696
0,warm,A,183,0.2844,17,-0.10910328620058649
0,warm,A,184,0.5342,23,-4.172498907407989
0,warm,A,185,0.4653,20,-1.491462539276108
0,warm,A,186,0.8334,31,-3.976944893838898
0,warm,A,187,0.2587,16,-1.0913152350840392
0,warm,A,188,0.0879,30,-2.7499149435122185
0,warm,A,189,0.9123,42,-1.9379863552957042
0,warm,A,190,0.4668,23,-3.755596934836712
0,warm,A,191,0.0529,35,-1.9959508727304638
0,warm,A,192,0.96,18,-2.427210451828109
0,warm,A,193,0.6616,31,-2.524325581658031
0,warm,A,194,0.4891,16,-3.9063934221630916
0,warm,A,195,0.5942,26,-2.0584004934263738
0,warm,A,196,0.0214,54,-0.571155426230689
0,warm,A,197,0.1337,23,-2.855949691456297
0,warm,A,198,0.3946,53,-2.508778560924221
0,warm,A,199,0.8481,42,-3.457945483426253
0,warm,B,0,0.022,22,-0.004785131199407095
0,warm,B,1,0.07,29,-0.00256548682829879
0,warm,B,2,0.1366,18,-0.02066352246361526
0,warm,B,3,0.1742,16,-0.03533454573380368
0,warm,B,4,0.2432,16,-0.006903432022227207
0,warm,B,5,0.3148,39,-0.0006969853474028917
0,warm,B,6,0.4007,38,-0.0021993957605828704
0,warm,B,7,0.5631,63,-0.002873497720198458
0,warm,B,8,0.721,30,-0.014348550521147748
0,warm,B,9,0.9324,35,-0.0046895653326958255
0,mismatched,A,0,0.773,17,-2.0675097660997004
0,mismatched,A,1,0.2078,17,-3.681532323141308
0,mismatched,A,2,0.8144,39,-3.3513183175192145
0,mismatched,A,3,0.9518,28,-2.9378266736831784
0,mismatched,A,4,0.556,20,-1.5436842996627091
0,mismatched,A,5,0.172,15,-3.1651910955707234
0,mismatched,A,6,0.1425,15,-2.9345250724504393
0,mismatched,A,7,0.3159,23,-3.162980839205177
0,mismatched,A,8,0.0071,18,-0.07827689224359347
0,mismatched,A,9,0.3213,33,-3.698229721197012
0,mismatched,A,10,0.3132,40,-2.3456540463696003
0,mismatched,A,11,0.8285,33,-2.1291085366921667
0,mismatched,A,12,0.0919,13,-1.3375481952411623
0,mismatched,A,13,0.6555,38,-2.150454240140358
0,mismatched,A,14,0.653,26,-1.6557229145994194
0,mismatched,A,15,0.2536,11,-1.627461745657704
0,mismatched,A,16,0.5547,16,-2.2006879291584482
0,mismatched,A,17,0.639,29,-2.734134919876914
0,mismatched,A,18,0.1024,24,-2.8971423397112326
0,mismatched,A,19,0.0189,26,-2.1400668788969948
0,mismatched,A,20,0.6459,20,-2.8643467207672075
0,mismatched,A,21,0.5616,15,-0.0205599603902859
0,mismatched,A,22,0.965,26,-0.8437379777197538
0,mismatched,A,23,0.0585,24,-3.52689892007038
0,mismatched,A,24,0.1171,20,-1.8509508943185211
0,mismatched,A,25,0.7381,21,-2.2208348828412237
0,mismatched,A,26,0.086,19,-2.6409805492056826
0,mismatched,A,27,0.0809,17,-0.7451997350504184
0,mismatched,A,28,0.0647,66,-2.737355116785748
0,mismatched,A,29,0.8555,31,-2.3246430994402014
0,mismatched,A,30,0.5052,15,-0.6020383937555986
0,mismatched,A,31,0.6714,24,-2.6716232768740156
0,mismatched,A,32,0.3195,22,-4.042390864003789
0,mismatched,A,33,0.5744,28,-3.0480955179248537
0,mismatched,A,34,0.6053,48,-2.7243745053589614
0,mismatched,A,35,0.5157,32,-1.424283941880276
0,mismatched,A,36,0.5244,32,-1.5102240521346175
0,mismatched,A,37,0.8359,20,-2.4413398057222366
0,mismatched,A,38,0.6791,16,-2.1670407131314278
0,mismatched,A,39,0.445,18,-4.641558105332984
0,mismatched,A,40,0.768,18,-1.6991871734046273
0,mismatched,A,41,0.0026,22,-2.35492625602902
0,mismatched,A,42,0.6666,16,-2.1434856237028725
0,mismatched,A,43,0.8197,29,-2.405282226005762
0,mismatched,A,44,0.1403,30,-1.316438844105384
0,mismatched,A,45,0.936,29,-1.2212782848208885
0,mismatched,A,46,0.0717,48,-4.081181847645591
0,mismatched,A,47,0.0438,19,-1.9435753680667596
0,mismatched,A,48,0.6093,18,-1.2944676050166082
0,mismatched,A,49,0.3586,31,-2.798380868329156
0,mismatched,A,50,0.2098,33,-2.078365977444319
0,mismatched,A,51,0.0993,15,-3.3004245489835737
0,mismatched,A,52,0.6003,32,-1.5787111842437298
0,mismatched,A,53,0.9584,16,-2.0372663662055857
0,mismatched,A,54,0.7749,32,-3.77295648684958
0,mismatched,A,55,0.4905,35,-2.738808638359686
0,mismatched,A,56,0.2473,22,-1.9343645969744434
0,mismatched,A,57,0.4995,33,-3.576602253046903
0,mismatched,A,58,0.577,16,-3.5015687751583755
0,mismatched,A,59,0.2452,23,-2.1410327583308453
0,mismatched,A,60,0.2966,43,-2.345153033235219
0,mismatched,A,61,0.9958,15,-2.595312989751498
0,mismatched,A,62,0.1761,23,-3.3635163397892662
0,mismatched,A,63,0.4477,16,-3.5607795347459614
0,mismatched,A,64,0.1646,21,-2.2108996948227286
0,mismatched,A,65,0.7436,44,-2.0125435910608345
0,mismatched,A,66,0.3921,27,-2.6639772258974888
0,mismatched,A,67,0.9769,22,-2.600437822597748
0,mismatched,A,68,0.3888,37,-3.3867286140652926
0,mismatched,A,69,0.1799,20,-2.880011813074816
0,mismatched,A,70,0.7001,15,-1.707773432508111
0,mismatched,A,71,0.6582,31,-1.2959587003138187
0,mismatched,A,72,0.8413,22,-2.177233231211589
0,mismatched,A,73,0.344,24,-2.0463255506474525
0,mismatched,A,74,0.7469,45,-2.2176553183403382
0,mismatched,A,75,0.7303,26,-0.20839226467740865
0,mismatched,A,76,0.1782,18,-1.0821945698957682
0,mismatched,A,77,0.702,18,-2.7507606260995896
0,mismatched,A,78,0.5409,29,-3.193556378394815
0,mismatched,A,79,0.9834,30,-1.9487087429656336
0,mismatched,A,80,0.7947,39,-2.43843938368492
0,mismatched,A,81,0.407,18,-1.6746904000432954
0,mismatched,A,82,0.7191,29,-1.3482165978651932
0,mismatched,A,83,0.3179,22,-2.812351428141648
0,mismatched,A,84,0.0,34,-1.9794452950214583
0,mismatched,A,85,0.9924,49,-2.5912902922065433
0,mismatched,A,86,0.4594,32,-1.957782160359784
0,mismatched,A,87,0.2732,15,-2.3651231755812963
0,mismatched,A,88,0.9188,20,-2.9337896642275156
0,mismatched,A,89,0.6345,21,-2.804090470186479
0,mismatched,A,90,0.8174,25,-2.108688237965107
0,mismatched,A,91,0.1968,18,-2.300573280805515
0,mismatched,A,92,0.8806,39,-2.9226373416873126
0,mismatched,A,93,0.1704,16,-2.0825286861509085
0,mismatched,A,94,0.4492,31,-3.9365874371611542
0,mismatched,A,95,0.3757,181,-2.6035788385438714
0,mismatched,A,96,0.8829,31,-2.4972856910148216
0,mismatched,A,97,0.704,33,-2.439712846496453
0,mismatched,A,98,0.8042,21,-3.0627444563877013
0,mismatched,A,99,0.3568,14,-0.9151344332661081
0,mismatched,A,100,0.3981,89,-2.6076028240645788
0,mismatched,A,101,0.5711,19,-1.557026257738471
0,mismatched,A,102,0.2236,25,-2.6869521878845988
0,mismatched,A,103,0.3076,40,-1.5632515033037635
0,mismatched,A,104,0.9151,20,-2.351478950865567
0,mismatched,A,105,0.5317,19,-3.2245964713296607
0,mismatched,A,106,0.0935,31,-2.90240785529116
0,mismatched,A,107,0.9386,29,-2.5359880657111904
0,mismatched,A,108,0.8395,19,-3.7115557534914267
0,mismatched,A,109,0.5381,15,-5.843619312842687
0,mismatched,A,110,0.7327,24,-3.571054697900157
0,mismatched,A,111,0.544,31,-0.8487258017243396
0,mismatched,A,112,0.6863,49,-2.8499170899134585
0,mismatched,A,113,0.932,16,-3.5780360717326403
0,mismatched,A,114,0.8702,27,-2.3193163689639835
0,mismatched,A,115,0.2682,33,-3.2975032575513152
0,mismatched,A,116,0.3532,43,-2.0388182069846366
0,mismatched,A,117,0.1613,53,-2.8402623812017858
0,mismatched,A,118,0.3297,32,-4.040638368343934
0,mismatched,A,119,0.4038,36,-3.134353846686685
0,mismatched,A,120,0.7875,41,-2.681873038334477
0,mismatched,A,121,0.2662,21,-2.4220885852617875
0,mismatched,A,122,0.573,11,-3.4182837889106437
0,mismatched,A,123,0.1664,15,-2.0061886680622893
0,mismatched,A,124,0.347,62,-2.37311385389201
0,mismatched,A,125,0.1868,22,-2.003364498832856
0,mismatched,A,126,0.6696,19,-2.6203089467384606
0,mismatched,A,127,0.2621,18,-0.27405719338922707
0,mismatched,A,128,0.5855,25,-3.776965819299221
0,mismatched,A,129,0.2797,19,-0.14018072024765915
0,mismatched,A,130,0.3669,30,-0.9850249827412578
0,mismatched,A,131,0.6975,27,-4.50097460065175
0,mismatched,A,132,0.3638,27,-1.525757399810202
0,mismatched,A,133,0.9853,23,-2.606579965353771
0,mismatched,A,134,0.2864,32,-1.8545491444674553
0,mismatched,A,135,0.2433,13,-1.693877671773617
0,mismatched,A,136,0.4825,24,-2.4669735555847487
0,mismatched,A,137,0.9672,28,-3.4462902960949577
0,mismatched,A,138,0.9541,39,-3.0904890527614417
0,mismatched,A,139,0.603,22,-3.116012478416616
0,mismatched,A,140,0.2907,20,-2.515214637853205
0,mismatched,A,141,0.4778,24,-2.0587250513296262
0,mismatched,A,142,0.3328,22,-1.7742372575885383
0,mismatched,A,143,0.2567,23,-1.7303782818110094
0,mismatched,A,144,0.4563,14,-0.9122706708356938
0,mismatched,A,145,0.4952,18,-2.986899512923426
0,mismatched,A,146,0.9016,15,-3.7528727054595947
0,mismatched,A,147,0.7065,29,-4.824731284174426
0,mismatched,A,148,0.0352,27,-3.2444204852778324
0,mismatched,A,149,0.1307,36,-3.779312950041559
0,mismatched,A,150,0.8527,39,-2.5007695329423325
0,mismatched,A,151,0.4967,26,-3.5752148730680346
0,mismatched,A,152,0.8623,34,-2.1116314484217367
0,mismatched,A,153,0.0267,54,-2.450879037712218
0,mismatched,A,154,0.1846,28,-0.3282581674429821
0,mismatched,A,155,0.416,16,-4.15005621099408
0,mismatched,A,156,0.055,31,-2.3001913005981836
0,mismatched,A,157,0.7276,30,-2.4064211551100017
0,mismatched,A,158,0.4934,21,-4.580654011950607
0,mismatched,A,159,0.763,19,-2.469823849044348
0,mismatched,A,160,0.6898,47,-3.0643387274876077
0,mismatched,A,161,0.58,23,-4.130483801436165
0,mismatched,A,162,0.5979,22,-1.7697562224665573
0,mismatched,A,163,0.7976,28,-2.3171590338502677
0,mismatched,A,164,0.5067,25,-2.2060269831120967
0,mismatched,A,165,0.7853,20,-2.51680822102353
0,mismatched,A,166,0.0455,41,-2.5591320886571958
0,mismatched,A,167,0.24,20,-2.1438460242003203
0,mismatched,A,168,0.9614,26,-3.1050964262797676
0,mismatched,A,169,0.4518,19,-2.90557982014051
0,mismatched,A,170,0.7261,19,-2.143493625825565
0,mismatched,A,171,0.1044,13,-4.443848020898608
0,mismatched,A,172,0.8947,24,-3.491783584933728
0,mismatched,A,173,0.9305,13,-2.44048517369307
0,mismatched,A,174,0.411,20,-3.26081612855196
0,mismatched,A,175,0.8974,20,-0.16975731045204157
0,mismatched,A,176,0.8009,47,-1.769838811805846
0,mismatched,A,177,0.1083,18,-2.4922114483391247
0,mismatched,A,178,0.1551,11,-5.379342183470726
0,mismatched,A,179,0.8743,21,-1.759972259402275
0,mismatched,A,180,0.683,40,-2.1341516516316914
0,mismatched,A,181,0.6263,20,-4.159546497336123
0,mismatched,A,182,0.2329,25,-2.928033879324794
0,mismatched,A,183,0.2844,17,-0.08374877665054929
0,mismatched,A,184,0.5342,23,-4.147328508430687
0,mismatched,A,185,0.4653,20,-1.4427080925554037
0,mismatched,A,186,0.8334,31,-3.8972143533549484
0,mismatched,A,187,0.2587,16,-1.171050592121901
0,mismatched,A,188,0.0879,30,-2.7724280446069316
0,mismatched,A,189,0.9123,42,-2.0137091623785506
0,mismatched,A,190,0.4668,23,-3.75782600280439
0,mismatched,A,191,0.0529,35,-2.0429507393789077
0,mismatched,A,192,0.96,18,-2.4363935763637223
0,mismatched,A,193,0.6616,31,-2.5158339661936604
0,mismatched,A,194,0.4891,16,-3.9846076837857254
0,mismatched,A,195,0.5942,26,-2.091863758179198
0,mismatched,A,196,0.0214,54,-0.5748030324379619
0,mismatched,A,197,0.1337,23,-2.9159770238658655
0,mismatched,A,198,0.3946,53,-2.4922497178832033
0,mismatched,A,199,0.8481,42,-3.4590154112361016
0,mismatched,B,0,0.022,22,-0.009590670686686115
0,mismatched,B,1,0.07,29,-0.004332480487987752
0,mismatched,B,2,0.1366,18,-0.03449370209030652
0,mismatched,B,3,0.1742,16,-0.04274287340740557
0,mismatched,B,4,0.2432,16,-0.006783883958632941
0,mismatched,B,5,0.3148,39,-0.0008794548789643532
0,mismatched,B,6,0.4007,38,-0.00293815323005363
0,mismatched,B,7,0.5631,63,-0.0015317057960991015
0,mismatched,B,8,0.721,30,-0.021120592871739063
0,mismatched,B,9,0.9324,35,-0.00737364972132387
1,cold,A,0,0.6148,22,-2.798889700776437
1,cold,A,1,0.6043,42,-0.8697870108776117
1,cold,A,2,0.2822,37,-2.8058887095240928
1,cold,A,3,0.9492,18,-0.41867551585892215
1,cold,A,4,0.3937,12,-2.150475384046634
1,cold,A,5,0.6314,18,-1.8007985682213783
1,cold,A,6,0.7613,17,-2.275951394407778
1,cold,A,7,0.2557,44,-2.0953986984710684
1,cold,A,8,0.4837,48,-2.1554327487489595
1,cold,A,9,0.0218,27,-1.9186591821489856
1,cold,A,10,0.2101,34,-2.6246382690818897
1,cold,A,11,0.3336,38,-2.845672758352042
1,cold,A,12,0.3271,21,-2.2515298244543374
1,cold,A,13,0.8285,40,-2.6441843621752925
1,cold,A,14,0.5481,24,-2.2665633834743253
1,cold,A,15,0.2186,43,-1.7834215798367188
1,cold,A,16,0.1763,15,-2.7167138218103597
1,cold,A,17,0.0951,43,-1.0633768963688093
1,cold,A,18,0.1923,15,-2.6098033184806506
1,cold,A,19,0.7938,53,-2.104061487175849
1,cold,A,20,0.636,31,-2.263072461139546
1,cold,A,21,0.6987,140,-3.2203054659740054
1,cold,A,22,0.8817,13,-3.888529488673577
1,cold,A,23,0.7536,34,-1.2088605416544904
1,cold,A,24,0.986,34,-1.5366979903962654
1,cold,A,25,0.4605,21,-2.730678056588485
1,cold,A,26,0.0731,44,-2.0376964701942843
1,cold,A,27,0.8513,20,-2.071111244792701
1,cold,A,28,0.6896,122,-2.5449581055235897
1,cold,A,29,0.8794,29,-2.043744520926527
1,cold,A,30,0.554,24,-1.9685966261264791
1,cold,A,31,0.1461,15,-1.8817647804816564
1,cold,A,32,0.6097,18,-3.1182018195589385
1,cold,A,33,0.4491,30,-3.6886254717906315
1,cold,A,34,0.0466,15,-2.458423886075616
1,cold,A,35,0.0583,33,-2.7095443808445423
1,cold,A,36,0.7447,89,-2.293302625407623
1,cold,A,37,0.5029,31,-1.9167986877502934
1,cold,A,38,0.9424,39,-2.537908927668841
1,cold,A,39,0.4006,33,-2.5827348931043437
1,cold,A,40,0.3712,42,-2.157159811686662
1,cold,A,41,0.79,44,-2.3153742670322326
1,cold,A,42,0.5773,30,-2.799138783333668
1,cold,A,43,0.2903,49,-2.584480298380761
1,cold,A,44,0.5691,33,-2.7499856527358517
1,cold,A,45,0.4875,42,-2.2300019335788894
1,cold,A,46,0.2888,13,-3.251387893007352
1,cold,A,47,0.3898,57,-1.7691944595810543
1,cold,A,48,0.9239,34,-2.7302845837822294
1,cold,A,49,0.0679,32,-2.6615989670062845
1,cold,A,50,0.1264,79,-2.862500446044348
1,cold,A,51,0.3208,49,-2.3659400548821563
1,cold,A,52,0.6332,33,-2.690134707944129
1,cold,A,53,0.5648,51,-2.512925857095979
1,cold,A,54,0.2287,14,-1.7000511704744505
1,cold,A,55,0.8563,16,-2.2717505891778274
1,cold,A,56,0.4336,27,-2.169600249492322
1,cold,A,57,0.3304,23,-2.3611382071090783
1,cold,A,58,0.6483,22,-3.773517420007424
1,cold,A,59,0.5574,21,-3.7028544192878705
1,cold,A,60,0.0349,37,-2.9164005634663988
1,cold,A,61,0.7723,24,-3.1203122647724135
1,cold,A,62,0.2756,31,-3.6774404445557947
1,cold,A,63,0.1031,33,-2.6136133917466258
1,cold,A,64,0.2261,37,-1.9312258401533235
1,cold,A,65,0.8991,13,-2.254337172095592
1,cold,A,66,0.1339,42,-1.748787085181989
1,cold,A,67,0.4552,22,-0.6794465446827499
1,cold,A,68,0.5061,27,-1.956934964711157
1,cold,A,69,0.062,22,-1.3825995027013547
1,cold,A,70,0.0103,16,-2.3223707619472407
1,cold,A,71,0.7386,27,-2.857402958113838
1,cold,A,72,0.6459,17,-2.493902539505678
1,cold,A,73,0.0484,16,-2.1017575585865416
1,cold,A,74,0.4921,39,-1.933617714308732
1,cold,A,75,0.7743,36,-0.8242003723442193
1,cold,A,76,0.5452,15,-0.6338631028377374
1,cold,A,77,0.1656,16,-1.777816182031529
1,cold,A,78,0.7353,37,-3.350197342501299
1,cold,A,79,0.4423,15,-3.1169726391633352
1,cold,A,80,0.3169,28,-3.294222573483629
1,cold,A,81,0.9698,11,-0.7073600188278678
1,cold,A,82,0.1623,27,-2.806095825680704
1,cold,A,83,0.5989,41,-2.3146898924975043
1,cold,A,84,0.2792,35,-2.6260289890425548
1,cold,A,85,0.0385,18,-2.607119229466965
1,cold,A,86,0.1899,21,-3.844335902304876
1,cold,A,87,0.8834,76,-3.0449748701932164
1,cold,A,88,0.1693,13,-2.4613709243444295
1,cold,A,89,0.0888,20,-3.182716004550457
1,cold,A,90,0.4061,56,-1.804724927618476
1,cold,A,91,0.0054,38,-0.6608969038160419
1,cold,A,92,0.1853,58,-2.383406246925382
1,cold,A,93,0.9966,19,-3.4531703540369083
1,cold,A,94,0.6389,24,-2.7025674306981577
1,cold,A,95,0.0794,37,-1.4537562282226595
1,cold,A,96,0.3076,35,-1.8962859067666744
1,cold,A,97,0.1116,42,-3.186486288889899
1,cold,A,98,0.2937,15,-2.1232405540843806
1,cold,A,99,0.3864,26,-0.9629804499681296
1,cold,A,100,0.2069,26,-3.1957099430997356
1,cold,A,101,0.9226,12,-3.397710576032599
1,cold,A,102,0.4356,31,-1.8370850413733522
1,cold,A,103,0.8329,19,-2.182878635143616
1,cold,A,104,0.5803,23,-1.6830111612425358
1,cold,A,105,0.9553,15,-3.880200949807962
1,cold,A,106,0.9529,23,-2.276863803758043
1,cold,A,107,0.8177,30,-2.5140861540984285
1,cold,A,108,0.1547,16,-3.6949509624391794
1,cold,A,109,0.3806,34,-1.4700914389712338
1,cold,A,110,0.8466,22,-1.3030425173823128
1,cold,A,111,0.6251,22,-2.8935936872254717
1,cold,A,112,0.3153,12,-2.2470549531280994
1,cold,A,113,0.2981,47,-1.676003047408774
1,cold,A,114,0.6423,36,-3.3501378770532835
1,cold,A,115,0.8202,56,-2.57684264161175
1,cold,A,116,0.4473,29,-1.860787410506826
1,cold,A,117,0.9454,20,-2.5153807691764087
1,cold,A,118,0.4189,32,-1.5219448130351338
1,cold,A,119,0.9947,18,-3.964265914219949
1,cold,A,120,0.3362,57,-2.233832212366826
1,cold,A,121,0.4706,86,-1.8637501795033606
1,cold,A,122,0.4304,25,-2.7004489617422225
1,cold,A,123,0.4649,26,-2.2601048034759095
1,cold,A,124,0.4176,16,-1.9897192762291525
1,cold,A,125,0.1789,59,-2.6029964808245896
1,cold,A,126,0.7787,21,-3.1266477870799245
1,cold,A,127,0.5247,24,-2.6981588968740957
1,cold,A,128,0.5865,19,-1.6197786917664896
1,cold,A,129,0.8309,18,-2.311415850676389
1,cold,A,130,0.9506,22,-1.6395434145762755
1,cold,A,131,0.7827,31,-2.6004345861654126
1,cold,A,132,0.1408,17,-2.7571230741108166
1,cold,A,133,0.1571,65,-2.192435706782943
1,cold,A,134,0.5823,44,-3.0643952652727338
1,cold,A,135,0.7974,72,-2.3230371403185726
1,cold,A,136,0.2846,17,-2.3752251806504585
1,cold,A,137,0.9774,11,-3.1019739004021343
1,cold,A,138,0.5392,22,-1.6395434145762755
1,cold,A,139,0.1434,37,-1.1815526704736545
1,cold,A,140,0.0186,24,-1.120478047862889
1,cold,A,141,0.9105,37,-1.2201894738631185
1,cold,A,142,0.5277,28,-1.442943856061902
1,cold,A,143,0.3603,158,-2.5446998190335175
1,cold,A,144,0.2649,32,-3.266089656535769
1,cold,A,145,0.0918,11,-2.548841979015957
1,cold,A,146,0.3022,11,-3.0753316310319034
1,cold,A,147,0.398,20,-1.5979314089403487
1,cold,A,148,0.4388,21,-3.311255509477286
1,cold,A,149,0.1673,24,-2.7435185023302133
1,cold,A,150,0.31,38,-2.416176002516295
1,cold,A,151,0.812,22,-1.4096039447891102
1,cold,A,152,0.6683,42,-3.2712858031348637
1,cold,A,153,0.5589,31,-1.2506725343147052
1,cold,A,154,0.8771,25,-2.6434243131801485
1,cold,A,155,0.8083,15,-2.737297722697258
1,cold,A,156,0.3783,32,-1.0725607568570013
1,cold,A,157,0.6656,33,-3.220966373683151
1,cold,A,158,0.2863,25,-3.066460093362257
1,cold,A,159,0.683,92,-2.5514424194736183
1,cold,A,160,0.3131,23,-2.6779482017331957
1,cold,A,161,0.9008,23,-2.3759427575961403
1,cold,A,162,0.1957,21,-1.4640299253584264
1,cold,A,163,0.5908,13,-1.592605790338264
1,cold,A,164,0.781,13,-3.531915728862469
1,cold,A,165,0.2474,12,-2.4197158788641295
1,cold,A,166,0.233,17,-2.1966520296957563
1,cold,A,167,0.8934,15,-3.4467660376957308
1,cold,A,168,0.6714,64,-3.321359225883498
1,cold,A,169,0.93,56,-2.6268747853339716
1,cold,A,170,0.2244,17,-1.780703293707441
1,cold,A,171,0.0296,23,-3.179052136514498
1,cold,A,172,0.5962,29,-3.358590456491082
1,cold,A,173,0.8891,33,-2.851059726069004
1,cold,A,174,0.4785,27,-1.6929585116535977
1,cold,A,175,0.9681,15,-0.6847681705995152
1,cold,A,176,0.6505,19,-2.4297037250117253
1,cold,A,177,0.1,23,-1.560030549121818
1,cold,A,178,0.7094,59,-2.0101557805126937
1,cold,A,179,0.7872,16,-2.5535175688564777
1,cold,A,180,0.9274,15,-1.7178951840847732
1,cold,A,181,0.7504,36,-2.895576254463069
1,cold,A,182,0.5301,22,-2.4850107204507697
1,cold,A,183,0.7163,64,-2.526526193299105
1,cold,A,184,0.2716,44,-2.3992536428717854
1,cold,A,185,0.1828,26,-2.9453937222536366
1,cold,A,186,0.4441,28,-2.328110750712637
1,cold,A,187,0.9405,21,-2.0456805352032896
1,cold,A,188,0.7582,34,-0.716480883753641
1,cold,A,189,0.815,16,-2.150615318561904
1,cold,A,190,0.8668,15,-0.0398609109386598
1,cold,A,191,0.0849,25,-2.3176706580712927
1,cold,A,192,0.3839,18,-1.152840256154175
1,cold,A,193,0.0156,23,-1.6472462177727087
1,cold,A,194,0.6764,77,-3.441314394095937
1,cold,A,195,0.6115,18,-1.2768799863988534
1,cold,A,196,0.838,23,-3.14814081520814
1,cold,A,197,0.7681,22,-2.755163233388554
1,cold,A,198,0.974,20,-0.17813482950191428
1,cold,A,199,0.7222,181,-2.504278054111831
1,cold,B,0,0.0,15,-0.001047492920042714
1,cold,B,1,0.1532,21,-0.010360553433808187
1,cold,B,2,0.2069,21,-0.0024023524193104266
1,cold,B,3,0.2603,38,-0.006417210798214288
1,cold,B,4,0.3345,30,-0.0011934602944772147
1,cold,B,5,0.3955,29,-0.006589323828691328
1,cold,B,6,0.4707,108,-0.009464483412304818
1,cold,B,7,0.6437,30,-0.00383423178918747
1,cold,B,8,0.7054,63,-0.014977768585977751
1,cold,B,9,0.8159,15,-0.09210075821805125
1,cold,B,10,0.8586,84,-0.01121997213570445
1,warm,A,0,0.6148,22,-2.77298162523882
1,warm,A,1,0.6043,42,-0.8592604800104969
1,warm,A,2,0.2822,37,-2.768153105585559
1,warm,A,3,0.9492,18,-0.4166228146350477
1,warm,A,4,0.3937,12,-2.161905352026224
1,warm,A,5,0.6314,18,-1.7324243330416114
1,warm,A,6,0.7613,17,-2.157463292426495
1,warm,A,7,0.2557,44,-2.191019635033709
1,warm,A,8,0.4837,48,-2.085137129877694
1,warm,A,9,0.0218,27,-1.86146253868571
1,warm,A,10,0.2101,34,-2.664648982905098
1,warm,A,11,0.3336,38,-2.7530660991910016
1,warm,A,12,0.3271,21,-2.2577185607626147
1,warm,A,13,0.8285,40,-2.599195100768702
1,warm,A,14,0.5481,24,-2.2863000598736107
1,warm,A,15,0.2186,43,-1.879267083525456
1,warm,A,16,0.1763,15,-2.832085017922024
1,warm,A,17,0.0951,43,-1.0152304327367072
1,warm,A,18,0.1923,15,-2.584753175576528
1,warm,A,19,0.7938,53,-2.0287533335300942
1,warm,A,20,0.636,31,-2.287150157531986
1,warm,A,21,0.6987,140,-3.1250175999941088
1,warm,A,22,0.8817,13,-3.93252439223803
1,warm,A,23,0.7536,34,-1.2677076490320307
1,warm,A,24,0.986,34,-1.627421728325049
1,warm,A,25,0.4605,21,-2.772107775012652
1,warm,A,26,0.0731,44,-1.915917353672822
1,warm,A,27,0.8513,20,-2.1502105218853105
1,warm,A,28,0.6896,122,-2.5297365828090896
1,warm,A,29,0.8794,29,-1.9276319645859044
1,warm,A,30,0.554,24,-1.8791569065227425
1,warm,A,31,0.1461,15,-1.9667999138434729
1,warm,A,32,0.6097,18,-3.1817340602477393
1,warm,A,33,0.4491,30,-3.6622165511051814
1,warm,A,34,0.0466,15,-2.281182016308109
1,warm,A,35,0.0583,33,-2.619525280639981
1,warm,A,36,0.7447,89,-2.2765062210584515
1,warm,A,37,0.5029,31,-1.85560853971589
1,warm,A,38,0.9424,39,-2.480663143671476
1,warm,A,39,0.4006,33,-2.5232224349835604
1,warm,A,40,0.3712,42,-2.12879090324627
1,warm,A,41,0.79,44,-2.1886386753612896
1,warm,A,42,0.5773,30,-2.977829806972295
1,warm,A,43,0.2903,49,-2.436651236056846
1,warm,A,44,0.5691,33,-2.712628880402807
1,warm,A,45,0.4875,42,-2.0913432900893634
1,warm,A,46,0.2888,13,-3.1640450335465946
1,warm,A,47,0.3898,57,-1.5938480796951153
1,warm,A,48,0.9239,34,-2.736419184557984
1,warm,A,49,0.0679,32,-2.683712304547953
1,warm,A,50,0.1264,79,-2.8222275481561545
1,warm,A,51,0.3208,49,-2.308943586130579
1,warm,A,52,0.6332,33,-2.760788541068464
1,warm,A,53,0.5648,51,-2.5304845021649576
1,warm,A,54,0.2287,14,-1.9024033355526626
1,warm,A,55,0.8563,16,-2.1435338878727634
1,warm,A,56,0.4336,27,-2.180765378702846
1,warm,A,57,0.3304,23,-2.4059323143699896
1,warm,A,58,0.6483,22,-3.4859763099388643
1,warm,A,59,0.5574,21,-3.5569510735416165
1,warm,A,60,0.0349,37,-2.8515034853661674
1,warm,A,61,0.7723,24,-2.7888111728819545
1,warm,A,62,0.2756,31,-3.1666915922936414
1,warm,A,63,0.1031,33,-2.477315515801875
1,warm,A,64,0.2261,37,-1.929117183112917
1,warm,A,65,0.8991,13,-2.267342115824039
1,warm,A,66,0.1339,42,-1.7342322020724947
1,warm,A,67,0.4552,22,-0.7216444378044055
1,warm,A,68,0.5061,27,-1.8176823934988566
1,warm,A,69,0.062,22,-1.4481967035733925
1,warm,A,70,0.0103,16,-2.3181799086160026
1,warm,A,71,0.7386,27,-2.535385933877141
1,warm,A,72,0.6459,17,-2.5550775151042378
1,warm,A,73,0.0484,16,-1.9910441939719021
1,warm,A,74,0.4921,39,-1.8427361226924217
1,warm,A,75,0.7743,36,-0.8179990714096574
1,warm,A,76,0.5452,15,-0.9239690259409448
1,warm,A,77,0.1656,16,-1.942858354683267
1,warm,A,78,0.7353,37,-3.1994302331193074
1,warm,A,79,0.4423,15,-2.9511780192454657
1,warm,A,80,0.3169,28,-3.0839247128127942
1,warm,A,81,0.9698,11,-0.930965253826633
1,warm,A,82,0.1623,27,-2.7428059830951192
1,warm,A,83,0.5989,41,-2.2735211446586
1,warm,A,84,0.2792,35,-2.545606689580849
1,warm,A,85,0.0385,18,-2.666402526303298
1,warm,A,86,0.1899,21,-4.02891484044847
1,warm,A,87,0.8834,76,-2.8558731171490908
1,warm,A,88,0.1693,13,-2.6344696902311764
1,warm,A,89,0.0888,20,-3.130937721859664
1,warm,A,90,0.4061,56,-1.7717018245712097
1,warm,A,91,0.0054,38,-0.6319055192119489
1,warm,A,92,0.1853,58,-2.42786200597239
1,warm,A,93,0.9966,19,-3.310171468869636
1,warm,A,94,0.6389,24,-2.7184154573502988
1,warm,A,95,0.0794,37,-1.401629014242939
1,warm,A,96,0.3076,35,-1.8506882300467364
1,warm,A,97,0.1116,42,-3.189814087460815
1,warm,A,98,0.2937,15,-1.9951621808111668
1,warm,A,99,0.3864,26,-0.8283728389568961
1,warm,A,100,0.2069,26,-3.2884645828363808
1,warm,A,101,0.9226,12,-3.378819551318884
1,warm,A,102,0.4356,31,-1.808232395126857
1,warm,A,103,0.8329,19,-2.1614888580761065
1,warm,A,104,0.5803,23,-1.7224517413079687
1,warm,A,105,0.9553,15,-3.7616310348113378
1,warm,A,106,0.9529,23,-2.2475774802707904
1,warm,A,107,0.8177,30,-2.5471235692316743
1,warm,A,108,0.1547,16,-3.7159374969778582
1,warm,A,109,0.3806,34,-1.419673409892044
1,warm,A,110,0.8466,22,-1.292010219640691
1,warm,A,111,0.6251,22,-2.703336248343641
1,warm,A,112,0.3153,12,-2.184411040817698
1,warm,A,113,0.2981,47,-1.6700243465486293
1,warm,A,114,0.6423,36,-3.246383878727809
1,warm,A,115,0.8202,56,-2.5538114870910897
1,warm,A,116,0.4473,29,-1.8976323735385388
1,warm,A,117,0.9454,20,-2.495629638590617
1,warm,A,118,0.4189,32,-1.581416382655334
1,warm,A,119,0.9947,18,-3.940719829251369
1,warm,A,120,0.3362,57,-2.145042539469582
1,warm,A,121,0.4706,86,-1.8745637563657236
1,warm,A,122,0.4304,25,-2.59222112365067
1,warm,A,123,0.4649,26,-2.127875290399131
1,warm,A,124,0.4176,16,-1.989106138178613
1,warm,A,125,0.1789,59,-2.5848887392184827
1,warm,A,126,0.7787,21,-3.178513722582942
1,warm,A,127,0.5247,24,-2.668004635274277
1,warm,A,128,0.5865,19,-1.5383794020469252
1,warm,A,129,0.8309,18,-2.340137488208711
1,warm,A,130,0.9506,22,-1.4829784133468242
1,warm,A,131,0.7827,31,-2.5609065752716793
1,warm,A,132,0.1408,17,-2.691495600156486
1,warm,A,133,0.1571,65,-2.16870730984956
1,warm,A,134,0.5823,44,-3.1069480825892906
1,warm,A,135,0.7974,72,-2.349326998431732
1,warm,A,136,0.2846,17,-2.4582280426779213
1,warm,A,137,0.9774,11,-2.8640800462189047
1,warm,A,138,0.5392,22,-1.4829784133468242
1,warm,A,139,0.1434,37,-1.0670281360315228
1,warm,A,140,0.0186,24,-1.1552458886211145
1,warm,A,141,0.9105,37,-1.3434298649364202
1,warm,A,142,0.5277,28,-1.1878432215037589
1,warm,A,143,0.3603,158,-2.4621577759853954
1,warm,A,144,0.2649,32,-3.1764766603300814
1,warm,A,145,0.0918,11,-2.475492589514364
1,warm,A,146,0.3022,11,-3.07797972722487
1,warm,A,147,0.398,20,-1.6089152103697415
1,warm,A,148,0.4388,21,-3.2362708967356455
1,warm,A,149,0.1673,24,-2.6126908317770963
1,warm,A,150,0.31,38,-2.4733895601610514
1,warm,A,151,0.812,22,-1.382110488855026
1,warm,A,152,0.6683,42,-3.198350273926432
1,warm,A,153,0.5589,31,-1.0463275667729426
1,warm,A,154,0.8771,25,-2.6021077036240605
1,warm,A,155,0.8083,15,-2.5902036925156913
1,warm,A,156,0.3783,32,-0.9057638285776193
1,warm,A,157,0.6656,33,-3.1923707824369725
1,warm,A,158,0.2863,25,-2.969979487573728
1,warm,A,159,0.683,92,-2.4675947048564684
1,warm,A,160,0.3131,23,-2.608442156251682
1,warm,A,161,0.9008,23,-2.2630382018244783
1,warm,A,162,0.1957,21,-1.4022583430764608
1,warm,A,163,0.5908,13,-1.3652502275161589
1,warm,A,164,0.781,13,-3.6341019863119493
1,warm,A,165,0.2474,12,-2.335247788578272
1,warm,A,166,0.233,17,-2.187105822596042
1,warm,A,167,0.8934,15,-3.5234912739445767
1,warm,A,168,0.6714,64,-3.195454873581184
1,warm,A,169,0.93,56,-2.617885722801085
1,warm,A,170,0.2244,17,-1.8670827681746553
1,warm,A,171,0.0296,23,-2.988255896119644
1,warm,A,172,0.5962,29,-3.2693638440492765
1,warm,A,173,0.8891,33,-2.699817244940663
1,warm,A,174,0.4785,27,-1.6091074875245492
1,warm,A,175,0.9681,15,-0.5671493984487218
1,warm,A,176,0.6505,19,-2.4110642516691434
1,warm,A,177,0.1,23,-1.3744504993639723
1,warm,A,178,0.7094,59,-2.0452762106416245
1,warm,A,179,0.7872,16,-2.4945519641041756
1,warm,A,180,0.9274,15,-1.7010929205765326
1,warm,A,181,0.7504,36,-2.715307481829465
1,warm,A,182,0.5301,22,-2.5867431185906753
1,warm,A,183,0.7163,64,-2.49368005927613
1,warm,A,184,0.2716,44,-2.3714780906084343
1,warm,A,185,0.1828,26,-2.9010176750688026
1,warm,A,186,0.4441,28,-2.395036104744317
1,warm,A,187,0.9405,21,-2.0032314307810295
1,warm,A,188,0.7582,34,-0.7462360721295975
1,warm,A,189,0.815,16,-2.0118357448955067
1,warm,A,190,0.8668,15,-0.027641288434218345
1,warm,A,191,0.0849,25,-2.3486255659593733
1,warm,A,192,0.3839,18,-1.1354424437951012
1,warm,A,193,0.0156,23,-1.6239945895985053
1,warm,A,194,0.6764,77,-3.3973579215514778
1,warm,A,195,0.6115,18,-1.2811522625973641
1,warm,A,196,0.838,23,-3.1376027132829893
1,warm,A,197,0.7681,22,-2.5503640791231934
1,warm,A,198,0.974,20,-0.17076149120694026
1,warm,A,199,0.7222,181,-2.4418212327610385
1,warm,B,0,0.0,15,-0.003033510858100878
1,warm,B,1,0.1532,21,-0.013715828051014492
1,warm,B,2,0.2069,21,-0.006013178481312241
1,warm,B,3,0.2603,38,-0.012304914947890211
1,warm,B,4,0.3345,30,-0.004769800166347219
1,warm,B,5,0.3955,29,-0.011327647420393046
1,warm,B,6,0.4707,108,-0.012601464804548514
1,warm,B,7,0.6437,30,-0.004931315504654777
1,warm,B,8,0.7054,63,-0.03214570975818615
1,warm,B,9,0.8159,15,-0.10841416408463071
1,warm,B,10,0.8586,84,-0.010301169169321969
1,mismatched,A,0,0.6148,22,-2.9715275085816923
1,mismatched,A,1,0.6043,42,-0.8578087583854258
1,mismatched,A,2,0.2822,37,-2.8551781517831056
1,mismatched,A,3,0.9492,18,-0.4678961099351808
1,mismatched,A,4,0.3937,12,-2.6047913742562137
1,mismatched,A,5,0.6314,18,-1.8948911289658605
1,mismatched,A,6,0.7613,17,-2.3143392475595808
1,mismatched,A,7,0.2557,44,-2.3186493038295093
1,mismatched,A,8,0.4837,48,-2.1479177254999136
1,mismatched,A,9,0.0218,27,-1.7275732189257353
1,mismatched,A,10,0.2101,34,-3.091265294498846
1,mismatched,A,11,0.3336,38,-2.8658373958039047
1,mismatched,A,12,0.3271,21,-2.3073950853819647
1,mismatched,A,13,0.8285,40,-2.716705472371541
1,mismatched,A,14,0.5481,24,-2.5426060979564986
1,mismatched,A,15,0.2186,43,-2.0028069491462976
1,mismatched,A,16,0.1763,15,-2.793289342708886
1,mismatched,A,17,0.0951,43,-1.0255428998169982
1,mismatched,A,18,0.1923,15,-2.956711275378863
1,mismatched,A,19,0.7938,53,-2.331629838007019
1,mismatched,A,20,0.636,31,-2.384227023894651
1,mismatched,A,21,0.6987,140,-3.3254136526447837
1,mismatched,A,22,0.8817,13,-3.9036150116186876
1,mismatched,A,23,0.7536,34,-1.312479946142583
1,mismatched,A,24,0.986,34,-1.6193658403627684
1,mismatched,A,25,0.4605,21,-3.1888373341588747
1,mismatched,A,26,0.0731,44,-2.024445789495737
1,mismatched,A,27,0.8513,20,-2.2906720472557938
1,mismatched,A,28,0.6896,122,-2.564168755468897
1,mismatched,A,29,0.8794,29,-2.3627187829336216
1,mismatched,A,30,0.554,24,-1.7527346359347575
1,mismatched,A,31,0.1461,15,-2.1985337932904563
1,mismatched,A,32,0.6097,18,-3.0725432820618153
1,mismatched,A,33,0.4491,30,-4.010113217433294
1,mismatched,A,34,0.0466,15,-2.242960259815057
1,mismatched,A,35,0.0583,33,-2.6336681657103878
1,mismatched,A,36,0.7447,89,-2.5522821840102226
1,mismatched,A,37,0.5029,31,-2.1069633933084626
1,mismatched,A,38,0.9424,39,-2.563119449796012
1,mismatched,A,39,0.4006,33,-2.651917916017048
1,mismatched,A,40,0.3712,42,-2.2383984264673753
1,mismatched,A,41,0.79,44,-2.311881420312354
1,mismatched,A,42,0.5773,30,-3.1516819474830604
1,mismatched,A,43,0.2903,49,-2.622664417969348
1,mismatched,A,44,0.5691,33,-2.8640637060514456
1,mismatched,A,45,0.4875,42,-2.1783031601614007
1,mismatched,A,46,0.2888,13,-3.2752141723266015
1,mismatched,A,47,0.3898,57,-1.7587199925254569
1,mismatched,A,48,0.9239,34,-2.9933052686974406
1,mismatched,A,49,0.0679,32,-2.8262149501242675
1,mismatched,A,50,0.1264,79,-3.157841284685662
1,mismatched,A,51,0.3208,49,-2.6187768149693325
1,mismatched,A,52,0.6332,33,-2.7848670280425614
1,mismatched,A,53,0.5648,51,-2.755754113834187
1,mismatched,A,54,0.2287,14,-2.6629024444014897
1,mismatched,A,55,0.8563,16,-2.151161335306824
1,mismatched,A,56,0.4336,27,-2.2863782496122576
1,mismatched,A,57,0.3304,23,-2.4852101621420486
1,mismatched,A,58,0.6483,22,-3.569067917764187
1,mismatched,A,59,0.5574,21,-3.4228828093480494
1,mismatched,A,60,0.0349,37,-3.2002523986355644
1,mismatched,A,61,0.7723,24,-3.2813594831447213
1,mismatched,A,62,0.2756,31,-3.3690892008523785
1,mismatched,A,63,0.1031,33,-2.640268972609192
1,mismatched,A,64,0.2261,37,-2.0510526304762506
1,mismatched,A,65,0.8991,13,-2.5233993369799395
1,mismatched,A,66,0.1339,42,-1.9354839743602843
1,mismatched,A,67,0.4552,22,-0.8233189889737829
1,mismatched,A,68,0.5061,27,-2.3238899409253566
1,mismatched,A,69,0.062,22,-1.492482079796239
1,mismatched,A,70,0.0103,16,-2.2343593963887542
1,mismatched,A,71,0.7386,27,-2.717499678057653
1,mismatched,A,72,0.6459,17,-2.689038211808485
1,mismatched,A,73,0.0484,16,-2.0099645557056647
1,mismatched,A,74,0.4921,39,-2.1197474818125976
1,mismatched,A,75,0.7743,36,-0.8686520954490535
1,mismatched,A,76,0.5452,15,-1.2110431953022878
1,mismatched,A,77,0.1656,16,-2.034411471540807
1,mismatched,A,78,0.7353,37,-3.4707263671868556
1,mismatched,A,79,0.4423,15,-3.1152308583259583
1,mismatched,A,80,0.3169,28,-3.309248630755714
1,mismatched,A,81,0.9698,11,-1.6033135097135196
1,mismatched,A,82,0.1623,27,-2.8810173780484885
1,mismatched,A,83,0.5989,41,-2.4964585251106723
1,mismatched,A,84,0.2792,35,-2.671442461013794
1,mismatched,A,85,0.0385,18,-2.734460085319976
1,mismatched,A,86,0.1899,21,-4.055360298781168
1,mismatched,A,87,0.8834,76,-3.196425718445282
1,mismatched,A,88,0.1693,13,-2.785829335451126
1,mismatched,A,89,0.0888,20,-3.736618825979531
1,mismatched,A,90,0.4061,56,-1.7956552958338372
1,mismatched,A,91,0.0054,38,-0.7760757750358224
1,mismatched,A,92,0.1853,58,-2.7603451681874316
1,mismatched,A,93,0.9966,19,-3.57887243597131
1,mismatched,A,94,0.6389,24,-2.7812126595332907
1,mismatched,A,95,0.0794,37,-1.5707512800487362
1,mismatched,A,96,0.3076,35,-2.03814709524491
1,mismatched,A,97,0.1116,42,-3.4064259750857238
1,mismatched,A,98,0.2937,15,-2.2877866167575123
1,mismatched,A,99,0.3864,26,-0.8795720409353425
1,mismatched,A,100,0.2069,26,-3.8295625379273237
1,mismatched,A,101,0.9226,12,-3.3812648014475903
1,mismatched,A,102,0.4356,31,-1.9772046807667076
1,mismatched,A,103,0.8329,19,-2.3301670694827887
1,mismatched,A,104,0.5803,23,-2.0062006748902723
1,mismatched,A,105,0.9553,15,-3.6024870788057646
1,mismatched,A,106,0.9529,23,-2.247128139330965
1,mismatched,A,107,0.8177,30,-2.6252788484445775
1,mismatched,A,108,0.1547,16,-3.80388866038993
1,mismatched,A,109,0.3806,34,-1.5823550674600375
1,mismatched,A,110,0.8466,22,-1.4683146137236194
1,mismatched,A,111,0.6251,22,-2.9072833589532157
1,mismatched,A,112,0.3153,12,-3.0793193926413855
1,mismatched,A,113,0.2981,47,-1.715600205366153
1,mismatched,A,114,0.6423,36,-3.5719061767384925
1,mismatched,A,115,0.8202,56,-2.864862919907734
1,mismatched,A,116,0.4473,29,-1.9369828360042824
1,mismatched,A,117,0.9454,20,-2.623266309336759
1,mismatched,A,118,0.4189,32,-2.0714245307754027
1,mismatched,A,119,0.9947,18,-4.346072923805979
1,mismatched,A,120,0.3362,57,-2.1537190113196725
1,mismatched,A,121,0.4706,86,-2.027022874508697
1,mismatched,A,122,0.4304,25,-2.8009129721857606
1,mismatched,A,123,0.4649,26,-2.285000699554355
1,mismatched,A,124,0.4176,16,-2.124821245102794
1,mismatched,A,125,0.1789,59,-2.8075188239242177
1,mismatched,A,126,0.7787,21,-3.410866568131106
1,mismatched,A,127,0.5247,24,-2.9520574162888806
1,mismatched,A,128,0.5865,19,-1.6063749393644302
1,mismatched,A,129,0.8309,18,-2.466872248902089
1,mismatched,A,130,0.9506,22,-1.6036598967554958
1,mismatched,A,131,0.7827,31,-2.738858544117501
1,mismatched,A,132,0.1408,17,-2.8891334610936394
1,mismatched,A,133,0.1571,65,-2.210183892886226
1,mismatched,A,134,0.5823,44,-3.106982063248076
1,mismatched,A,135,0.7974,72,-2.350943427221662
1,mismatched,A,136,0.2846,17,-2.6226605751058636
1,mismatched,A,137,0.9774,11,-3.243063998493281
1,mismatched,A,138,0.5392,22,-1.6036598967554958
1,mismatched,A,139,0.1434,37,-1.1747256839259315
1,mismatched,A,140,0.0186,24,-1.177782853887038
1,mismatched,A,141,0.9105,37,-1.4355460808933336
1,mismatched,A,142,0.5277,28,-1.2202096435815162
1,mismatched,A,143,0.3603,158,-2.634456610414671
1,mismatched,A,144,0.2649,32,-3.2586322135757655
1,mismatched,A,145,0.0918,11,-2.82292883775451
1,mismatched,A,146,0.3022,11,-3.1464658108624546
1,mismatched,A,147,0.398,20,-1.7749718765495346
1,mismatched,A,148,0.4388,21,-3.4786054914196334
1,mismatched,A,149,0.1673,24,-2.478574207988762
1,mismatched,A,150,0.31,38,-3.03882341927812
1,mismatched,A,151,0.812,22,-1.4153533986007625
1,mismatched,A,152,0.6683,42,-3.285853452758775
1,mismatched,A,153,0.5589,31,-1.1107758796635843
1,mismatched,A,154,0.8771,25,-2.6202656619471965
1,mismatched,A,155,0.8083,15,-2.450712223351002
1,mismatched,A,156,0.3783,32,-0.9292750822714879
1,mismatched,A,157,0.6656,33,-3.4254607035016473
1,mismatched,A,158,0.2863,25,-3.314119327086955
1,mismatched,A,159,0.683,92,-2.5972058145815264
1,mismatched,A,160,0.3131,23,-2.8419952694751807
1,mismatched,A,161,0.9008,23,-2.3536262298407764
1,mismatched,A,162,0.1957,21,-1.3680883947152844
1,mismatched,A,163,0.5908,13,-1.839889225227615
1,mismatched,A,164,0.781,13,-4.113571711457693
1,mismatched,A,165,0.2474,12,-2.6702761314809322
1,mismatched,A,166,0.233,17,-2.2616366878809298
1,mismatched,A,167,0.8934,15,-3.832873664299647
1,mismatched,A,168,0.6714,64,-3.460019284117152
1,mismatched,A,169,0.93,56,-2.734579042960312
1,mismatched,A,170,0.2244,17,-1.8175823464989662
1,mismatched,A,171,0.0296,23,-3.251974426533865
1,mismatched,A,172,0.5962,29,-3.3441375505752715
1,mismatched,A,173,0.8891,33,-3.1547166810681424
1,mismatched,A,174,0.4785,27,-1.7956538753480547
1,mismatched,A,175,0.9681,15,-0.6740773046544443
1,mismatched,A,176,0.6505,19,-2.6408018846260872
1,mismatched,A,177,0.1,23,-1.479229139973936
1,mismatched,A,178,0.7094,59,-2.2889573618481567
1,mismatched,A,179,0.7872,16,-2.6902650631964207
1,mismatched,A,180,0.9274,15,-1.6833298265933991
1,mismatched,A,181,0.7504,36,-3.144600035942858
1,mismatched,A,182,0.5301,22,-2.611140721668066
1,mismatched,A,183,0.7163,64,-2.576836136463953
1,mismatched,A,184,0.2716,44,-2.48032092518406
1,mismatched,A,185,0.1828,26,-3.0260225055882564
1,mismatched,A,186,0.4441,28,-2.390114377912791
1,mismatched,A,187,0.9405,21,-2.1419543177776394
1,mismatched,A,188,0.7582,34,-0.7837592151280499
1,mismatched,A,189,0.815,16,-2.267117931274697
1,mismatched,A,190,0.8668,15,-0.14424186118121723
1,mismatched,A,191,0.0849,25,-2.8011934954836035
1,mismatched,A,192,0.3839,18,-1.271388781321649
1,mismatched,A,193,0.0156,23,-1.7148169402017905
1,mismatched,A,194,0.6764,77,-3.5853922284365476
1,mismatched,A,195,0.6115,18,-1.7624691680021998
1,mismatched,A,196,0.838,23,-3.5806688426629356
1,mismatched,A,197,0.7681,22,-2.7688803781162608
1,mismatched,A,198,0.974,20,-0.1640914178948151
1,mismatched,A,199,0.7222,181,-2.5899152277567574
1,mismatched,B,0,0.0,15,-0.005268163095994775
1,mismatched,B,1,0.1532,21,-0.011612346366746351
1,mismatched,B,2,0.2069,21,-0.013650274435349274
1,mismatched,B,3,0.2603,38,-0.024036079610691798
1,mismatched,B,4,0.3345,30,-0.004787166414219731
1,mismatched,B,5,0.3955,29,-0.013829350853358909
1,mismatched,B,6,0.4707,108,-0.017464952746144666
1,mismatched,B,7,0.6437,30,-0.003980086011870299
1,mismatched,B,8,0.7054,63,-0.02683908697130507
1,mismatched,B,9,0.8159,15,-0.04345657694696759
1,mismatched,B,10,0.8586,84,-0.005717567356051794
2,cold,A,0,0.8925,18,-1.886829674994159
2,cold,A,1,0.2288,38,-1.6049638351005822
2,cold,A,2,0.5457,25,-2.198808083141048
2,cold,A,3,0.9429,34,-1.255136419488682
2,cold,A,4,0.8026,31,-2.4540321100352993
2,cold,A,5,0.8707,11,-1.7318469401110301
2,cold,A,6,0.0324,22,-1.3738252162848683
2,cold,A,7,0.8649,26,-3.289627695460065
2,cold,A,8,0.4468,117,-2.69498489063904
2,cold,A,9,0.2203,20,-2.019867567718029
2,cold,A,10,0.8129,32,-2.3608866472059162
2,cold,A,11,0.8313,26,-2.823818972540231
2,cold,A,12,0.4552,54,-2.8168168784587007
2,cold,A,13,0.1939,24,-1.4500194087399148
2,cold,A,14,0.9096,14,-3.731250286102295
2,cold,A,15,0.1595,12,-1.5442481806191306
2,cold,A,16,0.1254,13,-3.4219275197157493
2,cold,A,17,0.8635,18,-2.4182821272148027
2,cold,A,18,0.0,25,-2.18199760600226
2,cold,A,19,0.5874,51,-2.3229156744503188
2,cold,A,20,0.1019,12,-2.52559222036507
2,cold,A,21,0.3962,41,-2.8076934921910146
2,cold,A,22,0.1103,19,-4.027900817681496
2,cold,A,23,0.1982,33,-2.510076558097463
2,cold,A,24,0.0264,61,-2.6280364815296497
2,cold,A,25,0.585,20,-2.46970424503088
2,cold,A,26,0.5079,39,-3.068929953011087
2,cold,A,27,0.2416,36,-2.3870366810070767
2,cold,A,28,0.5594,21,-2.430818342204605
2,cold,A,29,0.5343,20,-2.8212861450305353
2,cold,A,30,0.2311,35,-2.2020961195030915
2,cold,A,31,0.2589,33,-3.4662242961454797
2,cold,A,32,0.7274,21,-1.6782389609586625
2,cold,A,33,0.3665,25,-2.753295845263638
2,cold,A,34,0.0502,31,-2.3234006616872764
2,cold,A,35,0.6333,28,-0.4868894375993997
2,cold,A,36,0.4093,156,-2.512861140704608
2,cold,A,37,0.8295,19,-4.467347337018796
2,cold,A,38,0.3732,53,-1.3375348989137357
2,cold,A,39,0.5636,29,-3.4135900006212037
2,cold,A,40,0.0995,16,-1.0726149962279976
2,cold,A,41,0.8448,30,-1.2856530927424805
2,cold,A,42,0.8161,21,-1.7526030665384107
2,cold,A,43,0.4973,31,-1.4088102189087939
2,cold,A,44,0.5613,36,-2.405550580381613
2,cold,A,45,0.8187,24,-0.8790027867610964
2,cold,A,46,0.5774,17,-2.2088286512914825
2,cold,A,47,0.6485,16,-3.157561776228249
2,cold,A,48,0.5958,30,-2.221111656411085
2,cold,A,49,0.6126,43,-2.611086773656838
2,cold,A,50,0.3881,17,-1.5138824985855643
2,cold,A,51,0.4444,29,-3.9013896253409572
2,cold,A,52,0.4002,15,-0.7369220435716367
2,cold,A,53,0.0806,59,-2.665393306932933
2,cold,A,54,0.7561,76,-1.9651356680011591
2,cold,A,55,0.4825,16,-3.2262905429161037
2,cold,A,56,0.9295,17,-1.6476851390291225
2,cold,A,57,0.8981,30,-1.905969039032546
2,cold,A,58,0.4951,30,-2.3234631591942163
2,cold,A,59,0.5678,15,-2.9613732936171195
2,cold,A,60,0.6862,34,-1.7498182888307117
2,cold,A,61,0.2123,35,-1.9902815674631191
2,cold,A,62,0.4724,59,-2.389239478842513
2,cold,A,63,0.5691,35,-1.9505527417075688
2,cold,A,64,0.2574,14,-2.350654828187544
2,cold,A,65,0.0144,19,-3.324897438287735
2,cold,A,66,0.926,16,-2.8929607884492725
2,cold,A,67,0.9671,144,-2.759070593433636
2,cold,A,68,0.0668,29,-2.1052282628089447
2,cold,A,69,0.8365,24,-3.6729578636586666
2,cold,A,70,0.4685,22,-2.284346917644143
2,cold,A,71,0.0366,17,-1.9613409969820434
2,cold,A,72,0.0211,22,-1.99024140662302
2,cold,A,73,0.7135,17,-4.93235931589323
2,cold,A,74,0.481,15,-2.139363558900853
2,cold,A,75,0.7109,30,-1.8888077143327489
2,cold,A,76,0.3899,23,-2.157332499693755
2,cold,A,77,0.7908,16,-3.878905674779162
2,cold,A,78,0.1399,16,-2.0546226669102907
2,cold,A,79,0.2185,25,-3.8270631013810634
2,cold,A,80,0.6264,40,-3.32037934710097
2,cold,A,81,0.9202,30,-1.9702251416973013
2,cold,A,82,0.9051,15,-0.7369220435716367
2,cold,A,83,0.6938,23,-2.508492269917675
2,cold,A,84,0.2906,159,-2.8085539660990566
2,cold,A,85,0.3027,58,-2.13364731318425
2,cold,A,86,0.3447,18,-2.596468976388375
2,cold,A,87,0.7412,21,-2.264044003827231
2,cold,A,88,0.3862,18,-1.7863947241583245
2,cold,A,89,0.6372,26,-1.365605918417434
2,cold,A,90,0.1826,22,-0.37029005333732296
2,cold,A,91,0.736,27,-1.579636926288475
2,cold,A,92,0.8496,26,-2.1976880964178305
2,cold,A,93,0.33,63,-2.4233727700937178
2,cold,A,94,0.1565,23,-2.875163243190795
2,cold,A,95,0.3343,12,-1.6301425888668746
2,cold,A,96,0.4996,47,-2.9092420434301838
2,cold,A,97,0.0382,25,-2.1449033549427985
2,cold,A,98,0.753,20,-2.2592551661655307
2,cold,A,99,0.8855,39,-2.9370232539203687
2,cold,A,100,0.8619,16,-2.303085501640453
2,cold,A,101,0.4795,13,-1.6522883218936981
2,cold,A,102,0.644,27,-1.7288889126438234
2,cold,A,103,0.2389,33,-2.7898199041515137
2,cold,A,104,0.7548,12,-2.890019103884697
2,cold,A,105,0.6571,26,-1.5030811938553457
2,cold,A,106,0.7385,27,-1.572495847792231
2,cold,A,107,0.1628,53,-2.5138971701765187
2,cold,A,108,0.2847,29,-2.528434319774909
2,cold,A,109,0.2521,20,-2.8944598709160347
2,cold,A,110,0.3565,22,-2.205959145911038
2,cold,A,111,0.8812,40,-3.344754146784544
2,cold,A,112,0.1317,14,-1.5373256109721427
2,cold,A,113,0.5524,18,-3.78922219046702
2,cold,A,114,0.9348,20,-1.2341427340405062
2,cold,A,115,0.5575,29,-1.33986815683351
2,cold,A,116,0.9513,14,-2.552769274978865
2,cold,A,117,0.1779,16,-1.4866891956603467
2,cold,A,118,0.2365,25,-2.4635949778556823
2,cold,A,119,0.075,56,-1.8949762755905144
2,cold,A,120,0.1281,20,-2.408025722159073
2,cold,A,121,0.2643,38,-3.117765626821079
2,cold,A,122,0.3263,27,-2.117731358476535
2,cold,A,123,0.3764,21,-2.6891512892075946
2,cold,A,124,0.7466,23,-2.9816511576671316
2,cold,A,125,0.5721,35,-2.343886681153838
2,cold,A,126,0.9119,19,-2.7771034991662753
2,cold,A,127,0.0353,11,-0.9267088507132774
2,cold,A,128,0.3381,15,-1.2978244576603175
2,cold,A,129,0.3359,25,-0.9729982379520515
2,cold,A,130,0.3524,30,-0.9091973670040413
2,cold,A,131,0.0653,32,-1.2224594832314324
2,cold,A,132,0.9609,74,-2.350588728042911
2,cold,A,133,0.7967,24,-2.591476601238052
2,cold,A,134,0.6684,20,-3.2842875637114046
2,cold,A,135,0.4332,160,-3.0278299173009144
2,cold,A,136,0.9075,32,-3.785353937506443
2,cold,A,137,0.2755,29,-1.9688929983242596
2,cold,A,138,0.7304,33,-2.231953046097095
2,cold,A,139,0.1547,27,-1.348760527352742
2,cold,A,140,0.4643,55,-2.4552774823019385
2,cold,A,141,0.8669,16,-1.8834904759678466
2,cold,A,142,0.6745,25,-2.7135458463645046
2,cold,A,143,0.6079,17,-2.9727936508955763
2,cold,A,144,0.1876,14,-1.1192020445845887
2,cold,A,145,0.4615,27,-2.2902423777720995
2,cold,A,146,0.4026,74,-2.37687035819761
2,cold,A,147,0.6955,25,-1.9963566338433885
2,cold,A,148,0.4923,30,-2.632831636009117
2,cold,A,149,0.6206,22,-2.145160713025689
2,cold,A,150,0.5907,36,-1.9993903278276168
2,cold,A,151,0.6156,33,-1.8216740717038964
2,cold,A,152,0.7843,12,-3.291244000196457
2,cold,A,153,0.9162,38,-1.2311805367460478
2,cold,A,154,0.2711,55,-2.1894436527424577
2,cold,A,155,0.1723,17,-2.749089436900035
2,cold,A,156,0.0034,22,-2.5469271907244218
2,cold,A,157,0.9893,61,-2.1841497105531027
2,cold,A,158,0.2441,52,-3.139361175239593
2,cold,A,159,0.0959,29,-1.1778521297644053
2,cold,A,160,0.7817,11,-2.6303639845414595
2,cold,A,161,0.2678,45,-2.1654764844929257
2,cold,A,162,0.4769,24,-2.455760096432641
2,cold,A,163,0.6985,68,-3.0455222307290946
2,cold,A,164,0.3244,22,-1.6364515209993855
2,cold,A,165,0.3917,15,-3.344383219567438
2,cold,A,166,0.3617,23,-2.2031861963054244
2,cold,A,167,0.7999,18,-2.4978587611371443
2,cold,A,168,0.7628,28,-3.1278850956420814
2,cold,A,169,0.6819,18,-0.8286124004179227
2,cold,A,170,0.5109,131,-2.4133512060924875
2,cold,A,171,0.5362,49,-3.2968395874991168
2,cold,A,172,0.9458,49,-1.6058016327886584
2,cold,A,173,0.7801,12,-1.9427506377299626
2,cold,A,174,0.7085,32,-1.6135153664508834
2,cold,A,175,0.6228,43,-3.5839289222745125
2,cold,A,176,0.9556,18,-2.8163554712405636
2,cold,A,177,0.3691,56,-1.339527580782065
2,cold,A,178,0.8683,20,-2.377451009117067
2,cold,A,179,0.2094,42,-1.7464366824077886
2,cold,A,180,0.0851,26,-2.112932389172224
2,cold,A,181,0.9852,56,-2.846477282466367
2,cold,A,182,0.1471,39,-2.0127985298257465
2,cold,A,183,0.6463,36,-2.7175854151080583
2,cold,A,184,0.9578,44,-2.3153252971877176
2,cold,A,185,0.7191,23,-1.991232636806039
2,cold,A,186,0.5266,36,-2.6676972368990794
2,cold,A,187,0.9413,21,-0.5719541258418931
2,cold,A,188,0.8425,28,-2.437687269894273
2,cold,A,189,0.4201,200,-2.8231828128133203
2,cold,A,190,0.1032,27,-2.1189593884886966
2,cold,A,191,0.063,32,-1.6566961300450203
2,cold,A,192,0.5428,45,-2.082934413987419
2,cold,A,193,0.6595,38,-1.9069002384057967
2,cold,A,194,0.0609,36,-1.7692631569290016
2,cold,A,195,0.0249,13,-2.6213064319812336
2,cold,A,196,0.1229,19,-2.828892626260456
2,cold,A,197,0.2497,37,-2.727007904698808
2,cold,A,198,0.1763,16,-2.3554771838435045
2,cold,A,199,0.9938,82,-2.188132605144169
2,cold,B,0,0.0859,16,-0.014985287178205908
2,cold,B,1,0.1397,37,-0.0028311192688085392
2,cold,B,2,0.2329,40,-0.003171641807148262
2,cold,B,3,0.3039,16,-0.009531852476357017
2,cold,B,4,0.3407,16,-0.007626140087040767
2,cold,B,5,0.3845,25,-0.007771709926018957
2,cold,B,6,0.4393,24,-0.0071836817599736
2,cold,B,7,0.5033,33,-0.004805187099422751
2,cold,B,8,0.567,18,-0.0189731332163016
2,cold,B,9,0.6145,15,-0.011250905708099406
2,cold,B,10,0.6762,22,-0.008124142514795742
2,cold,B,11,0.7233,29,-0.002561511211062115
2,cold,B,12,0.7887,18,-0.008948772544600716
2,cold,B,13,0.8255,16,-0.009230307634993551
2,cold,B,14,0.8839,18,-0.005681386993577083
2,cold,B,15,0.9506,25,-0.01549229776719585
2,warm,A,0,0.8925,18,-1.830820933010222
2,warm,A,1,0.2288,38,-1.6466874256232251
2,warm,A,2,0.5457,25,-2.17520001842262
2,warm,A,3,0.9429,34,-1.207982408837886
2,warm,A,4,0.8026,31,-2.399120268825021
2,warm,A,5,0.8707,11,-1.7771338485181332
2,warm,A,6,0.0324,22,-1.3386225810443813
2,warm,A,7,0.8649,26,-3.35076417286249
2,warm,A,8,0.4468,117,-2.6429820910404493
2,warm,A,9,0.2203,20,-1.993194854259491
2,warm,A,10,0.8129,32,-2.279019477929978
2,warm,A,11,0.8313,26,-2.7770288067359408
2,warm,A,12,0.4552,54,-2.798448100329282
2,warm,A,13,0.1939,24,-1.393993324328439
2,warm,A,14,0.9096,14,-3.743231270994459
2,warm,A,15,0.1595,12,-1.5643771744022767
2,warm,A,16,0.1254,13,-3.415651555244739
2,warm,A,17,0.8635,18,-2.3591104257437916
2,warm,A,18,0.0,25,-2.1323247493733652
2,warm,A,19,0.5874,51,-2.3612918998719667
2,warm,A,20,0.1019,12,-2.472090163374863
2,warm,A,21,0.3962,41,-2.8111006784630463
2,warm,A,22,0.1103,19,-3.949451443788252
2,warm,A,23,0.1982,33,-2.3549000368891
2,warm,A,24,0.0264,61,-2.6140419105606987
2,warm,A,25,0.585,20,-2.393801321089268
2,warm,A,26,0.5079,39,-3.214021941885734
2,warm,A,27,0.2416,36,-2.3841332148553596
2,warm,A,28,0.5594,21,-2.4189007915112946
2,warm,A,29,0.5343,20,-2.859120486172651
2,warm,A,30,0.2311,35,-2.2265387735046844
2,warm,A,31,0.2589,33,-3.354670921615748
2,warm,A,32,0.7274,21,-1.5360533991340726
2,warm,A,33,0.3665,25,-2.687238434264436
2,warm,A,34,0.0502,31,-2.364323510029804
2,warm,A,35,0.6333,28,-0.508530123150974
2,warm,A,36,0.4093,156,-2.4104100459919255
2,warm,A,37,0.8295,19,-4.470221317244547
2,warm,A,38,0.3732,53,-1.3283543944117757
2,warm,A,39,0.5636,29,-3.393329681314785
2,warm,A,40,0.0995,16,-1.020586316473704
2,warm,A,41,0.8448,30,-1.2465196825130078
2,warm,A,42,0.8161,21,-1.790935027790727
2,warm,A,43,0.4973,31,-1.4880418496266488
2,warm,A,44,0.5613,36,-2.4359032451694578
2,warm,A,45,0.8187,24,-0.8481212157918586
2,warm,A,46,0.5774,17,-2.2179933190345764
2,warm,A,47,0.6485,16,-3.1618606550619006
2,warm,A,48,0.5958,30,-2.257578245527111
2,warm,A,49,0.6126,43,-2.6009698802595795
2,warm,A,50,0.3881,17,-1.5308850650702988
2,warm,A,51,0.4444,29,-3.767174714116444
2,warm,A,52,0.4002,15,-0.8591506428609137
2,warm,A,53,0.0806,59,-2.659082928060759
2,warm,A,54,0.7561,76,-1.9585242342781337
2,warm,A,55,0.4825,16,-3.268041098708636
2,warm,A,56,0.9295,17,-1.5515533091349747
2,warm,A,57,0.8981,30,-1.7253711047427107
2,warm,A,58,0.4951,30,-2.207700752505722
2,warm,A,59,0.5678,15,-3.0746622504511225
2,warm,A,60,0.6862,34,-1.824284799711142
2,warm,A,61,0.2123,35,-1.8372779361438005
2,warm,A,62,0.4724,59,-2.3315670661922616
2,warm,A,63,0.5691,35,-1.8878893510737855
2,warm,A,64,0.2574,14,-2.366273553927645
2,warm,A,65,0.0144,19,-3.2705697636855278
2,warm,A,66,0.926,16,-2.73883897846099
2,warm,A,67,0.9671,144,-2.694969848721586
2,warm,A,68,0.0668,29,-2.1026659417307356
2,warm,A,69,0.8365,24,-3.6625634084145227
2,warm,A,70,0.4685,22,-2.185042492547919
2,warm,A,71,0.0366,17,-2.0173790812708936
2,warm,A,72,0.0211,22,-1.9764098020968959
2,warm,A,73,0.7135,17,-4.742119179929004
2,warm,A,74,0.481,15,-2.0282509261742234
2,warm,A,75,0.7109,30,-1.9194176981089792
2,warm,A,76,0.3899,23,-2.0788446003216845
2,warm,A,77,0.7908,16,-3.828551824131864
2,warm,A,78,0.1399,16,-2.089505434501916
2,warm,A,79,0.2185,25,-3.684555323794484
2,warm,A,80,0.6264,40,-3.327341331267962
2,warm,A,81,0.9202,30,-2.013936771584243
2,warm,A,82,0.9051,15,-0.8591506428609137
2,warm,A,83,0.6938,23,-2.389274999377844
2,warm,A,84,0.2906,159,-2.741172647844625
2,warm,A,85,0.3027,58,-1.9521229904386364
2,warm,A,86,0.3447,18,-2.5453983664305673
2,warm,A,87,0.7412,21,-2.1121465067068734
2,warm,A,88,0.3862,18,-1.7098347262904605
2,warm,A,89,0.6372,26,-1.1464359107842308
2,warm,A,90,0.1826,22,-0.3781736500529653
2,warm,A,91,0.736,27,-1.563771824530839
2,warm,A,92,0.8496,26,-2.13708984794525
2,warm,A,93,0.33,63,-2.4248426578890916
2,warm,A,94,0.1565,23,-2.8740832239146465
2,warm,A,95,0.3343,12,-1.493473270306519
2,warm,A,96,0.4996,47,-2.824862335902698
2,warm,A,97,0.0382,25,-2.1381810861825943
2,warm,A,98,0.753,20,-2.2473633985966446
2,warm,A,99,0.8855,39,-2.8003097408680984
2,warm,A,100,0.8619,16,-2.4106350343936356
2,warm,A,101,0.4795,13,-1.6878954779721635
2,warm,A,102,0.644,27,-1.675341830002489
2,warm,A,103,0.2389,33,-2.8219243352386085
2,warm,A,104,0.7548,12,-2.902971215546131
2,warm,A,105,0.6571,26,-1.4450960722628783
2,warm,A,106,0.7385,27,-1.5205476401504172
2,warm,A,107,0.1628,53,-2.493196677194715
2,warm,A,108,0.2847,29,-2.4325609206832173
2,warm,A,109,0.2521,20,-2.9201389059860956
2,warm,A,110,0.3565,22,-2.2161617164754053
2,warm,A,111,0.8812,40,-3.2926927564665673
2,warm,A,112,0.1317,14,-1.4949894597687359
2,warm,A,113,0.5524,18,-3.6311739823884435
2,warm,A,114,0.9348,20,-1.0352879985235632
2,warm,A,115,0.5575,29,-1.2916185409633507
2,warm,A,116,0.9513,14,-2.4683640702777274
2,warm,A,117,0.1779,16,-1.5897247739144404
2,warm,A,118,0.2365,25,-2.4138041663169862
2,warm,A,119,0.075,56,-1.911739379782895
2,warm,A,120,0.1281,20,-2.3294364880537612
2,warm,A,121,0.2643,38,-2.9064629104380546
2,warm,A,122,0.3263,27,-2.1095431154179902
2,warm,A,123,0.3764,21,-2.837730896251742
2,warm,A,124,0.7466,23,-2.9850662669328893
2,warm,A,125,0.5721,35,-2.3313405192182732
2,warm,A,126,0.9119,19,-2.74760048944307
2,warm,A,127,0.0353,11,-0.9001216560136527
2,warm,A,128,0.3381,15,-1.1501439122483135
2,warm,A,129,0.3359,25,-0.8957843206274628
2,warm,A,130,0.3524,30,-0.8996434870127511
2,warm,A,131,0.0653,32,-1.1979311062132183
2,warm,A,132,0.9609,74,-2.3274858157870963
2,warm,A,133,0.7967,24,-2.6392986816354096
2,warm,A,134,0.6684,20,-3.305814108997583
2,warm,A,135,0.4332,160,-2.9401428958288305
2,warm,A,136,0.9075,32,-3.611468558636261
2,warm,A,137,0.2755,29,-1.9616895694133087
2,warm,A,138,0.7304,33,-2.242123208275933
2,warm,A,139,0.1547,27,-1.2713234586246673
2,warm,A,140,0.4643,55,-2.4167321881522765
2,warm,A,141,0.8669,16,-1.9961581049519737
2,warm,A,142,0.6745,25,-2.6812677588563747
2,warm,A,143,0.6079,17,-2.912243163630859
2,warm,A,144,0.1876,14,-0.9983265289795652
2,warm,A,145,0.4615,27,-2.3000497031887925
2,warm,A,146,0.4026,74,-2.22791491519987
2,warm,A,147,0.6955,25,-2.0457794462004677
2,warm,A,148,0.4923,30,-2.6334026750953248
2,warm,A,149,0.6206,22,-2.1875316473200326
2,warm,A,150,0.5907,36,-2.0235513190349996
2,warm,A,151,0.6156,33,-1.7980694058492328
2,warm,A,152,0.7843,12,-3.1878337214390435
2,warm,A,153,0.9162,38,-1.13624378580426
2,warm,A,154,0.2711,55,-2.281487541849492
2,warm,A,155,0.1723,17,-2.6867182796910023
2,warm,A,156,0.0034,22,-2.4369260317339054
2,warm,A,157,0.9893,61,-2.0441637348811157
2,warm,A,158,0.2441,52,-3.166158109438094
2,warm,A,159,0.0959,29,-1.152517158499967
2,warm,A,160,0.7817,11,-2.538557291030884
2,warm,A,161,0.2678,45,-2.1674147609325396
2,warm,A,162,0.4769,24,-2.387615281428831
2,warm,A,163,0.6985,68,-2.949272786390044
2,warm,A,164,0.3244,22,-1.6452893049202182
2,warm,A,165,0.3917,15,-3.398347020894289
2,warm,A,166,0.3617,23,-2.069276094494853
2,warm,A,167,0.7999,18,-2.5023075484463737
2,warm,A,168,0.7628,28,-3.0695298284159174
2,warm,A,169,0.6819,18,-0.7038631176531251
2,warm,A,170,0.5109,131,-2.333851185803238
2,warm,A,171,0.5362,49,-3.321897736268845
2,warm,A,172,0.9458,49,-1.4642377188631552
2,warm,A,173,0.7801,12,-1.875792137036721
2,warm,A,174,0.7085,32,-1.6454529670299962
2,warm,A,175,0.6228,43,-3.493961671276592
2,warm,A,176,0.9556,18,-2.733772854825171
2,warm,A,177,0.3691,56,-1.3475588335627597
2,warm,A,178,0.8683,20,-2.2025246446952225
2,warm,A,179,0.2094,42,-1.7245115919504315
2,warm,A,180,0.0851,26,-2.0670520471265683
2,warm,A,181,0.9852,56,-2.6243302218749056
2,warm,A,182,0.1471,39,-1.93625264438705
2,warm,A,183,0.6463,36,-2.5832811033999152
2,warm,A,184,0.9578,44,-2.1712848008954264
2,warm,A,185,0.7191,23,-1.9745994362908632
2,warm,A,186,0.5266,36,-2.6549729387043044
2,warm,A,187,0.9413,21,-0.5663221683935695
2,warm,A,188,0.8425,28,-2.3529399307112078
2,warm,A,189,0.4201,200,-2.735514714859455
2,warm,A,190,0.1032,27,-2.069327086486198
2,warm,A,191,0.063,32,-1.631515226674992
2,warm,A,192,0.5428,45,-1.9742424351583596
2,warm,A,193,0.6595,38,-1.7919648666065768
2,warm,A,194,0.0609,36,-1.7925837482325733
2,warm,A,195,0.0249,13,-2.5464130270366487
2,warm,A,196,0.1229,19,-2.7018031054421474
2,warm,A,197,0.2497,37,-2.620487957856165
2,warm,A,198,0.1763,16,-2.338082716608369
2,warm,A,199,0.9938,82,-2.1054916337871408
2,warm,B,0,0.0859,16,-0.0050830732434405945
2,warm,B,1,0.1397,37,-0.004309913386375253
2,warm,B,2,0.2329,40,-0.002247518379590474
2,warm,B,3,0.3039,16,-0.014165073585900245
2,warm,B,4,0.3407,16,-0.008039306076739194
2,warm,B,5,0.3845,25,-0.009128066868943279
2,warm,B,6,0.4393,24,-0.005802945242824838
2,warm,B,7,0.5033,33,-0.010762594043405967
2,warm,B,8,0.567,18,-0.051084769889712334
2,warm,B,9,0.6145,15,-0.015523783377526948
2,warm,B,10,0.6762,22,-0.007106834071402607
2,warm,B,11,0.7233,29,-0.003010824802411913
2,warm,B,12,0.7887,18,-0.008110489011288437
2,warm,B,13,0.8255,16,-0.03574329409786969
2,warm,B,14,0.8839,18,-0.007806993899672913
2,warm,B,15,0.9506,25,-0.019632360872346908
2,mismatched,A,0,0.8925,18,-1.8639589358224637
2,mismatched,A,1,0.2288,38,-1.6340125129469303
2,mismatched,A,2,0.5457,25,-2.091623822719557
2,mismatched,A,3,0.9429,34,-1.2423662287097506
2,mismatched,A,4,0.8026,31,-2.4537648508520498
2,mismatched,A,5,0.8707,11,-1.7584408216855743
2,mismatched,A,6,0.0324,22,-1.3312009728344327
2,mismatched,A,7,0.8649,26,-3.326098132627801
2,mismatched,A,8,0.4468,117,-2.6756222817133146
2,mismatched,A,9,0.2203,20,-1.9776774317026138
2,mismatched,A,10,0.8129,32,-2.300815942704503
2,mismatched,A,11,0.8313,26,-2.7951713254039463
2,mismatched,A,12,0.4552,54,-2.779011883972325
2,mismatched,A,13,0.1939,24,-1.3802032870200094
2,mismatched,A,14,0.9096,14,-3.777339896985463
2,mismatched,A,15,0.1595,12,-1.5603291580143075
2,mismatched,A,16,0.1254,13,-3.362548353580328
2,mismatched,A,17,0.8635,18,-2.38665678517686
2,mismatched,A,18,0.0,25,-2.1706076406221837
2,mismatched,A,19,0.5874,51,-2.366720000536446
2,mismatched,A,20,0.1019,12,-2.483443100519556
2,mismatched,A,21,0.3962,41,-2.8289282358458787
2,mismatched,A,22,0.1103,19,-3.933122067246586
2,mismatched,A,23,0.1982,33,-2.4890530476960437
2,mismatched,A,24,0.0264,61,-2.6133073744799207
2,mismatched,A,25,0.585,20,-2.3895787306129934
2,mismatched,A,26,0.5079,39,-3.075811465133507
2,mismatched,A,27,0.2416,36,-2.3800505167132036
2,mismatched,A,28,0.5594,21,-2.424390892498195
2,mismatched,A,29,0.5343,20,-2.86369889175221
2,mismatched,A,30,0.2311,35,-2.231150859358188
2,mismatched,A,31,0.2589,33,-3.441063287544459
2,mismatched,A,32,0.7274,21,-1.565996815162223
2,mismatched,A,33,0.3665,25,-2.655128312623128
2,mismatched,A,34,0.0502,31,-2.3106587809611923
2,mismatched,A,35,0.6333,28,-0.45734955859474474
2,mismatched,A,36,0.4093,156,-2.432370834972132
2,mismatched,A,37,0.8295,19,-4.516961416836191
2,mismatched,A,38,0.3732,53,-1.3231740925084352
2,mismatched,A,39,0.5636,29,-3.274850880662943
2,mismatched,A,40,0.0995,16,-1.087956686853346
2,mismatched,A,41,0.8448,30,-1.234840517971452
2,mismatched,A,42,0.8161,21,-1.762267680637749
2,mismatched,A,43,0.4973,31,-1.4681909790022238
2,mismatched,A,44,0.5613,36,-2.436868463681296
2,mismatched,A,45,0.8187,24,-0.8718121948707752
2,mismatched,A,46,0.5774,17,-2.204818901331986
2,mismatched,A,47,0.6485,16,-3.1538020838052034
2,mismatched,A,48,0.5958,30,-2.222438196387763
2,mismatched,A,49,0.6126,43,-2.5679165632166185
2,mismatched,A,50,0.3881,17,-1.4665043023140991
2,mismatched,A,51,0.4444,29,-3.8142693084825217
2,mismatched,A,52,0.4002,15,-0.9256734064469735
2,mismatched,A,53,0.0806,59,-2.6945936005657254
2,mismatched,A,54,0.7561,76,-1.9606403904717329
2,mismatched,A,55,0.4825,16,-3.3300335617859673
2,mismatched,A,56,0.9295,17,-1.5351169530836426
2,mismatched,A,57,0.8981,30,-1.7997175515939792
2,mismatched,A,58,0.4951,30,-2.1976083871830876
2,mismatched,A,59,0.5678,15,-3.0535653316415847
2,mismatched,A,60,0.6862,34,-1.8087974057407872
2,mismatched,A,61,0.2123,35,-1.8621942592976015
2,mismatched,A,62,0.4724,59,-2.360063469210125
2,mismatched,A,63,0.5691,35,-1.8720670015152012
2,mismatched,A,64,0.2574,14,-2.3047742152578263
2,mismatched,A,65,0.0144,19,-3.3052500549115633
2,mismatched,A,66,0.926,16,-2.8164792420575395
2,mismatched,A,67,0.9671,144,-2.7226432384559303
2,mismatched,A,68,0.0668,29,-2.0965816045284336
2,mismatched,A,69,0.8365,24,-3.6347628136475882
2,mismatched,A,70,0.4685,22,-2.2378980749371378
2,mismatched,A,71,0.0366,17,-1.983714475436821
2,mismatched,A,72,0.0211,22,-2.0294376062493855
2,mismatched,A,73,0.7135,17,-4.726779446005821
2,mismatched,A,74,0.481,15,-2.065882589823256
2,mismatched,A,75,0.7109,30,-1.9213956509619796
2,mismatched,A,76,0.3899,23,-2.0675747424323596
2,mismatched,A,77,0.7908,16,-3.8087686914223013
2,mismatched,A,78,0.1399,16,-2.0745294666849077
2,mismatched,A,79,0.2185,25,-3.722151158154011
2,mismatched,A,80,0.6264,40,-3.367968549847137
2,mismatched,A,81,0.9202,30,-1.966438140308431
2,mismatched,A,82,0.9051,15,-0.9256734064469735
2,mismatched,A,83,0.6938,23,-2.383110552985707
2,mismatched,A,84,0.2906,159,-2.7850649622268975
2,mismatched,A,85,0.3027,58,-1.9846722773874779
2,mismatched,A,86,0.3447,18,-2.568234999457167
2,mismatched,A,87,0.7412,21,-2.1537454468863353
2,mismatched,A,88,0.3862,18,-1.709279045412485
2,mismatched,A,89,0.6372,26,-1.206813817004821
2,mismatched,A,90,0.1826,22,-0.38139155983786954
2,mismatched,A,91,0.736,27,-1.5638454488577769
2,mismatched,A,92,0.8496,26,-2.1486070224872003
2,mismatched,A,93,0.33,63,-2.4203084825832835
2,mismatched,A,94,0.1565,23,-2.830791528321519
2,mismatched,A,95,0.3343,12,-1.5544887629609245
2,mismatched,A,96,0.4996,47,-2.8700901851394867
2,mismatched,A,97,0.0382,25,-2.1087690530717373
2,mismatched,A,98,0.753,20,-2.2761306491680444
2,mismatched,A,99,0.8855,39,-2.8385782113824134
2,mismatched,A,100,0.8619,16,-2.4222320041735657
2,mismatched,A,101,0.4795,13,-1.6783806021300665
2,mismatched,A,102,0.644,27,-1.6895018817718934
2,mismatched,A,103,0.2389,33,-2.797246347379052
2,mismatched,A,104,0.7548,12,-2.8562014444420734
2,mismatched,A,105,0.6571,26,-1.3970082031647997
2,mismatched,A,106,0.7385,27,-1.5318456850164457
2,mismatched,A,107,0.1628,53,-2.502595101705014
2,mismatched,A,108,0.2847,29,-2.4578609028188834
2,mismatched,A,109,0.2521,20,-2.8857011310450615
2,mismatched,A,110,0.3565,22,-2.211287598040971
2,mismatched,A,111,0.8812,40,-3.3670943478122353
2,mismatched,A,112,0.1317,14,-1.500236882345884
2,mismatched,A,113,0.5524,18,-3.6266953446384935
2,mismatched,A,114,0.9348,20,-1.1290451347827912
2,mismatched,A,115,0.5575,29,-1.2892502542336246
2,mismatched,A,116,0.9513,14,-2.5157861401634625
2,mismatched,A,117,0.1779,16,-1.597457680970365
2,mismatched,A,118,0.2365,25,-2.4643239068984983
2,mismatched,A,119,0.075,56,-1.940185246989131
2,mismatched,A,120,0.1281,20,-2.3538721710443498
2,mismatched,A,121,0.2643,38,-2.9477571994311322
2,mismatched,A,122,0.3263,27,-2.122984214030482
2,mismatched,A,123,0.3764,21,-2.878000314868543
2,mismatched,A,124,0.7466,23,-2.98904421876954
2,mismatched,A,125,0.5721,35,-2.302326127341283
2,mismatched,A,126,0.9119,19,-2.772606245487144
2,mismatched,A,127,0.0353,11,-0.8983451196161861
2,mismatched,A,128,0.3381,15,-1.1687729788323244
2,mismatched,A,129,0.3359,25,-0.908913981203732
2,mismatched,A,130,0.3524,30,-0.9015160815508959
2,mismatched,A,131,0.0653,32,-1.2445209533452726
2,mismatched,A,132,0.9609,74,-2.330267498084435
2,mismatched,A,133,0.7967,24,-2.659732034429908
2,mismatched,A,134,0.6684,20,-3.2832283027470113
2,mismatched,A,135,0.4332,160,-2.9750593150401983
2,mismatched,A,136,0.9075,32,-3.6757339462346863
2,mismatched,A,137,0.2755,29,-1.9885764780573765
2,mismatched,A,138,0.7304,33,-2.2314669383084755
2,mismatched,A,139,0.1547,27,-1.3165568127156735
2,mismatched,A,140,0.4643,55,-2.462373218160792
2,mismatched,A,141,0.8669,16,-1.9386517368166096
2,mismatched,A,142,0.6745,25,-2.6941014349799297
2,mismatched,A,143,0.6079,17,-2.9976197101778403
2,mismatched,A,144,0.1876,14,-1.014727507657621
2,mismatched,A,145,0.4615,27,-2.325193739220224
2,mismatched,A,146,0.4026,74,-2.2939794688199244
2,mismatched,A,147,0.6955,25,-2.0663270302629098
2,mismatched,A,148,0.4923,30,-2.6195512885305408
2,mismatched,A,149,0.6206,22,-2.1149779122924057
2,mismatched,A,150,0.5907,36,-2.0216048014143677
2,mismatched,A,151,0.6156,33,-1.7828132007835489
2,mismatched,A,152,0.7843,12,-3.2193691730499268
2,mismatched,A,153,0.9162,38,-1.1440633518912986
2,mismatched,A,154,0.2711,55,-2.2254262321697422
2,mismatched,A,155,0.1723,17,-2.7521595468107773
2,mismatched,A,156,0.0034,22,-2.480126583361363
2,mismatched,A,157,0.9893,61,-2.119680323928106
2,mismatched,A,158,0.2441,52,-3.167223462989009
2,mismatched,A,159,0.0959,29,-1.1634828081918511
2,mismatched,A,160,0.7817,11,-2.6002445871179756
2,mismatched,A,161,0.2678,45,-2.168327880260929
2,mismatched,A,162,0.4769,24,-2.3951643441881365
2,mismatched,A,163,0.6985,68,-2.9797623937843394
2,mismatched,A,164,0.3244,22,-1.608307871205563
2,mismatched,A,165,0.3917,15,-3.379356625676155
2,mismatched,A,166,0.3617,23,-2.0342485464757574
2,mismatched,A,167,0.7999,18,-2.571232218450556
2,mismatched,A,168,0.7628,28,-3.0962817587091456
2,mismatched,A,169,0.6819,18,-0.7056413352959984
2,mismatched,A,170,0.5109,131,-2.350700512459548
2,mismatched,A,171,0.5362,49,-3.282663065479232
2,mismatched,A,172,0.9458,49,-1.459033709687994
2,mismatched,A,173,0.7801,12,-1.9202898579339187
2,mismatched,A,174,0.7085,32,-1.6485889126779512
2,mismatched,A,175,0.6228,43,-3.500764964372434
2,mismatched,A,176,0.9556,18,-2.737738411032802
2,mismatched,A,177,0.3691,56,-1.3328324368180884
2,mismatched,A,178,0.8683,20,-2.213159411214292
2,mismatched,A,179,0.2094,42,-1.7479286637778084
2,mismatched,A,180,0.0851,26,-2.0564693427429748
2,mismatched,A,181,0.9852,56,-2.7277091062029024
2,mismatched,A,182,0.1471,39,-1.9335407238776008
2,mismatched,A,183,0.6463,36,-2.586918296904413
2,mismatched,A,184,0.9578,44,-2.1875486595672555
2,mismatched,A,185,0.7191,23,-2.0088635984550067
2,mismatched,A,186,0.5266,36,-2.6697453923989087
2,mismatched,A,187,0.9413,21,-0.5903619842201373
2,mismatched,A,188,0.8425,28,-2.3989767790023637
2,mismatched,A,189,0.4201,200,-2.770475722709234
2,mismatched,A,190,0.1032,27,-2.066436298157054
2,mismatched,A,191,0.063,32,-1.631502161386834
2,mismatched,A,192,0.5428,45,-1.9562510221135907
2,mismatched,A,193,0.6595,38,-1.8264434546832298
2,mismatched,A,194,0.0609,36,-1.7917860490852036
2,mismatched,A,195,0.0249,13,-2.542878872500016
2,mismatched,A,196,0.1229,19,-2.693500206658715
2,mismatched,A,197,0.2497,37,-2.6881808196573997
2,mismatched,A,198,0.1763,16,-2.3029090499931044
2,mismatched,A,199,0.9938,82,-2.12723028721329
2,mismatched,B,0,0.0859,16,-0.006230065871022816
2,mismatched,B,1,0.1397,37,-0.005035703219913853
2,mismatched,B,2,0.2329,40,-0.0017639673817939183
2,mismatched,B,3,0.3039,16,-0.015721268697234336
2,mismatched,B,4,0.3407,16,-0.003835220489463609
2,mismatched,B,5,0.3845,25,-0.0074627825839343135
2,mismatched,B,6,0.4393,24,-0.005074421749062215
2,mismatched,B,7,0.5033,33,-0.008670761523800056
2,mismatched,B,8,0.567,18,-0.050956207039740145
2,mismatched,B,9,0.6145,15,-0.020301370555534957
2,mismatched,B,10,0.6762,22,-0.009877841842932288
2,mismatched,B,11,0.7233,29,-0.003104899222621341
2,mismatched,B,12,0.7887,18,-0.01273050508876218
2,mismatched,B,13,0.8255,16,-0.03952578486678249
2,mismatched,B,14,0.8839,18,-0.00996315233189509
2,mismatched,B,15,0.9506,25,-0.02066708012134768
3,cold,A,0,0.4597,27,-3.677068584745198
3,cold,A,1,0.3482,45,-1.9129399797245343
3,cold,A,2,0.0227,27,-3.6511474625655898
3,cold,A,3,0.4174,19,-1.6538853900029178
3,cold,A,4,0.6552,52,-2.368765412324697
3,cold,A,5,0.1095,27,-0.1771089140150892
3,cold,A,6,0.5874,12,-2.926017300414969
3,cold,A,7,0.6003,27,-0.16307997165320018
3,cold,A,8,0.7265,16,-2.136987234544904
3,cold,A,9,0.4346,54,-2.4803707310520284
3,cold,A,10,0.4028,21,-2.4739439980393008
3,cold,A,11,0.2914,54,-3.045485050432843
3,cold,A,12,0.5309,56,-3.5665934284916148
3,cold,A,13,0.6506,31,-2.3199330719437588
3,cold,A,14,0.1887,35,-2.957505684964625
3,cold,A,15,0.9586,35,-2.4704644786792676
3,cold,A,16,0.4466,18,-2.330780727400755
3,cold,A,17,0.1694,51,-1.9067832563875937
3,cold,A,18,0.3096,25,-2.940882032799418
3,cold,A,19,0.1609,23,-1.940499983727932
3,cold,A,20,0.9429,30,-1.628119511840244
3,cold,A,21,0.5774,18,-0.2209216711360366
3,cold,A,22,0.4819,141,-0.8056527432791424
3,cold,A,23,0.632,27,-1.7644649738968265
3,cold,A,24,0.2292,17,-3.7707482935751186
3,cold,A,25,0.671,33,-3.0624381383937416
3,cold,A,26,0.1793,19,-3.394567897662024
3,cold,A,27,0.8902,21,-1.8529011727798552
3,cold,A,28,0.5123,16,-2.3912539422744885
3,cold,A,29,0.8826,17,-2.935488520354471
3,cold,A,30,0.7032,41,-1.6347709440684057
3,cold,A,31,0.1214,58,-1.9924454790322264
3,cold,A,32,0.1646,39,-1.7949519249467323
3,cold,A,33,0.006,38,-3.517709144881289
3,cold,A,34,0.7505,78,-2.0896724627544665
3,cold,A,35,0.4621,19,-2.175407992614629
3,cold,A,36,0.4754,20,-3.724216026067734
3,cold,A,37,0.8204,21,-2.3391425501821295
3,cold,A,38,0.2272,29,-2.223575621843338
3,cold,A,39,0.5167,27,-2.3760569948774193
3,cold,A,40,0.745,20,-2.2077939331395102
3,cold,A,41,0.2758,17,-2.3128250163486777
3,cold,A,42,0.9855,27,-2.712161826133659
3,cold,A,43,0.3233,45,-3.1520846840744423
3,cold,A,44,0.3811,18,-2.1028637078189707
3,cold,A,45,0.1677,24,-2.1872395496660224
3,cold,A,46,0.6455,39,-2.0379319897529524
3,cold,A,47,0.2347,36,-1.9921269583056629
3,cold,A,48,0.0256,32,-3.269557546416763
3,cold,A,49,0.304,20,-1.6404800463467837
3,cold,A,50,0.8589,12,-1.8447238569691156
3,cold,A,51,0.6265,17,-1.4354814257308401
3,cold,A,52,0.1461,91,-2.2180293731885237
3,cold,A,53,0.9129,67,-1.860552027720329
3,cold,A,54,0.1812,31,-2.2450962517515665
3,cold,A,55,0.5961,19,-1.9050826900454827
3,cold,A,56,0.002,32,-0.8563044547477148
3,cold,A,57,0.551,12,-2.755383233229319
3,cold,A,58,0.6133,36,-1.4663367119365427
3,cold,A,59,0.4738,13,-1.8494237727225902
3,cold,A,60,0.8697,15,-3.5256742238998413
3,cold,A,61,0.8762,47,-2.703280452718126
3,cold,A,62,0.6342,37,-2.5813172083061717
3,cold,A,63,0.3715,34,-2.356117426424616
3,cold,A,64,0.3131,48,-2.0855313408619622
3,cold,A,65,0.0152,13,-2.686739573111901
3,cold,A,66,0.4947,53,-2.4724967606959565
3,cold,A,67,0.4507,22,-0.9528680081235837
3,cold,A,68,0.0137,17,-1.3980487510493464
3,cold,A,69,0.8145,21,-1.0619362813581357
3,cold,A,70,0.0991,18,-1.2732424010626144
3,cold,A,71,0.3356,27,-2.8480123932887285
3,cold,A,72,0.7161,21,-0.5650932285962404
3,cold,A,73,0.0653,47,-1.7013323197644106
3,cold,A,74,0.8667,13,-2.3795831146148534
3,cold,A,75,0.0864,26,-1.3014496601222514
3,cold,A,76,0.7746,38,-1.665340910546212
3,cold,A,77,0.5046,30,-2.6368464787180224
3,cold,A,78,0.7922,47,-1.7765386101311107
3,cold,A,79,0.9492,21,-1.906626613012382
3,cold,A,80,0.5979,29,-1.5511487962091357
3,cold,A,81,0.9954,27,-2.3252171392173127
3,cold,A,82,0.2523,46,-1.249436552768558
3,cold,A,83,0.0,18,-0.10050257635642386
3,cold,A,84,0.0686,21,-2.974109308528049
3,cold,A,85,0.4569,14,-4.082705713409398
3,cold,A,86,0.5478,22,-2.2350483775477517
3,cold,A,87,0.1837,20,-2.2069087628973647
3,cold,A,88,0.1385,42,-2.9044384100375065
3,cold,A,89,0.1542,20,-1.5756396349228452
3,cold,A,90,0.5014,34,-1.8514106305425657
3,cold,A,91,0.1189,31,-2.135266464338788
3,cold,A,92,0.3431,45,-2.1389331830885365
3,cold,A,93,0.2189,30,-1.5828787742100152
3,cold,A,94,0.8861,35,-1.7090939754769872
3,cold,A,95,0.5706,15,-1.3663326392018158
3,cold,A,96,0.9185,28,-3.148808425059542
3,cold,A,97,0.0884,16,-1.359966784795688
3,cold,A,98,0.3617,19,-3.227077290611832
3,cold,A,99,0.6423,20,-2.027611307206098
3,cold,A,100,0.7283,35,-1.9622011359182319
3,cold,A,101,0.5459,27,-1.9580464639562976
3,cold,A,102,0.2055,15,-2.7646525844931604
3,cold,A,103,0.3514,27,-2.1526051934672945
3,cold,A,104,0.7076,41,-2.8570767443938743
3,cold,A,105,0.3924,40,-2.265034459810704
3,cold,A,106,0.9298,70,-3.242834727652371
3,cold,A,107,0.3059,51,-2.4744537816115875
3,cold,A,108,0.7838,20,-1.6543759189138654
3,cold,A,109,0.7229,67,-2.4390069049393843
3,cold,A,110,0.2659,25,-2.243093270510435
3,cold,A,111,0.298,22,-2.828596396932632
3,cold,A,112,0.7658,20,-1.6280210414668546
3,cold,A,113,0.9027,11,-2.0666706894990057
3,cold,A,114,0.9451,18,-2.1399356878052154
3,cold,A,115,0.1972,31,-2.880654219579282
3,cold,A,116,0.609,25,-2.8809273711498826
3,cold,A,117,0.7975,39,-2.8303327058680363
3,cold,A,118,0.8417,28,-1.64137891426591
3,cold,A,119,0.4003,33,-2.199138806935287
3,cold,A,120,0.6283,24,-1.1307254225224217
3,cold,A,121,0.159,22,-2.2490371194567573
3,cold,A,122,0.4807,14,-2.425525810715044
3,cold,A,123,0.9259,33,-1.7491211814830505
3,cold,A,124,0.2508,15,-2.507761445897631
3,cold,A,125,0.7626,26,-2.4765500995831995
3,cold,A,126,0.1556,33,-1.7465615157358998
3,cold,A,127,0.3958,31,-3.6593714872405174
3,cold,A,128,0.8544,13,-2.7113690192882833
3,cold,A,129,0.0604,14,-2.1602228801431402
3,cold,A,130,0.0371,33,-2.926558312757124
3,cold,A,131,0.2945,25,-2.206863650723826
3,cold,A,132,0.8295,23,-3.43848787143867
3,cold,A,133,0.9665,36,-3.351375932145553
3,cold,A,134,0.6896,27,-1.8309847640770454
3,cold,A,135,0.7696,19,-2.245567360206654
3,cold,A,136,0.6483,34,-1.3674739316223115
3,cold,A,137,0.317,18,-1.1678715852109842
3,cold,A,138,0.539,16,-3.117657261202112
3,cold,A,139,0.9041,30,-1.5616596230693782
3,cold,A,140,0.7581,55,-2.347983560597376
3,cold,A,141,0.2878,46,-2.116541709487691
3,cold,A,142,0.8224,26,-2.743414219110631
3,cold,A,143,0.0169,27,-2.305758015442364
3,cold,A,144,0.6962,27,-2.810372894773199
3,cold,A,145,0.6865,37,-1.9708528169993205
3,cold,A,146,0.5294,15,-1.736027743073646
3,cold,A,147,0.6733,43,-2.39216747879982
3,cold,A,148,0.8087,31,-2.765614822927502
3,cold,A,149,0.684,31,-2.9843714903784737
3,cold,A,150,0.7122,21,-3.714882202091671
3,cold,A,151,0.8319,24,-2.1307858473871115
3,cold,A,152,0.9763,26,-1.9992413601710444
3,cold,A,153,0.2258,16,-2.529506686667446
3,cold,A,154,0.9007,18,-2.1709260888811617
3,cold,A,155,0.4534,34,-1.33433618331037
3,cold,A,156,0.3318,33,-2.8906419377520005
3,cold,A,157,0.2475,21,-2.574567432204882
3,cold,A,158,0.521,26,-1.764036237503975
3,cold,A,159,0.6397,31,-3.840746629141992
3,cold,A,160,0.8011,31,-1.4485067003695276
3,cold,A,161,0.4639,11,-2.6585854483683677
3,cold,A,162,0.4382,32,-3.1752706876868615
3,cold,A,163,0.1997,18,-0.12930995146598434
3,cold,A,164,0.0621,23,-3.7155202452255334
3,cold,A,165,0.2371,25,-0.6681585916987387
3,cold,A,166,0.2224,39,-2.9034009857501726
3,cold,A,167,0.3889,14,-3.3651344307831357
3,cold,A,168,0.1138,28,-1.2452006175216022
3,cold,A,169,0.1738,20,-2.065641398853768
3,cold,A,170,0.2011,22,-0.02574213907916022
3,cold,A,171,0.9786,15,-2.7531073729197186
3,cold,A,172,0.0573,45,-2.5522081503670457
3,cold,A,173,0.9412,15,-0.07478430036596061
3,cold,A,174,0.565,30,-1.3109718413742182
3,cold,A,175,0.8343,68,-3.1161579782002424
3,cold,A,176,0.7176,45,-1.9932897237022795
3,cold,A,177,0.3676,12,-1.970754896601041
3,cold,A,178,0.2588,40,-1.825664294642047
3,cold,A,179,0.4665,22,-1.386018562559498
3,cold,A,180,0.7312,56,-2.8018410254496433
3,cold,A,181,0.0111,30,-3.944968762372931
3,cold,A,182,0.8609,31,-2.5084957506530166
3,cold,A,183,0.3634,36,-2.7259229609691022
3,cold,A,184,0.9205,39,-2.7698608177403607
3,cold,A,185,0.0444,12,-3.3480875889460244
3,cold,A,186,0.528,11,-0.43802642065566033
3,cold,A,187,0.8249,58,-2.3525378576833362
3,cold,A,188,0.7864,33,-2.6478084807820395
3,cold,A,189,0.5911,43,-2.4410135863737343
3,cold,A,190,0.4109,37,-2.731377528023881
3,cold,A,191,0.0286,50,-2.099877338707156
3,cold,A,192,0.917,18,-2.3330735351321183
3,cold,A,193,0.5682,30,-1.4566568373857687
3,cold,A,194,0.4999,15,-2.0702702926471828
3,cold,A,195,0.3761,16,-1.7682162625715137
3,cold,A,196,0.8037,19,-2.2144227660319302
3,cold,A,197,0.974,23,-2.2767324271503044
3,cold,A,198,0.6982,29,-1.4263973615959222
3,cold,A,199,0.2565,17,-0.5907343879687901
3,cold,B,0,0.0,49,-0.0017792872570179478
3,cold,B,1,0.082,27,-0.0035135772909092745
3,cold,B,2,0.1349,35,-0.005713353843228626
3,cold,B,3,0.2072,33,-0.0011485353999446627
3,cold,B,4,0.2704,14,-0.003475393675866404
3,cold,B,5,0.3543,23,-0.058462423485331746
3,cold,B,6,0.4043,23,-0.01631459232938774
3,cold,B,7,0.4926,13,-0.011229874769924209
3,cold,B,8,0.5269,37,-0.010377943196999695
3,cold,B,9,0.608,56,-0.008131111571854279
3,cold,B,10,0.6866,18,-0.006979953348086888
3,cold,B,11,0.7208,22,-0.02574213907916022
3,cold,B,12,0.818,38,-0.0024062774243822404
3,cold,B,13,0.9129,30,-0.005445616718081207
3,warm,A,0,0.4597,27,-3.64136852105838
3,warm,A,1,0.3482,45,-1.9166465419913745
3,warm,A,2,0.0227,27,-3.6046609804034233
3,warm,A,3,0.4174,19,-1.7567483469235747
3,warm,A,4,0.6552,52,-2.4118831038084374
3,warm,A,5,0.1095,27,-0.19697152778075247
3,warm,A,6,0.5874,12,-3.049698039673482
3,warm,A,7,0.6003,27,-0.1452800297513561
3,warm,A,8,0.7265,16,-2.2231504620353917
3,warm,A,9,0.4346,54,-2.4662249255203212
3,warm,A,10,0.4028,21,-2.3092824597399506
3,warm,A,11,0.2914,54,-2.9959833831079004
3,warm,A,12,0.5309,56,-3.574529887742496
3,warm,A,13,0.6506,31,-2.361658425426163
3,warm,A,14,0.1887,35,-3.1240665460005403
3,warm,A,15,0.9586,35,-2.4792000058240125
3,warm,A,16,0.4466,18,-2.279066468589008
3,warm,A,17,0.1694,51,-1.911317890845513
3,warm,A,18,0.3096,25,-3.087192870322615
3,warm,A,19,0.1609,23,-2.016690080418535
3,warm,A,20,0.9429,30,-1.5694287945516407
3,warm,A,21,0.5774,18,-0.13326307571858503
3,warm,A,22,0.4819,141,-0.8061145938162366
3,warm,A,23,0.632,27,-1.7800287381404039
3,warm,A,24,0.2292,17,-3.8148105381166233
3,warm,A,25,0.671,33,-3.0205322831417574
3,warm,A,26,0.1793,19,-3.4928573251665127
3,warm,A,27,0.8902,21,-1.9172344703914685
3,warm,A,28,0.5123,16,-2.550215526483953
3,warm,A,29,0.8826,17,-2.99615027533625
3,warm,A,30,0.7032,41,-1.662952537838797
3,warm,A,31,0.1214,58,-2.0115522528707013
3,warm,A,32,0.1646,39,-1.7366285726356392
3,warm,A,33,0.006,38,-3.529607966395193
3,warm,A,34,0.7505,78,-2.122092963807331
3,warm,A,35,0.4621,19,-2.1693849270201384
3,warm,A,36,0.4754,20,-3.7614098289981484
3,warm,A,37,0.8204,21,-2.5261254361387167
3,warm,A,38,0.2272,29,-2.2981672429576
3,warm,A,39,0.5167,27,-2.564577014547669
3,warm,A,40,0.745,20,-2.254223746714706
3,warm,A,41,0.2758,17,-2.2236055309939036
3,warm,A,42,0.9855,27,-2.789742997985471
3,warm,A,43,0.3233,45,-3.130796009121049
3,warm,A,44,0.3811,18,-2.013314384930305
3,warm,A,45,0.1677,24,-2.279767382070228
3,warm,A,46,0.6455,39,-2.141464814251893
3,warm,A,47,0.2347,36,-2.175403386820916
3,warm,A,48,0.0256,32,-3.1946556617331225
3,warm,A,49,0.304,20,-1.5684318944811821
3,warm,A,50,0.8589,12,-1.6528306820740302
3,warm,A,51,0.6265,17,-1.400186279870789
3,warm,A,52,0.1461,91,-2.14226486851016
3,warm,A,53,0.9129,67,-1.8821741311538116
3,warm,A,54,0.1812,31,-2.1484409710918104
3,warm,A,55,0.5961,19,-1.9127026273023435
3,warm,A,56,0.002,32,-0.96429179104166
3,warm,A,57,0.551,12,-2.8906431465099254
3,warm,A,58,0.6133,36,-1.4075479085502012
3,warm,A,59,0.4738,13,-1.7631936025975916
3,warm,A,60,0.8697,15,-3.5419244637091953
3,warm,A,61,0.8762,47,-2.6300346746909473
3,warm,A,62,0.6342,37,-2.640117244988466
3,warm,A,63,0.3715,34,-2.3855488312855253
3,warm,A,64,0.3131,48,-2.1396113000937476
3,warm,A,65,0.0152,13,-2.9656625722463312
3,warm,A,66,0.4947,53,-2.5878065715340473
3,warm,A,67,0.4507,22,-0.9625403754233214
3,warm,A,68,0.0137,17,-1.453785563726663
3,warm,A,69,0.8145,21,-1.0872703962571297
3,warm,A,70,0.0991,18,-1.3352084076032043
3,warm,A,71,0.3356,27,-2.8817596408814468
3,warm,A,72,0.7161,21,-0.49165245426896337
3,warm,A,73,0.0653,47,-1.6383992477469989
3,warm,A,74,0.8667,13,-2.36078047981629
3,warm,A,75,0.0864,26,-1.3784658651655683
3,warm,A,76,0.7746,38,-1.6784841857489052
3,warm,A,77,0.5046,30,-2.7244033411766093
3,warm,A,78,0.7922,47,-1.867767303360953
3,warm,A,79,0.9492,21,-2.2461048641596877
3,warm,A,80,0.5979,29,-1.550501754747529
3,warm,A,81,0.9954,27,-2.1754032794248173
3,warm,A,82,0.2523,46,-1.28679731900743
3,warm,A,83,0.0,18,-0.10693207409591803
3,warm,A,84,0.0686,21,-2.971242436340877
3,warm,A,85,0.4569,14,-3.997253348252603
3,warm,A,86,0.5478,22,-2.3298622017980297
3,warm,A,87,0.1837,20,-2.0675357416796034
3,warm,A,88,0.1385,42,-2.890414533303036
3,warm,A,89,0.1542,20,-1.6659370769950328
3,warm,A,90,0.5014,34,-1.9349863284664668
3,warm,A,91,0.1189,31,-2.177094842021864
3,warm,A,92,0.3431,45,-2.1767574478755707
3,warm,A,93,0.2189,30,-1.488914317654659
3,warm,A,94,0.8861,35,-1.6747560741271756
3,warm,A,95,0.5706,15,-1.451218551499187
3,warm,A,96,0.9185,28,-3.12142302554899
3,warm,A,97,0.0884,16,-1.5259268832887756
3,warm,A,98,0.3617,19,-3.417349951831918
3,warm,A,99,0.6423,20,-2.030407125444617
3,warm,A,100,0.7283,35,-1.9978294053913228
3,warm,A,101,0.5459,27,-1.8622481308325574
3,warm,A,102,0.2055,15,-2.7463208845506113
3,warm,A,103,0.3514,27,-2.2344550009966717
3,warm,A,104,0.7076,41,-2.8073034915450545
3,warm,A,105,0.3924,40,-2.313724197004922
3,warm,A,106,0.9298,70,-3.3095203273929656
3,warm,A,107,0.3059,51,-2.386558994853997
3,warm,A,108,0.7838,20,-1.677477264701156
3,warm,A,109,0.7229,67,-2.3351897863917044
3,warm,A,110,0.2659,25,-2.043463658504188
3,warm,A,111,0.298,22,-2.903578568546271
3,warm,A,112,0.7658,20,-1.6693334362353198
3,warm,A,113,0.9027,11,-2.1173637243495746
3,warm,A,114,0.9451,18,-2.371105620120135
3,warm,A,115,0.1972,31,-2.9099998311590283
3,warm,A,116,0.609,25,-2.776834427968715
3,warm,A,117,0.7975,39,-2.8535118952215552
3,warm,A,118,0.8417,28,-1.6366402411981003
3,warm,A,119,0.4003,33,-2.236589064849823
3,warm,A,120,0.6283,24,-1.1072411326676956
3,warm,A,121,0.159,22,-2.2853698045205832
3,warm,A,122,0.4807,14,-2.528460458054074
3,warm,A,123,0.9259,33,-1.7426215786100798
3,warm,A,124,0.2508,15,-2.4979400787347306
3,warm,A,125,0.7626,26,-2.4055869977097384
3,warm,A,126,0.1556,33,-1.7281626099614764
3,warm,A,127,0.3958,31,-3.055271997807487
3,warm,A,128,0.8544,13,-2.818377820345072
3,warm,A,129,0.0604,14,-2.057070436887443
3,warm,A,130,0.0371,33,-3.0789774572335635
3,warm,A,131,0.2945,25,-2.2151190136314836
3,warm,A,132,0.8295,23,-3.279721562507684
3,warm,A,133,0.9665,36,-3.4131529819375523
3,warm,A,134,0.6896,27,-1.7645560342266604
3,warm,A,135,0.7696,19,-2.2578153798454688
3,warm,A,136,0.6483,34,-1.445981400986645
3,warm,A,137,0.317,18,-1.2765408046036302
3,warm,A,138,0.539,16,-3.285717880818993
3,warm,A,139,0.9041,30,-1.5839434348007975
3,warm,A,140,0.7581,55,-2.322547216461548
3,warm,A,141,0.2878,46,-2.119889388984555
3,warm,A,142,0.8224,26,-2.7464712288660498
3,warm,A,143,0.0169,27,-2.214911176064224
3,warm,A,144,0.6962,27,-2.7900540514502037
3,warm,A,145,0.6865,37,-1.9185902607523777
3,warm,A,146,0.5294,15,-1.6566539334210877
3,warm,A,147,0.6733,43,-2.4168691658198314
3,warm,A,148,0.8087,31,-2.769461566161725
3,warm,A,149,0.684,31,-3.041725605666157
3,warm,A,150,0.7122,21,-3.716600384031023
3,warm,A,151,0.8319,24,-2.0913252989727575
3,warm,A,152,0.9763,26,-1.9668571822112426
3,warm,A,153,0.2258,16,-2.5626116753119277
3,warm,A,154,0.9007,18,-2.1621520198467703
3,warm,A,155,0.4534,34,-1.3194393788460943
3,warm,A,156,0.3318,33,-2.9021176552738654
3,warm,A,157,0.2475,21,-2.5645485186860677
3,warm,A,158,0.521,26,-1.9245506559695618
3,warm,A,159,0.6397,31,-3.811243953724061
3,warm,A,160,0.8011,31,-1.421810245106122
3,warm,A,161,0.4639,11,-2.597645062614571
3,warm,A,162,0.4382,32,-3.310806113644503
3,warm,A,163,0.1997,18,-0.1456717413497649
3,warm,A,164,0.0621,23,-3.6910732181175896
3,warm,A,165,0.2371,25,-0.7508252464717953
3,warm,A,166,0.2224,39,-2.880613761907742
3,warm,A,167,0.3889,14,-3.487206682562828
3,warm,A,168,0.1138,28,-1.1909482866716903
3,warm,A,169,0.1738,20,-2.041328453837923
3,warm,A,170,0.2011,22,-0.016565584750672067
3,warm,A,171,0.9786,15,-2.911108210682869
3,warm,A,172,0.0573,45,-2.2921339956060467
3,warm,A,173,0.9412,15,-0.12622496569820213
3,warm,A,174,0.565,30,-1.3569799290446098
3,warm,A,175,0.8343,68,-3.0390367505298106
3,warm,A,176,0.7176,45,-2.1073400752159714
3,warm,A,177,0.3676,12,-1.9367181160487235
3,warm,A,178,0.2588,40,-1.7428277641367458
3,warm,A,179,0.4665,22,-1.385113319012982
3,warm,A,180,0.7312,56,-2.7607315269269748
3,warm,A,181,0.0111,30,-3.898032954459389
3,warm,A,182,0.8609,31,-2.4326820966877762
3,warm,A,183,0.3634,36,-2.8474343858348825
3,warm,A,184,0.9205,39,-2.6560469123128896
3,warm,A,185,0.0444,12,-3.5119314615925155
3,warm,A,186,0.528,11,-0.3915340826920742
3,warm,A,187,0.8249,58,-2.4131876851945355
3,warm,A,188,0.7864,33,-2.5892731407375047
3,warm,A,189,0.5911,43,-2.4552126697827736
3,warm,A,190,0.4109,37,-2.7768267665964528
3,warm,A,191,0.0286,50,-2.2909999032545603
3,warm,A,192,0.917,18,-2.279453655730726
3,warm,A,193,0.5682,30,-1.553805907520776
3,warm,A,194,0.4999,15,-1.9982967044226825
3,warm,A,195,0.3761,16,-1.5085355769842863
3,warm,A,196,0.8037,19,-2.220316868618523
3,warm,A,197,0.974,23,-2.237307759168882
3,warm,A,198,0.6982,29,-1.4546039987692674
3,warm,A,199,0.2565,17,-0.6229703307352097
3,warm,B,0,0.0,49,-0.002656326703614394
3,warm,B,1,0.082,27,-0.003456744791441856
3,warm,B,2,0.1349,35,-0.0024830942859158053
3,warm,B,3,0.2072,33,-0.0021307028505499616
3,warm,B,4,0.2704,14,-0.0026447212232077228
3,warm,B,5,0.3543,23,-0.06302324924826794
3,warm,B,6,0.4043,23,-0.0374726171459928
3,warm,B,7,0.4926,13,-0.022012028908088375
3,warm,B,8,0.5269,37,-0.011840530984635415
3,warm,B,9,0.608,56,-0.009424310755613468
3,warm,B,10,0.6866,18,-0.009840491175257031
3,warm,B,11,0.7208,22,-0.016565584750672067
3,warm,B,12,0.818,38,-0.0022487216325843243
3,warm,B,13,0.9129,30,-0.009887760642338131
3,mismatched,A,0,0.4597,27,-3.771584750924915
3,mismatched,A,1,0.3482,45,-1.9168681126980422
3,mismatched,A,2,0.0227,27,-3.624406850172414
3,mismatched,A,3,0.4174,19,-1.7006462563026856
3,mismatched,A,4,0.6552,52,-2.403051269668
3,mismatched,A,5,0.1095,27,-0.20291910852837544
3,mismatched,A,6,0.5874,12,-3.100660296045438
3,mismatched,A,7,0.6003,27,-0.15312953360370118
3,mismatched,A,8,0.7265,16,-2.231770439927459
3,mismatched,A,9,0.4346,54,-2.4776663924912334
3,mismatched,A,10,0.4028,21,-2.3697989220243123
3,mismatched,A,11,0.2914,54,-2.985033251333974
3,mismatched,A,12,0.5309,56,-3.589265339725119
3,mismatched,A,13,0.6506,31,-2.365842976265647
3,mismatched,A,14,0.1887,35,-3.1861850893790167
3,mismatched,A,15,0.9586,35,-2.5006057553525483
3,mismatched,A,16,0.4466,18,-2.2471009942495987
3,mismatched,A,17,0.1694,51,-1.966478625391199
3,mismatched,A,18,0.3096,25,-3.1091180626209827
3,mismatched,A,19,0.1609,23,-2.0123323108191076
3,mismatched,A,20,0.9429,30,-1.5613010230784614
3,mismatched,A,21,0.5774,18,-0.14753669882904635
3,mismatched,A,22,0.4819,141,-0.8133775457464891
3,mismatched,A,23,0.632,27,-1.7860439306794231
3,mismatched,A,24,0.2292,17,-3.9535776052404854
3,mismatched,A,25,0.671,33,-3.0614534240695788
3,mismatched,A,26,0.1793,19,-3.474193435923601
3,mismatched,A,27,0.8902,21,-1.9914736256136425
3,mismatched,A,28,0.5123,16,-2.5408004474884365
3,mismatched,A,29,0.8826,17,-3.0270279178204125
3,mismatched,A,30,0.7032,41,-1.7035909930612145
3,mismatched,A,31,0.1214,58,-1.9888939514456634
3,mismatched,A,32,0.1646,39,-1.7626857622108685
3,mismatched,A,33,0.006,38,-3.5629350817272147
3,mismatched,A,34,0.7505,78,-2.1961512455969707
3,mismatched,A,35,0.4621,19,-2.1198502820702023
3,mismatched,A,36,0.4754,20,-3.8130505210720003
3,mismatched,A,37,0.8204,21,-2.526184516925631
3,mismatched,A,38,0.2272,29,-2.3098818124111355
3,mismatched,A,39,0.5167,27,-2.4651239715237385
3,mismatched,A,40,0.745,20,-2.2814728676576124
3,mismatched,A,41,0.2758,17,-2.1958445290870525
3,mismatched,A,42,0.9855,27,-2.806227468782001
3,mismatched,A,43,0.3233,45,-3.1198428423557845
3,mismatched,A,44,0.3811,18,-2.05226257451755
3,mismatched,A,45,0.1677,24,-2.2480206835073964
3,mismatched,A,46,0.6455,39,-2.0845496413348883
3,mismatched,A,47,0.2347,36,-2.2691473965791777
3,mismatched,A,48,0.0256,32,-3.204562784812879
3,mismatched,A,49,0.304,20,-1.5590166907757521
3,mismatched,A,50,0.8589,12,-1.6210927687352523
3,mismatched,A,51,0.6265,17,-1.4019651788506
3,mismatched,A,52,0.1461,91,-2.150271411664697
3,mismatched,A,53,0.9129,67,-1.8892244588350877
3,mismatched,A,54,0.1812,31,-2.1944926317533358
3,mismatched,A,55,0.5961,19,-1.8333843210650804
3,mismatched,A,56,0.002,32,-0.951422279019198
3,mismatched,A,57,0.551,12,-2.861741674443086
3,mismatched,A,58,0.6133,36,-1.465376786873978
3,mismatched,A,59,0.4738,13,-1.7335203601083218
3,mismatched,A,60,0.8697,15,-3.686925655603409
3,mismatched,A,61,0.8762,47,-2.7394132688734434
3,mismatched,A,62,0.6342,37,-2.618867539377518
3,mismatched,A,63,0.3715,34,-2.39233791853493
3,mismatched,A,64,0.3131,48,-2.1845697712827437
3,mismatched,A,65,0.0152,13,-2.8357665670605807
3,mismatched,A,66,0.4947,53,-2.644248641459579
3,mismatched,A,67,0.4507,22,-0.9743602202930064
3,mismatched,A,68,0.0137,17,-1.5088668364469948
3,mismatched,A,69,0.8145,21,-1.069038708846728
3,mismatched,A,70,0.0991,18,-1.3191100550401542
3,mismatched,A,71,0.3356,27,-2.9228260262731323
3,mismatched,A,72,0.7161,21,-0.5153118699173709
3,mismatched,A,73,0.0653,47,-1.6623952894142155
3,mismatched,A,74,0.8667,13,-2.3763215232353945
3,mismatched,A,75,0.0864,26,-1.3950264953936522
3,mismatched,A,76,0.7746,38,-1.6843272782065661
3,mismatched,A,77,0.5046,30,-2.7335774023085833
3,mismatched,A,78,0.7922,47,-1.843367753066172
3,mismatched,A,79,0.9492,21,-2.02589880723861
3,mismatched,A,80,0.5979,29,-1.5192304528175335
3,mismatched,A,81,0.9954,27,-2.2105079394316784
3,mismatched,A,82,0.2523,46,-1.2653500696070967
3,mismatched,A,83,0.0,18,-0.10919666177990923
3,mismatched,A,84,0.0686,21,-3.052221624978951
3,mismatched,A,85,0.4569,14,-4.054277657132063
3,mismatched,A,86,0.5478,22,-2.289316298207268
3,mismatched,A,87,0.1837,20,-2.1602757639309855
3,mismatched,A,88,0.1385,42,-2.990910928760145
3,mismatched,A,89,0.1542,20,-1.7483221692498774
3,mismatched,A,90,0.5014,34,-1.9463163674124242
3,mismatched,A,91,0.1189,31,-2.1756351861441807
3,mismatched,A,92,0.3431,45,-2.1552572227704028
3,mismatched,A,93,0.2189,30,-1.5105592793489147
3,mismatched,A,94,0.8861,35,-1.6730481901605214
3,mismatched,A,95,0.5706,15,-1.384291387529326
3,mismatched,A,96,0.9185,28,-3.164445552509278
3,mismatched,A,97,0.0884,16,-1.5729176288150484
3,mismatched,A,98,0.3617,19,-3.401487795243922
3,mismatched,A,99,0.6423,20,-2.0909904534462838
3,mismatched,A,100,0.7283,35,-2.0154018796182105
3,mismatched,A,101,0.5459,27,-1.8998762408823326
3,mismatched,A,102,0.2055,15,-2.762440209587415
3,mismatched,A,103,0.3514,27,-2.2404681586523547
3,mismatched,A,104,0.7076,41,-2.805273556880399
3,mismatched,A,105,0.3924,40,-2.335375530150486
3,mismatched,A,106,0.9298,70,-3.3238482810956027
3,mismatched,A,107,0.3059,51,-2.3774667357587638
3,mismatched,A,108,0.7838,20,-1.6330495521251578
3,mismatched,A,109,0.7229,67,-2.342119144671944
3,mismatched,A,110,0.2659,25,-2.0794497905299067
3,mismatched,A,111,0.298,22,-2.8954996652583675
3,mismatched,A,112,0.7658,20,-1.7171929868636653
3,mismatched,A,113,0.9027,11,-2.1459749757566233
3,mismatched,A,114,0.9451,18,-2.3783789916584888
3,mismatched,A,115,0.1972,31,-2.9161577635715084
3,mismatched,A,116,0.609,25,-2.8714811883337097
3,mismatched,A,117,0.7975,39,-2.8633130434366953
3,mismatched,A,118,0.8417,28,-1.71848061925162
3,mismatched,A,119,0.4003,33,-2.2765706518072295
3,mismatched,A,120,0.6283,24,-1.138399503567295
3,mismatched,A,121,0.159,22,-2.240429005702026
3,mismatched,A,122,0.4807,14,-2.501406607683748
3,mismatched,A,123,0.9259,33,-1.7395190720967961
3,mismatched,A,124,0.2508,15,-2.5555111920150617
3,mismatched,A,125,0.7626,26,-2.367264452139632
3,mismatched,A,126,0.1556,33,-1.769401657769005
3,mismatched,A,127,0.3958,31,-2.9524688918083424
3,mismatched,A,128,0.8544,13,-2.813274179513638
3,mismatched,A,129,0.0604,14,-2.0538243240277683
3,mismatched,A,130,0.0371,33,-3.1697659502793667
3,mismatched,A,131,0.2945,25,-2.193604762521572
3,mismatched,A,132,0.8295,23,-3.1691997356955772
3,mismatched,A,133,0.9665,36,-3.513854211041083
3,mismatched,A,134,0.6896,27,-1.7429368219993733
3,mismatched,A,135,0.7696,19,-2.3163353702739666
3,mismatched,A,136,0.6483,34,-1.4919264648246207
3,mismatched,A,137,0.317,18,-1.3350957764281095
3,mismatched,A,138,0.539,16,-3.409331804839894
3,mismatched,A,139,0.9041,30,-1.604265921881112
3,mismatched,A,140,0.7581,55,-2.3732627988766497
3,mismatched,A,141,0.2878,46,-2.1205977248534076
3,mismatched,A,142,0.8224,26,-2.820067163520994
3,mismatched,A,143,0.0169,27,-2.32158764631108
3,mismatched,A,144,0.6962,27,-2.8263878549117147
3,mismatched,A,145,0.6865,37,-1.911227016088339
3,mismatched,A,146,0.5294,15,-1.6394772302669784
3,mismatched,A,147,0.6733,43,-2.3906633499414163
3,mismatched,A,148,0.8087,31,-2.7798747866144105
3,mismatched,A,149,0.684,31,-3.0202997393132516
3,mismatched,A,150,0.7122,21,-3.7448292885507857
3,mismatched,A,151,0.8319,24,-2.042092917031065
3,mismatched,A,152,0.9763,26,-2.0587578411661807
3,mismatched,A,153,0.2258,16,-2.571079436587752
3,mismatched,A,154,0.9007,18,-2.233611926022503
3,mismatched,A,155,0.4534,34,-1.3249779401538784
3,mismatched,A,156,0.3318,33,-2.9249628045963068
3,mismatched,A,157,0.2475,21,-2.652500733334039
3,mismatched,A,158,0.521,26,-1.8893535498780414
3,mismatched,A,159,0.6397,31,-3.797184682661487
3,mismatched,A,160,0.8011,31,-1.460160667109038
3,mismatched,A,161,0.4639,11,-2.621627421964976
3,mismatched,A,162,0.4382,32,-3.3072899928229162
3,mismatched,A,163,0.1997,18,-0.15209636227640053
3,mismatched,A,164,0.0621,23,-3.6289158742065015
3,mismatched,A,165,0.2371,25,-0.7775934448011685
3,mismatched,A,166,0.2224,39,-2.858791751679606
3,mismatched,A,167,0.3889,14,-3.4493761701243266
3,mismatched,A,168,0.1138,28,-1.1981230027408205
3,mismatched,A,169,0.1738,20,-2.098173876995861
3,mismatched,A,170,0.2011,22,-0.013813554368343002
3,mismatched,A,171,0.9786,15,-2.815553739666939
3,mismatched,A,172,0.0573,45,-2.3252634590181214
3,mismatched,A,173,0.9412,15,-0.09489621010531361
3,mismatched,A,174,0.565,30,-1.3505049915246976
3,mismatched,A,175,0.8343,68,-3.069139779216879
3,mismatched,A,176,0.7176,45,-2.105567183558661
3,mismatched,A,177,0.3676,12,-1.8910764590837061
3,mismatched,A,178,0.2588,40,-1.7878800730526563
3,mismatched,A,179,0.4665,22,-1.4162249220720364
3,mismatched,A,180,0.7312,56,-2.8103709530571774
3,mismatched,A,181,0.0111,30,-3.944460923348864
3,mismatched,A,182,0.8609,31,-2.5479891184912695
3,mismatched,A,183,0.3634,36,-2.8006015038635166
3,mismatched,A,184,0.9205,39,-2.728363865461105
3,mismatched,A,185,0.0444,12,-3.4667364632089934
3,mismatched,A,186,0.528,11,-0.3956146165940233
3,mismatched,A,187,0.8249,58,-2.362453321740132
3,mismatched,A,188,0.7864,33,-2.608313415763956
3,mismatched,A,189,0.5911,43,-2.37734039366072
3,mismatched,A,190,0.4109,37,-2.775405478764426
3,mismatched,A,191,0.0286,50,-2.241190774239076
3,mismatched,A,192,0.917,18,-2.228752020125588
3,mismatched,A,193,0.5682,30,-1.5526141036612293
3,mismatched,A,194,0.4999,15,-2.014915057240675
3,mismatched,A,195,0.3761,16,-1.5839637466706336
3,mismatched,A,196,0.8037,19,-2.208249968145729
3,mismatched,A,197,0.974,23,-2.2928438209786215
3,mismatched,A,198,0.6982,29,-1.4397023916174256
3,mismatched,A,199,0.2565,17,-0.5969080981654663
3,mismatched,B,0,0.0,49,-0.0017314152710427226
3,mismatched,B,1,0.082,27,-0.0018180046454795552
3,mismatched,B,2,0.1349,35,-0.0027868609810996403
3,mismatched,B,3,0.2072,33,-0.0011071008122984715
3,mismatched,B,4,0.2704,14,-0.001590395042772538
3,mismatched,B,5,0.3543,23,-0.04697765345981284
3,mismatched,B,6,0.4043,23,-0.02993608804486623
3,mismatched,B,7,0.4926,13,-0.0203105019866668
3,mismatched,B,8,0.5269,37,-0.011250125630328045
3,mismatched,B,9,0.608,56,-0.005269315743906385
3,mismatched,B,10,0.6866,18,-0.005595789488628118
3,mismatched,B,11,0.7208,22,-0.013813554368343002
3,mismatched,B,12,0.818,38,-0.0015867552474446711
3,mismatched,B,13,0.9129,30,-0.007279736049364753
4,cold,A,0,0.6634,12,-2.4170019763211408
4,cold,A,1,0.4732,19,-1.960645000185315
4,cold,A,2,0.4559,31,-0.7956203179043857
4,cold,A,3,0.4828,16,-4.0082237551687285
4,cold,A,4,0.1577,20,-1.7721273802730138
4,cold,A,5,0.2235,23,-1.609781139024088
4,cold,A,6,0.7057,35,-1.8913744309917093
4,cold,A,7,0.1881,38,-3.1808762657211016
4,cold,A,8,0.8325,11,-2.129708958027715
4,cold,A,9,0.4021,19,-1.7980808458830182
4,cold,A,10,0.4235,13,-3.5276956172803273
4,cold,A,11,0.0248,53,-2.9987064590150454
4,cold,A,12,0.0031,30,-0.9188286745200458
4,cold,A,13,0.9085,19,-3.3067778382254276
4,cold,A,14,0.5507,22,-0.9209738355447453
4,cold,A,15,0.4296,15,-1.4575054115771005
4,cold,A,16,0.3851,16,-0.6656670363790909
4,cold,A,17,0.2186,31,-2.167533020988377
4,cold,A,18,0.3016,22,-2.4543179158732857
4,cold,A,19,0.4585,13,-2.3583439915226054
4,cold,A,20,0.3954,15,-0.6558816615426621
4,cold,A,21,0.726,58,-2.9674241508137444
4,cold,A,22,0.5157,38,-2.3579624420637244
4,cold,A,23,0.5941,99,-3.2182809519722606
4,cold,A,24,0.4215,25,-2.846271835565567
4,cold,A,25,0.9873,28,-1.4344721968533511
4,cold,A,26,0.9316,49,-2.7852165874928874
4,cold,A,27,0.1755,23,-2.9854134490065602
4,cold,A,28,0.2416,35,-2.6233925992889064
4,cold,A,29,0.1136,21,-2.083955509283225
4,cold,A,30,0.8741,18,-0.513986042377332
4,cold,A,31,0.9985,16,-2.7314764877419293
4,cold,A,32,0.7699,35,-2.324695247719397
4,cold,A,33,0.1355,23,-4.353381873472877
4,cold,A,34,0.8917,18,-2.0524132762932115
4,cold,A,35,0.7849,31,-3.4806875474638335
4,cold,A,36,0.8244,19,-4.083924158047394
4,cold,A,37,0.3357,42,-3.1070330864119264
4,cold,A,38,0.0485,21,-1.7333900744006747
4,cold,A,39,0.9103,29,-2.8464426870903416
4,cold,A,40,0.2972,22,-1.6310584595531425
4,cold,A,41,0.6488,16,-3.0156964215493645
4,cold,A,42,0.9674,41,-2.284798731601502
4,cold,A,43,0.8964,26,-1.0924069435102586
4,cold,A,44,0.3261,28,-1.6941264454716085
4,cold,A,45,0.3281,17,-2.6515459694406567
4,cold,A,46,0.4706,29,-1.9841372861550992
4,cold,A,47,0.691,15,-3.339684929450353
4,cold,A,48,0.9741,22,-3.5584851839918303
4,cold,A,49,0.23,26,-2.0445937765910527
4,cold,A,50,0.0362,20,-1.3292584949094362
4,cold,A,51,0.1632,32,-1.1229436735429772
4,cold,A,52,0.3205,79,-2.2831823935114617
4,cold,A,53,0.0213,23,-1.7433445834815402
4,cold,A,54,0.7346,25,-2.508821888267994
4,cold,A,55,0.543,18,-1.1379391387292546
4,cold,A,56,0.3809,15,-3.0247422359883784
4,cold,A,57,0.0063,14,-4.272357774507587
4,cold,A,58,0.1066,24,-2.7614213110258183
4,cold,A,59,0.7565,51,-2.4805158248362953
4,cold,A,60,0.3422,16,-5.150274433181039
4,cold,A,61,0.2898,13,-1.2706137660604258
4,cold,A,62,0.5801,29,-2.475141851295685
4,cold,A,63,0.0,16,-1.9933379393769428
4,cold,A,64,0.0721,19,-2.9426297735618916
4,cold,A,65,0.5583,19,-2.604070425461702
4,cold,A,66,0.1314,38,-1.7136145530032656
4,cold,A,67,0.5371,23,-1.5948861121534086
4,cold,A,68,0.1669,30,-2.2052023171291997
4,cold,A,69,0.228,15,-2.28116562225235
4,cold,A,70,0.8394,15,-2.377499704559644
4,cold,A,71,0.9611,27,-2.621269856226044
4,cold,A,72,0.7309,17,-1.795401948339799
4,cold,A,73,0.1838,25,-1.453226331905462
4,cold,A,74,0.8169,35,-1.754755160698135
4,cold,A,75,0.8279,15,-0.7747874224558473
4,cold,A,76,0.4115,100,-3.223267276417464
4,cold,A,77,0.0158,17,-2.5949379966169706
4,cold,A,78,0.8774,29,-1.4987251167888112
4,cold,A,79,0.7501,23,-0.8626208537746646
4,cold,A,80,0.627,26,-0.7409529877533251
4,cold,A,81,0.8664,21,-2.5531542557069944
4,cold,A,82,0.1238,44,-1.2333521566734733
4,cold,A,83,0.023,16,-2.9959958158433437
4,cold,A,84,0.4357,21,-0.7239602211574536
4,cold,A,85,0.8713,20,-2.7663947056047618
4,cold,A,86,0.679,14,-1.6397982235731823
4,cold,A,87,0.8624,29,-2.169734562891696
4,cold,A,88,0.2589,19,-1.7476337234195518
4,cold,A,89,0.203,30,-2.113996026540796
4,cold,A,90,0.0978,43,-1.0705591409844835
4,cold,A,91,0.7993,16,-0.44005314949026797
4,cold,A,92,0.9822,29,-2.019288095701807
4,cold,A,93,0.7969,27,-1.6269792437195536
4,cold,A,94,0.3297,24,-2.147938898495037
4,cold,A,95,0.9022,83,-2.3282722437793546
4,cold,A,96,0.9948,32,-1.9549583438147238
4,cold,A,97,0.574,26,-2.833765196828888
4,cold,A,98,0.6986,29,-1.4670693432562985
4,cold,A,99,0.2748,24,-2.2971350953448564
4,cold,A,100,0.3642,25,-0.6901042481779587
4,cold,A,101,0.5723,18,-2.0758768091909587
4,cold,A,102,0.1441,39,-2.5778043416897
4,cold,A,103,0.5277,17,-2.7151732595418308
4,cold,A,104,0.3602,56,-1.876369993110919
4,cold,A,105,0.4175,40,-2.6500366239080906
4,cold,A,106,0.7546,20,-1.5398840198293329
4,cold,A,107,0.4991,26,-2.914071010067486
4,cold,A,108,0.2473,31,-2.1869151905528805
4,cold,A,109,0.4342,11,-1.033515429124236
4,cold,A,110,0.5766,44,-2.7011845278003337
4,cold,A,111,0.368,13,-2.780257462201497
4,cold,A,112,0.6086,23,-2.2807859255490652
4,cold,A,113,0.2793,22,-2.9017939269542694
4,cold,A,114,0.8099,14,-0.5639251593550269
4,cold,A,115,0.6525,17,-3.127332029987455
4,cold,A,116,0.6965,17,-2.0490292526425464
4,cold,A,117,0.2724,30,-2.4024816139630274
4,cold,A,118,0.9846,38,-1.072873852983608
4,cold,A,119,0.9181,22,-1.768483162444847
4,cold,A,120,0.7014,17,-1.9888527726990801
4,cold,A,121,0.2913,28,-2.240301915525509
4,cold,A,122,0.7141,25,-2.126786529496312
4,cold,A,123,0.2843,26,-2.580897884076246
4,cold,A,124,0.6686,13,-3.067144277004095
4,cold,A,125,0.9414,132,-2.910792384419575
4,cold,A,126,0.8798,29,-1.0957062616322093
4,cold,A,127,0.6506,20,-2.806502303481102
4,cold,A,128,0.8519,33,-1.7346763423498819
4,cold,A,129,0.9124,28,-1.9882811604059367
4,cold,A,130,0.3994,25,-3.042872770875692
4,cold,A,131,0.6249,18,-0.2843232933777876
4,cold,A,132,0.5656,20,-2.4562656519934536
4,cold,A,133,0.4249,68,-2.6212440272343778
4,cold,A,134,0.4901,12,-3.1651305183768272
4,cold,A,135,0.8932,32,-2.242295138828922
4,cold,A,136,0.1591,24,-1.5961835771243689
4,cold,A,137,0.8151,21,-2.8214299065016566
4,cold,A,138,0.1161,21,-1.5613640670559281
4,cold,A,139,0.6114,17,-1.5973256991470834
4,cold,A,140,0.0099,30,-2.306783671222608
4,cold,A,141,0.6726,25,-1.7329494457889814
4,cold,A,142,0.6458,27,-1.7741675327566486
4,cold,A,143,0.3773,33,-2.661581137020028
4,cold,A,144,0.0802,12,-3.6312656397931278
4,cold,A,145,0.5866,119,-3.3924089599940768
4,cold,A,146,0.186,21,-3.0681020441919653
4,cold,A,147,0.3048,30,-0.9353453180991589
4,cold,A,148,0.1487,46,-2.0717477144827843
4,cold,A,149,0.9162,17,-1.6710433104389641
4,cold,A,150,0.1087,26,-2.864463749198386
4,cold,A,151,0.9575,27,-3.2962520990339623
4,cold,A,152,0.4374,34,-1.3101228251398425
4,cold,A,153,0.5472,21,-0.5514538462559271
4,cold,A,154,0.3729,27,-3.1893489151326424
4,cold,A,155,0.366,19,-2.8349034802890136
4,cold,A,156,0.25,20,-1.5900110718725273
4,cold,A,157,0.2121,19,-2.7754537914144364
4,cold,A,158,0.9633,57,-2.8154807530604957
4,cold,A,159,0.0404,34,-1.4662885530509384
4,cold,A,160,0.161,22,-0.03200257285789121
4,cold,A,161,0.3826,16,-2.289294341142522
4,cold,A,162,0.7181,27,-2.0514000427857457
4,cold,A,163,0.819,31,-2.2872854713575856
4,cold,A,164,0.2166,16,-2.809363470529206
4,cold,A,165,0.5553,43,-3.267479080093624
4,cold,A,166,0.7082,31,-1.8187720560498777
4,cold,A,167,0.795,20,-2.111965155787766
4,cold,A,168,0.0017,13,-2.780974195553706
4,cold,A,169,0.5673,21,-3.192075706974027
4,cold,A,170,0.8439,55,-2.0062386287053164
4,cold,A,171,0.0315,20,-0.8514015115481925
4,cold,A,172,0.0332,13,-1.3010750023218303
4,cold,A,173,0.3172,46,-2.419438719191416
4,cold,A,174,0.46,18,-2.84123335695929
4,cold,A,175,0.7769,36,-2.680001916907107
4,cold,A,176,0.788,22,-1.5820794401370222
4,cold,A,177,0.4536,23,-1.8702760509888479
4,cold,A,178,0.0817,98,-2.590236064528468
4,cold,A,179,0.4496,27,-2.9964498833718674
4,cold,A,180,0.5131,13,-0.6361386074859183
4,cold,A,181,0.8546,19,-2.605063254869923
4,cold,A,182,0.5347,29,-2.0409397785909373
4,cold,A,183,0.2096,18,-2.1805985011677773
4,cold,A,184,0.6008,38,-0.9102746059244821
4,cold,A,185,0.2456,16,-0.6656670363790909
4,cold,A,186,0.6294,17,-4.090106751112377
4,cold,A,187,0.6364,22,-2.6452600775625217
4,cold,A,188,0.639,21,-2.9372444965300106
4,cold,A,189,0.7392,20,-1.7065709174145014
4,cold,A,190,0.038,26,-2.0156871982662077
4,cold,A,191,0.0778,23,-2.570703593811587
4,cold,A,192,0.921,48,-2.0275221705924196
4,cold,A,193,0.5143,13,-1.972080191740623
4,cold,A,194,0.1537,24,-0.920405425590919
4,cold,A,195,0.9782,17,-1.7901069598331507
4,cold,A,196,0.6158,30,-1.6473781482006113
4,cold,A,197,0.1108,35,-3.3875600146636966
4,cold,A,198,0.5408,41,-2.1852992720818203
4,cold,A,199,0.7037,15,-2.8077783132980887
4,cold,B,0,0.0,34,-0.0027781035353066676
4,cold,B,1,0.0711,36,-0.04181964885154028
4,cold,B,2,0.1402,27,-0.005331938082909565
4,cold,B,3,0.1958,80,-0.001957374280606672
4,cold,B,4,0.3716,52,-0.05246381405679411
4,cold,B,5,0.4866,13,-0.022602691716971234
4,cold,B,6,0.5198,28,-0.013548462168971907
4,cold,B,7,0.5708,19,-0.011438787343584073
4,cold,B,8,0.6194,30,-0.003843717348460511
4,cold,B,9,0.7069,35,-0.005709525708724478
4,cold,B,10,0.8015,28,-0.002571482581450774
4,cold,B,11,0.8638,37,-0.004152280488120916
4,cold,B,12,0.9614,15,-0.04217271618545056
4,warm,A,0,0.6634,12,-2.5565862680474916
4,warm,A,1,0.4732,19,-1.8652500477313112
4,warm,A,2,0.4559,31,-1.0569295488413415
4,warm,A,3,0.4828,16,-3.8845576096791774
4,warm,A,4,0.1577,20,-1.7308228719412
4,warm,A,5,0.2235,23,-1.8549047651467845
4,warm,A,6,0.7057,35,-1.8709637263257588
4,warm,A,7,0.1881,38,-3.359190147075998
4,warm,A,8,0.8325,11,-2.046012109653516
4,warm,A,9,0.4021,19,-1.78899952533998
4,warm,A,10,0.4235,13,-3.4830718705287347
4,warm,A,11,0.0248,53,-3.1179407600243136
4,warm,A,12,0.0031,30,-0.834792313760651
4,warm,A,13,0.9085,19,-3.218955929832239
4,warm,A,14,0.5507,22,-0.9045358343018134
4,warm,A,15,0.4296,15,-1.4680913964131226
4,warm,A,16,0.3851,16,-0.7762677296195761
4,warm,A,17,0.2186,31,-2.1768122069582705
4,warm,A,18,0.3016,22,-2.641671090443362
4,warm,A,19,0.4585,13,-2.502552328201441
4,warm,A,20,0.3954,15,-0.8308446755399927
4,warm,A,21,0.726,58,-3.283396364259433
4,warm,A,22,0.5157,38,-2.299827055829251
4,warm,A,23,0.5941,99,-3.1893536318622697
4,warm,A,24,0.4215,25,-3.1676959744095803
4,warm,A,25,0.9873,28,-1.2015863149332031
4,warm,A,26,0.9316,49,-2.625592683525091
4,warm,A,27,0.1755,23,-3.2530982217387012
4,warm,A,28,0.2416,35,-2.774107242588486
4,warm,A,29,0.1136,21,-2.475764508292611
4,warm,A,30,0.8741,18,-0.48680791686153196
4,warm,A,31,0.9985,16,-2.756055897675651
4,warm,A,32,0.7699,35,-2.363474786947232
4,warm,A,33,0.1355,23,-4.330722527335519
4,warm,A,34,0.8917,18,-2.2419214094989
4,warm,A,35,0.7849,31,-3.4919067162704924
4,warm,A,36,0.8244,19,-4.331810171728169
4,warm,A,37,0.3357,42,-3.1546373407223394
4,warm,A,38,0.0485,21,-1.847897534214315
4,warm,A,39,0.9103,29,-2.6713915314938843
4,warm,A,40,0.2972,22,-1.7244276022730363
4,warm,A,41,0.6488,16,-3.1918244814660284
4,warm,A,42,0.9674,41,-2.340213092129178
4,warm,A,43,0.8964,26,-1.0307475365289764
4,warm,A,44,0.3261,28,-1.8657955650134161
4,warm,A,45,0.3281,17,-2.6222988237791203
4,warm,A,46,0.4706,29,-1.9969581981462523
4,warm,A,47,0.691,15,-3.4760220130284627
4,warm,A,48,0.9741,22,-3.7044736561365426
4,warm,A,49,0.23,26,-2.070032616584705
4,warm,A,50,0.0362,20,-1.4595980744677945
4,warm,A,51,0.1632,32,-1.1696155748795718
4,warm,A,52,0.3205,79,-2.268430481046104
4,warm,A,53,0.0213,23,-2.1681263145621177
4,warm,A,54,0.7346,25,-2.4246589113399386
4,warm,A,55,0.543,18,-1.179080709549857
4,warm,A,56,0.3809,15,-3.0871222709616024
4,warm,A,57,0.0063,14,-5.084372184650939
4,warm,A,58,0.1066,24,-2.8838683078065515
4,warm,A,59,0.7565,51,-2.425846731653163
4,warm,A,60,0.3422,16,-5.434195809590165
4,warm,A,61,0.2898,13,-1.3686793078220665
4,warm,A,62,0.5801,29,-2.723220431438551
4,warm,A,63,0.0,16,-2.346535907359794
4,warm,A,64,0.0721,19,-3.108637917639786
4,warm,A,65,0.5583,19,-2.931474326139371
4,warm,A,66,0.1314,38,-1.7866954203399426
4,warm,A,67,0.5371,23,-1.7330650157021845
4,warm,A,68,0.1669,30,-2.6419865444923443
4,warm,A,69,0.228,15,-1.9236784450321769
4,warm,A,70,0.8394,15,-2.6266075094540913
4,warm,A,71,0.9611,27,-2.7225578413517386
4,warm,A,72,0.7309,17,-2.2195153569473938
4,warm,A,73,0.1838,25,-1.6076271064206957
4,warm,A,74,0.8169,35,-1.8192855071442733
4,warm,A,75,0.8279,15,-0.7642662338912487
4,warm,A,76,0.4115,100,-3.356648022015579
4,warm,A,77,0.0158,17,-2.7867912365301675
4,warm,A,78,0.8774,29,-1.4866622992458047
4,warm,A,79,0.7501,23,-0.921844193247481
4,warm,A,80,0.627,26,-0.9106355887623312
4,warm,A,81,0.8664,21,-2.7151071727719334
4,warm,A,82,0.1238,44,-1.312418966530293
4,warm,A,83,0.023,16,-3.5405881460756063
4,warm,A,84,0.4357,21,-0.8086433333366931
4,warm,A,85,0.8713,20,-2.7439404162578285
4,warm,A,86,0.679,14,-1.603187122847885
4,warm,A,87,0.8624,29,-2.184643198013434
4,warm,A,88,0.2589,19,-1.6833575926476012
4,warm,A,89,0.203,30,-2.227284628152847
4,warm,A,90,0.0978,43,-1.0786442458616072
4,warm,A,91,0.7993,16,-0.4330221884447383
4,warm,A,92,0.9822,29,-2.136543443554948
4,warm,A,93,0.7969,27,-1.6734422870267063
4,warm,A,94,0.3297,24,-2.311793037213041
4,warm,A,95,0.9022,83,-2.3659256315574115
4,warm,A,96,0.9948,32,-2.110044062748784
4,warm,A,97,0.574,26,-3.045574558755526
4,warm,A,98,0.6986,29,-1.6713014232458403
4,warm,A,99,0.2748,24,-2.3306270729517564
4,warm,A,100,0.3642,25,-0.7564938970615913
4,warm,A,101,0.5723,18,-2.081400412807448
4,warm,A,102,0.1441,39,-2.686191316752975
4,warm,A,103,0.5277,17,-3.1172309184775635
4,warm,A,104,0.3602,56,-1.9630470354043479
4,warm,A,105,0.4175,40,-2.635568326266366
4,warm,A,106,0.7546,20,-1.5116200622171163
4,warm,A,107,0.4991,26,-2.7399284429131794
4,warm,A,108,0.2473,31,-2.266067086580029
4,warm,A,109,0.4342,11,-1.2973237284882502
4,warm,A,110,0.5766,44,-2.841070487322709
4,warm,A,111,0.368,13,-2.910684822413784
4,warm,A,112,0.6086,23,-2.328070474678458
4,warm,A,113,0.2793,22,-2.8314227404242214
4,warm,A,114,0.8099,14,-0.5071398235117418
4,warm,A,115,0.6525,17,-3.2414090858416302
4,warm,A,116,0.6965,17,-2.0652062755132863
4,warm,A,117,0.2724,30,-2.4128770132966264
4,warm,A,118,0.9846,38,-1.0630953315402574
4,warm,A,119,0.9181,22,-1.8607614132237027
4,warm,A,120,0.7014,17,-2.234816432964769
4,warm,A,121,0.2913,28,-2.264125119370874
4,warm,A,122,0.7141,25,-2.071247211294249
4,warm,A,123,0.2843,26,-2.890733053455523
4,warm,A,124,0.6686,13,-3.2593966814187856
4,warm,A,125,0.9414,132,-2.848828806706782
4,warm,A,126,0.8798,29,-1.0610764601111315
4,warm,A,127,0.6506,20,-2.8983788266777992
4,warm,A,128,0.8519,33,-1.7987353708074696
4,warm,A,129,0.9124,28,-2.013538987255223
4,warm,A,130,0.3994,25,-3.26748282328248
4,warm,A,131,0.6249,18,-0.12378105735115241
4,warm,A,132,0.5656,20,-2.51370405703783
4,warm,A,133,0.4249,68,-2.7075129638204305
4,warm,A,134,0.4901,12,-3.1025996344784894
4,warm,A,135,0.8932,32,-2.4367173428909155
4,warm,A,136,0.1591,24,-1.7030730631183058
4,warm,A,137,0.8151,21,-2.7400037828345027
4,warm,A,138,0.1161,21,-1.6325725770078687
4,warm,A,139,0.6114,17,-1.7047822092854938
4,warm,A,140,0.0099,30,-2.3650172187818197
4,warm,A,141,0.6726,25,-1.7508170338264608
4,warm,A,142,0.6458,27,-1.9226264789338328
4,warm,A,143,0.3773,33,-2.689068453047763
4,warm,A,144,0.0802,12,-3.542807203096648
4,warm,A,145,0.5866,119,-3.3845271742746172
4,warm,A,146,0.186,21,-3.183999211032642
4,warm,A,147,0.3048,30,-0.9165055828222345
4,warm,A,148,0.1487,46,-2.171842440357938
4,warm,A,149,0.9162,17,-1.7212131599825464
4,warm,A,150,0.1087,26,-2.8728052555368495
4,warm,A,151,0.9575,27,-3.435485427069512
4,warm,A,152,0.4374,34,-1.3092058463371359
4,warm,A,153,0.5472,21,-0.5531080274432454
4,warm,A,154,0.3729,27,-3.45762718290401
4,warm,A,155,0.366,19,-3.206683107382177
4,warm,A,156,0.25,20,-1.5368159859949913
4,warm,A,157,0.2121,19,-2.683740069207392
4,warm,A,158,0.9633,57,-2.8471769587894524
4,warm,A,159,0.0404,34,-1.5188019263749832
4,warm,A,160,0.161,22,-0.037178840904909354
4,warm,A,161,0.3826,16,-2.336713796365075
4,warm,A,162,0.7181,27,-1.9703340158987515
4,warm,A,163,0.819,31,-2.17536321589573
4,warm,A,164,0.2166,16,-2.8078183433390222
4,warm,A,165,0.5553,43,-3.652762240892666
4,warm,A,166,0.7082,31,-1.7120035743761448
4,warm,A,167,0.795,20,-2.327129626274109
4,warm,A,168,0.0017,13,-2.7795083774970126
4,warm,A,169,0.5673,21,-3.231944100160728
4,warm,A,170,0.8439,55,-2.0068017278984454
4,warm,A,171,0.0315,20,-1.0147403004088118
4,warm,A,172,0.0332,13,-1.6379507848849664
4,warm,A,173,0.3172,46,-2.4180191586568505
4,warm,A,174,0.46,18,-2.820869993004534
4,warm,A,175,0.7769,36,-2.6807689728836217
4,warm,A,176,0.788,22,-1.5553926238075788
4,warm,A,177,0.4536,23,-1.7726320642066877
4,warm,A,178,0.0817,98,-2.6234093798542446
4,warm,A,179,0.4496,27,-3.0702755946872964
4,warm,A,180,0.5131,13,-0.6437889001815795
4,warm,A,181,0.8546,19,-2.69956555973285
4,warm,A,182,0.5347,29,-2.148424503638784
4,warm,A,183,0.2096,18,-2.1836079561875925
4,warm,A,184,0.6008,38,-0.7784324352986388
4,warm,A,185,0.2456,16,-0.7762677296195761
4,warm,A,186,0.6294,17,-4.139139831066132
4,warm,A,187,0.6364,22,-2.6506166120313783
4,warm,A,188,0.639,21,-3.09657533431337
4,warm,A,189,0.7392,20,-1.7404407176189125
4,warm,A,190,0.038,26,-2.1832280538913507
4,warm,A,191,0.0778,23,-2.4887895418088073
4,warm,A,192,0.921,48,-2.1004026107782465
4,warm,A,193,0.5143,13,-2.0447367997123647
4,warm,A,194,0.1537,24,-0.9256779381642749
4,warm,A,195,0.9782,17,-1.8424002258954502
4,warm,A,196,0.6158,30,-1.6873474697892865
4,warm,A,197,0.1108,35,-3.2947306843998376
4,warm,A,198,0.5408,41,-2.126459039884006
4,warm,A,199,0.7037,15,-2.810229263268411
4,warm,B,0,0.0,34,-0.01563544200272351
4,warm,B,1,0.0711,36,-0.04316106365702884
4,warm,B,2,0.1402,27,-0.020196798689910252
4,warm,B,3,0.1958,80,-0.009933384421478309
4,warm,B,4,0.3716,52,-0.061727021982715784
4,warm,B,5,0.4866,13,-0.10898326050776702
4,warm,B,6,0.5198,28,-0.04713128724554443
4,warm,B,7,0.5708,19,-0.02648962066467376
4,warm,B,8,0.6194,30,-0.012792885873962708
4,warm,B,9,0.7069,35,-0.037966979406649316
4,warm,B,10,0.8015,28,-0.015923920147023245
4,warm,B,11,0.8638,37,-0.013862056383834136
4,warm,B,12,0.9614,15,-0.03865278744293998
4,mismatched,A,0,0.6634,12,-2.7389254976684847
4,mismatched,A,1,0.4732,19,-1.9051088813912909
4,mismatched,A,2,0.4559,31,-1.24347712788468
4,mismatched,A,3,0.4828,16,-4.0843607045244426
4,mismatched,A,4,0.1577,20,-1.7958616556454217
4,mismatched,A,5,0.2235,23,-2.2049707790391277
4,mismatched,A,6,0.7057,35,-2.15271369535476
4,mismatched,A,7,0.1881,38,-3.5745526220845547
4,mismatched,A,8,0.8325,11,-2.3014236440543425
4,mismatched,A,9,0.4021,19,-1.8163743605347056
4,mismatched,A,10,0.4235,13,-3.4742305924972663
4,mismatched,A,11,0.0248,53,-3.2905928851017414
4,mismatched,A,12,0.0031,30,-0.8030116571942927
4,mismatched,A,13,0.9085,19,-3.389335909564244
4,mismatched,A,14,0.5507,22,-0.9897337076148357
4,mismatched,A,15,0.4296,15,-1.5497054154518992
4,mismatched,A,16,0.3851,16,-0.8970862464339007
4,mismatched,A,17,0.2186,31,-2.2293219401110567
4,mismatched,A,18,0.3016,22,-2.6568934309345256
4,mismatched,A,19,0.4585,13,-2.4546661159166923
4,mismatched,A,20,0.3954,15,-1.0161133116421601
4,mismatched,A,21,0.726,58,-3.5685025986639287
4,mismatched,A,22,0.5157,38,-2.3471978325099996
4,mismatched,A,23,0.5941,99,-3.2687220334197686
4,mismatched,A,24,0.4215,25,-3.281628975570202
4,mismatched,A,25,0.9873,28,-1.430955498379522
4,mismatched,A,26,0.9316,49,-2.78630366093807
4,mismatched,A,27,0.1755,23,-3.2081838133542435
4,mismatched,A,28,0.2416,35,-2.9631153036441122
4,mismatched,A,29,0.1136,21,-2.565069737977215
4,mismatched,A,30,0.8741,18,-0.5642876064973987
4,mismatched,A,31,0.9985,16,-2.986914295448514
4,mismatched,A,32,0.7699,35,-2.526049973809027
4,mismatched,A,33,0.1355,23,-4.321165843502335
4,mismatched,A,34,0.8917,18,-2.393684028130439
4,mismatched,A,35,0.7849,31,-3.647250649849734
4,mismatched,A,36,0.8244,19,-4.3455479620576005
4,mismatched,A,37,0.3357,42,-3.269463314719143
4,mismatched,A,38,0.0485,21,-2.0059910856542134
4,mismatched,A,39,0.9103,29,-2.506532166119071
4,mismatched,A,40,0.2972,22,-1.6825054031578475
4,mismatched,A,41,0.6488,16,-3.3022942039824557
4,mismatched,A,42,0.9674,41,-2.445498492838474
4,mismatched,A,43,0.8964,26,-1.0409978274144054
4,mismatched,A,44,0.3261,28,-2.04652395780639
4,mismatched,A,45,0.3281,17,-2.591434820171665
4,mismatched,A,46,0.4706,29,-2.0464642154101025
4,mismatched,A,47,0.691,15,-3.6053987527887026
4,mismatched,A,48,0.9741,22,-3.895115981280634
4,mismatched,A,49,0.23,26,-2.2986934780582
4,mismatched,A,50,0.0362,20,-1.5976855426859402
4,mismatched,A,51,0.1632,32,-1.2720390920621867
4,mismatched,A,52,0.3205,79,-2.305881013153961
4,mismatched,A,53,0.0213,23,-2.320939224015962
4,mismatched,A,54,0.7346,25,-2.5664142419397833
4,mismatched,A,55,0.543,18,-1.3293077823699504
4,mismatched,A,56,0.3809,15,-2.983509989082813
4,mismatched,A,57,0.0063,14,-4.9711691160919145
4,mismatched,A,58,0.1066,24,-2.909704121761024
4,mismatched,A,59,0.7565,51,-2.5852970220468134
4,mismatched,A,60,0.3422,16,-5.406342895468697
4,mismatched,A,61,0.2898,13,-1.3979469118281627
4,mismatched,A,62,0.5801,29,-2.908933800163454
4,mismatched,A,63,0.0,16,-2.431447572889738
4,mismatched,A,64,0.0721,19,-3.3430004737486967
4,mismatched,A,65,0.5583,19,-3.029379932883833
4,mismatched,A,66,0.1314,38,-1.9070182092561339
4,mismatched,A,67,0.5371,23,-1.9295015544428125
4,mismatched,A,68,0.1669,30,-2.896210164902732
4,mismatched,A,69,0.228,15,-1.9264943098338942
4,mismatched,A,70,0.8394,15,-2.8201928148667017
4,mismatched,A,71,0.9611,27,-2.9588657566734278
4,mismatched,A,72,0.7309,17,-2.7172963058247284
4,mismatched,A,73,0.1838,25,-1.7256236643344165
4,mismatched,A,74,0.8169,35,-1.9561706826789305
4,mismatched,A,75,0.8279,15,-0.8127511163552602
4,mismatched,A,76,0.4115,100,-3.6268948121974245
4,mismatched,A,77,0.0158,17,-2.8821179874939844
4,mismatched,A,78,0.8774,29,-1.4764714169773627
4,mismatched,A,79,0.7501,23,-1.145636811103348
4,mismatched,A,80,0.627,26,-1.2341710113078779
4,mismatched,A,81,0.8664,21,-2.8688342908752107
4,mismatched,A,82,0.1238,44,-1.3921606229374779
4,mismatched,A,83,0.023,16,-3.751739701256156
4,mismatched,A,84,0.4357,21,-0.8199891608674079
4,mismatched,A,85,0.8713,20,-2.644303589314222
4,mismatched,A,86,0.679,14,-1.7313531560025044
4,mismatched,A,87,0.8624,29,-2.3560500671316325
4,mismatched,A,88,0.2589,19,-1.7277940653791455
4,mismatched,A,89,0.203,30,-2.3699088575318457
4,mismatched,A,90,0.0978,43,-1.1720335646370037
4,mismatched,A,91,0.7993,16,-0.467769009701442
4,mismatched,A,92,0.9822,29,-2.2095912654787817
4,mismatched,A,93,0.7969,27,-1.8209936298986173
4,mismatched,A,94,0.3297,24,-2.5523100576901925
4,mismatched,A,95,0.9022,83,-2.4185226194207075
4,mismatched,A,96,0.9948,32,-2.4420588606153615
4,mismatched,A,97,0.574,26,-3.156943451899749
4,mismatched,A,98,0.6986,29,-1.696957110314919
4,mismatched,A,99,0.2748,24,-2.363029767642729
4,mismatched,A,100,0.3642,25,-0.8399840680611669
4,mismatched,A,101,0.5723,18,-2.2634860013818576
4,mismatched,A,102,0.1441,39,-2.6023123262902326
4,mismatched,A,103,0.5277,17,-3.5623954280334362
4,mismatched,A,104,0.3602,56,-1.9784791434067301
4,mismatched,A,105,0.4175,40,-2.679858966570464
4,mismatched,A,106,0.7546,20,-1.529078289307654
4,mismatched,A,107,0.4991,26,-2.4614080178748385
4,mismatched,A,108,0.2473,31,-2.2765795665834427
4,mismatched,A,109,0.4342,11,-1.3312906626273284
4,mismatched,A,110,0.5766,44,-3.0029381360139022
4,mismatched,A,111,0.368,13,-3.190728757530451
4,mismatched,A,112,0.6086,23,-2.424251711876739
4,mismatched,A,113,0.2793,22,-2.700165270235051
4,mismatched,A,114,0.8099,14,-0.6065920488742579
4,mismatched,A,115,0.6525,17,-3.3333129866308915
4,mismatched,A,116,0.6965,17,-2.094034366090508
4,mismatched,A,117,0.2724,30,-2.4338352883661476
4,mismatched,A,118,0.9846,38,-1.1795028953564677
4,mismatched,A,119,0.9181,22,-1.7905933655777269
4,mismatched,A,120,0.7014,17,-2.3369693310806348
4,mismatched,A,121,0.2913,28,-2.308409339964523
4,mismatched,A,122,0.7141,25,-2.1474637663271277
4,mismatched,A,123,0.2843,26,-3.060331181573789
4,mismatched,A,124,0.6686,13,-3.536408863388575
4,mismatched,A,125,0.9414,132,-3.046941780723335
4,mismatched,A,126,0.8798,29,-1.0955097384726757
4,mismatched,A,127,0.6506,20,-2.8764179117977617
4,mismatched,A,128,0.8519,33,-1.8663129921857917
4,mismatched,A,129,0.9124,28,-2.0694926095228374
4,mismatched,A,130,0.3994,25,-3.2710554345697163
4,mismatched,A,131,0.6249,18,-0.1877921368302648
4,mismatched,A,132,0.5656,20,-2.648776720650494
4,mismatched,A,133,0.4249,68,-2.7645690675776944
4,mismatched,A,134,0.4901,12,-3.1059020049870014
4,mismatched,A,135,0.8932,32,-2.8729100879718317
4,mismatched,A,136,0.1591,24,-1.8486798937107476
4,mismatched,A,137,0.8151,21,-2.746840723435439
4,mismatched,A,138,0.1161,21,-1.6633692855580844
4,mismatched,A,139,0.6114,17,-1.8954726927913725
4,mismatched,A,140,0.0099,30,-2.3165139111908504
4,mismatched,A,141,0.6726,25,-1.8363280508175377
4,mismatched,A,142,0.6458,27,-2.1431463345781796
4,mismatched,A,143,0.3773,33,-2.7600067339724665
4,mismatched,A,144,0.0802,12,-3.693283319628487
4,mismatched,A,145,0.5866,119,-3.5196765973408777
4,mismatched,A,146,0.186,21,-3.3541947432510955
4,mismatched,A,147,0.3048,30,-1.028568303892583
4,mismatched,A,148,0.1487,46,-2.2384821567988102
4,mismatched,A,149,0.9162,17,-1.8245566990277866
4,mismatched,A,150,0.1087,26,-2.951455315718284
4,mismatched,A,151,0.9575,27,-3.582746265438834
4,mismatched,A,152,0.4374,34,-1.319948907712173
4,mismatched,A,153,0.5472,21,-0.5971221582606502
4,mismatched,A,154,0.3729,27,-3.6265230078802064
4,mismatched,A,155,0.366,19,-3.335571524907688
4,mismatched,A,156,0.25,20,-1.5522208662242065
4,mismatched,A,157,0.2121,19,-2.690573255090337
4,mismatched,A,158,0.9633,57,-2.9905166844183806
4,mismatched,A,159,0.0404,34,-1.5491174001191907
4,mismatched,A,160,0.161,22,-0.0427086043703391
4,mismatched,A,161,0.3826,16,-2.387815137510188
4,mismatched,A,162,0.7181,27,-2.183743699082967
4,mismatched,A,163,0.819,31,-2.438006321351314
4,mismatched,A,164,0.2166,16,-2.8161065151216462
4,mismatched,A,165,0.5553,43,-4.087696219079716
4,mismatched,A,166,0.7082,31,-1.9635853374286765
4,mismatched,A,167,0.795,20,-2.50320435538888
4,mismatched,A,168,0.0017,13,-2.95631294296338
4,mismatched,A,169,0.5673,21,-3.164999971072012
4,mismatched,A,170,0.8439,55,-1.8759251549808225
4,mismatched,A,171,0.0315,20,-1.0534004849527263
4,mismatched,A,172,0.0332,13,-1.8252785859199672
4,mismatched,A,173,0.3172,46,-2.497680309253907
4,mismatched,A,174,0.46,18,-2.875967008372148
4,mismatched,A,175,0.7769,36,-2.7765132765958294
4,mismatched,A,176,0.788,22,-1.612862769747153
4,mismatched,A,177,0.4536,23,-1.6945768899091964
4,mismatched,A,178,0.0817,98,-2.7480993152237305
4,mismatched,A,179,0.4496,27,-3.286570896222084
4,mismatched,A,180,0.5131,13,-0.6823146693551769
4,mismatched,A,181,0.8546,19,-2.6476661082231563
4,mismatched,A,182,0.5347,29,-2.624263446098949
4,mismatched,A,183,0.2096,18,-2.2018330356934004
4,mismatched,A,184,0.6008,38,-0.7811748205965973
4,mismatched,A,185,0.2456,16,-0.8970862464339007
4,mismatched,A,186,0.6294,17,-4.129806860404856
4,mismatched,A,187,0.6364,22,-2.7889147366989744
4,mismatched,A,188,0.639,21,-3.2838304713368416
4,mismatched,A,189,0.7392,20,-1.80430628079921
4,mismatched,A,190,0.038,26,-2.3242672476469752
4,mismatched,A,191,0.0778,23,-2.5942910955813914
4,mismatched,A,192,0.921,48,-2.3277918095536734
4,mismatched,A,193,0.5143,13,-2.096081397854365
4,mismatched,A,194,0.1537,24,-1.0201078989230155
4,mismatched,A,195,0.9782,17,-2.059163799531662
4,mismatched,A,196,0.6158,30,-1.7888912859993675
4,mismatched,A,197,0.1108,35,-3.4431857305279534
4,mismatched,A,198,0.5408,41,-2.175826744414957
4,mismatched,A,199,0.7037,15,-3.017377462858955
4,mismatched,B,0,0.0,34,-0.012008156793854141
4,mismatched,B,1,0.0711,36,-0.021819222622929776
4,mismatched,B,2,0.1402,27,-0.018362319185851246
4,mismatched,B,3,0.1958,80,-0.0063172616598990315
4,mismatched,B,4,0.3716,52,-0.05258509154103964
4,mismatched,B,5,0.4866,13,-0.0649594868390033
4,mismatched,B,6,0.5198,28,-0.034123999352232204
4,mismatched,B,7,0.5708,19,-0.018630654303682315
4,mismatched,B,8,0.6194,30,-0.008227725180051947
4,mismatched,B,9,0.7069,35,-0.036731064356198266
4,mismatched,B,10,0.8015,28,-0.013896294359126062
4,mismatched,B,11,0.8638,37,-0.013730796236420763
4,mismatched,B,12,0.9614,15,-0.022950584685895593
5,cold,A,0,0.9427,15,-1.9613177120685577
5,cold,A,1,0.838,16,-1.0078458252801283
5,cold,A,2,0.4437,50,-2.7091429710015653
5,cold,A,3,0.3392,15,-2.6327025855580968
5,cold,A,4,0.9637,15,-3.195971992122941
5,cold,A,5,0.1405,119,-3.395480222890482
5,cold,A,6,0.6941,36,-1.7997203467174485
5,cold,A,7,0.7059,17,-1.3352754576789105
5,cold,A,8,0.0854,19,-2.0076754417417475
5,cold,A,9,0.7578,15,-5.29980675081412
5,cold,A,10,0.1649,28,-2.9271597417537123
5,cold,A,11,0.4072,16,-1.8568225476237785
5,cold,A,12,0.2192,30,-1.2500521590587519
5,cold,A,13,0.6179,21,-2.261691219173372
5,cold,A,14,0.4865,20,-2.6568714829627424
5,cold,A,15,0.6145,12,-2.3070905937153534
5,cold,A,16,0.9712,35,-1.2848618679763084
5,cold,A,17,0.6927,11,-2.384670911864801
5,cold,A,18,0.4405,45,-1.8716922458144836
5,cold,A,19,0.148,99,-3.36228421907237
5,cold,A,20,0.5488,19,-0.019985835510612417
5,cold,A,21,0.8324,46,-2.3327144301366074
5,cold,A,22,0.8502,19,-3.5203930139541626
5,cold,A,23,0.5866,18,-2.854113234031603
5,cold,A,24,0.0229,15,-3.473310661315918
5,cold,A,25,0.2215,13,-1.5723335170455708
5,cold,A,26,0.7203,29,-2.0713304530443817
5,cold,A,27,0.0106,21,-1.7522475374862552
5,cold,A,28,0.118,33,-0.7097943633479272
5,cold,A,29,0.036,52,-2.9858081974450146
5,cold,A,30,0.962,18,-3.8758728432779512
5,cold,A,31,0.2729,13,-0.9630811893685649
5,cold,A,32,0.68,16,-3.1287040484967292
5,cold,A,33,0.3888,18,-2.1204671870283267
5,cold,A,34,0.2515,18,-0.017416291097055767
5,cold,A,35,0.4226,23,-3.2756916741314144
5,cold,A,36,0.7397,34,-2.7371720373630524
5,cold,A,37,0.9353,21,-0.34965528867975254
5,cold,A,38,0.7824,22,-2.169412098824978
5,cold,A,39,0.8848,13,-3.8239132578556356
5,cold,A,40,0.0143,35,-2.445866474662242
5,cold,A,41,0.3663,37,-1.184454147782998
5,cold,A,42,0.9375,19,-1.440990398215179
5,cold,A,43,0.7179,24,-2.2178746467034216
5,cold,A,44,0.0073,14,-1.8514092649732317
5,cold,A,45,0.1826,21,-2.445413028704934
5,cold,A,46,0.4722,19,-1.9393173818934883
5,cold,A,47,0.1293,11,-2.458272092721679
5,cold,A,48,0.6289,23,-2.100247257771274
5,cold,A,49,0.888,33,-3.70428340213204
5,cold,A,50,0.662,34,-1.3592964422243634
5,cold,A,51,0.6836,34,-1.4908037498278324
5,cold,A,52,0.9328,42,-2.0771765034878626
5,cold,A,53,0.5141,35,-2.035286160821436
5,cold,A,54,0.3906,14,-1.703385858929583
5,cold,A,55,0.9254,19,-2.2351923390830817
5,cold,A,56,0.5933,31,-2.2980000733459747
5,cold,A,57,0.0713,22,-3.104819542305036
5,cold,A,58,0.0317,24,-2.2666947909756345
5,cold,A,59,0.6588,29,-1.3908390030786717
5,cold,A,60,0.3729,31,-2.2851275196749596
5,cold,A,61,0.371,20,-3.4578077609505273
5,cold,A,62,0.2484,15,-2.5199422363812727
5,cold,A,63,0.4364,14,-1.5762541560190064
5,cold,A,64,0.6419,37,-2.433065344604689
5,cold,A,65,0.0754,37,-2.4239331802606543
5,cold,A,66,0.2339,16,-2.0316354987353407
5,cold,A,67,0.5725,14,-0.6722647382079491
5,cold,A,68,0.7558,22,-2.866465523479168
5,cold,A,69,0.3115,49,-2.740927704657447
5,cold,A,70,0.1554,39,-2.6053108519867796
5,cold,A,71,0.669,19,-1.7391337077485667
5,cold,A,72,0.2674,27,-1.9086428256252677
5,cold,A,73,0.2064,34,-1.9114886526384747
5,cold,A,74,0.4918,18,-2.5297318290783246
5,cold,A,75,0.893,29,-1.9147757692352854
5,cold,A,76,0.1633,17,-3.3978525076955144
5,cold,A,77,0.3155,124,-3.0909019295546796
5,cold,A,78,0.3246,44,-3.721463988069445
5,cold,A,79,0.6718,19,-2.4040851740650586
5,cold,A,80,0.5509,29,-1.1152336456941376
5,cold,A,81,0.8985,11,-4.701411573724314
5,cold,A,82,0.9471,19,-2.8000455284123555
5,cold,A,83,0.6162,12,-2.206727098363141
5,cold,A,84,0.4471,26,-2.7278903550468385
5,cold,A,85,0.6452,54,-2.48574256804056
5,cold,A,86,0.1908,16,-2.023768446058966
5,cold,A,87,0.0895,52,-1.7544260307018145
5,cold,A,88,0.123,18,-1.2068481174040546
5,cold,A,89,0.807,19,-3.2552439774337567
5,cold,A,90,0.1205,13,-0.4478785143456452
5,cold,A,91,0.7041,18,-2.565867750637052
5,cold,A,92,0.3634,49,-1.0246514328324727
5,cold,A,93,0.2582,28,-1.0050698863778962
5,cold,A,94,0.3515,30,-2.8627914162973562
5,cold,A,95,0.5788,53,-1.9836602629215088
5,cold,A,96,0.5619,25,-1.3778252077673097
5,cold,A,97,0.524,18,-0.9570785293213299
5,cold,A,98,0.8742,44,-2.639192359183322
5,cold,A,99,0.2427,37,-2.5822836270027265
5,cold,A,100,0.556,27,-1.5113468433523343
5,cold,A,101,0.5959,49,-2.276018024704951
5,cold,A,102,0.018,32,-1.7719293856647482
5,cold,A,103,0.8586,22,-2.2809609992598947
5,cold,A,104,0.2456,36,-2.4533100471793055
5,cold,A,105,0.7963,25,-2.3477621843718226
5,cold,A,106,0.173,45,-1.2649265996413306
5,cold,A,107,0.9206,34,-2.740051789667204
5,cold,A,108,0.168,36,-2.154193401963615
5,cold,A,109,0.9441,24,-2.301479350823987
5,cold,A,110,0.305,86,-2.9776997149212634
5,cold,A,111,0.198,31,-1.818917157757002
5,cold,A,112,0.0782,26,-2.232054596193708
5,cold,A,113,0.3861,23,-1.638473683439256
5,cold,A,114,0.584,30,-1.9963865355811625
5,cold,A,115,0.7091,33,-1.9704708755285316
5,cold,A,116,0.4312,27,-1.0019185939845219
5,cold,A,117,0.5311,16,-0.2669659939947451
5,cold,A,118,0.1156,22,-3.222181260924448
5,cold,A,119,0.8135,117,-2.4546342892231494
5,cold,A,120,0.262,40,-2.9154116180958227
5,cold,A,121,0.9137,72,-2.8592918345885767
5,cold,A,122,0.7074,15,-1.1270179324608762
5,cold,A,123,0.056,13,-1.2888994101399125
5,cold,A,124,0.867,42,-3.150513882027597
5,cold,A,125,0.0042,19,-2.132525132282784
5,cold,A,126,0.9535,20,-1.8783397299877833
5,cold,A,127,0.2653,27,-2.93514664667762
5,cold,A,128,0.1085,23,-1.99467047781724
5,cold,A,129,0.4523,15,-3.848599622398615
5,cold,A,130,0.0,67,-1.6896825002518912
5,cold,A,131,0.0426,61,-1.5957939570371755
5,cold,A,132,0.481,20,-1.9256864716298878
5,cold,A,133,0.2872,54,-3.281903234034501
5,cold,A,134,0.4662,33,-2.7735937580353385
5,cold,A,135,0.9778,72,-2.108398859136716
5,cold,A,136,0.2773,31,-0.7882620916934684
5,cold,A,137,0.5435,15,-1.6237907716155557
5,cold,A,138,0.726,27,-3.56907521629775
5,cold,A,139,0.732,50,-2.092452545844135
5,cold,A,140,0.891,20,-0.07435089151767897
5,cold,A,141,0.9555,46,-2.5604948076336016
5,cold,A,142,0.7929,30,-2.542591055861946
5,cold,A,143,0.2231,40,-2.4251213655937365
5,cold,A,144,0.2803,85,-2.4220545000999287
5,cold,A,145,0.3777,36,-0.8062108240237649
5,cold,A,146,0.1363,19,-4.510439444529383
5,cold,A,147,0.5035,28,-1.9206039606568603
5,cold,A,148,0.4249,45,-3.445146428917845
5,cold,A,149,0.827,30,-0.9553057695918444
5,cold,A,150,0.2168,28,-2.3773239624819587
5,cold,A,151,0.1046,15,-1.966726196805636
5,cold,A,152,0.0339,11,-2.3421225771307945
5,cold,A,153,0.3688,42,-1.4158485899762516
5,cold,A,154,0.6217,17,-2.3692960170746495
5,cold,A,155,0.5706,21,-1.0739665868514705
5,cold,A,156,0.3969,25,-1.566130472277291
5,cold,A,157,0.4841,23,-2.237952524556338
5,cold,A,158,0.8864,14,-2.4371471937213625
5,cold,A,159,0.4794,18,-1.3585359074289853
5,cold,A,160,0.7653,44,-2.2496978849945166
5,cold,A,161,0.7019,18,-1.7372623116761032
5,cold,A,162,0.7986,22,-2.6714848672801796
5,cold,A,163,0.9234,18,-2.3317744152284123
5,cold,A,164,0.6237,26,-2.3889645856017103
5,cold,A,165,0.8441,18,-2.4503549221117282
5,cold,A,166,0.4288,23,-3.7293054798375005
5,cold,A,167,0.8363,19,-1.7427146659756545
5,cold,A,168,0.8294,21,-1.0416800784753701
5,cold,A,169,0.0811,43,-3.0090599600144468
5,cold,A,170,0.2269,29,-3.3584187184916776
5,cold,A,171,0.7539,23,-3.79912242135691
5,cold,A,172,0.4133,46,-3.3030169025549423
5,cold,A,173,0.1948,34,-2.1646626277639265
5,cold,A,174,0.5916,16,-1.0896433691086713
5,cold,A,175,0.6914,15,-1.666739504535993
5,cold,A,176,0.6514,15,-3.631054640064637
5,cold,A,177,0.9984,20,-1.0600155160936993
5,cold,A,178,0.7591,55,-2.0865431064358826
5,cold,A,179,0.4177,58,-3.3194369046210217
5,cold,A,180,0.5543,19,-1.9633639503207585
5,cold,A,181,0.8116,32,-3.0540390965761617
5,cold,A,182,0.8205,13,-2.017859512077009
5,cold,A,183,0.16,46,-2.141968707131404
5,cold,A,184,0.9891,13,-2.26693166889107
5,cold,A,185,0.0591,34,-2.887000626831329
5,cold,A,186,0.4738,30,-2.0597865766462444
5,cold,A,187,0.0205,23,-2.0228205917646056
5,cold,A,188,0.3818,27,-2.681866803103023
5,cold,A,189,0.9957,37,-2.804722485208028
5,cold,A,190,0.3325,15,-1.4773183773582181
5,cold,A,191,0.7789,52,-2.794889337679846
5,cold,A,192,0.3006,59,-2.6082194989223537
5,cold,A,193,0.6564,29,-1.6125347530900838
5,cold,A,194,0.2118,18,-3.849089964706865
5,cold,A,195,0.5199,28,-2.2811346778346757
5,cold,A,196,0.3566,36,-3.399083274662391
5,cold,A,197,0.9656,17,-3.146205576242852
5,cold,A,198,0.6262,25,-2.412246036827564
5,cold,A,199,0.5421,18,-0.5820794099094605
5,cold,B,0,0.0345,23,-0.020901247607187284
5,cold,B,1,0.1148,84,-0.005905665796679689
5,cold,B,2,0.2875,16,-0.018895898472692352
5,cold,B,3,0.3292,14,-0.0010971334908000635
5,cold,B,4,0.4019,28,-0.09382814978328367
5,cold,B,5,0.4616,21,-0.006082191440717517
5,cold,B,6,0.5136,22,-0.024503108964299
5,cold,B,7,0.5553,47,-0.0026145607389867595
5,cold,B,8,0.6363,22,-0.003983799570712356
5,cold,B,9,0.7294,37,-0.007458537002684032
5,cold,B,10,0.7883,32,-0.004796752752554312
5,cold,B,11,0.8845,40,-0.013009427427273578
5,warm,A,0,0.9427,15,-2.399402242898941
5,warm,A,1,0.838,16,-1.0905211887293262
5,warm,A,2,0.4437,50,-3.054925069510937
5,warm,A,3,0.3392,15,-2.501593972245852
5,warm,A,4,0.9637,15,-3.993776528040568
5,warm,A,5,0.1405,119,-3.654442711181532
5,warm,A,6,0.6941,36,-1.9491179773176555
5,warm,A,7,0.7059,17,-1.7380725654828197
5,warm,A,8,0.0854,19,-2.5249808509098854
5,warm,A,9,0.7578,15,-5.530111773808797
5,warm,A,10,0.1649,28,-3.2521671353107586
5,warm,A,11,0.4072,16,-1.9022393101113266
5,warm,A,12,0.2192,30,-1.9038827779877465
5,warm,A,13,0.6179,21,-2.2971143694816245
5,warm,A,14,0.4865,20,-3.342391391308047
5,warm,A,15,0.6145,12,-2.1814905772528923
5,warm,A,16,0.9712,35,-1.5733562449259417
5,warm,A,17,0.6927,11,-2.386423785578121
5,warm,A,18,0.4405,45,-2.0005075531959946
5,warm,A,19,0.148,99,-3.6828492765427763
5,warm,A,20,0.5488,19,-0.1660986185551768
5,warm,A,21,0.8324,46,-3.204511747634767
5,warm,A,22,0.8502,19,-2.767230164063604
5,warm,A,23,0.5866,18,-3.019267267288847
5,warm,A,24,0.0229,15,-3.779143222173055
5,warm,A,25,0.2215,13,-1.6532923727869415
5,warm,A,26,0.7203,29,-2.118276572978959
5,warm,A,27,0.0106,21,-1.811492945998907
5,warm,A,28,0.118,33,-0.8612402975568054
5,warm,A,29,0.036,52,-3.0795508321086973
5,warm,A,30,0.962,18,-4.364956827627288
5,warm,A,31,0.2729,13,-1.2275520522290697
5,warm,A,32,0.68,16,-3.7888405956327915
5,warm,A,33,0.3888,18,-2.865171503068672
5,warm,A,34,0.2515,18,-0.14178146956045465
5,warm,A,35,0.4226,23,-3.326101894287959
5,warm,A,36,0.7397,34,-2.740225057610694
5,warm,A,37,0.9353,21,-0.4780486174914542
5,warm,A,38,0.7824,22,-2.81456070410257
5,warm,A,39,0.8848,13,-4.183373719453812
5,warm,A,40,0.0143,35,-2.8217243553272318
5,warm,A,41,0.3663,37,-1.4447368005797192
5,warm,A,42,0.9375,19,-1.7436390718334893
5,warm,A,43,0.7179,24,-2.3909545614005765
5,warm,A,44,0.0073,14,-1.778573317187173
5,warm,A,45,0.1826,21,-2.822107769238452
5,warm,A,46,0.4722,19,-2.4067079871157673
5,warm,A,47,0.1293,11,-2.3539568158713253
5,warm,A,48,0.6289,23,-2.3186163989657476
5,warm,A,49,0.888,33,-3.703004012843876
5,warm,A,50,0.662,34,-1.34461359016474
5,warm,A,51,0.6836,34,-1.5528762522906832
5,warm,A,52,0.9328,42,-2.250052796409277
5,warm,A,53,0.5141,35,-2.3281125108669847
5,warm,A,54,0.3906,14,-1.8852083853312902
5,warm,A,55,0.9254,19,-2.38174822258665
5,warm,A,56,0.5933,31,-2.2876916675356163
5,warm,A,57,0.0713,22,-3.6522662287408654
5,warm,A,58,0.0317,24,-2.6379013189070974
5,warm,A,59,0.6588,29,-1.3986213666523388
5,warm,A,60,0.3729,31,-2.401065528167472
5,warm,A,61,0.371,20,-3.9913999632932247
5,warm,A,62,0.2484,15,-2.7885567081471283
5,warm,A,63,0.4364,14,-1.6680888242221303
5,warm,A,64,0.6419,37,-2.685559221115467
5,warm,A,65,0.0754,37,-2.754156003599181
5,warm,A,66,0.2339,16,-2.2467142093737493
5,warm,A,67,0.5725,14,-1.081287294759282
5,warm,A,68,0.7558,22,-3.00155530560931
5,warm,A,69,0.3115,49,-2.7266586111829976
5,warm,A,70,0.1554,39,-2.860204503038683
5,warm,A,71,0.669,19,-1.7684177644366987
5,warm,A,72,0.2674,27,-1.6392937910708565
5,warm,A,73,0.2064,34,-2.0069409395582625
5,warm,A,74,0.4918,18,-2.576059559256666
5,warm,A,75,0.893,29,-2.6291076912632985
5,warm,A,76,0.1633,17,-3.1521277107394248
5,warm,A,77,0.3155,124,-3.309104497018721
5,warm,A,78,0.3246,44,-3.5845218596090986
5,warm,A,79,0.6718,19,-2.705080091754146
5,warm,A,80,0.5509,29,-1.7435865520403302
5,warm,A,81,0.8985,11,-5.111093884164637
5,warm,A,82,0.9471,19,-2.880781139933357
5,warm,A,83,0.6162,12,-2.547893865344425
5,warm,A,84,0.4471,26,-2.8585311454684974
5,warm,A,85,0.6452,54,-2.670034463315797
5,warm,A,86,0.1908,16,-2.029313021514099
5,warm,A,87,0.0895,52,-2.075318655733449
5,warm,A,88,0.123,18,-1.7387908245954249
5,warm,A,89,0.807,19,-3.5280924768824327
5,warm,A,90,0.1205,13,-0.6956445546059583
5,warm,A,91,0.7041,18,-3.2111447425559163
5,warm,A,92,0.3634,49,-1.0709727154293043
5,warm,A,93,0.2582,28,-1.3458883782430868
5,warm,A,94,0.3515,30,-3.006116815408071
5,warm,A,95,0.5788,53,-2.1694726130731827
5,warm,A,96,0.5619,25,-1.6206756151048467
5,warm,A,97,0.524,18,-0.949659864527348
5,warm,A,98,0.8742,44,-2.856778989207338
5,warm,A,99,0.2427,37,-3.0814606291253743
5,warm,A,100,0.556,27,-1.691987215972471
5,warm,A,101,0.5959,49,-2.582615034930332
5,warm,A,102,0.018,32,-1.7342492388843311
5,warm,A,103,0.8586,22,-2.288657920604402
5,warm,A,104,0.2456,36,-2.7156632226348543
5,warm,A,105,0.7963,25,-2.9905667498707773
5,warm,A,106,0.173,45,-1.031932422813649
5,warm,A,107,0.9206,34,-3.033010727178086
5,warm,A,108,0.168,36,-2.1581167717231438
5,warm,A,109,0.9441,24,-2.724331966067742
5,warm,A,110,0.305,86,-2.8905317523668326
5,warm,A,111,0.198,31,-2.87141537522116
5,warm,A,112,0.0782,26,-2.336007184850482
5,warm,A,113,0.3861,23,-2.156382111022654
5,warm,A,114,0.584,30,-2.143119329462449
5,warm,A,115,0.7091,33,-2.024574939179178
5,warm,A,116,0.4312,27,-1.192527785854138
5,warm,A,117,0.5311,16,-0.2127284168600454
5,warm,A,118,0.1156,22,-3.5449511961672795
5,warm,A,119,0.8135,117,-2.6628023063083393
5,warm,A,120,0.262,40,-3.2823706063441933
5,warm,A,121,0.9137,72,-2.998898921692873
5,warm,A,122,0.7074,15,-1.8269246260325114
5,warm,A,123,0.056,13,-1.4139508665181124
5,warm,A,124,0.867,42,-3.4374710763139382
5,warm,A,125,0.0042,19,-2.164658693008517
5,warm,A,126,0.9535,20,-2.2500478728907183
5,warm,A,127,0.2653,27,-3.2540985970861382
5,warm,A,128,0.1085,23,-2.2262613215767173
5,warm,A,129,0.4523,15,-3.985339354475339
5,warm,A,130,0.0,67,-1.9321815944092136
5,warm,A,131,0.0426,61,-1.8716525586749442
5,warm,A,132,0.481,20,-2.1333184322575107
5,warm,A,133,0.2872,54,-3.2606597383058182
5,warm,A,134,0.4662,33,-2.987758312261466
5,warm,A,135,0.9778,72,-2.3808444734058867
5,warm,A,136,0.2773,31,-0.9435914541114001
5,warm,A,137,0.5435,15,-1.6889781134125466
5,warm,A,138,0.726,27,-3.865749285728843
5,warm,A,139,0.732,50,-2.6898839408811184
5,warm,A,140,0.891,20,-0.12516305353929055
5,warm,A,141,0.9555,46,-3.075885726776703
5,warm,A,142,0.7929,30,-3.532417441283663
5,warm,A,143,0.2231,40,-2.478372026609031
5,warm,A,144,0.2803,85,-2.572262060086188
5,warm,A,145,0.3777,36,-0.8048200175204935
5,warm,A,146,0.1363,19,-4.364025272428989
5,warm,A,147,0.5035,28,-2.092736105767212
5,warm,A,148,0.4249,45,-3.5568333761559594
5,warm,A,149,0.827,30,-1.0502153364398206
5,warm,A,150,0.2168,28,-2.561269900291726
5,warm,A,151,0.1046,15,-1.987932421763738
5,warm,A,152,0.0339,11,-2.2831978642127733
5,warm,A,153,0.3688,42,-1.7235605141863093
5,warm,A,154,0.6217,17,-2.961164150332265
5,warm,A,155,0.5706,21,-1.9867289810485782
5,warm,A,156,0.3969,25,-1.6687882087379693
5,warm,A,157,0.4841,23,-2.7698472323624985
5,warm,A,158,0.8864,14,-2.7937162901673998
5,warm,A,159,0.4794,18,-1.6815456956626602
5,warm,A,160,0.7653,44,-2.401286309280708
5,warm,A,161,0.7019,18,-2.1302011110819876
5,warm,A,162,0.7986,22,-3.1664023717696015
5,warm,A,163,0.9234,18,-2.3518171874651066
5,warm,A,164,0.6237,26,-2.5632997510524897
5,warm,A,165,0.8441,18,-3.3375100102598987
5,warm,A,166,0.4288,23,-3.8379280495902766
5,warm,A,167,0.8363,19,-1.7582396201752617
5,warm,A,168,0.8294,21,-1.0751506368230497
5,warm,A,169,0.0811,43,-3.246077881518177
5,warm,A,170,0.2269,29,-3.4085785015666827
5,warm,A,171,0.7539,23,-4.193347812427775
5,warm,A,172,0.4133,46,-3.4158736454403917
5,warm,A,173,0.1948,34,-2.1680139252258575
5,warm,A,174,0.5916,16,-1.334095794474706
5,warm,A,175,0.6914,15,-1.94435000816981
5,warm,A,176,0.6514,15,-3.7620621278882025
5,warm,A,177,0.9984,20,-1.8811123363673687
5,warm,A,178,0.7591,55,-2.351632280685854
5,warm,A,179,0.4177,58,-3.6111010228091014
5,warm,A,180,0.5543,19,-1.806168408353666
5,warm,A,181,0.8116,32,-3.4553863384062424
5,warm,A,182,0.8205,13,-2.142058334671534
5,warm,A,183,0.16,46,-2.3663618571540015
5,warm,A,184,0.9891,13,-2.3349271862266154
5,warm,A,185,0.0591,34,-3.4204724107728586
5,warm,A,186,0.4738,30,-2.382112026711305
5,warm,A,187,0.0205,23,-1.8721787851789724
5,warm,A,188,0.3818,27,-3.021139436987815
5,warm,A,189,0.9957,37,-2.599908642873571
5,warm,A,190,0.3325,15,-1.4955870900147905
5,warm,A,191,0.7789,52,-2.874142107795566
5,warm,A,192,0.3006,59,-3.015120723647839
5,warm,A,193,0.6564,29,-1.8181551962294054
5,warm,A,194,0.2118,18,-4.317103125154972
5,warm,A,195,0.5199,28,-2.93409604266552
5,warm,A,196,0.3566,36,-3.7707857326087026
5,warm,A,197,0.9656,17,-3.4056298225734603
5,warm,A,198,0.6262,25,-2.6865626699477434
5,warm,A,199,0.5421,18,-0.8248590621725371
5,warm,B,0,0.0345,23,-0.019965267623142016
5,warm,B,1,0.1148,84,-0.005253294619143119
5,warm,B,2,0.2875,16,-0.015578661175823072
5,warm,B,3,0.3292,14,-0.0020159334339301233
5,warm,B,4,0.4019,28,-0.16035046312052664
5,warm,B,5,0.4616,21,-0.005190801773009991
5,warm,B,6,0.5136,22,-0.02704929785514568
5,warm,B,7,0.5553,47,-0.0025546018362818243
5,warm,B,8,0.6363,22,-0.01096736231697419
5,warm,B,9,0.7294,37,-0.0026414073052709115
5,warm,B,10,0.7883,32,-0.004393866492137022
5,warm,B,11,0.8845,40,-0.006691950341699737
5,mismatched,A,0,0.9427,15,-2.310333760579427
5,mismatched,A,1,0.838,16,-1.0771844213577424
5,mismatched,A,2,0.4437,50,-3.0770361414551735
5,mismatched,A,3,0.3392,15,-2.606884929537773
5,mismatched,A,4,0.9637,15,-3.8673537989457447
5,mismatched,A,5,0.1405,119,-3.7007010779304412
5,mismatched,A,6,0.6941,36,-1.9130449865624541
5,mismatched,A,7,0.7059,17,-1.7173916028045557
5,mismatched,A,8,0.0854,19,-2.514757612622098
5,mismatched,A,9,0.7578,15,-5.3061071813106535
5,mismatched,A,10,0.1649,28,-3.2124674398718134
5,mismatched,A,11,0.4072,16,-1.9685774290119298
5,mismatched,A,12,0.2192,30,-1.9226904347461338
5,mismatched,A,13,0.6179,21,-2.275885074543545
5,mismatched,A,14,0.4865,20,-3.205357141047716
5,mismatched,A,15,0.6145,12,-2.005609812622424
5,mismatched,A,16,0.9712,35,-1.5822001068054565
5,mismatched,A,17,0.6927,11,-2.258903031999415
5,mismatched,A,18,0.4405,45,-1.9846097465113013
5,mismatched,A,19,0.148,99,-3.761468839685837
5,mismatched,A,20,0.5488,19,-0.17161423866146883
5,mismatched,A,21,0.8324,46,-3.128046135944517
5,mismatched,A,22,0.8502,19,-2.7679315989739015
5,mismatched,A,23,0.5866,18,-3.0323637046385556
5,mismatched,A,24,0.0229,15,-3.77358447710673
5,mismatched,A,25,0.2215,13,-1.5667173421690956
5,mismatched,A,26,0.7203,29,-2.1177840482058197
5,mismatched,A,27,0.0106,21,-1.8035033618410428
5,mismatched,A,28,0.118,33,-0.884836066354403
5,mismatched,A,29,0.036,52,-3.067427258359273
5,mismatched,A,30,0.962,18,-4.541345257725981
5,mismatched,A,31,0.2729,13,-1.196083753154828
5,mismatched,A,32,0.68,16,-3.743821470066905
5,mismatched,A,33,0.3888,18,-2.9005366808527873
5,mismatched,A,34,0.2515,18,-0.11688955299420438
5,mismatched,A,35,0.4226,23,-3.3652027008812064
5,mismatched,A,36,0.7397,34,-2.738010183634127
5,mismatched,A,37,0.9353,21,-0.5190600881885205
5,mismatched,A,38,0.7824,22,-2.8559683066877453
5,mismatched,A,39,0.8848,13,-4.106913903584847
5,mismatched,A,40,0.0143,35,-2.817928502874981
5,mismatched,A,41,0.3663,37,-1.4685711530131615
5,mismatched,A,42,0.9375,19,-1.8839520526296263
5,mismatched,A,43,0.7179,24,-2.401523957727477
5,mismatched,A,44,0.0073,14,-1.7535735677395548
5,mismatched,A,45,0.1826,21,-2.8556398205193028
5,mismatched,A,46,0.4722,19,-2.4465841028937385
5,mismatched,A,47,0.1293,11,-2.3831699869849463
5,mismatched,A,48,0.6289,23,-2.2845359413337936
5,mismatched,A,49,0.888,33,-3.8456252864138647
5,mismatched,A,50,0.662,34,-1.334910618391244
5,mismatched,A,51,0.6836,34,-1.5991635647711946
5,mismatched,A,52,0.9328,42,-2.231776944886882
5,mismatched,A,53,0.5141,35,-2.287513583641599
5,mismatched,A,54,0.3906,14,-1.925939649875675
5,mismatched,A,55,0.9254,19,-2.5283240829104265
5,mismatched,A,56,0.5933,31,-2.331986551536829
5,mismatched,A,57,0.0713,22,-3.7332274412566964
5,mismatched,A,58,0.0317,24,-2.703690929690007
5,mismatched,A,59,0.6588,29,-1.3949036967362567
5,mismatched,A,60,0.3729,31,-2.401525937982144
5,mismatched,A,61,0.371,20,-3.891299909958616
5,mismatched,A,62,0.2484,15,-2.6619751319289207
5,mismatched,A,63,0.4364,14,-1.6174386786296964
5,mismatched,A,64,0.6419,37,-2.6707590104558983
5,mismatched,A,65,0.0754,37,-2.778162795496551
5,mismatched,A,66,0.2339,16,-2.2456528513466765
5,mismatched,A,67,0.5725,14,-1.0503690260063325
5,mismatched,A,68,0.7558,22,-2.933204410089688
5,mismatched,A,69,0.3115,49,-2.7479681837448506
5,mismatched,A,70,0.1554,39,-2.899981356424411
5,mismatched,A,71,0.669,19,-1.766543567085663
5,mismatched,A,72,0.2674,27,-1.6678716796223954
5,mismatched,A,73,0.2064,34,-2.0376189449155335
5,mismatched,A,74,0.4918,18,-2.6161926331308982
5,mismatched,A,75,0.893,29,-2.727628823325584
5,mismatched,A,76,0.1633,17,-3.0622868566698505
5,mismatched,A,77,0.3155,124,-3.3628926351478685
5,mismatched,A,78,0.3246,44,-3.6709248663603584
5,mismatched,A,79,0.6718,19,-2.7262587453967027
5,mismatched,A,80,0.5509,29,-1.6570400445368783
5,mismatched,A,81,0.8985,11,-5.202221323820678
5,mismatched,A,82,0.9471,19,-3.0247205042917478
5,mismatched,A,83,0.6162,12,-2.4793554277469716
5,mismatched,A,84,0.4471,26,-2.9811898806275656
5,mismatched,A,85,0.6452,54,-2.662567209006132
5,mismatched,A,86,0.1908,16,-2.1520325251622126
5,mismatched,A,87,0.0895,52,-2.087307835284334
5,mismatched,A,88,0.123,18,-1.7821800682900681
5,mismatched,A,89,0.807,19,-3.576143741607666
5,mismatched,A,90,0.1205,13,-0.7638476340373297
5,mismatched,A,91,0.7041,18,-3.2336026166255274
5,mismatched,A,92,0.3634,49,-1.0728340830392622
5,mismatched,A,93,0.2582,28,-1.3441488183993247
5,mismatched,A,94,0.3515,30,-3.0977938835819563
5,mismatched,A,95,0.5788,53,-2.1901435794589936
5,mismatched,A,96,0.5619,25,-1.6154565393412486
5,mismatched,A,97,0.524,18,-0.9417385098543795
5,mismatched,A,98,0.8742,44,-2.8500362478662282
5,mismatched,A,99,0.2427,37,-3.1730114517662074
5,mismatched,A,100,0.556,27,-1.6334689834189635
5,mismatched,A,101,0.5959,49,-2.5622709127028984
5,mismatched,A,102,0.018,32,-1.7561123587602196
5,mismatched,A,103,0.8586,22,-2.281372584402561
5,mismatched,A,104,0.2456,36,-2.7017552337395805
5,mismatched,A,105,0.7963,25,-3.0489916567504407
5,mismatched,A,106,0.173,45,-1.0463798327785399
5,mismatched,A,107,0.9206,34,-3.0485962168005405
5,mismatched,A,108,0.168,36,-2.2219724421803324
5,mismatched,A,109,0.9441,24,-2.833603751651632
5,mismatched,A,110,0.305,86,-2.93776465634014
5,mismatched,A,111,0.198,31,-2.7055133016359423
5,mismatched,A,112,0.0782,26,-2.3312343830386033
5,mismatched,A,113,0.3861,23,-2.161139516726784
5,mismatched,A,114,0.584,30,-2.2191553744487464
5,mismatched,A,115,0.7091,33,-2.0271282102665724
5,mismatched,A,116,0.4312,27,-1.25464113400031
5,mismatched,A,117,0.5311,16,-0.259176716885122
5,mismatched,A,118,0.1156,22,-3.5681979018686847
5,mismatched,A,119,0.8135,117,-2.678526066288424
5,mismatched,A,120,0.262,40,-3.3355355181731285
5,mismatched,A,121,0.9137,72,-3.0786443638466556
5,mismatched,A,122,0.7074,15,-1.8476527155687412
5,mismatched,A,123,0.056,13,-1.4309978677103152
5,mismatched,A,124,0.867,42,-3.567144789511249
5,mismatched,A,125,0.0042,19,-2.168361899393954
5,mismatched,A,126,0.9535,20,-2.117432484048186
5,mismatched,A,127,0.2653,27,-3.1903673132398613
5,mismatched,A,128,0.1085,23,-2.2775806258230107
5,mismatched,A,129,0.4523,15,-3.9773795838157335
5,mismatched,A,130,0.0,67,-1.9239865088663342
5,mismatched,A,131,0.0426,61,-1.887516552402989
5,mismatched,A,132,0.481,20,-2.139065567054786
5,mismatched,A,133,0.2872,54,-3.2956135262114308
5,mismatched,A,134,0.4662,33,-2.9982881954673566
5,mismatched,A,135,0.9778,72,-2.3935628187423896
5,mismatched,A,136,0.2773,31,-0.9775095489026318
5,mismatched,A,137,0.5435,15,-1.717890374463362
5,mismatched,A,138,0.726,27,-3.9348116417725882
5,mismatched,A,139,0.732,50,-2.6733211172278972
5,mismatched,A,140,0.891,20,-0.11667462306795642
5,mismatched,A,141,0.9555,46,-3.088038929778597
5,mismatched,A,142,0.7929,30,-3.5177706718755264
5,mismatched,A,143,0.2231,40,-2.4976911894827025
5,mismatched,A,144,0.2803,85,-2.617887655805851
5,mismatched,A,145,0.3777,36,-0.8354567681296127
5,mismatched,A,146,0.1363,19,-4.34586525708437
5,mismatched,A,147,0.5035,28,-2.1307003176272183
5,mismatched,A,148,0.4249,45,-3.627498870839675
5,mismatched,A,149,0.827,30,-1.0768098667710244
5,mismatched,A,150,0.2168,28,-2.5071659021694876
5,mismatched,A,151,0.1046,15,-1.9822364131609598
5,mismatched,A,152,0.0339,11,-2.3199567720294
5,mismatched,A,153,0.3688,42,-1.7005259701594089
5,mismatched,A,154,0.6217,17,-3.023800821207902
5,mismatched,A,155,0.5706,21,-1.9946749893327553
5,mismatched,A,156,0.3969,25,-1.6698490601405502
5,mismatched,A,157,0.4841,23,-2.892239767653139
5,mismatched,A,158,0.8864,14,-2.8292859963008334
5,mismatched,A,159,0.4794,18,-1.870244413536663
5,mismatched,A,160,0.7653,44,-2.4305292327110446
5,mismatched,A,161,0.7019,18,-2.0059566094229617
5,mismatched,A,162,0.7986,22,-3.2010821334340354
5,mismatched,A,163,0.9234,18,-2.3356057580094784
5,mismatched,A,164,0.6237,26,-2.5691546324927073
5,mismatched,A,165,0.8441,18,-3.496079543424356
5,mismatched,A,166,0.4288,23,-3.8641249025645465
5,mismatched,A,167,0.8363,19,-1.8050025482662022
5,mismatched,A,168,0.8294,21,-1.093577624902883
5,mismatched,A,169,0.0811,43,-3.261930319128645
5,mismatched,A,170,0.2269,29,-3.4133156493736694
5,mismatched,A,171,0.7539,23,-4.4141978663189905
5,mismatched,A,172,0.4133,46,-3.452275841132454
5,mismatched,A,173,0.1948,34,-2.1721292933832634
5,mismatched,A,174,0.5916,16,-1.3675561301060952
5,mismatched,A,175,0.6914,15,-1.864782558878263
5,mismatched,A,176,0.6514,15,-3.848377860089143
5,mismatched,A,177,0.9984,20,-1.956594393029809
5,mismatched,A,178,0.7591,55,-2.307742192062803
5,mismatched,A,179,0.4177,58,-3.59182412066529
5,mismatched,A,180,0.5543,19,-1.8418259677755966
5,mismatched,A,181,0.8116,32,-3.4833610866917297
5,mismatched,A,182,0.8205,13,-2.1074178092754803
5,mismatched,A,183,0.16,46,-2.352780932955363
5,mismatched,A,184,0.9891,13,-2.288963822719569
5,mismatched,A,185,0.0591,34,-3.4211487040516015
5,mismatched,A,186,0.4738,30,-2.2940294401720167
5,mismatched,A,187,0.0205,23,-1.8579336135931637
5,mismatched,A,188,0.3818,27,-3.02909488948407
5,mismatched,A,189,0.9957,37,-2.6710724226526312
5,mismatched,A,190,0.3325,15,-1.3798664512578398
5,mismatched,A,191,0.7789,52,-2.9482510209468624
5,mismatched,A,192,0.3006,59,-3.1682409371675577
5,mismatched,A,193,0.6564,29,-1.848912536193705
5,mismatched,A,194,0.2118,18,-4.503037650552061
5,mismatched,A,195,0.5199,28,-2.7819433990599856
5,mismatched,A,196,0.3566,36,-3.8304541343305676
5,mismatched,A,197,0.9656,17,-3.431631520102896
5,mismatched,A,198,0.6262,25,-2.666266369521618
5,mismatched,A,199,0.5421,18,-0.8553743513637326
5,mismatched,B,0,0.0345,23,-0.03338810214308583
5,mismatched,B,1,0.1148,84,-0.003810321291737074
5,mismatched,B,2,0.2875,16,-0.010625298738887068
5,mismatched,B,3,0.3292,14,-0.0015292306831854927
5,mismatched,B,4,0.4019,28,-0.12195022660864652
5,mismatched,B,5,0.4616,21,-0.004134766280046841
5,mismatched,B,6,0.5136,22,-0.025126275286269942
5,mismatched,B,7,0.5553,47,-0.003341983964751404
5,mismatched,B,8,0.6363,22,-0.013123205069777296
5,mismatched,B,9,0.7294,37,-0.002974198936056849
5,mismatched,B,10,0.7883,32,-0.003965046310781872
5,mismatched,B,11,0.8845,40,-0.008893766205392239
6,cold,A,0,0.9574,31,-2.899006194938275
6,cold,A,1,0.8835,90,-1.149936426592093
6,cold,A,2,0.6011,22,-3.102957406324673
6,cold,A,3,0.8029,23,-1.3354152804443047
6,cold,A,4,0.8951,19,-1.9357191480536897
6,cold,A,5,0.4903,16,-2.477061595476698
6,cold,A,6,0.0484,22,-2.4604942844333975
6,cold,A,7,0.3083,20,-1.1278944945486729
6,cold,A,8,0.0045,21,-2.4613265672787312
6,cold,A,9,0.4142,26,-1.495194777904544
6,cold,A,10,0.4685,20,-3.431083064572886
6,cold,A,11,0.8658,27,-1.396020291677107
6,cold,A,12,0.8522,18,-2.3621941881978676
6,cold,A,13,0.6802,25,-1.0974261613283307
6,cold,A,14,0.7779,30,-2.4875625629521285
6,cold,A,15,0.5271,15,-1.5299746925632158
6,cold,A,16,0.8167,24,-2.1287273679511904
6,cold,A,17,0.3308,45,-1.1783030444355165
6,cold,A,18,0.1108,22,-1.417604541076633
6,cold,A,19,0.9679,13,-3.83589738378158
6,cold,A,20,0.4377,61,-2.2547083713193463
6,cold,A,21,0.7628,21,-3.330610664117904
6,cold,A,22,0.1145,31,-2.2823343365678506
6,cold,A,23,0.1468,85,-3.154539825266008
6,cold,A,24,0.9458,58,-2.5686816722834545
6,cold,A,25,0.228,26,-3.26352543662338
6,cold,A,26,0.4871,29,-1.0473300192890496
6,cold,A,27,0.5442,19,-1.859478125160278
6,cold,A,28,0.2343,25,-3.025314447088167
6,cold,A,29,0.8645,11,-1.0128062119686299
6,cold,A,30,0.1069,21,-3.173163993467045
6,cold,A,31,0.3681,12,-1.8721516234994244
6,cold,A,32,0.6661,17,-1.632538076983217
6,cold,A,33,0.1084,31,-1.1226261338539305
6,cold,A,34,0.62,21,-2.7352559651647295
6,cold,A,35,0.1175,31,-2.9813143848817076
6,cold,A,36,0.5148,28,-2.126841006384763
6,cold,A,37,0.988,26,-2.186968857348312
6,cold,A,38,0.1257,19,-4.144821134052779
6,cold,A,39,0.7131,94,-2.7030588628280228
6,cold,A,40,0.9043,21,-3.642495263201584
6,cold,A,41,0.7714,19,-1.9745615175251212
6,cold,A,42,0.9391,34,-1.3191972682737234
6,cold,A,43,0.0735,17,-2.697324831696118
6,cold,A,44,0.8412,25,-2.289803874597419
6,cold,A,45,0.9415,20,-2.0058180916064883
6,cold,A,46,0.3356,23,-2.202832491926687
6,cold,A,47,0.4993,52,-1.7081594610980784
6,cold,A,48,0.5356,22,-2.758536204865033
6,cold,A,49,0.0069,12,-2.0137200258177472
6,cold,A,50,0.1715,16,-1.8233528973069042
6,cold,A,51,0.8706,29,-1.695581423153334
6,cold,A,52,0.4343,33,-3.3928448955782433
6,cold,A,53,0.5287,31,-1.7620767806299902
6,cold,A,54,0.5725,34,-2.357270343968754
6,cold,A,55,0.3596,32,-2.2422528016759316
6,cold,A,56,0.0913,17,-1.7426311018061824
6,cold,A,57,0.9494,27,-2.3341802250161656
6,cold,A,58,0.1825,22,-1.6525224376845555
6,cold,A,59,0.7019,90,-1.505991100471182
6,cold,A,60,0.7501,22,-3.7914080782173354
6,cold,A,61,0.334,15,-2.46700931324934
6,cold,A,62,0.5897,22,-1.6355019340639543
6,cold,A,63,0.0932,17,-1.0063841320708675
6,cold,A,64,0.1023,35,-2.3849401332138638
6,cold,A,65,0.3814,81,-2.828840542504173
6,cold,A,66,0.2201,53,-1.345054048497572
6,cold,A,67,0.1126,20,-3.4869683975121006
6,cold,A,68,0.4585,33,-3.225748002077594
6,cold,A,69,0.8395,11,-5.049266316673973
6,cold,A,70,0.8306,32,-2.8341196285618935
6,cold,A,71,0.0185,25,-2.1338187585026027
6,cold,A,72,0.583,16,-1.8583119467584766
6,cold,A,73,0.5522,20,-0.9674691109350533
6,cold,A,74,0.8432,19,-3.1545721021922013
6,cold,A,75,0.9218,33,-2.239463512566572
6,cold,A,76,0.4799,27,-2.3502847551458723
6,cold,A,77,0.3578,17,-2.54426934241372
6,cold,A,78,0.8972,12,-3.397039021986226
6,cold,A,79,0.3199,17,-2.5849343673052156
6,cold,A,80,0.1735,23,-1.5059473772189054
6,cold,A,81,0.0718,15,-3.3667488823334377
6,cold,A,82,0.3775,15,-1.1010720004638037
6,cold,A,83,0.5709,15,-3.185926034937923
6,cold,A,84,0.1762,37,-1.896139285921153
6,cold,A,85,0.977,40,-1.6810160044860822
6,cold,A,86,0.4744,21,-1.6855497595721058
6,cold,A,87,0.1676,30,-3.9708194633324942
6,cold,A,88,0.2418,13,-2.402400881052017
6,cold,A,89,0.6556,11,-4.502990832382983
6,cold,A,90,0.8676,17,-0.7646059573830023
6,cold,A,91,0.2949,50,-2.3007518136655563
6,cold,A,92,0.2515,27,-2.941370057976908
6,cold,A,93,0.6897,20,-1.3094089552760124
6,cold,A,94,0.158,17,-2.1342502481386285
6,cold,A,95,0.6099,19,-2.752590437750577
6,cold,A,96,0.2688,19,-2.5859427510907778
6,cold,A,97,0.6517,37,-2.739114645949165
6,cold,A,98,0.9906,14,-1.7226197433857513
6,cold,A,99,0.0772,31,-2.905030130213427
6,cold,A,100,0.0431,40,-1.3941034409974236
6,cold,A,101,0.5187,29,-0.7169653561431915
6,cold,A,102,0.869,22,-1.001118617384815
6,cold,A,103,0.3791,28,-1.6762103661728491
6,cold,A,104,0.0103,21,-1.4879125104357844
6,cold,A,105,0.5233,13,-2.748457534955098
6,cold,A,106,0.0984,29,-1.991683820969072
6,cold,A,107,0.6759,61,-1.5861284139224512
6,cold,A,108,0.7486,18,-1.6339634823509388
6,cold,A,109,0.8483,24,-2.8194226613656306
6,cold,A,110,0.8988,40,-2.2863711681635324
6,cold,A,111,0.263,36,-1.357055740642257
6,cold,A,112,0.7835,31,-2.604887347551994
6,cold,A,113,0.89,30,-2.907824204036539
6,cold,A,114,0.4761,28,-2.2429081084971716
6,cold,A,115,0.2252,18,-2.105735849899525
6,cold,A,116,0.4225,25,-2.8504919613478705
6,cold,A,117,0.2711,19,-2.833910891288006
6,cold,A,118,0.7927,36,-2.1230432456359267
6,cold,A,119,0.6337,41,-1.3624480564474475
6,cold,A,120,0.3693,14,-1.8457121295588357
6,cold,A,121,0.3485,24,-1.372703295579413
6,cold,A,122,0.7201,100,-2.9851486737302366
6,cold,A,123,0.3108,17,-2.7672533220337594
6,cold,A,124,0.5599,24,-1.4618133604429506
6,cold,A,125,0.068,17,-2.576230169438264
6,cold,A,126,0.4617,57,-1.4209729159723665
6,cold,A,127,0.5114,56,-3.053934182312722
6,cold,A,128,0.06,20,-1.1131254089646974
6,cold,A,129,0.3885,30,-2.760690631220738
6,cold,A,130,0.5807,19,-2.490613214671612
6,cold,A,131,0.7673,19,-2.058879571145661
6,cold,A,132,0.4495,111,-3.0530790641251024
6,cold,A,133,0.0386,28,-1.9572500707207448
6,cold,A,134,0.6961,31,-0.8005980497304511
6,cold,A,135,0.1564,16,-1.0368691732751358
6,cold,A,136,0.6874,34,-1.8832012360627928
6,cold,A,137,0.6084,12,-3.006780701378981
6,cold,A,138,0.5673,46,-2.2472333938035858
6,cold,A,139,0.4118,22,-2.7609740023419196
6,cold,A,140,0.3401,12,-3.6631623903910318
6,cold,A,141,0.9803,16,-2.4395264929626137
6,cold,A,142,0.035,21,-2.3845675930247774
6,cold,A,143,0.0213,17,-1.6359420519541292
6,cold,A,144,0.6182,17,-3.0199359594022526
6,cold,A,145,0.2659,26,-2.6436666086230196
6,cold,A,146,0.6617,17,-1.906195779440596
6,cold,A,147,0.2454,49,-0.6098897527692538
6,cold,A,148,0.9338,39,-1.9532628200447504
6,cold,A,149,0.3048,28,-1.473659142804016
6,cold,A,150,0.613,32,-2.5115597522235475
6,cold,A,151,0.4265,25,-1.818945419623633
6,cold,A,152,0.2233,21,-3.2320051922773323
6,cold,A,153,0.2608,22,-1.0266889664919951
6,cold,A,154,0.3163,20,-2.0501572995446624
6,cold,A,155,0.7884,32,-1.7547410165752808
6,cold,A,156,0.3252,34,-2.614568028790767
6,cold,A,157,0.7819,13,-1.1955819341998835
6,cold,A,158,0.4317,26,-2.5449362029679694
6,cold,A,159,0.9244,20,-2.366619077522773
6,cold,A,160,0.2362,24,-3.6647543074795976
6,cold,A,161,0.6036,18,-3.395061390241608
6,cold,A,162,0.7345,49,-3.0709704199487495
6,cold,A,163,0.8355,26,-3.0824207649566233
6,cold,A,164,0.9922,15,-2.7445217857758206
6,cold,A,165,0.7298,64,-2.8158727703230397
6,cold,A,166,0.2774,20,-2.396370293945074
6,cold,A,167,0.5961,23,-3.052476238713691
6,cold,A,168,0.0546,15,-2.719477465438346
6,cold,A,169,0.2432,29,-1.1825320210043393
6,cold,A,170,0.554,31,-2.004702950586497
6,cold,A,171,0.014,17,-1.8345208583127448
6,cold,A,172,0.1793,27,-1.8528624661266804
6,cold,A,173,0.6404,14,-1.5920435935258865
6,cold,A,174,0.7573,48,-2.0655815460486338
6,cold,A,175,0.3471,18,-1.2829905468117633
6,cold,A,176,0.2301,42,-3.28995223168195
6,cold,A,177,0.9657,29,-2.020292820429012
6,cold,A,178,0.5561,43,-1.0729725990142553
6,cold,A,179,0.4667,17,-3.3636537264375126
6,cold,A,180,0.5327,30,-2.7987264558672904
6,cold,A,181,0.4782,15,-2.4067952616140245
6,cold,A,182,0.7382,87,-2.9973796831267276
6,cold,A,183,0.7904,13,-2.3189726163131685
6,cold,A,184,0.1933,22,-1.9321506517854603
6,cold,A,185,0.8928,29,-2.401291741090345
6,cold,A,186,0.9835,33,-1.9407624011514462
6,cold,A,187,0.1194,77,-2.6093540148255445
6,cold,A,188,0.2864,51,-1.490670126817171
6,cold,A,189,0.4703,34,-0.8465660564797872
6,cold,A,190,0.9512,56,-2.2557352210998425
6,cold,A,191,0.9696,50,-2.2525390742800666
6,cold,A,192,0.1896,20,-3.319293547662892
6,cold,A,193,0.6387,22,-1.306388278688246
6,cold,A,194,0.2805,43,-2.5509957696830985
6,cold,A,195,0.7688,29,-2.023115980752005
6,cold,A,196,0.0898,20,-0.769079641881308
6,cold,A,197,0.6445,55,-1.4751188594382256
6,cold,A,198,0.7977,49,-2.6222241888023876
6,cold,A,199,0.9959,18,-1.8601083678982429
6,cold,B,0,0.0,23,-0.0030714570501637036
6,cold,B,1,0.0559,20,-0.013046870321704773
6,cold,B,2,0.1147,33,-0.013855286931092533
6,cold,B,3,0.2338,25,-0.010538172932228917
6,cold,B,4,0.2832,34,-0.007808318042193337
6,cold,B,5,0.3476,25,-0.0032802638216526247
6,cold,B,6,0.4191,21,-0.0014588203759471764
6,cold,B,7,0.4841,16,-0.02647742554472643
6,cold,B,8,0.52,20,-0.002595454543916276
6,cold,B,9,0.6294,25,-0.0025189953806693667
6,cold,B,10,0.7012,27,-0.01852379371026742
6,cold,B,11,0.745,31,-0.023348678894821676
6,cold,B,12,0.8144,21,-0.004180809840493437
6,cold,B,13,0.8897,15,-0.008165523695060984
6,cold,B,14,0.9306,28,-0.008191394214528762
6,warm,A,0,0.9574,31,-3.2726463375072323
6,warm,A,1,0.8835,90,-1.2301189426825052
6,warm,A,2,0.6011,22,-3.3247757223434746
6,warm,A,3,0.8029,23,-1.6578457004026226
6,warm,A,4,0.8951,19,-2.328032309091405
6,warm,A,5,0.4903,16,-2.6979005425819196
6,warm,A,6,0.0484,22,-2.249402806501497
6,warm,A,7,0.3083,20,-2.0451604086905717
6,warm,A,8,0.0045,21,-2.5407629904470275
6,warm,A,9,0.4142,26,-1.6526201424242641
6,warm,A,10,0.4685,20,-4.714656205102801
6,warm,A,11,0.8658,27,-1.7528548415931355
6,warm,A,12,0.8522,18,-2.8198009483619697
6,warm,A,13,0.6802,25,-0.8377534341649152
6,warm,A,14,0.7779,30,-2.737693494457441
6,warm,A,15,0.5271,15,-1.456652973095576
6,warm,A,16,0.8167,24,-2.550010894621664
6,warm,A,17,0.3308,45,-1.0221005512582553
6,warm,A,18,0.1108,22,-1.7326657057909125
6,warm,A,19,0.9679,13,-3.8586760942752543
6,warm,A,20,0.4377,61,-2.254072377607074
6,warm,A,21,0.7628,21,-3.9299342518761042
6,warm,A,22,0.1145,31,-2.4082110657867406
6,warm,A,23,0.1468,85,-3.1598594361313563
6,warm,A,24,0.9458,58,-2.9425955690636205
6,warm,A,25,0.228,26,-3.648192235483573
6,warm,A,26,0.4871,29,-1.1946107462923652
6,warm,A,27,0.5442,19,-2.2674832595267187
6,warm,A,28,0.2343,25,-3.3776389295980334
6,warm,A,29,0.8645,11,-1.2233964151607573
6,warm,A,30,0.1069,21,-3.3430056316511974
6,warm,A,31,0.3681,12,-1.9938042973711465
6,warm,A,32,0.6661,17,-1.681849651668659
6,warm,A,33,0.1084,31,-1.4088540544973747
6,warm,A,34,0.62,21,-3.080987597150462
6,warm,A,35,0.1175,31,-3.2260133550772743
6,warm,A,36,0.5148,28,-2.2296916113368104
6,warm,A,37,0.988,26,-2.528799650886168
6,warm,A,38,0.1257,19,-4.106314657550109
6,warm,A,39,0.7131,94,-2.786871976275545
6,warm,A,40,0.9043,21,-3.695956755340809
6,warm,A,41,0.7714,19,-1.901399889507478
6,warm,A,42,0.9391,34,-1.5455372981074267
6,warm,A,43,0.0735,17,-2.9819730678025413
6,warm,A,44,0.8412,25,-2.662035774290562
6,warm,A,45,0.9415,20,-2.2979268320836126
6,warm,A,46,0.3356,23,-2.379213962541974
6,warm,A,47,0.4993,52,-1.9202885687207947
6,warm,A,48,0.5356,22,-2.8125257583504375
6,warm,A,49,0.0069,12,-1.8924712567046906
6,warm,A,50,0.1715,16,-1.7882914829533547
6,warm,A,51,0.8706,29,-2.0031131989892637
6,warm,A,52,0.4343,33,-3.664568121460351
6,warm,A,53,0.5287,31,-1.8757941901623723
6,warm,A,54,0.5725,34,-2.5407238980097806
6,warm,A,55,0.3596,32,-2.9219341031857766
6,warm,A,56,0.0913,17,-1.9100709378287908
6,warm,A,57,0.9494,27,-2.785134513034589
6,warm,A,58,0.1825,22,-1.8650843064652607
6,warm,A,59,0.7019,90,-2.433425345018299
6,warm,A,60,0.7501,22,-4.217061564003498
6,warm,A,61,0.334,15,-3.5367636730273566
6,warm,A,62,0.5897,22,-1.7592745043697173
6,warm,A,63,0.0932,17,-1.0540872486873174
6,warm,A,64,0.1023,35,-2.4912764029577374
6,warm,A,65,0.3814,81,-3.271879033188416
6,warm,A,66,0.2201,53,-1.6187995514636948
6,warm,A,67,0.1126,20,-3.8192645507864653
6,warm,A,68,0.4585,33,-2.9411986711801905
6,warm,A,69,0.8395,11,-5.019054678353396
6,warm,A,70,0.8306,32,-3.064682735246606
6,warm,A,71,0.0185,25,-2.3066212344914674
6,warm,A,72,0.583,16,-2.0255441874796816
6,warm,A,73,0.5522,20,-1.1192784323473461
6,warm,A,74,0.8432,19,-3.1686453395768215
6,warm,A,75,0.9218,33,-2.3689294291138085
6,warm,A,76,0.4799,27,-2.4922093044431812
6,warm,A,77,0.3578,17,-2.6639804752434
6,warm,A,78,0.8972,12,-4.093630768436317
6,warm,A,79,0.3199,17,-2.8403469933854306
6,warm,A,80,0.1735,23,-1.6438108139428431
6,warm,A,81,0.0718,15,-3.4112355520327884
6,warm,A,82,0.3775,15,-1.130229440331459
6,warm,A,83,0.5709,15,-3.6849852090080577
6,warm,A,84,0.1762,37,-1.870308220620909
6,warm,A,85,0.977,40,-1.9072487780533265
6,warm,A,86,0.4744,21,-2.000090875396771
6,warm,A,87,0.1676,30,-4.229930034776529
6,warm,A,88,0.2418,13,-2.4825785929480424
6,warm,A,89,0.6556,11,-4.876655799421397
6,warm,A,90,0.8676,17,-0.8983732015442323
6,warm,A,91,0.2949,50,-2.6311156831914557
6,warm,A,92,0.2515,27,-3.107713842281589
6,warm,A,93,0.6897,20,-1.4403920579585248
6,warm,A,94,0.158,17,-2.6434967969270313
6,warm,A,95,0.6099,19,-2.7789470909629017
6,warm,A,96,0.2688,19,-2.655126673610587
6,warm,A,97,0.6517,37,-2.7402342340210453
6,warm,A,98,0.9906,14,-1.8743763959833555
6,warm,A,99,0.0772,31,-3.1522322115638564
6,warm,A,100,0.0431,40,-1.5016831446184369
6,warm,A,101,0.5187,29,-1.097514842958029
6,warm,A,102,0.869,22,-1.4797381569885395
6,warm,A,103,0.3791,28,-1.8072439304586234
6,warm,A,104,0.0103,21,-1.516382246311488
6,warm,A,105,0.5233,13,-3.0548673312251386
6,warm,A,106,0.0984,29,-2.178853370506188
6,warm,A,107,0.6759,61,-1.8939093051127112
6,warm,A,108,0.7486,18,-1.916407708492544
6,warm,A,109,0.8483,24,-3.2177735230264566
6,warm,A,110,0.8988,40,-2.676845196960494
6,warm,A,111,0.263,36,-1.5008813627751403
6,warm,A,112,0.7835,31,-2.9628010841627277
6,warm,A,113,0.89,30,-3.3158242179236064
6,warm,A,114,0.4761,28,-2.524873440286943
6,warm,A,115,0.2252,18,-2.4060131006036602
6,warm,A,116,0.4225,25,-3.0240901790931822
6,warm,A,117,0.2711,19,-3.1145518057440458
6,warm,A,118,0.7927,36,-2.3114735593812332
6,warm,A,119,0.6337,41,-1.6240324463422706
6,warm,A,120,0.3693,14,-1.9246062422836465
6,warm,A,121,0.3485,24,-1.731519991638682
6,warm,A,122,0.7201,100,-3.1575383215374315
6,warm,A,123,0.3108,17,-3.3753987349131527
6,warm,A,124,0.5599,24,-1.4744089038964983
6,warm,A,125,0.068,17,-2.1769498981097164
6,warm,A,126,0.4617,57,-1.5918784724441746
6,warm,A,127,0.5114,56,-3.073011569229753
6,warm,A,128,0.06,20,-1.894898258522153
6,warm,A,129,0.3885,30,-2.8595420844852923
6,warm,A,130,0.5807,19,-2.530074750661458
6,warm,A,131,0.7673,19,-2.282238670015144
6,warm,A,132,0.4495,111,-3.2541365989652746
6,warm,A,133,0.0386,28,-1.9928545169199683
6,warm,A,134,0.6961,31,-0.8138719110180729
6,warm,A,135,0.1564,16,-1.139267329762788
6,warm,A,136,0.6874,34,-2.0681350316907117
6,warm,A,137,0.6084,12,-3.1757323940594993
6,warm,A,138,0.5673,46,-2.3778177352037546
6,warm,A,139,0.4118,22,-2.813673455532725
6,warm,A,140,0.3401,12,-3.6317285088201365
6,warm,A,141,0.9803,16,-2.4265974601730704
6,warm,A,142,0.035,21,-2.702358770583357
6,warm,A,143,0.0213,17,-1.8918825664064463
6,warm,A,144,0.6182,17,-3.1257124218870613
6,warm,A,145,0.2659,26,-2.8706335298878773
6,warm,A,146,0.6617,17,-2.4173288385329
6,warm,A,147,0.2454,49,-0.7388147209680103
6,warm,A,148,0.9338,39,-2.328156426238517
6,warm,A,149,0.3048,28,-2.5110107941353426
6,warm,A,150,0.613,32,-2.8020665771327913
6,warm,A,151,0.4265,25,-2.794498299174011
6,warm,A,152,0.2233,21,-3.472003605881972
6,warm,A,153,0.2608,22,-1.0993275445018134
6,warm,A,154,0.3163,20,-2.578812670707703
6,warm,A,155,0.7884,32,-1.7665488388738595
6,warm,A,156,0.3252,34,-3.0870427321642637
6,warm,A,157,0.7819,13,-1.3621638288291602
6,warm,A,158,0.4317,26,-2.3715551340809236
6,warm,A,159,0.9244,20,-2.4059084622131195
6,warm,A,160,0.2362,24,-4.180446247337386
6,warm,A,161,0.6036,18,-3.2852186881419687
6,warm,A,162,0.7345,49,-3.4134167235734285
6,warm,A,163,0.8355,26,-3.4118500647063437
6,warm,A,164,0.9922,15,-2.793710318207741
6,warm,A,165,0.7298,64,-3.0646607591042994
6,warm,A,166,0.2774,20,-2.7602897852659227
6,warm,A,167,0.5961,23,-3.381041296843804
6,warm,A,168,0.0546,15,-3.417235135038694
6,warm,A,169,0.2432,29,-1.5808377349428062
6,warm,A,170,0.554,31,-2.1854766332995026
6,warm,A,171,0.014,17,-2.669130669961519
6,warm,A,172,0.1793,27,-2.183794768458163
6,warm,A,173,0.6404,14,-1.5591445517327105
6,warm,A,174,0.7573,48,-2.6070973415238163
6,warm,A,175,0.3471,18,-1.2601524801866617
6,warm,A,176,0.2301,42,-3.8142989951052835
6,warm,A,177,0.9657,29,-2.269811565891422
6,warm,A,178,0.5561,43,-1.6608656953673724
6,warm,A,179,0.4667,17,-4.298093944787979
6,warm,A,180,0.5327,30,-2.9652495540678503
6,warm,A,181,0.4782,15,-2.353084930032492
6,warm,A,182,0.7382,87,-3.6565755481949482
6,warm,A,183,0.7904,13,-3.4483335610622396
6,warm,A,184,0.1933,22,-1.953575755215504
6,warm,A,185,0.8928,29,-2.800261689414238
6,warm,A,186,0.9835,33,-1.9838987912993284
6,warm,A,187,0.1194,77,-2.505711158193261
6,warm,A,188,0.2864,51,-1.9800017512124946
6,warm,A,189,0.4703,34,-1.1931613085638246
6,warm,A,190,0.9512,56,-2.596784580133057
6,warm,A,191,0.9696,50,-2.3260036477586254
6,warm,A,192,0.1896,20,-3.110539002157748
6,warm,A,193,0.6387,22,-1.6173710724913029
6,warm,A,194,0.2805,43,-2.7956456807983474
6,warm,A,195,0.7688,29,-2.0686870387931964
6,warm,A,196,0.0898,20,-0.8220966779917944
6,warm,A,197,0.6445,55,-1.6150623807937585
6,warm,A,198,0.7977,49,-2.854189591760847
6,warm,A,199,0.9959,18,-1.8446549116601494
6,warm,B,0,0.0,23,-0.0032790532951248283
6,warm,B,1,0.0559,20,-0.010636905983119505
6,warm,B,2,0.1147,33,-0.014503581272782123
6,warm,B,3,0.2338,25,-0.005715887286532962
6,warm,B,4,0.2832,34,-0.007398978307452018
6,warm,B,5,0.3476,25,-0.006271622806234518
6,warm,B,6,0.4191,21,-0.0025441723475653688
6,warm,B,7,0.4841,16,-0.03423133481555851
6,warm,B,8,0.52,20,-0.005431145749025745
6,warm,B,9,0.6294,25,-0.0042915563267888505
6,warm,B,10,0.7012,27,-0.022907995069410256
6,warm,B,11,0.745,31,-0.059078234263647424
6,warm,B,12,0.8144,21,-0.002940698115881311
6,warm,B,13,0.8897,15,-0.008083184738643468
6,warm,B,14,0.9306,28,-0.008320696918547452
6,mismatched,A,0,0.9574,31,-3.3169236445739383
6,mismatched,A,1,0.8835,90,-1.2019640134572709
6,mismatched,A,2,0.6011,22,-3.439565290908583
6,mismatched,A,3,0.8029,23,-1.7209963816339555
6,mismatched,A,4,0.8951,19,-2.315015383064747
6,mismatched,A,5,0.4903,16,-2.8962014184799045
6,mismatched,A,6,0.0484,22,-2.315369748256423
6,mismatched,A,7,0.3083,20,-1.8445516910403967
6,mismatched,A,8,0.0045,21,-2.5403693167581443
6,mismatched,A,9,0.4142,26,-1.671593434150474
6,mismatched,A,10,0.4685,20,-4.697139290720225
6,mismatched,A,11,0.8658,27,-1.74218950274021
6,mismatched,A,12,0.8522,18,-2.622105148155242
6,mismatched,A,13,0.6802,25,-0.802597297115717
6,mismatched,A,14,0.7779,30,-2.7819110644205165
6,mismatched,A,15,0.5271,15,-1.4031869724392891
6,mismatched,A,16,0.8167,24,-2.4907639123145295
6,mismatched,A,17,0.3308,45,-1.049955704735799
6,mismatched,A,18,0.1108,22,-1.7661450438370758
6,mismatched,A,19,0.9679,13,-3.9303965041270623
6,mismatched,A,20,0.4377,61,-2.265097182383379
6,mismatched,A,21,0.7628,21,-3.8880118869599842
6,mismatched,A,22,0.1145,31,-2.40060171911553
6,mismatched,A,23,0.1468,85,-3.2711986384847584
6,mismatched,A,24,0.9458,58,-2.91082321187674
6,mismatched,A,25,0.228,26,-3.6315595243985834
6,mismatched,A,26,0.4871,29,-1.1416891746961608
6,mismatched,A,27,0.5442,19,-2.3110050125733803
6,mismatched,A,28,0.2343,25,-3.171472887098789
6,mismatched,A,29,0.8645,11,-1.3212308296510442
6,mismatched,A,30,0.1069,21,-3.546091964202268
6,mismatched,A,31,0.3681,12,-1.955827331985347
6,mismatched,A,32,0.6661,17,-1.714567309300251
6,mismatched,A,33,0.1084,31,-1.4431158466745289
6,mismatched,A,34,0.62,21,-3.04136167856909
6,mismatched,A,35,0.1175,31,-3.2261301488240037
6,mismatched,A,36,0.5148,28,-2.253112180225019
6,mismatched,A,37,0.988,26,-2.5876135763157015
6,mismatched,A,38,0.1257,19,-4.111105949470871
6,mismatched,A,39,0.7131,94,-2.852556453650787
6,mismatched,A,40,0.9043,21,-3.6765718650338903
6,mismatched,A,41,0.7714,19,-1.9486691872895647
6,mismatched,A,42,0.9391,34,-1.491158378359962
6,mismatched,A,43,0.0735,17,-2.9262706409482395
6,mismatched,A,44,0.8412,25,-2.5109972360730173
6,mismatched,A,45,0.9415,20,-2.293251362675801
6,mismatched,A,46,0.3356,23,-2.3003356814708398
6,mismatched,A,47,0.4993,52,-1.9235953552863345
6,mismatched,A,48,0.5356,22,-2.7789531378922137
6,mismatched,A,49,0.0069,12,-1.9554913374013267
6,mismatched,A,50,0.1715,16,-1.7817579741822556
6,mismatched,A,51,0.8706,29,-2.0052120807733194
6,mismatched,A,52,0.4343,33,-3.62278952223785
6,mismatched,A,53,0.5287,31,-1.8774570904431804
6,mismatched,A,54,0.5725,34,-2.590176851680393
6,mismatched,A,55,0.3596,32,-2.9238009574182797
6,mismatched,A,56,0.0913,17,-1.8692991332431763
6,mismatched,A,57,0.9494,27,-2.8200901877307505
6,mismatched,A,58,0.1825,22,-1.7255593180505622
6,mismatched,A,59,0.7019,90,-2.5683884211867634
6,mismatched,A,60,0.7501,22,-4.27446175480145
6,mismatched,A,61,0.334,15,-3.535514521226287
6,mismatched,A,62,0.5897,22,-1.76666706494606
6,mismatched,A,63,0.0932,17,-1.162376925974112
6,mismatched,A,64,0.1023,35,-2.515033170341381
6,mismatched,A,65,0.3814,81,-3.290494256236096
6,mismatched,A,66,0.2201,53,-1.6423469569736142
6,mismatched,A,67,0.1126,20,-3.7738303186837583
6,mismatched,A,68,0.4585,33,-3.1023940988110774
6,mismatched,A,69,0.8395,11,-4.8917779570276085
6,mismatched,A,70,0.8306,32,-2.941312312934315
6,mismatched,A,71,0.0185,25,-2.344807142317295
6,mismatched,A,72,0.583,16,-2.056735644946457
6,mismatched,A,73,0.5522,20,-1.1611593450201325
6,mismatched,A,74,0.8432,19,-2.983195177230396
6,mismatched,A,75,0.9218,33,-2.3495701215596814
6,mismatched,A,76,0.4799,27,-2.5108102320443355
6,mismatched,A,77,0.3578,17,-2.4351201319300078
6,mismatched,A,78,0.8972,12,-4.156652889136846
6,mismatched,A,79,0.3199,17,-2.8172842830912592
6,mismatched,A,80,0.1735,23,-1.576300288570802
6,mismatched,A,81,0.0718,15,-3.3642835400998594
6,mismatched,A,82,0.3775,15,-0.9768245651076237
6,mismatched,A,83,0.5709,15,-3.6283429918189842
6,mismatched,A,84,0.1762,37,-1.8238118936345484
6,mismatched,A,85,0.977,40,-1.9191885136184283
6,mismatched,A,86,0.4744,21,-1.937316368378344
6,mismatched,A,87,0.1676,30,-4.254524030536413
6,mismatched,A,88,0.2418,13,-2.3217655513793805
6,mismatched,A,89,0.6556,11,-4.793152105401862
6,mismatched,A,90,0.8676,17,-0.916101659382762
6,mismatched,A,91,0.2949,50,-2.7194424756709488
6,mismatched,A,92,0.2515,27,-3.1480299962891474
6,mismatched,A,93,0.6897,20,-1.4820496589643881
6,mismatched,A,94,0.158,17,-2.6812474942382645
6,mismatched,A,95,0.6099,19,-2.8373258667998016
6,mismatched,A,96,0.2688,19,-2.6516056123532747
6,mismatched,A,97,0.6517,37,-2.6862131882068776
6,mismatched,A,98,0.9906,14,-1.9045671026355453
6,mismatched,A,99,0.0772,31,-3.279724149574195
6,mismatched,A,100,0.0431,40,-1.5650860409499727
6,mismatched,A,101,0.5187,29,-0.9401629548038131
6,mismatched,A,102,0.869,22,-1.437876837936611
6,mismatched,A,103,0.3791,28,-1.8057554338759343
6,mismatched,A,104,0.0103,21,-1.6091329115498367
6,mismatched,A,105,0.5233,13,-3.0671904092797866
6,mismatched,A,106,0.0984,29,-2.1932822856409797
6,mismatched,A,107,0.6759,61,-1.9307962336985882
6,mismatched,A,108,0.7486,18,-1.9782246607873175
6,mismatched,A,109,0.8483,24,-3.1854588959831744
6,mismatched,A,110,0.8988,40,-2.495074515900342
6,mismatched,A,111,0.263,36,-1.4736572039863758
6,mismatched,A,112,0.7835,31,-2.9824657360422275
6,mismatched,A,113,0.89,30,-3.221768269703413
6,mismatched,A,114,0.4761,28,-2.5665520216737474
6,mismatched,A,115,0.2252,18,-2.301064603722706
6,mismatched,A,116,0.4225,25,-3.041526859179139
6,mismatched,A,117,0.2711,19,-3.0506048038552858
6,mismatched,A,118,0.7927,36,-2.352564333938062
6,mismatched,A,119,0.6337,41,-1.6132414819127538
6,mismatched,A,120,0.3693,14,-1.9177381449512072
6,mismatched,A,121,0.3485,24,-1.7358054065164954
6,mismatched,A,122,0.7201,100,-3.188415194565896
6,mismatched,A,123,0.3108,17,-3.4409971776254036
6,mismatched,A,124,0.5599,24,-1.4169928991468623
6,mismatched,A,125,0.068,17,-2.0955200098893223
6,mismatched,A,126,0.4617,57,-1.641911534489114
6,mismatched,A,127,0.5114,56,-3.089618599687778
6,mismatched,A,128,0.06,20,-1.674568632990122
6,mismatched,A,129,0.3885,30,-2.752044603104393
6,mismatched,A,130,0.5807,19,-2.4956104732853803
6,mismatched,A,131,0.7673,19,-2.2386394785598416
6,mismatched,A,132,0.4495,111,-3.3106802384162464
6,mismatched,A,133,0.0386,28,-2.074253336060792
6,mismatched,A,134,0.6961,31,-0.7981095128709585
6,mismatched,A,135,0.1564,16,-1.0512439099447874
6,mismatched,A,136,0.6874,34,-1.9548503943472444
6,mismatched,A,137,0.6084,12,-3.1355910499890647
6,mismatched,A,138,0.5673,46,-2.460187712822833
6,mismatched,A,139,0.4118,22,-2.7759895890194457
6,mismatched,A,140,0.3401,12,-3.561277170976003
6,mismatched,A,141,0.9803,16,-2.4245853391475976
6,mismatched,A,142,0.035,21,-2.6736627094270218
6,mismatched,A,143,0.0213,17,-1.8819714403327774
6,mismatched,A,144,0.6182,17,-3.0056976316606296
6,mismatched,A,145,0.2659,26,-2.905544973295736
6,mismatched,A,146,0.6617,17,-2.2574081397067536
6,mismatched,A,147,0.2454,49,-0.7179223333675638
6,mismatched,A,148,0.9338,39,-2.389190585579341
6,mismatched,A,149,0.3048,28,-2.542404684437705
6,mismatched,A,150,0.613,32,-2.785976830869913
6,mismatched,A,151,0.4265,25,-2.5654675905406474
6,mismatched,A,152,0.2233,21,-3.1039563738962723
6,mismatched,A,153,0.2608,22,-1.1104996044146405
6,mismatched,A,154,0.3163,20,-2.5256747919134797
6,mismatched,A,155,0.7884,32,-1.6263586098502856
6,mismatched,A,156,0.3252,34,-3.044654163737398
6,mismatched,A,157,0.7819,13,-1.379451338488322
6,mismatched,A,158,0.4317,26,-2.3939448127952905
6,mismatched,A,159,0.9244,20,-2.4385969085036776
6,mismatched,A,160,0.2362,24,-3.934408195646635
6,mismatched,A,161,0.6036,18,-3.277778902091086
6,mismatched,A,162,0.7345,49,-3.399279918293564
6,mismatched,A,163,0.8355,26,-3.2317559530671973
6,mismatched,A,164,0.9922,15,-3.0351707369089125
6,mismatched,A,165,0.7298,64,-3.067625530908117
6,mismatched,A,166,0.2774,20,-2.7989699942991138
6,mismatched,A,167,0.5961,23,-3.3066332643046854
6,mismatched,A,168,0.0546,15,-3.3304441520323356
6,mismatched,A,169,0.2432,29,-1.4954644742999867
6,mismatched,A,170,0.554,31,-2.175536021409977
6,mismatched,A,171,0.014,17,-2.7881132482605824
6,mismatched,A,172,0.1793,27,-2.0853597538338766
6,mismatched,A,173,0.6404,14,-1.6134847910808665
6,mismatched,A,174,0.7573,48,-2.486925445322413
6,mismatched,A,175,0.3471,18,-1.1131501579568268
6,mismatched,A,176,0.2301,42,-3.6039708208824908
6,mismatched,A,177,0.9657,29,-2.326584018831109
6,mismatched,A,178,0.5561,43,-1.634951068483683
6,mismatched,A,179,0.4667,17,-4.149776118643143
6,mismatched,A,180,0.5327,30,-2.9568936338027316
6,mismatched,A,181,0.4782,15,-2.3243046697229146
6,mismatched,A,182,0.7382,87,-3.528342614365185
6,mismatched,A,183,0.7904,13,-3.3229253962635994
6,mismatched,A,184,0.1933,22,-1.99005960944024
6,mismatched,A,185,0.8928,29,-2.812633932632362
6,mismatched,A,186,0.9835,33,-2.0134198061458655
6,mismatched,A,187,0.1194,77,-2.5310532873369413
6,mismatched,A,188,0.2864,51,-2.10328935456517
6,mismatched,A,189,0.4703,34,-1.1941041864877608
6,mismatched,A,190,0.9512,56,-2.591717359609902
6,mismatched,A,191,0.9696,50,-2.398853114512749
6,mismatched,A,192,0.1896,20,-3.0644585343077777
6,mismatched,A,193,0.6387,22,-1.580395620677419
6,mismatched,A,194,0.2805,43,-2.7236231612474766
6,mismatched,A,195,0.7688,29,-2.107660763824744
6,mismatched,A,196,0.0898,20,-0.8024162453919417
6,mismatched,A,197,0.6445,55,-1.663404923343015
6,mismatched,A,198,0.7977,49,-2.901238862828385
6,mismatched,A,199,0.9959,18,-1.963892357941303
6,mismatched,B,0,0.0,23,-0.0030945363472236077
6,mismatched,B,1,0.0559,20,-0.022762209976644954
6,mismatched,B,2,0.1147,33,-0.006472516216380234
6,mismatched,B,3,0.2338,25,-0.004272184337769431
6,mismatched,B,4,0.2832,34,-0.010747991329267011
6,mismatched,B,5,0.3476,25,-0.005760856694250833
6,mismatched,B,6,0.4191,21,-0.002021399869287658
6,mismatched,B,7,0.4841,16,-0.0300588974787388
6,mismatched,B,8,0.52,20,-0.004695549862663029
6,mismatched,B,9,0.6294,25,-0.004736022514407523
6,mismatched,B,10,0.7012,27,-0.022679243150950816
6,mismatched,B,11,0.745,31,-0.06916238117393674
6,mismatched,B,12,0.8144,21,-0.0024272617887445016
6,mismatched,B,13,0.8897,15,-0.005945135156313578
6,mismatched,B,14,0.9306,28,-0.01070779167899413
7,cold,A,0,0.0277,40,-1.3586225531330456
7,cold,A,1,0.8729,40,-1.9091001517532278
7,cold,A,2,0.2124,122,-2.810404402596521
7,cold,A,3,0.7315,23,-2.5406573206631076
7,cold,A,4,0.392,23,-2.5083875511165545
7,cold,A,5,0.2647,22,-2.980807277352803
7,cold,A,6,0.6227,18,-0.6872176474578029
7,cold,A,7,0.4188,26,-1.956614473924184
7,cold,A,8,0.371,20,-1.3904582930503238
7,cold,A,9,0.4578,32,-1.7442486961740542
7,cold,A,10,0.6468,25,-1.6748508282750845
7,cold,A,11,0.1222,22,-1.6269698970903514
7,cold,A,12,0.4148,32,-0.6595144838136093
7,cold,A,13,0.1768,20,-2.0375753281638027
7,cold,A,14,0.7454,38,-2.015365971207135
7,cold,A,15,0.6185,56,-2.0551051383786865
7,cold,A,16,0.0661,29,-1.6560413596997587
7,cold,A,17,0.1529,16,-2.4244069756241515
7,cold,A,18,0.4277,29,-2.870386421881668
7,cold,A,19,0.1126,67,-2.4241550585900957
7,cold,A,20,0.0394,32,-2.6483743327553384
7,cold,A,21,0.8896,45,-1.714902007085685
7,cold,A,22,0.0997,16,-2.6309241510462016
7,cold,A,23,0.8276,35,-1.4469999882442477
7,cold,A,24,0.3142,91,-1.3740112134513724
7,cold,A,25,0.7059,20,-4.609322819486261
7,cold,A,26,0.7491,181,-2.028523450774251
7,cold,A,27,0.2206,31,-2.3223112407478412
7,cold,A,28,0.8544,31,-1.8247199229851006
7,cold,A,29,0.1615,11,-1.900870997797359
7,cold,A,30,0.5984,36,-2.1855509830929805
7,cold,A,31,0.26,17,-1.8293719011194565
7,cold,A,32,0.6442,24,-3.821491130394861
7,cold,A,33,0.568,23,-1.9051646054190907
7,cold,A,34,0.6888,21,-2.166761688001099
7,cold,A,35,0.1187,49,-1.6675820152065302
7,cold,A,36,0.1956,101,-2.363649567756871
7,cold,A,37,0.934,25,-2.456354436648544
7,cold,A,38,0.8924,37,-2.0064200261927123
7,cold,A,39,0.3546,22,-2.6367359103526478
7,cold,A,40,0.3271,27,-2.8271648991439076
7,cold,A,41,0.4072,28,-3.1857739344372282
7,cold,A,42,0.0166,42,-1.3142687349339082
7,cold,A,43,0.9466,63,-2.5769819438821635
7,cold,A,44,0.4327,36,-2.3686299443943426
7,cold,A,45,0.9132,17,-1.575167564820303
7,cold,A,46,0.9694,16,-3.4059419646218885
7,cold,A,47,0.9905,25,-1.9710569754615426
7,cold,A,48,0.2232,157,-2.4417606852080187
7,cold,A,49,0.1725,23,-2.85948066988393
7,cold,A,50,0.8498,23,-0.3851891348012546
7,cold,A,51,0.9072,28,-0.5073645156374239
7,cold,A,52,0.5052,23,-3.6258314161197
7,cold,A,53,0.7898,75,-3.140145358648151
7,cold,A,54,0.7255,20,-1.9436525641940534
7,cold,A,55,0.3797,28,-3.283636254524546
7,cold,A,56,0.3728,22,-2.18069685152626
7,cold,A,57,0.5939,53,-2.6881661298904427
7,cold,A,58,0.0704,11,-4.184875783595172
7,cold,A,59,0.1497,21,-3.572084498902162
7,cold,A,60,0.8302,34,-1.9452396045115379
7,cold,A,61,0.2897,33,-3.2318647862165095
7,cold,A,62,0.3036,24,-0.7603223382737193
7,cold,A,63,0.9426,40,-2.400853928242577
7,cold,A,64,0.3762,44,-1.5304334839165676
7,cold,A,65,0.0517,19,-2.756282553628185
7,cold,A,66,0.2381,23,-3.1144044860873534
7,cold,A,67,0.3626,29,-1.317475847538123
7,cold,A,68,0.7961,83,-2.210561511000192
7,cold,A,69,0.9395,31,-3.427704291737398
7,cold,A,70,0.9527,19,-1.0162008059368848
7,cold,A,71,0.8374,31,-2.8652127749725964
7,cold,A,72,0.6739,46,-2.132932629669085
7,cold,A,73,0.2881,14,-2.2958078662465726
7,cold,A,74,0.3295,49,-2.0498514289499083
7,cold,A,75,0.0353,16,-1.8471508973652817
7,cold,A,76,0.1104,15,-3.7770711531241736
7,cold,A,77,0.5458,14,-3.2738677375018597
7,cold,A,78,0.1071,15,-2.867853032176693
7,cold,A,79,0.021,17,-3.179024490616832
7,cold,A,80,0.1051,26,-2.6059748588013463
7,cold,A,81,0.4621,130,-2.248346834671415
7,cold,A,82,0.7406,16,-1.8770450807642192
7,cold,A,83,0.4794,26,-1.718605050018246
7,cold,A,84,0.0578,34,-2.766118510989359
7,cold,A,85,0.8596,26,-3.532133534192466
7,cold,A,86,0.494,58,-3.2952905715089935
7,cold,A,87,0.6368,68,-2.7397390322756325
7,cold,A,88,0.6964,22,-1.6488373588601297
7,cold,A,89,0.7699,78,-2.0795235170147723
7,cold,A,90,0.3659,34,-1.816207348714884
7,cold,A,91,0.3958,57,-2.347845518330495
7,cold,A,92,0.5262,35,-2.2756635319175467
7,cold,A,93,0.727,35,-2.55186600784239
7,cold,A,94,0.014,37,-1.1755372907567574
7,cold,A,95,0.8467,33,-2.1082392724495023
7,cold,A,96,0.8325,28,-3.146374264748634
7,cold,A,97,0.8207,15,-0.8718985923468912
7,cold,A,98,0.1847,17,-2.441669480650008
7,cold,A,99,0.8572,11,-2.4394795257936823
7,cold,A,100,0.6772,17,-3.207244793261292
7,cold,A,101,0.8072,33,-4.224977958270094
7,cold,A,102,0.971,40,-4.466108435811475
7,cold,A,103,0.4388,31,-3.0163834896877466
7,cold,A,104,0.0773,53,-2.09389055967287
7,cold,A,105,0.6983,16,-1.8334637923398986
7,cold,A,106,0.7239,21,-1.5804320495974804
7,cold,A,107,0.2504,41,-3.637439297656273
7,cold,A,108,0.6693,39,-2.661667482931919
7,cold,A,109,0.1658,62,-1.7933754377902607
7,cold,A,110,0.0546,34,-2.7688161019229
7,cold,A,111,0.7349,20,-2.1246737745037536
7,cold,A,112,0.2628,17,-3.9243399328517947
7,cold,A,113,0.5609,35,-1.9034795187322224
7,cold,A,114,0.5896,53,-3.1383382671991504
7,cold,A,115,0.3903,16,-2.272459853653345
7,cold,A,116,0.8179,18,-1.748963113363263
7,cold,A,117,0.4724,75,-2.548843707788619
7,cold,A,118,0.2952,38,-2.8552759967768857
7,cold,A,119,0.6837,33,-1.5456255995765484
7,cold,A,120,0.4817,20,-1.5250141590979183
7,cold,A,121,0.2843,25,-2.2539754239685137
7,cold,A,122,0.518,14,-2.9527868467516134
7,cold,A,123,0.1402,16,-2.090327726386022
7,cold,A,124,0.7632,92,-2.6555494316625814
7,cold,A,125,0.6946,12,-3.1854499826828637
7,cold,A,126,0.8235,15,-1.3784309210372157
7,cold,A,127,0.7757,107,-2.797271752600541
7,cold,A,128,0.2817,29,-1.8477406016057196
7,cold,A,129,0.4557,28,-2.5958953281598434
7,cold,A,130,0.1546,28,-2.884476644885061
7,cold,A,131,0.5393,31,-2.0122798229766037
7,cold,A,132,0.2751,34,-2.5702658213901004
7,cold,A,133,0.6569,29,-0.48411104699723717
7,cold,A,134,0.27,20,-2.4244391611777245
7,cold,A,135,0.5195,50,-3.6665406934311613
7,cold,A,136,0.7145,79,-2.6252473318471155
7,cold,A,137,0.6548,38,-0.21972590036918854
7,cold,A,138,0.4209,37,-2.377745601461848
7,cold,A,139,0.6511,14,-1.7355393690190144
7,cold,A,140,0.4057,18,-2.5843478818941445
7,cold,A,141,0.369,20,-1.4807861474342645
7,cold,A,142,0.9858,67,-1.6764912722002185
7,cold,A,143,0.5568,24,-3.2426166175864637
7,cold,A,144,0.0969,27,-2.6619491738577685
7,cold,A,145,0.4494,79,-2.822987877142312
7,cold,A,146,0.5013,45,-3.4663184756620065
7,cold,A,147,0.3467,136,-2.4313902328838406
7,cold,A,148,0.3577,34,-2.474027698750005
7,cold,A,149,0.5859,18,-2.5715731634861894
7,cold,A,150,0.0101,44,-3.271692296236076
7,cold,A,151,0.0429,46,-1.9281443805049765
7,cold,A,152,0.1806,21,-2.689749010838568
7,cold,A,153,0.7016,46,-4.063776396862838
7,cold,A,154,0.7834,86,-2.732882942740405
7,cold,A,155,0.974,27,-2.810129501201488
7,cold,A,156,0.9763,36,-3.3770536087443666
7,cold,A,157,0.6789,31,-1.9019121884503551
7,cold,A,158,0.5369,39,-2.829232779546426
7,cold,A,159,0.8346,35,-2.5363737622858027
7,cold,A,160,0.9928,17,-1.9711237968739999
7,cold,A,161,0.4896,46,-3.2678835360414307
7,cold,A,162,0.267,39,-2.412810042172145
7,cold,A,163,0.0482,13,-2.168519342089824
7,cold,A,164,0.4122,30,-2.813734568407138
7,cold,A,165,0.7365,30,-0.9286278807344691
7,cold,A,166,0.9108,29,-2.0805579580382667
7,cold,A,167,0.9306,40,-2.2506729038781486
7,cold,A,168,0.2537,31,-2.7157602343828446
7,cold,A,169,0.5799,37,-1.9585252102075863
7,cold,A,170,0.961,27,-1.738802062899426
7,cold,A,171,0.5747,20,-0.10478575571551119
7,cold,A,172,0.3222,40,-2.1530931045752366
7,cold,A,173,0.6617,13,-1.692774237993245
7,cold,A,174,0.193,15,-1.6800527972113437
7,cold,A,175,0.1581,17,-1.395196899519172
7,cold,A,176,0.7111,40,-2.579413714486873
7,cold,A,177,0.6871,19,-1.70925244100784
7,cold,A,178,0.2923,18,-3.2999172363844185
7,cold,A,179,0.5512,24,-3.1896953729446977
7,cold,A,180,0.0495,25,-2.346215067729354
7,cold,A,181,0.8699,44,-2.833149059517547
7,cold,A,182,0.9889,16,-0.20117499903972202
7,cold,A,183,0.3824,29,-1.8978475361925968
7,cold,A,184,0.2721,18,-2.9873777296808033
7,cold,A,185,0.7299,20,-1.6388633308932186
7,cold,A,186,0.9273,39,-0.9934278953139886
7,cold,A,187,0.0464,27,-1.5101695405685827
7,cold,A,188,0.8627,34,-3.801212434999316
7,cold,A,189,0.5321,23,-1.357148849202887
7,cold,A,190,0.8777,17,-3.2762548945405903
7,cold,A,191,0.3602,29,-1.7454133048755969
7,cold,A,192,0.5879,18,-1.9032911577734113
7,cold,A,193,0.4353,52,-3.0117162078617743
7,cold,A,194,0.6089,22,-3.35913831029426
7,cold,A,195,0.2338,42,-3.2825684114137577
7,cold,A,196,0.4093,39,-2.6130970128071613
7,cold,A,197,0.138,28,-0.7621295061710823
7,cold,A,198,0.0,83,-2.6605156341082687
7,cold,A,199,0.9954,21,-2.066791352239393
7,cold,B,0,0.0,20,-0.0005702876842406113
7,cold,B,1,0.0627,51,-0.004438868723399555
7,cold,B,2,0.1522,36,-0.002789997485302188
7,cold,B,3,0.2596,21,-0.0047603581929468505
7,cold,B,4,0.3691,19,-0.014334585075726193
7,cold,B,5,0.4473,14,-0.004153651066839562
7,cold,B,6,0.4864,15,-0.0011108586656822202
7,cold,B,7,0.5234,14,-0.013874036950125759
7,cold,B,8,0.6168,16,-0.007158352707847371
7,cold,B,9,0.6562,36,-0.005328357799928401
7,cold,B,10,0.7302,24,-0.0012024179316843704
7,cold,B,11,0.7904,22,-0.0043574736337177455
7,cold,B,12,0.9077,14,-0.005102770822954231
7,cold,B,13,0.9496,22,-0.004756457753087902
7,warm,A,0,0.0277,40,-1.5402446633088402
7,warm,A,1,0.8729,40,-2.3029337510233745
7,warm,A,2,0.2124,122,-2.9808116694397033
7,warm,A,3,0.7315,23,-3.883387833347787
7,warm,A,4,0.392,23,-2.59179570833626
7,warm,A,5,0.2647,22,-3.371589856476269
7,warm,A,6,0.6227,18,-0.7737678027867029
7,warm,A,7,0.4188,26,-2.249488468765496
7,warm,A,8,0.371,20,-1.4214677957579624
7,warm,A,9,0.4578,32,-1.8744260938256048
7,warm,A,10,0.6468,25,-1.8436394967511296
7,warm,A,11,0.1222,22,-2.089800651960435
7,warm,A,12,0.4148,32,-0.6397856095907173
7,warm,A,13,0.1768,20,-2.2354772835969925
7,warm,A,14,0.7454,38,-1.9686854849171236
7,warm,A,15,0.6185,56,-2.1681199211307103
7,warm,A,16,0.0661,29,-1.968234540314558
7,warm,A,17,0.1529,16,-2.848002251354046
7,warm,A,18,0.4277,29,-3.1751288309560866
7,warm,A,19,0.1126,67,-2.5820200391940826
7,warm,A,20,0.0394,32,-2.8295945385325467
7,warm,A,21,0.8896,45,-1.8160744685576193
7,warm,A,22,0.0997,16,-2.9606333523988724
7,warm,A,23,0.8276,35,-1.6126880129533154
7,warm,A,24,0.3142,91,-1.7022721755042016
7,warm,A,25,0.7059,20,-5.2335259146988395
7,warm,A,26,0.7491,181,-2.068120677856962
7,warm,A,27,0.2206,31,-2.53826403867213
7,warm,A,28,0.8544,31,-2.0184782181280636
7,warm,A,29,0.1615,11,-2.1246038627895443
7,warm,A,30,0.5984,36,-2.6261357345307865
7,warm,A,31,0.26,17,-1.881649733027991
7,warm,A,32,0.6442,24,-3.821086223858098
7,warm,A,33,0.568,23,-2.3838948921968592
7,warm,A,34,0.6888,21,-2.8265938137968383
7,warm,A,35,0.1187,49,-2.0296098315168876
7,warm,A,36,0.1956,101,-2.3766181585972546
7,warm,A,37,0.934,25,-2.7739623592980207
7,warm,A,38,0.8924,37,-2.207607080518092
7,warm,A,39,0.3546,22,-3.0196933561660857
7,warm,A,40,0.3271,27,-2.9695321884420185
7,warm,A,41,0.4072,28,-3.192318933650053
7,warm,A,42,0.0166,42,-1.8018644459523439
7,warm,A,43,0.9466,63,-3.025001682496319
7,warm,A,44,0.4327,36,-2.6259623542298667
7,warm,A,45,0.9132,17,-1.8610450968065861
7,warm,A,46,0.9694,16,-3.296937185659772
7,warm,A,47,0.9905,25,-2.410766753833741
7,warm,A,48,0.2232,157,-2.5275220186523737
7,warm,A,49,0.1725,23,-3.5870759555988987
7,warm,A,50,0.8498,23,-0.5132632296413446
7,warm,A,51,0.9072,28,-1.1968043502004417
7,warm,A,52,0.5052,23,-3.7300503668577774
7,warm,A,53,0.7898,75,-3.1688825730606913
7,warm,A,54,0.7255,20,-1.8934017226099968
7,warm,A,55,0.3797,28,-3.2836649481739317
7,warm,A,56,0.3728,22,-2.578042378818447
7,warm,A,57,0.5939,53,-3.120228481215407
7,warm,A,58,0.0704,11,-4.206163190135902
7,warm,A,59,0.1497,21,-3.6570890480208966
7,warm,A,60,0.8302,34,-2.261893971169176
7,warm,A,61,0.2897,33,-3.320921938824044
7,warm,A,62,0.3036,24,-1.0453281131831318
7,warm,A,63,0.9426,40,-2.5403986797784457
7,warm,A,64,0.3762,44,-1.6329498921603027
7,warm,A,65,0.0517,19,-2.7225070478100526
7,warm,A,66,0.2381,23,-3.105951175417589
7,warm,A,67,0.3626,29,-1.3787050419206057
7,warm,A,68,0.7961,83,-2.33312806123531
7,warm,A,69,0.9395,31,-4.101486286929538
7,warm,A,70,0.9527,19,-1.52462157940394
7,warm,A,71,0.8374,31,-3.4230035807817214
7,warm,A,72,0.6739,46,-2.261605076456402
7,warm,A,73,0.2881,14,-2.5929658337097083
7,warm,A,74,0.3295,49,-2.680277895061204
7,warm,A,75,0.0353,16,-1.948389571523876
7,warm,A,76,0.1104,15,-4.000610992809137
7,warm,A,77,0.5458,14,-3.6815030702522824
7,warm,A,78,0.1071,15,-2.787433155874411
7,warm,A,79,0.021,17,-3.2202442425631865
7,warm,A,80,0.1051,26,-2.952222742417899
7,warm,A,81,0.4621,130,-2.440798525316999
7,warm,A,82,0.7406,16,-2.0345020417589694
7,warm,A,83,0.4794,26,-1.9877506839939787
7,warm,A,84,0.0578,34,-2.8966958121780086
7,warm,A,85,0.8596,26,-4.013975162130709
7,warm,A,86,0.494,58,-3.522485991498327
7,warm,A,87,0.6368,68,-3.4375382200712066
7,warm,A,88,0.6964,22,-2.6009970066740853
7,warm,A,89,0.7699,78,-2.1427031079783307
7,warm,A,90,0.3659,34,-2.155202964978183
7,warm,A,91,0.3958,57,-2.4934174828619384
7,warm,A,92,0.5262,35,-2.447941062173673
7,warm,A,93,0.727,35,-2.746918791346252
7,warm,A,94,0.014,37,-1.4526446150062051
7,warm,A,95,0.8467,33,-2.455806647737821
7,warm,A,96,0.8325,28,-3.616081084324313
7,warm,A,97,0.8207,15,-1.3559613772978385
7,warm,A,98,0.1847,17,-2.4889940958031835
7,warm,A,99,0.8572,11,-2.559805083003911
7,warm,A,100,0.6772,17,-2.783255545347107
7,warm,A,101,0.8072,33,-4.247374919045604
7,warm,A,102,0.971,40,-4.80028782216832
7,warm,A,103,0.4388,31,-3.3857711413124156
7,warm,A,104,0.0773,53,-2.3567640361637494
7,warm,A,105,0.6983,16,-2.3110276483930647
7,warm,A,106,0.7239,21,-1.6668875003649322
7,warm,A,107,0.2504,41,-4.542759911637049
7,warm,A,108,0.6693,39,-3.0425052041701304
7,warm,A,109,0.1658,62,-2.439985123512968
7,warm,A,110,0.0546,34,-3.3026597534908966
7,warm,A,111,0.7349,20,-2.2170616110553967
7,warm,A,112,0.2628,17,-4.267695647828719
7,warm,A,113,0.5609,35,-2.0793180880535926
7,warm,A,114,0.5896,53,-3.5157763917209968
7,warm,A,115,0.3903,16,-2.4972074514007545
7,warm,A,116,0.8179,18,-1.7877615617277722
7,warm,A,117,0.4724,75,-2.654187195779135
7,warm,A,118,0.2952,38,-3.2426572454308995
7,warm,A,119,0.6837,33,-1.5976900172095294
7,warm,A,120,0.4817,20,-1.498559535696404
7,warm,A,121,0.2843,25,-2.1817932884022593
7,warm,A,122,0.518,14,-3.090898067956524
7,warm,A,123,0.1402,16,-2.092700441076886
7,warm,A,124,0.7632,92,-2.7140728470909856
7,warm,A,125,0.6946,12,-3.1861118314166865
7,warm,A,126,0.8235,15,-1.4940069367333004
7,warm,A,127,0.7757,107,-2.774738139390214
7,warm,A,128,0.2817,29,-2.6601000341329852
7,warm,A,129,0.4557,28,-3.009223321718829
7,warm,A,130,0.1546,28,-3.127053559907446
7,warm,A,131,0.5393,31,-2.3899484272790894
7,warm,A,132,0.2751,34,-3.0900435596156646
7,warm,A,133,0.6569,29,-1.8132922329080836
7,warm,A,134,0.27,20,-2.5146988244145176
7,warm,A,135,0.5195,50,-3.836056524296291
7,warm,A,136,0.7145,79,-2.913294216909717
7,warm,A,137,0.6548,38,-1.2938020007568412
7,warm,A,138,0.4209,37,-2.6028088938344167
7,warm,A,139,0.6511,14,-1.8184050497199808
7,warm,A,140,0.4057,18,-2.787866290244791
7,warm,A,141,0.369,20,-1.707024500798434
7,warm,A,142,0.9858,67,-1.820161564759528
7,warm,A,143,0.5568,24,-3.0289483790596328
7,warm,A,144,0.0969,27,-3.059399291597031
7,warm,A,145,0.4494,79,-2.955409094879899
7,warm,A,146,0.5013,45,-3.5730371087582573
7,warm,A,147,0.3467,136,-2.590299981406133
7,warm,A,148,0.3577,34,-2.492666187641375
7,warm,A,149,0.5859,18,-3.291145845419831
7,warm,A,150,0.0101,44,-3.4476549950512974
7,warm,A,151,0.0429,46,-2.0328364913888355
7,warm,A,152,0.1806,21,-2.863649227257286
7,warm,A,153,0.7016,46,-4.5181133121899935
7,warm,A,154,0.7834,86,-2.854041930342223
7,warm,A,155,0.974,27,-3.2302221857287265
7,warm,A,156,0.9763,36,-3.866332591511309
7,warm,A,157,0.6789,31,-2.136776772628148
7,warm,A,158,0.5369,39,-3.0482241163173547
7,warm,A,159,0.8346,35,-2.7462261332465068
7,warm,A,160,0.9928,17,-2.0977367989938047
7,warm,A,161,0.4896,46,-3.5165775745459227
7,warm,A,162,0.267,39,-2.559221585937895
7,warm,A,163,0.0482,13,-3.065437995470487
7,warm,A,164,0.4122,30,-2.9842508535211283
7,warm,A,165,0.7365,30,-1.0999407394614535
7,warm,A,166,0.9108,29,-1.9917146675148176
7,warm,A,167,0.9306,40,-2.5330177078023555
7,warm,A,168,0.2537,31,-3.588239343716733
7,warm,A,169,0.5799,37,-2.0004335180042165
7,warm,A,170,0.961,27,-2.226351034448103
7,warm,A,171,0.5747,20,-0.13239122374216095
7,warm,A,172,0.3222,40,-2.2380201443680563
7,warm,A,173,0.6617,13,-1.7868207813455508
7,warm,A,174,0.193,15,-1.5993300639810817
7,warm,A,175,0.1581,17,-1.6477123850234099
7,warm,A,176,0.7111,40,-3.126946169021539
7,warm,A,177,0.6871,19,-1.8603723829514103
7,warm,A,178,0.2923,18,-3.268011399441295
7,warm,A,179,0.5512,24,-3.2350424479227513
7,warm,A,180,0.0495,25,-2.6921378698945047
7,warm,A,181,0.8699,44,-3.230384152229156
7,warm,A,182,0.9889,16,-0.19026644650512026
7,warm,A,183,0.3824,29,-2.8049468877002726
7,warm,A,184,0.2721,18,-3.404795381757948
7,warm,A,185,0.7299,20,-1.7077103856951
7,warm,A,186,0.9273,39,-1.0374340427776751
7,warm,A,187,0.0464,27,-1.7860961459508096
7,warm,A,188,0.8627,34,-4.432620907859767
7,warm,A,189,0.5321,23,-1.314665781415027
7,warm,A,190,0.8777,17,-3.273518500959172
7,warm,A,191,0.3602,29,-1.8421417777466684
7,warm,A,192,0.5879,18,-2.0521247859093514
7,warm,A,193,0.4353,52,-3.324369311547623
7,warm,A,194,0.6089,22,-3.6315505066886544
7,warm,A,195,0.2338,42,-3.556298265499728
7,warm,A,196,0.4093,39,-2.802164103835821
7,warm,A,197,0.138,28,-1.0016207102869106
7,warm,A,198,0.0,83,-2.901851608293623
7,warm,A,199,0.9954,21,-2.1618186438101388
7,warm,B,0,0.0,20,-0.0031444851207197643
7,warm,B,1,0.0627,51,-0.0027626831878853194
7,warm,B,2,0.1522,36,-0.0027964529333278027
7,warm,B,3,0.2596,21,-0.006098098745236972
7,warm,B,4,0.3691,19,-0.021612558062770404
7,warm,B,5,0.4473,14,-0.006391870606291507
7,warm,B,6,0.4864,15,-0.0046169137499722035
7,warm,B,7,0.5234,14,-0.014460007693352444
7,warm,B,8,0.6168,16,-0.005679380248693633
7,warm,B,9,0.6562,36,-0.016916345363976387
7,warm,B,10,0.7302,24,-0.0006158503486706953
7,warm,B,11,0.7904,22,-0.0009882976210064953
7,warm,B,12,0.9077,14,-0.004925534873369283
7,warm,B,13,0.9496,22,-0.0073641255019703585
7,mismatched,A,0,0.0277,40,-1.3846904226495098
7,mismatched,A,1,0.8729,40,-2.0218758582999725
7,mismatched,A,2,0.2124,122,-2.899001639137153
7,mismatched,A,3,0.7315,23,-2.947615514783019
7,mismatched,A,4,0.392,23,-2.569564270665464
7,mismatched,A,5,0.2647,22,-3.3252697258087043
7,mismatched,A,6,0.6227,18,-0.7552191659779055
7,mismatched,A,7,0.4188,26,-2.021920873890989
7,mismatched,A,8,0.371,20,-1.383172504844333
7,mismatched,A,9,0.4578,32,-1.8320614130614103
7,mismatched,A,10,0.6468,25,-1.7694156726263464
7,mismatched,A,11,0.1222,22,-1.9499375180695842
7,mismatched,A,12,0.4148,32,-0.6418827933503053
7,mismatched,A,13,0.1768,20,-2.3143904108554123
7,mismatched,A,14,0.7454,38,-1.979481773657761
7,mismatched,A,15,0.6185,56,-2.0188585774035994
7,mismatched,A,16,0.0661,29,-1.7922864223204167
7,mismatched,A,17,0.1529,16,-2.8548308453173377
7,mismatched,A,18,0.4277,29,-2.8225674586388654
7,mismatched,A,19,0.1126,67,-2.477034610028052
7,mismatched,A,20,0.0394,32,-2.7058167495415546
7,mismatched,A,21,0.8896,45,-1.717959924640632
7,mismatched,A,22,0.0997,16,-2.879722493002191
7,mismatched,A,23,0.8276,35,-1.4658225958709539
7,mismatched,A,24,0.3142,91,-1.4559983866529764
7,mismatched,A,25,0.7059,20,-4.852790627628565
7,mismatched,A,26,0.7491,181,-2.0170111477141317
7,mismatched,A,27,0.2206,31,-2.531320891692303
7,mismatched,A,28,0.8544,31,-1.8649409669601629
7,mismatched,A,29,0.1615,11,-2.0732277313416656
7,mismatched,A,30,0.5984,36,-2.384322164222896
7,mismatched,A,31,0.26,17,-1.8835785264039742
7,mismatched,A,32,0.6442,24,-3.8036746935298047
7,mismatched,A,33,0.568,23,-2.1737819091447266
7,mismatched,A,34,0.6888,21,-2.267585531697564
7,mismatched,A,35,0.1187,49,-1.771199071673826
7,mismatched,A,36,0.1956,101,-2.3019823973432487
7,mismatched,A,37,0.934,25,-2.6430213384330274
7,mismatched,A,38,0.8924,37,-1.9300852093689862
7,mismatched,A,39,0.3546,22,-2.790382194555026
7,mismatched,A,40,0.3271,27,-2.9417188046155154
7,mismatched,A,41,0.4072,28,-3.172763105747955
7,mismatched,A,42,0.0166,42,-1.4519815683597699
7,mismatched,A,43,0.9466,63,-2.5531356755249335
7,mismatched,A,44,0.4327,36,-2.4702739673407956
7,mismatched,A,45,0.9132,17,-1.6314715742775983
7,mismatched,A,46,0.9694,16,-3.285891628023819
7,mismatched,A,47,0.9905,25,-1.9807445759791882
7,mismatched,A,48,0.2232,157,-2.497061548056081
7,mismatched,A,49,0.1725,23,-3.1628483669103487
7,mismatched,A,50,0.8498,23,-0.3903792723263589
7,mismatched,A,51,0.9072,28,-0.5853502612085971
7,mismatched,A,52,0.5052,23,-3.8381432566953744
7,mismatched,A,53,0.7898,75,-3.1574221870178976
7,mismatched,A,54,0.7255,20,-1.8964174471329898
7,mismatched,A,55,0.3797,28,-3.1797995395692333
7,mismatched,A,56,0.3728,22,-2.251255682214502
7,mismatched,A,57,0.5939,53,-2.9121805512311183
7,mismatched,A,58,0.0704,11,-3.977871053005484
7,mismatched,A,59,0.1497,21,-3.6075230038591792
7,mismatched,A,60,0.8302,34,-2.022324910284677
7,mismatched,A,61,0.2897,33,-3.256937102506389
7,mismatched,A,62,0.3036,24,-0.8155100819162726
7,mismatched,A,63,0.9426,40,-2.340213763632346
7,mismatched,A,64,0.3762,44,-1.5853429083230863
7,mismatched,A,65,0.0517,19,-2.743604850023985
7,mismatched,A,66,0.2381,23,-3.0142605460208394
7,mismatched,A,67,0.3626,29,-1.343514158422577
7,mismatched,A,68,0.7961,83,-2.2623018036506712
7,mismatched,A,69,0.9395,31,-3.613784719213483
7,mismatched,A,70,0.9527,19,-1.3183031747834513
7,mismatched,A,71,0.8374,31,-3.106734028266322
7,mismatched,A,72,0.6739,46,-2.1404990298855724
7,mismatched,A,73,0.2881,14,-2.403741308388167
7,mismatched,A,74,0.3295,49,-2.19152157815418
7,mismatched,A,75,0.0353,16,-1.9028026929190673
7,mismatched,A,76,0.1104,15,-4.053100699434678
7,mismatched,A,77,0.5458,14,-3.5007025753813132
7,mismatched,A,78,0.1071,15,-2.8181958402196567
7,mismatched,A,79,0.021,17,-3.156638093005099
7,mismatched,A,80,0.1051,26,-2.682954208983574
7,mismatched,A,81,0.4621,130,-2.2981561668723143
7,mismatched,A,82,0.7406,16,-1.8456126577220857
7,mismatched,A,83,0.4794,26,-1.7302104778050658
7,mismatched,A,84,0.0578,34,-2.85589430626415
7,mismatched,A,85,0.8596,26,-3.7587095546679428
7,mismatched,A,86,0.494,58,-3.4307685751660633
7,mismatched,A,87,0.6368,68,-2.9635272262188237
7,mismatched,A,88,0.6964,22,-1.8075916225312871
7,mismatched,A,89,0.7699,78,-2.0874733998558113
7,mismatched,A,90,0.3659,34,-2.091606558259467
7,mismatched,A,91,0.3958,57,-2.3621730128385234
7,mismatched,A,92,0.5262,35,-2.4175353784114124
7,mismatched,A,93,0.727,35,-2.668954762463857
7,mismatched,A,94,0.014,37,-1.322216881297307
7,mismatched,A,95,0.8467,33,-2.302550047877682
7,mismatched,A,96,0.8325,28,-3.3397920530904748
7,mismatched,A,97,0.8207,15,-1.038439549660931
7,mismatched,A,98,0.1847,17,-2.1007609969374776
7,mismatched,A,99,0.8572,11,-2.3666453063488007
7,mismatched,A,100,0.6772,17,-2.8547515414153595
7,mismatched,A,101,0.8072,33,-4.335434350693091
7,mismatched,A,102,0.971,40,-4.836358311492949
7,mismatched,A,103,0.4388,31,-3.1341120380487655
7,mismatched,A,104,0.0773,53,-2.2724312223089895
7,mismatched,A,105,0.6983,16,-1.8831925962294918
7,mismatched,A,106,0.7239,21,-1.563052116167022
7,mismatched,A,107,0.2504,41,-4.171578544744989
7,mismatched,A,108,0.6693,39,-2.722673525793466
7,mismatched,A,109,0.1658,62,-1.9026220375066436
7,mismatched,A,110,0.0546,34,-3.109850550693569
7,mismatched,A,111,0.7349,20,-1.9659677880816162
7,mismatched,A,112,0.2628,17,-3.900478367741658
7,mismatched,A,113,0.5609,35,-1.9591290931516727
7,mismatched,A,114,0.5896,53,-3.1177591004602188
7,mismatched,A,115,0.3903,16,-2.299819228341221
7,mismatched,A,116,0.8179,18,-1.722455660741414
7,mismatched,A,117,0.4724,75,-2.6191952151032942
7,mismatched,A,118,0.2952,38,-3.02484833713817
7,mismatched,A,119,0.6837,33,-1.5138182994101732
7,mismatched,A,120,0.4817,20,-1.5052273994573624
7,mismatched,A,121,0.2843,25,-2.1306548143411055
7,mismatched,A,122,0.518,14,-2.9282861754431257
7,mismatched,A,123,0.1402,16,-2.082642534864135
7,mismatched,A,124,0.7632,92,-2.64393240038265
7,mismatched,A,125,0.6946,12,-3.442533346513907
7,mismatched,A,126,0.8235,15,-1.33386471963798
7,mismatched,A,127,0.7757,107,-2.768958293124011
7,mismatched,A,128,0.2817,29,-2.2475708385885307
7,mismatched,A,129,0.4557,28,-2.8008717043059215
7,mismatched,A,130,0.1546,28,-3.0344944776900644
7,mismatched,A,131,0.5393,31,-2.222389759120321
7,mismatched,A,132,0.2751,34,-2.9437939687289627
7,mismatched,A,133,0.6569,29,-0.8034520096292093
7,mismatched,A,134,0.27,20,-2.3604114080837464
7,mismatched,A,135,0.5195,50,-3.9117111141467467
7,mismatched,A,136,0.7145,79,-2.6741451275508403
7,mismatched,A,137,0.6548,38,-0.7195406979988451
7,mismatched,A,138,0.4209,37,-2.354053210416758
7,mismatched,A,139,0.6511,14,-1.7759229386491435
7,mismatched,A,140,0.4057,18,-2.5930149593494005
7,mismatched,A,141,0.369,20,-1.5321074487874284
7,mismatched,A,142,0.9858,67,-1.7470346095673748
7,mismatched,A,143,0.5568,24,-3.12023086550956
7,mismatched,A,144,0.0969,27,-2.8650031626500465
7,mismatched,A,145,0.4494,79,-2.8624380187962584
7,mismatched,A,146,0.5013,45,-3.420402473314769
7,mismatched,A,147,0.3467,136,-2.4623877868930055
7,mismatched,A,148,0.3577,34,-2.4457250666968964
7,mismatched,A,149,0.5859,18,-2.6930022554265127
7,mismatched,A,150,0.0101,44,-3.2706887321546674
7,mismatched,A,151,0.0429,46,-1.9505854896597157
7,mismatched,A,152,0.1806,21,-2.758874733777096
7,mismatched,A,153,0.7016,46,-4.441479985156785
7,mismatched,A,154,0.7834,86,-2.81465743829193
7,mismatched,A,155,0.974,27,-2.892134203127137
7,mismatched,A,156,0.9763,36,-3.566629224063945
7,mismatched,A,157,0.6789,31,-1.9248122594116497
7,mismatched,A,158,0.5369,39,-2.931291156472304
7,mismatched,A,159,0.8346,35,-2.790893671482003
7,mismatched,A,160,0.9928,17,-2.0788926720304195
7,mismatched,A,161,0.4896,46,-3.387937016947114
7,mismatched,A,162,0.267,39,-2.4840054283700645
7,mismatched,A,163,0.0482,13,-2.385970457528646
7,mismatched,A,164,0.4122,30,-2.894908475627502
7,mismatched,A,165,0.7365,30,-0.9695821156298431
7,mismatched,A,166,0.9108,29,-1.8863760005202996
7,mismatched,A,167,0.9306,40,-2.466900828387588
7,mismatched,A,168,0.2537,31,-3.1243245276892857
7,mismatched,A,169,0.5799,37,-1.955470599526519
7,mismatched,A,170,0.961,27,-1.9483632971360176
7,mismatched,A,171,0.5747,20,-0.1345663511996463
7,mismatched,A,172,0.3222,40,-2.136492486944917
7,mismatched,A,173,0.6617,13,-1.8231561304284976
7,mismatched,A,174,0.193,15,-1.439610624140308
7,mismatched,A,175,0.1581,17,-1.6134524049275034
7,mismatched,A,176,0.7111,40,-2.849085927475244
7,mismatched,A,177,0.6871,19,-1.8568126571021581
7,mismatched,A,178,0.2923,18,-3.2923422381281853
7,mismatched,A,179,0.5512,24,-3.24828977851818
7,mismatched,A,180,0.0495,25,-2.4529247276484965
7,mismatched,A,181,0.8699,44,-3.069655386130431
7,mismatched,A,182,0.9889,16,-0.15501307509748585
7,mismatched,A,183,0.3824,29,-2.1278313697618834
7,mismatched,A,184,0.2721,18,-3.383258683813943
7,mismatched,A,185,0.7299,20,-1.5863668764475733
7,mismatched,A,186,0.9273,39,-1.025503862517862
7,mismatched,A,187,0.0464,27,-1.521199141741144
7,mismatched,A,188,0.8627,34,-4.026448452841792
7,mismatched,A,189,0.5321,23,-1.2436148266753424
7,mismatched,A,190,0.8777,17,-3.3511367440223694
7,mismatched,A,191,0.3602,29,-1.6169301877932318
7,mismatched,A,192,0.5879,18,-1.9283864999597427
7,mismatched,A,193,0.4353,52,-3.1543401723325726
7,mismatched,A,194,0.6089,22,-3.528489475731145
7,mismatched,A,195,0.2338,42,-3.316054700563351
7,mismatched,A,196,0.4093,39,-2.6422638522031217
7,mismatched,A,197,0.138,28,-0.8447577728615475
7,mismatched,A,198,0.0,83,-2.697437017067726
7,mismatched,A,199,0.9954,21,-2.1123617504767718
7,mismatched,B,0,0.0,20,-0.001690033229169785
7,mismatched,B,1,0.0627,51,-0.003725458858146643
7,mismatched,B,2,0.1522,36,-0.0026419161588617296
7,mismatched,B,3,0.2596,21,-0.006598550610804176
7,mismatched,B,4,0.3691,19,-0.019382101030618958
7,mismatched,B,5,0.4473,14,-0.005744818467064761
7,mismatched,B,6,0.4864,15,-0.005652030280422575
7,mismatched,B,7,0.5234,14,-0.00978560139316999
7,mismatched,B,8,0.6168,16,-0.0074172963522869395
7,mismatched,B,9,0.6562,36,-0.013835242186662496
7,mismatched,B,10,0.7302,24,-0.000489578287670156
7,mismatched,B,11,0.7904,22,-0.0024480136993257806
7,mismatched,B,12,0.9077,14,-0.002385051054131639
7,mismatched,B,13,0.9496,22,-0.005701633751000786
