seed,condition,facts,item,depth,ntok,logprob_per_token
0,cold,A,0,0.3788,19,-1.9386411963588264
0,cold,A,1,0.4712,22,-0.9667023534956652
0,cold,A,2,0.1878,20,-1.5123154943922372
0,cold,A,3,0.7441,18,-1.3969814705455468
0,cold,A,4,0.2797,22,-0.8151382986922148
0,cold,A,5,0.3613,16,-4.005788485519588
0,cold,A,6,0.0819,23,-1.3855174809856259
0,cold,A,7,0.9817,25,-2.763699388516252
0,cold,A,8,0.7967,56,-2.6592719112148706
0,cold,A,9,0.7603,26,-3.1456186881763504
0,cold,A,10,0.6723,18,-3.115004711680942
0,cold,A,11,0.3124,21,-2.5182466394873613
0,cold,A,12,0.546,26,-2.7374174867828307
0,cold,A,13,0.5436,36,-0.5788350205855548
0,cold,A,14,0.9041,35,-2.5045798637954118
0,cold,A,15,0.6746,14,-3.4462196011008928
0,cold,A,16,0.3548,15,-2.2521273605525494
0,cold,A,17,0.3632,41,-0.8997489661957909
0,cold,A,18,0.5126,63,-0.8924092538543933
0,cold,A,19,0.142,18,-3.988093421484033
0,cold,A,20,0.6467,32,-2.824959211775422
0,cold,A,21,0.4815,27,-2.7421130843005677
0,cold,A,22,0.6777,26,-2.780651863700209
0,cold,A,23,0.0596,22,-1.1857670342522562
0,cold,A,24,0.0258,17,-0.5838616207303644
0,cold,A,25,0.7657,26,-2.7102746073013315
0,cold,A,26,0.7909,28,-1.9761693770331996
0,cold,A,27,0.3525,24,-2.4052274518847603
0,cold,A,28,0.8469,12,-2.8942641895264387
0,cold,A,29,0.7277,13,-1.7391154583042057
0,cold,A,30,0.7829,14,-2.201827389599722
0,cold,A,31,0.1594,33,-3.475617766662529
0,cold,A,32,0.1127,43,-1.8207397812044757
0,cold,A,33,0.9404,20,-1.168663403717801
0,cold,A,34,0.3362,22,-2.6455167674311353
0,cold,A,35,0.9697,18,-4.637975815269682
0,cold,A,36,0.6237,17,-2.055256731434116
0,cold,A,37,0.3247,44,-2.5261131150394003
0,cold,A,38,0.8116,25,-3.8547939481027425
0,cold,A,39,0.8487,44,-1.623185258056527
0,cold,A,40,0.7051,20,-2.56151638396841
0,cold,A,41,0.8436,17,-2.074557723600746
0,cold,A,42,0.4148,16,-2.2540448615327477
0,cold,A,43,0.2585,52,-2.9489230406744844
0,cold,A,44,0.266,31,-2.5610092108197993
0,cold,A,45,0.8638,15,-1.334661855082959
0,cold,A,46,0.6851,25,-2.1136148697137833
0,cold,A,47,0.6244,18,-1.0735640974857636
0,cold,A,48,0.479,14,-1.542089860910242
0,cold,A,49,0.3087,28,-3.107137335977833
0,cold,A,50,0.1851,23,-3.7942306832220587
0,cold,A,51,0.2616,29,-2.1286958495941786
0,cold,A,52,0.5661,32,-2.14658603220596
0,cold,A,53,0.8161,20,-1.4685236538469326
0,cold,A,54,0.8031,19,-1.7807076854545525
0,cold,A,55,0.3991,16,-3.1458127349615097
0,cold,A,56,0.1345,30,-2.561610156384995
0,cold,A,57,0.6911,42,-2.501556964182479
0,cold,A,58,0.9156,13,-2.356266590605418
0,cold,A,59,0.3479,15,-2.6663728108008704
0,cold,A,60,0.5699,20,-2.2854081106197555
0,cold,A,61,0.448,15,-1.2258279368094616
0,cold,A,62,0.7955,18,-2.846457265346544
0,cold,A,63,0.2752,34,-1.6158433082266985
0,cold,A,64,0.1565,35,-2.6310683576620897
0,cold,A,65,0.2101,31,-1.126099662926619
0,cold,A,66,0.8216,43,-2.579324304146508
0,cold,A,67,0.1354,30,-2.1374949521617963
0,cold,A,68,0.461,43,-0.7904389110186711
0,cold,A,69,0.0603,49,-1.5970492835935592
0,cold,A,70,0.5455,14,-2.7397044098802974
0,cold,A,71,0.8761,12,-3.3561609061434865
0,cold,A,72,0.9667,19,-2.7937745208802975
0,cold,A,73,0.8165,15,-3.5241356531778973
0,cold,A,74,0.5366,18,-3.485778600184454
0,cold,A,75,0.3295,29,-2.4338308250178295
0,cold,A,76,0.431,25,-3.611012303829193
0,cold,A,77,0.7001,27,-0.7734133808595222
0,cold,A,78,0.0589,28,-0.2166829311807825
0,cold,A,79,0.2435,19,-2.303605644228427
0,cold,A,80,0.9773,23,-2.041572324868352
0,cold,A,81,0.1241,37,-3.240184167248977
0,cold,A,82,0.4138,22,-1.5449450556400486
0,cold,A,83,0.0455,15,-2.7589055590253944
0,cold,A,84,0.2331,26,-0.06896081191357203
0,cold,A,85,0.8125,31,-1.5819842999234455
0,cold,A,86,0.8463,18,-1.8983184585296031
0,cold,A,87,0.6683,37,-1.9853511855609534
0,cold,A,88,0.4845,18,-3.5542366761300297
0,cold,A,89,0.6303,14,-1.7018972344563477
0,cold,A,90,0.6711,30,-1.2724864281209496
0,cold,A,91,0.9537,26,-2.8785787561478524
0,cold,A,92,0.3653,34,-1.1990996936027145
0,cold,A,93,0.6215,48,-2.8631298388691753
0,cold,A,94,0.4933,26,-1.4224428870298793
0,cold,A,95,0.1945,18,-1.1535303186191312
0,cold,A,96,0.6894,31,-1.8007108260569493
0,cold,A,97,0.9812,18,-3.6301700567516186
0,cold,A,98,0.4905,15,-2.4287310768229267
0,cold,A,99,0.0327,24,-2.774910280146287
0,cold,A,100,0.6718,15,-1.9700766761476796
0,cold,A,101,0.1736,31,-0.7467442116054196
0,cold,A,102,0.496,25,-1.9333157065766864
0,cold,A,103,0.8658,16,-3.4078646755078807
0,cold,A,104,0.7808,21,-2.048018141725888
0,cold,A,105,0.8304,14,-0.8463291803527682
0,cold,A,106,0.9118,35,-2.176834600851206
0,cold,A,107,0.559,12,-1.9673583557208378
0,cold,A,108,0.9653,40,-1.1603015099790355
0,cold,A,109,0.0374,20,-1.396573100630485
0,cold,A,110,0.1412,22,-3.1557576558341016
0,cold,A,111,0.7395,33,-1.1907609203754514
0,cold,A,112,0.6173,34,-2.9754884560551385
0,cold,A,113,0.1674,32,-1.139966295427655
0,cold,A,114,0.2933,20,-2.7945564669324083
0,cold,A,115,0.8987,19,-2.126045354102787
0,cold,A,116,0.9492,11,-1.594467270103368
0,cold,A,117,0.9072,13,-3.2765283103172598
0,cold,A,118,0.2322,30,-2.3101218592901813
0,cold,A,119,0.6077,17,-1.8523142981592922
0,cold,A,120,0.3897,24,-3.497092834673822
0,cold,A,121,0.1073,12,-0.7620610606245464
0,cold,A,122,0.7258,24,-1.7402602277191666
0,cold,A,123,0.0401,18,-4.081088568601343
0,cold,A,124,0.0531,15,-1.8694967336642245
0,cold,A,125,0.69,17,-0.8111073916524594
0,cold,A,126,0.177,16,-2.244586437022008
0,cold,A,127,0.9929,160,-3.0210333905371956
0,cold,A,128,0.1093,20,-1.780964843631955
0,cold,A,129,0.5617,24,-2.7938173946458846
0,cold,A,130,0.7508,16,-0.7565239032774116
0,cold,A,131,0.0826,16,-0.9062094194232486
0,cold,A,132,0.0322,16,-2.7302998912055045
0,cold,A,133,0.5312,39,-1.1678400340233333
0,cold,A,134,0.5666,72,-2.4721467500672185
0,cold,A,135,0.9408,83,-2.359743867726598
0,cold,A,136,0.7777,13,-3.3054937740358024
0,cold,A,137,0.4571,56,-2.259064332483831
0,cold,A,138,0.0176,31,-2.348825592051951
0,cold,A,139,0.3288,31,-1.5318629336881362
0,cold,A,140,0.0703,16,-2.439833104144782
0,cold,A,141,0.0471,26,-1.8502445919931723
0,cold,A,142,0.1869,25,-3.573184417486191
0,cold,A,143,0.5905,43,-1.0720981775923784
0,cold,A,144,0.8782,33,-1.5091363589317277
0,cold,A,145,0.455,15,-1.334661855082959
0,cold,A,146,0.5175,102,-1.3859721034282124
0,cold,A,147,0.5732,23,-2.451676344094069
0,cold,A,148,0.7064,32,-1.29816177597786
0,cold,A,149,0.324,21,-1.5083557928779296
0,cold,A,150,0.5581,34,-3.4862787493210123
0,cold,A,151,0.3904,17,-3.2506677587242687
0,cold,A,152,0.1603,32,-3.7993909949145745
0,cold,A,153,0.6163,36,-1.6588381658641285
0,cold,A,154,0.8192,31,-2.167919353491837
0,cold,A,155,0.2627,37,-2.88079004432704
0,cold,A,156,0.0777,13,-1.4881961483221788
0,cold,A,157,0.5999,15,-0.5828727511378626
0,cold,A,158,0.404,22,-2.432018084197559
0,cold,A,159,0.5603,15,-2.7593113203843433
0,cold,A,160,0.2514,41,-2.4223957842161945
0,cold,A,161,0.0448,30,-0.8558747530046579
0,cold,A,162,0.2317,19,-2.0773383692243157
0,cold,A,163,0.5117,37,-1.642595427161133
0,cold,A,164,0.0991,25,-1.4053049446363002
0,cold,A,165,0.0394,23,-2.816914295291771
0,cold,A,166,0.7083,17,-1.7027306904809152
0,cold,A,167,0.2524,47,-2.35364107927679
0,cold,A,168,0.2791,21,-1.5073636397719383
0,cold,A,169,0.1585,26,-3.094249999347644
0,cold,A,170,0.6019,16,-0.24454874162984197
0,cold,A,171,0.9852,156,-2.5063669827362993
0,cold,A,172,0.2498,35,-1.1190692871073094
0,cold,A,173,0.6094,16,-2.5907310424372554
0,cold,A,174,0.3578,132,-2.5911165369245945
0,cold,A,175,0.9109,21,-3.274693814594121
0,cold,A,176,0.9805,26,-2.47265358817486
0,cold,A,177,0.2062,20,-2.4063965753215597
0,cold,A,178,0.4253,21,-1.3382313900427627
0,cold,A,179,0.437,21,-2.207655220957739
0,cold,A,180,0.7643,24,-1.412798807216556
0,cold,A,181,0.391,39,-2.875078143945967
0,cold,A,182,0.753,19,-2.37617594010264
0,cold,A,183,0.5938,15,-2.907209161420663
0,cold,A,184,0.4126,50,-2.4388677934743463
0,cold,A,185,0.8664,62,-3.4530802186702436
0,cold,A,186,0.2953,18,-3.3738786888619265
0,cold,A,187,0.5102,13,-2.258592672072924
0,cold,A,188,0.2742,15,-2.3212553123633066
0,cold,A,189,0.9389,19,-2.355482363387158
0,cold,A,190,0.3967,33,-1.9886702651803552
0,cold,A,191,0.4486,64,-1.9067149259572034
0,cold,A,192,0.9186,181,-2.048557331958253
0,cold,A,193,0.1581,18,-2.684312086694667
0,cold,A,194,0.8082,41,-1.7160639108554212
0,cold,A,195,0.8349,22,-3.8620464233364062
0,cold,A,196,0.2167,16,-1.9613473344943486
0,cold,A,197,0.7037,30,-0.10009469505566812
0,cold,A,198,0.0628,18,-2.189434834743022
0,cold,A,199,0.4004,29,-1.249937675058328
0,cold,B,0,0.0,18,-0.004041579235490644
0,cold,B,1,0.0503,21,-0.0017510088165138206
0,cold,B,2,0.1072,49,-0.04416624771017398
0,cold,B,3,0.1604,16,-0.0017488959174443153
0,cold,B,4,0.2519,16,-0.0011823253964848845
0,cold,B,5,0.2784,15,-0.01811096950841602
0,cold,B,6,0.3017,21,-0.009525334921255265
0,cold,B,7,0.3358,30,-0.003260146047523449
0,cold,B,8,0.3799,15,-0.03414292992868771
0,cold,B,9,0.4135,26,-0.0009922217394222781
0,cold,B,10,0.489,21,-0.0030349501813318404
0,cold,B,11,0.5274,12,-0.012735322239071442
0,cold,B,12,0.5605,22,-0.010975817533273419
0,cold,B,13,0.5925,16,-0.008090136348982924
0,cold,B,14,0.6523,46,-0.012223582888549097
0,cold,B,15,0.7286,20,-0.007530272419171524
0,cold,B,16,0.7724,21,-0.006743467532076119
0,cold,B,17,0.8189,40,-0.005958011100301519
0,cold,B,18,0.8796,79,-0.004223623296800011
0,warm,A,0,0.3788,19,-2.206061995772057
0,warm,A,1,0.4712,22,-1.5491587588648228
0,warm,A,2,0.1878,20,-1.495455546338053
0,warm,A,3,0.7441,18,-1.466851798364789
0,warm,A,4,0.2797,22,-1.376062694865554
0,warm,A,5,0.3613,16,-3.438723105471581
0,warm,A,6,0.0819,23,-1.53206329314929
0,warm,A,7,0.9817,25,-3.17547981977812
0,warm,A,8,0.7967,56,-3.1433618441307254
0,warm,A,9,0.7603,26,-3.648129514275262
0,warm,A,10,0.6723,18,-2.8496991139254533
0,warm,A,11,0.3124,21,-2.640888643129507
0,warm,A,12,0.546,26,-3.1083665673549357
0,warm,A,13,0.5436,36,-0.8612593001194505
0,warm,A,14,0.9041,35,-2.475383240563263
0,warm,A,15,0.6746,14,-4.334398223286761
0,warm,A,16,0.3548,15,-2.1494472309947015
0,warm,A,17,0.3632,41,-1.0962916621306582
0,warm,A,18,0.5126,63,-1.1933171923331443
0,warm,A,19,0.142,18,-4.64503999075128
0,warm,A,20,0.6467,32,-3.781916456995532
0,warm,A,21,0.4815,27,-3.0349206267683595
0,warm,A,22,0.6777,26,-3.3341159377820215
0,warm,A,23,0.0596,22,-1.9068029150340324
0,warm,A,24,0.0258,17,-0.9959321603288546
0,warm,A,25,0.7657,26,-2.43013366104032
0,warm,A,26,0.7909,28,-2.1236640688564097
0,warm,A,27,0.3525,24,-2.4005306355369007
0,warm,A,28,0.8469,12,-2.886291195948919
0,warm,A,29,0.7277,13,-2.066407711746601
0,warm,A,30,0.7829,14,-2.517738220681037
0,warm,A,31,0.1594,33,-3.8289447775618597
0,warm,A,32,0.1127,43,-2.1718071821459763
0,warm,A,33,0.9404,20,-1.093772736703977
0,warm,A,34,0.3362,22,-2.7394814862001855
0,warm,A,35,0.9697,18,-4.559934558139907
0,warm,A,36,0.6237,17,-2.058693348772495
0,warm,A,37,0.3247,44,-2.628108977107331
0,warm,A,38,0.8116,25,-3.6448046059161423
0,warm,A,39,0.8487,44,-2.518988109574738
0,warm,A,40,0.7051,20,-2.857194773666561
0,warm,A,41,0.8436,17,-2.6004159458748557
0,warm,A,42,0.4148,16,-2.4967924505472183
0,warm,A,43,0.2585,52,-3.2807901854964885
0,warm,A,44,0.266,31,-3.214803096868338
0,warm,A,45,0.8638,15,-1.5427345314373573
0,warm,A,46,0.6851,25,-2.422797103226185
0,warm,A,47,0.6244,18,-1.4388751539000724
0,warm,A,48,0.479,14,-2.0563731693962057
0,warm,A,49,0.3087,28,-3.1358404480519573
0,warm,A,50,0.1851,23,-4.487384522414726
0,warm,A,51,0.2616,29,-2.537321505040444
0,warm,A,52,0.5661,32,-2.2191661062533967
0,warm,A,53,0.8161,20,-1.91563746384345
0,warm,A,54,0.8031,19,-2.306113060582184
0,warm,A,55,0.3991,16,-3.868316650390625
0,warm,A,56,0.1345,30,-3.2414806578308344
0,warm,A,57,0.6911,42,-2.985759245602475
0,warm,A,58,0.9156,13,-3.469279485109907
0,warm,A,59,0.3479,15,-2.5175142258405687
0,warm,A,60,0.5699,20,-2.679975161701441
0,warm,A,61,0.448,15,-1.5768319236129174
0,warm,A,62,0.7955,18,-3.025343310760541
0,warm,A,63,0.2752,34,-2.0871656490113204
0,warm,A,64,0.1565,35,-2.816616772825364
0,warm,A,65,0.2101,31,-1.3477199225603873
0,warm,A,66,0.8216,43,-3.0857032287979584
0,warm,A,67,0.1354,30,-2.3500224457898486
0,warm,A,68,0.461,43,-0.8894942624664995
0,warm,A,69,0.0603,49,-1.9528099273471637
0,warm,A,70,0.5455,14,-2.6311906012041226
0,warm,A,71,0.8761,12,-3.5949643144073584
0,warm,A,72,0.9667,19,-3.116027371663796
0,warm,A,73,0.8165,15,-3.6520789821942645
0,warm,A,74,0.5366,18,-3.6772852443779507
0,warm,A,75,0.3295,29,-2.675579298897807
0,warm,A,76,0.431,25,-3.794415742754936
0,warm,A,77,0.7001,27,-1.020754924962131
0,warm,A,78,0.0589,28,-0.28975834561944275
0,warm,A,79,0.2435,19,-2.610428383867992
0,warm,A,80,0.9773,23,-2.7183164168293485
0,warm,A,81,0.1241,37,-3.3440591423092663
0,warm,A,82,0.4138,22,-1.7909515285017816
0,warm,A,83,0.0455,15,-3.0481290792425475
0,warm,A,84,0.2331,26,-0.20263558657293637
0,warm,A,85,0.8125,31,-1.838195636327709
0,warm,A,86,0.8463,18,-2.389819909921951
0,warm,A,87,0.6683,37,-2.378985284456379
0,warm,A,88,0.4845,18,-3.8976009434296026
0,warm,A,89,0.6303,14,-1.979264936942075
0,warm,A,90,0.6711,30,-1.3003868640128833
0,warm,A,91,0.9537,26,-3.0477902717315235
0,warm,A,92,0.3653,34,-1.3818242704232142
0,warm,A,93,0.6215,48,-3.4204181487314904
0,warm,A,94,0.4933,26,-1.5836410847170135
0,warm,A,95,0.1945,18,-1.5801527525763959
0,warm,A,96,0.6894,31,-3.0738470910056943
0,warm,A,97,0.9812,18,-3.7941228270841143
0,warm,A,98,0.4905,15,-2.4214542453487713
0,warm,A,99,0.0327,24,-2.831406151798243
0,warm,A,100,0.6718,15,-2.655645439370225
0,warm,A,101,0.1736,31,-0.8362962569095074
0,warm,A,102,0.496,25,-2.0423994339397176
0,warm,A,103,0.8658,16,-3.4415246108546853
0,warm,A,104,0.7808,21,-2.063676467445302
0,warm,A,105,0.8304,14,-2.110364860988089
0,warm,A,106,0.9118,35,-2.265005482447201
0,warm,A,107,0.559,12,-2.0783405850330987
0,warm,A,108,0.9653,40,-2.083771402428829
0,warm,A,109,0.0374,20,-1.9960816429927946
0,warm,A,110,0.1412,22,-3.11178471500435
0,warm,A,111,0.7395,33,-1.3658612253652378
0,warm,A,112,0.6173,34,-3.716900996316005
0,warm,A,113,0.1674,32,-1.8798487025251234
0,warm,A,114,0.2933,20,-2.8712757132016122
0,warm,A,115,0.8987,19,-2.2038193211743704
0,warm,A,116,0.9492,11,-1.712920438159596
0,warm,A,117,0.9072,13,-3.8186389861198573
0,warm,A,118,0.2322,30,-2.7086497913425167
0,warm,A,119,0.6077,17,-2.0263924048263373
0,warm,A,120,0.3897,24,-3.8634593822062016
0,warm,A,121,0.1073,12,-0.9513102428366741
0,warm,A,122,0.7258,24,-2.447452568759521
0,warm,A,123,0.0401,18,-4.719535616123014
0,warm,A,124,0.0531,15,-2.138414536416531
0,warm,A,125,0.69,17,-1.011161228212158
0,warm,A,126,0.177,16,-2.2423433529620524
0,warm,A,127,0.9929,160,-3.4356448821141385
0,warm,A,128,0.1093,20,-2.035986964072799
0,warm,A,129,0.5617,24,-2.884192793785284
0,warm,A,130,0.7508,16,-0.9504218492656946
0,warm,A,131,0.0826,16,-1.2172762304981006
0,warm,A,132,0.0322,16,-3.042445839208085
0,warm,A,133,0.5312,39,-1.315673210474555
0,warm,A,134,0.5666,72,-2.6556715446964114
0,warm,A,135,0.9408,83,-2.694108268296548
0,warm,A,136,0.7777,13,-3.6629385572786513
0,warm,A,137,0.4571,56,-2.7292113213167926
0,warm,A,138,0.0176,31,-2.4163471552798703
0,warm,A,139,0.3288,31,-1.5999598036024478
0,warm,A,140,0.0703,16,-2.6384730264544487
0,warm,A,141,0.0471,26,-2.319256017700984
0,warm,A,142,0.1869,25,-3.6442114052176477
0,warm,A,143,0.5905,43,-1.336137194365133
0,warm,A,144,0.8782,33,-1.7030249896924943
0,warm,A,145,0.455,15,-1.5427345314373573
0,warm,A,146,0.5175,102,-2.061638517483302
0,warm,A,147,0.5732,23,-3.1593025080535724
0,warm,A,148,0.7064,32,-1.4907216000865446
0,warm,A,149,0.324,21,-1.756463759395826
0,warm,A,150,0.5581,34,-3.645246115458362
0,warm,A,151,0.3904,17,-3.729570217868861
0,warm,A,152,0.1603,32,-4.212365099447197
0,warm,A,153,0.6163,36,-2.214753623637888
0,warm,A,154,0.8192,31,-2.1675712231907154
0,warm,A,155,0.2627,37,-2.9546508678310626
0,warm,A,156,0.0777,13,-1.814395764699349
0,warm,A,157,0.5999,15,-0.7504127823165618
0,warm,A,158,0.404,22,-2.8751285833052616
0,warm,A,159,0.5603,15,-3.4502843608458837
0,warm,A,160,0.2514,41,-2.718269526382068
0,warm,A,161,0.0448,30,-1.1327704132224123
0,warm,A,162,0.2317,19,-2.5162934116026583
0,warm,A,163,0.5117,37,-1.8694063486481034
0,warm,A,164,0.0991,25,-1.9347607944719494
0,warm,A,165,0.0394,23,-3.1037923320722967
0,warm,A,166,0.7083,17,-2.132770912249244
0,warm,A,167,0.2524,47,-2.6547298553130996
0,warm,A,168,0.2791,21,-1.8169051920551629
0,warm,A,169,0.1585,26,-3.5088576619835714
0,warm,A,170,0.6019,16,-0.2820704319055949
0,warm,A,171,0.9852,156,-2.662446898809718
0,warm,A,172,0.2498,35,-1.2729849288655843
0,warm,A,173,0.6094,16,-2.9124989975243807
0,warm,A,174,0.3578,132,-3.5689823567773793
0,warm,A,175,0.9109,21,-3.7918920069932938
0,warm,A,176,0.9805,26,-2.9903477451119285
0,warm,A,177,0.2062,20,-3.1588590122992173
0,warm,A,178,0.4253,21,-1.4176040436113475
0,warm,A,179,0.437,21,-2.2145677862045843
0,warm,A,180,0.7643,24,-1.5514316136153259
0,warm,A,181,0.391,39,-3.059082135749169
0,warm,A,182,0.753,19,-3.156037070249256
0,warm,A,183,0.5938,15,-3.1392034024000166
0,warm,A,184,0.4126,50,-2.9765094255981968
0,warm,A,185,0.8664,62,-3.7237712616221077
0,warm,A,186,0.2953,18,-3.6805757064786224
0,warm,A,187,0.5102,13,-2.2047510468042812
0,warm,A,188,0.2742,15,-2.7610011011362077
0,warm,A,189,0.9389,19,-2.3458044089769063
0,warm,A,190,0.3967,33,-1.9997963768502374
0,warm,A,191,0.4486,64,-2.3531375342427054
0,warm,A,192,0.9186,181,-2.0684996620192835
0,warm,A,193,0.1581,18,-3.14641046943143
0,warm,A,194,0.8082,41,-1.8022776375689384
0,warm,A,195,0.8349,22,-3.852195608852939
0,warm,A,196,0.2167,16,-2.605371652636677
0,warm,A,197,0.7037,30,-0.68723998258356
0,warm,A,198,0.0628,18,-2.7097727838489742
0,warm,A,199,0.4004,29,-2.147500359003657
0,warm,B,0,0.0,18,-0.010573201269734354
0,warm,B,1,0.0503,21,-0.005530335735481155
0,warm,B,2,0.1072,49,-0.03919801303484802
0,warm,B,3,0.1604,16,-0.011626585522208188
0,warm,B,4,0.2519,16,-0.005883687415007444
0,warm,B,5,0.2784,15,-0.008497692240052857
0,warm,B,6,0.3017,21,-0.005769125005220606
0,warm,B,7,0.3358,30,-0.01637884167006026
0,warm,B,8,0.3799,15,-0.018002928118221462
0,warm,B,9,0.4135,26,-0.005725660797837078
0,warm,B,10,0.489,21,-0.007416245813060197
0,warm,B,11,0.5274,12,-0.007356135742156766
0,warm,B,12,0.5605,22,-0.014479612799319015
0,warm,B,13,0.5925,16,-0.01644038637914491
0,warm,B,14,0.6523,46,-0.028659317762978153
0,warm,B,15,0.7286,20,-0.008879649330629036
0,warm,B,16,0.7724,21,-0.004073782720730551
0,warm,B,17,0.8189,40,-0.011684802341187605
0,warm,B,18,0.8796,79,-0.0045722596294903665
0,mismatched,A,0,0.3788,19,-2.1364927516490417
0,mismatched,A,1,0.4712,22,-1.4483461986422876
0,mismatched,A,2,0.1878,20,-1.4234151005766762
0,mismatched,A,3,0.7441,18,-1.410325373083146
0,mismatched,A,4,0.2797,22,-1.3524699933001434
0,mismatched,A,5,0.3613,16,-3.3959204549901187
0,mismatched,A,6,0.0819,23,-1.5056907517592544
0,mismatched,A,7,0.9817,25,-3.143025895022438
0,mismatched,A,8,0.7967,56,-3.1301787478483414
0,mismatched,A,9,0.7603,26,-3.617561458180157
0,mismatched,A,10,0.6723,18,-2.9584625784320653
0,mismatched,A,11,0.3124,21,-2.613962278135919
0,mismatched,A,12,0.546,26,-3.133825641985123
0,mismatched,A,13,0.5436,36,-0.8377505588966111
0,mismatched,A,14,0.9041,35,-2.4657258601260503
0,mismatched,A,15,0.6746,14,-4.2227720602282455
0,mismatched,A,16,0.3548,15,-2.243122592071692
0,mismatched,A,17,0.3632,41,-1.0853521285405405
0,mismatched,A,18,0.5126,63,-1.187597928110451
0,mismatched,A,19,0.142,18,-4.720718638764487
0,mismatched,A,20,0.6467,32,-3.559788320795633
0,mismatched,A,21,0.4815,27,-3.0698009739733405
0,mismatched,A,22,0.6777,26,-3.209880215724787
0,mismatched,A,23,0.0596,22,-1.7661468858185054
0,mismatched,A,24,0.0258,17,-1.0643554273992777
0,mismatched,A,25,0.7657,26,-2.4999151730623383
0,mismatched,A,26,0.7909,28,-2.050358237432582
0,mismatched,A,27,0.3525,24,-2.3641810090727327
0,mismatched,A,28,0.8469,12,-2.8675258172055087
0,mismatched,A,29,0.7277,13,-1.995195905964535
0,mismatched,A,30,0.7829,14,-2.467019854911736
0,mismatched,A,31,0.1594,33,-3.76002662865953
0,mismatched,A,32,0.1127,43,-2.1621720371415925
0,mismatched,A,33,0.9404,20,-1.0711720288265496
0,mismatched,A,34,0.3362,22,-2.816925935341384
0,mismatched,A,35,0.9697,18,-4.539331150551637
0,mismatched,A,36,0.6237,17,-2.146028979715672
0,mismatched,A,37,0.3247,44,-2.614399915963242
0,mismatched,A,38,0.8116,25,-3.6663812401890756
0,mismatched,A,39,0.8487,44,-2.3115349127381872
0,mismatched,A,40,0.7051,20,-2.80661482391879
0,mismatched,A,41,0.8436,17,-2.5287260765428927
0,mismatched,A,42,0.4148,16,-2.524764569476247
0,mismatched,A,43,0.2585,52,-3.2606801125920564
0,mismatched,A,44,0.266,31,-3.183553787489091
0,mismatched,A,45,0.8638,15,-1.5142718128859998
0,mismatched,A,46,0.6851,25,-2.387121868431568
0,mismatched,A,47,0.6244,18,-1.3633266311630399
0,mismatched,A,48,0.479,14,-1.928264073694923
0,mismatched,A,49,0.3087,28,-3.2200811555043662
0,mismatched,A,50,0.1851,23,-4.450243775611338
0,mismatched,A,51,0.2616,29,-2.524228872345953
0,mismatched,A,52,0.5661,32,-2.211293089785613
0,mismatched,A,53,0.8161,20,-1.7967157572275028
0,mismatched,A,54,0.8031,19,-2.254218531141401
0,mismatched,A,55,0.3991,16,-3.801641959697008
0,mismatched,A,56,0.1345,30,-3.33784019316469
0,mismatched,A,57,0.6911,42,-3.059770401242921
0,mismatched,A,58,0.9156,13,-3.3198068702163606
0,mismatched,A,59,0.3479,15,-2.475778834025065
0,mismatched,A,60,0.5699,20,-2.63976519262651
0,mismatched,A,61,0.448,15,-1.5516952653793852
0,mismatched,A,62,0.7955,18,-3.0264930050664893
0,mismatched,A,63,0.2752,34,-2.066578940293231
0,mismatched,A,64,0.1565,35,-2.7931313506701763
0,mismatched,A,65,0.2101,31,-1.3328818620460468
0,mismatched,A,66,0.8216,43,-3.071775926469262
0,mismatched,A,67,0.1354,30,-2.2613079184976717
0,mismatched,A,68,0.461,43,-0.9110549714695121
0,mismatched,A,69,0.0603,49,-1.9857623766209664
0,mismatched,A,70,0.5455,14,-2.6682650558650494
0,mismatched,A,71,0.8761,12,-3.459008183951179
0,mismatched,A,72,0.9667,19,-3.1413791179656982
0,mismatched,A,73,0.8165,15,-3.685658794641495
0,mismatched,A,74,0.5366,18,-3.771613257419732
0,mismatched,A,75,0.3295,29,-2.6475575504310687
0,mismatched,A,76,0.431,25,-3.7919905263185503
0,mismatched,A,77,0.7001,27,-1.0028861221648253
0,mismatched,A,78,0.0589,28,-0.3102477192317435
0,mismatched,A,79,0.2435,19,-2.579503751899067
0,mismatched,A,80,0.9773,23,-2.7991984883227143
0,mismatched,A,81,0.1241,37,-3.4147790344180287
0,mismatched,A,82,0.4138,22,-1.7722361372275786
0,mismatched,A,83,0.0455,15,-3.3086030673235656
0,mismatched,A,84,0.2331,26,-0.24526467688757783
0,mismatched,A,85,0.8125,31,-1.8511575304812962
0,mismatched,A,86,0.8463,18,-2.33878395292494
0,mismatched,A,87,0.6683,37,-2.4553738996587895
0,mismatched,A,88,0.4845,18,-3.7548887017700405
0,mismatched,A,89,0.6303,14,-1.9908988068345934
0,mismatched,A,90,0.6711,30,-1.2560468812938779
0,mismatched,A,91,0.9537,26,-2.951253729657485
0,mismatched,A,92,0.3653,34,-1.4264404731289044
0,mismatched,A,93,0.6215,48,-3.413957629084507
0,mismatched,A,94,0.4933,26,-1.6404728787736251
0,mismatched,A,95,0.1945,18,-1.4843633515815275
0,mismatched,A,96,0.6894,31,-3.0081483529460047
0,mismatched,A,97,0.9812,18,-4.066742282567753
0,mismatched,A,98,0.4905,15,-2.4195796695848304
0,mismatched,A,99,0.0327,24,-2.825023205271767
0,mismatched,A,100,0.6718,15,-2.599178859964013
0,mismatched,A,101,0.1736,31,-0.8063405896987645
0,mismatched,A,102,0.496,25,-2.047536996412091
0,mismatched,A,103,0.8658,16,-3.423004890792072
0,mismatched,A,104,0.7808,21,-2.0350121226607976
0,mismatched,A,105,0.8304,14,-2.1975830479391982
0,mismatched,A,106,0.9118,35,-2.288715875604456
0,mismatched,A,107,0.559,12,-2.01548620313406
0,mismatched,A,108,0.9653,40,-1.9470551253049053
0,mismatched,A,109,0.0374,20,-2.0876782165840266
0,mismatched,A,110,0.1412,22,-3.131316442042589
0,mismatched,A,111,0.7395,33,-1.3336582068304503
0,mismatched,A,112,0.6173,34,-3.71838396721903
0,mismatched,A,113,0.1674,32,-1.7772925806775675
0,mismatched,A,114,0.2933,20,-2.8730839505791663
0,mismatched,A,115,0.8987,19,-2.0504810166986367
0,mismatched,A,116,0.9492,11,-1.7980189939791507
0,mismatched,A,117,0.9072,13,-3.7418899616369834
0,mismatched,A,118,0.2322,30,-2.6890578410277763
0,mismatched,A,119,0.6077,17,-2.056897541744333
0,mismatched,A,120,0.3897,24,-3.7655773633159697
0,mismatched,A,121,0.1073,12,-0.9739968262147158
0,mismatched,A,122,0.7258,24,-2.3804567074403167
0,mismatched,A,123,0.0401,18,-4.642112774360511
0,mismatched,A,124,0.0531,15,-2.3319923798243205
0,mismatched,A,125,0.69,17,-1.055855991977938
0,mismatched,A,126,0.177,16,-2.2120074163831305
0,mismatched,A,127,0.9929,160,-3.4475250299379696
0,mismatched,A,128,0.1093,20,-2.0240944643388503
0,mismatched,A,129,0.5617,24,-2.86029517914479
0,mismatched,A,130,0.7508,16,-0.883737088937778
0,mismatched,A,131,0.0826,16,-1.2105373888480244
0,mismatched,A,132,0.0322,16,-3.0178783499868587
0,mismatched,A,133,0.5312,39,-1.2961370729369661
0,mismatched,A,134,0.5666,72,-2.686402637485622
0,mismatched,A,135,0.9408,83,-2.671603399143745
0,mismatched,A,136,0.7777,13,-3.548099564531675
0,mismatched,A,137,0.4571,56,-2.734973673974829
0,mismatched,A,138,0.0176,31,-2.3012627697129164
0,mismatched,A,139,0.3288,31,-1.6568594817522793
0,mismatched,A,140,0.0703,16,-2.605184773914516
0,mismatched,A,141,0.0471,26,-2.387993774949931
0,mismatched,A,142,0.1869,25,-3.651657897233963
0,mismatched,A,143,0.5905,43,-1.3454977571097917
0,mismatched,A,144,0.8782,33,-1.699046006108719
0,mismatched,A,145,0.455,15,-1.5142718128859998
0,mismatched,A,146,0.5175,102,-2.018836913415797
0,mismatched,A,147,0.5732,23,-3.092118351355843
0,mismatched,A,148,0.7064,32,-1.5346684151427326
0,mismatched,A,149,0.324,21,-1.776663982847129
0,mismatched,A,150,0.5581,34,-3.6794885506524757
0,mismatched,A,151,0.3904,17,-3.5775993256007923
0,mismatched,A,152,0.1603,32,-4.146586767557892
0,mismatched,A,153,0.6163,36,-2.181007343900597
0,mismatched,A,154,0.8192,31,-2.181452095989258
0,mismatched,A,155,0.2627,37,-2.9759518101408675
0,mismatched,A,156,0.0777,13,-1.7209588862382448
0,mismatched,A,157,0.5999,15,-0.7992228249553591
0,mismatched,A,158,0.404,22,-2.9651246617802163
0,mismatched,A,159,0.5603,15,-3.540279410282771
0,mismatched,A,160,0.2514,41,-2.6682626785789956
0,mismatched,A,161,0.0448,30,-1.0995840714817555
0,mismatched,A,162,0.2317,19,-2.411325501633416
0,mismatched,A,163,0.5117,37,-1.829933780018945
0,mismatched,A,164,0.0991,25,-1.9324768314510583
0,mismatched,A,165,0.0394,23,-3.0956595472829496
0,mismatched,A,166,0.7083,17,-2.1310003668288973
0,mismatched,A,167,0.2524,47,-2.5428312655551943
0,mismatched,A,168,0.2791,21,-1.8369066915696575
0,mismatched,A,169,0.1585,26,-3.558532142546028
0,mismatched,A,170,0.6019,16,-0.3739884740098205
0,mismatched,A,171,0.9852,156,-2.698753579587598
0,mismatched,A,172,0.2498,35,-1.3018252175999805
0,mismatched,A,173,0.6094,16,-3.013975868932903
0,mismatched,A,174,0.3578,132,-3.553699249277336
0,mismatched,A,175,0.9109,21,-3.5512428673959913
0,mismatched,A,176,0.9805,26,-3.1785608627475224
0,mismatched,A,177,0.2062,20,-3.055585570586845
0,mismatched,A,178,0.4253,21,-1.4135033120927845
0,mismatched,A,179,0.437,21,-2.258500569660793
0,mismatched,A,180,0.7643,24,-1.3869895564797237
0,mismatched,A,181,0.391,39,-3.090297795402316
0,mismatched,A,182,0.753,19,-3.2131682552005114
0,mismatched,A,183,0.5938,15,-2.9436749731500944
0,mismatched,A,184,0.4126,50,-2.957748916237615
0,mismatched,A,185,0.8664,62,-3.7857001793660943
0,mismatched,A,186,0.2953,18,-3.6521222984625235
0,mismatched,A,187,0.5102,13,-2.301530123903201
0,mismatched,A,188,0.2742,15,-2.7607909818490346
0,mismatched,A,189,0.9389,19,-2.3053358903056695
0,mismatched,A,190,0.3967,33,-2.0500446423203824
0,mismatched,A,191,0.4486,64,-2.289805285676266
0,mismatched,A,192,0.9186,181,-2.117394355919046
0,mismatched,A,193,0.1581,18,-3.154874300894638
0,mismatched,A,194,0.8082,41,-1.8345274152163211
0,mismatched,A,195,0.8349,22,-3.8352410586720165
0,mismatched,A,196,0.2167,16,-2.5331032768590376
0,mismatched,A,197,0.7037,30,-0.7463613078619044
0,mismatched,A,198,0.0628,18,-2.718071044733127
0,mismatched,A,199,0.4004,29,-2.1371161454389322
0,mismatched,B,0,0.0,18,-0.0030655651904049185
0,mismatched,B,1,0.0503,21,-0.004214983252452276
0,mismatched,B,2,0.1072,49,-0.06519282654616458
0,mismatched,B,3,0.1604,16,-0.013564340006269049
0,mismatched,B,4,0.2519,16,-0.004778626611823711
0,mismatched,B,5,0.2784,15,-0.008663553408890341
0,mismatched,B,6,0.3017,21,-0.002333031815526608
0,mismatched,B,7,0.3358,30,-0.013879055276993313
0,mismatched,B,8,0.3799,15,-0.007572197751142084
0,mismatched,B,9,0.4135,26,-0.005000598860647187
0,mismatched,B,10,0.489,21,-0.011578231645260183
0,mismatched,B,11,0.5274,12,-0.011108573526144028
0,mismatched,B,12,0.5605,22,-0.014861880397471727
0,mismatched,B,13,0.5925,16,-0.01745547475729836
0,mismatched,B,14,0.6523,46,-0.026502758044048474
0,mismatched,B,15,0.7286,20,-0.006352801943285158
0,mismatched,B,16,0.7724,21,-0.003147223406510117
0,mismatched,B,17,0.8189,40,-0.012007168541458668
0,mismatched,B,18,0.8796,79,-0.004110853220504683
1,cold,A,0,0.6198,26,-2.9383569846932707
1,cold,A,1,0.8828,33,-2.1899883606317663
1,cold,A,2,0.2089,19,-2.508236319414879
1,cold,A,3,0.5277,40,-2.508245094650192
1,cold,A,4,0.0228,26,-1.564945685560815
1,cold,A,5,0.2601,32,-1.9131709864686286
1,cold,A,6,0.3445,35,-2.9835130048338865
1,cold,A,7,0.9054,15,-5.062782005469004
1,cold,A,8,0.3914,35,-3.130586660487045
1,cold,A,9,0.9275,22,-3.4410856870765034
1,cold,A,10,0.2596,15,-2.5732766220966976
1,cold,A,11,0.2509,13,-3.8976903030505547
1,cold,A,12,0.3721,20,-1.701243776654883
1,cold,A,13,0.1272,21,-2.669325506935517
1,cold,A,14,0.8642,21,-2.813812905479045
1,cold,A,15,0.5362,36,-2.1996343023428278
1,cold,A,16,0.6116,35,-2.2021772074513137
1,cold,A,17,0.4021,23,-2.594548415068699
1,cold,A,18,0.7285,54,-2.5309003304239552
1,cold,A,19,0.3269,23,-2.6185405941113182
1,cold,A,20,0.1999,32,-0.9892901338662909
1,cold,A,21,0.9197,20,-1.5327486666836194
1,cold,A,22,0.0647,30,-1.7561645116540603
1,cold,A,23,0.2744,17,-3.1724298176961705
1,cold,A,24,0.9811,22,-3.530506870963357
1,cold,A,25,0.0452,17,-2.7199414279311895
1,cold,A,26,0.1233,18,-1.1721768136145936
1,cold,A,27,0.4545,42,-1.8687378560657852
1,cold,A,28,0.8795,20,-1.8181081511080266
1,cold,A,29,0.3836,21,-3.0127725266807137
1,cold,A,30,0.8493,17,-1.265990483430762
1,cold,A,31,0.2751,16,-2.2286349196147057
1,cold,A,32,0.1581,39,-1.8247534632455193
1,cold,A,33,0.3876,29,-1.982147043664209
1,cold,A,34,0.4094,27,-2.707363358982278
1,cold,A,35,0.6226,29,-3.170496054371048
1,cold,A,36,0.5202,36,-2.0791743538990834
1,cold,A,37,0.4755,17,-2.216685610484359
1,cold,A,38,0.0575,59,-2.595465383736833
1,cold,A,39,0.8771,16,-1.501979152812055
1,cold,A,40,0.5783,21,-3.1044776514172554
1,cold,A,41,0.7733,19,-2.8021609592986736
1,cold,A,42,0.9911,22,-2.291589669629254
1,cold,A,43,0.8238,21,-2.3982891221142686
1,cold,A,44,0.4464,32,-1.4482411941580722
1,cold,A,45,0.5409,32,-2.5129520237992438
1,cold,A,46,0.74,31,-2.8697227341904035
1,cold,A,47,0.3195,18,-3.9330212684969106
1,cold,A,48,0.7075,42,-3.1416205250938045
1,cold,A,49,0.801,29,-1.5028379282292885
1,cold,A,50,0.4786,27,-2.903214652505186
1,cold,A,51,0.488,29,-0.4047441902099496
1,cold,A,52,0.8076,32,-2.8416280905294116
1,cold,A,53,0.8956,22,-2.406088088215752
1,cold,A,54,0.4598,36,-2.0117059205529384
1,cold,A,55,0.2634,56,-2.5461404986022638
1,cold,A,56,0.3536,156,-2.425585977898803
1,cold,A,57,0.6828,29,-1.6930527931283998
1,cold,A,58,0.4213,15,-3.367400152049959
1,cold,A,59,0.9574,12,-3.402786355931312
1,cold,A,60,0.6017,26,-2.3747845182056504
1,cold,A,61,0.2106,68,-2.389427093372112
1,cold,A,62,0.935,32,-0.7321300114307405
1,cold,A,63,0.2392,89,-2.2542101838713036
1,cold,A,64,0.5121,34,-2.112527346010906
1,cold,A,65,0.6704,12,-3.8059341286619506
1,cold,A,66,0.7789,24,-2.036894184896179
1,cold,A,67,0.7207,33,-1.1500753266313537
1,cold,A,68,0.0932,49,-2.6662722100817873
1,cold,A,69,0.2279,59,-2.006359971652273
1,cold,A,70,0.8272,38,-2.7384081427988254
1,cold,A,71,0.6372,35,-1.3439699101359501
1,cold,A,72,0.921,26,-2.9475765062066226
1,cold,A,73,0.5824,39,-1.1613431562108394
1,cold,A,74,0.6836,29,-1.5028379282292885
1,cold,A,75,0.5193,33,-1.9729101674469844
1,cold,A,76,0.4635,38,-2.433616809404492
1,cold,A,77,0.7121,35,-3.1904644727216303
1,cold,A,78,0.505,20,-0.9471871032204945
1,cold,A,79,0.793,25,-1.9076295650191606
1,cold,A,80,0.7389,19,-2.0275138333530967
1,cold,A,81,0.0643,24,-1.6966719504368182
1,cold,A,82,0.6094,16,-2.3132002866186667
1,cold,A,83,0.5004,38,-1.4516823822356713
1,cold,A,84,0.0155,16,-2.1987372499570483
1,cold,A,85,0.9663,20,-2.289561818447692
1,cold,A,86,0.311,15,-0.34661004092389097
1,cold,A,87,0.1732,22,-0.5360429091623576
1,cold,A,88,0.0082,30,-2.5005625415884425
1,cold,A,89,0.6932,63,-2.6163335603671998
1,cold,A,90,0.0767,28,-2.0430507259921535
1,cold,A,91,0.3355,41,-2.6359879897641894
1,cold,A,92,0.5209,31,-3.0232233565541042
1,cold,A,93,0.7244,20,-2.0893225039588286
1,cold,A,94,0.0255,37,-1.2663769606603417
1,cold,A,95,0.949,34,-1.8454997827545465
1,cold,A,96,0.523,22,-1.8651759976478801
1,cold,A,97,0.1751,15,-0.9092495932981062
1,cold,A,98,0.6071,25,-1.909039296489209
1,cold,A,99,0.5115,20,-3.4877528617391365
1,cold,A,100,0.9987,21,-3.7089375172342574
1,cold,A,101,0.7803,24,-2.405135685655599
1,cold,A,102,0.3787,27,-2.2068723281004674
1,cold,A,103,0.4395,17,-2.0175505701164878
1,cold,A,104,0.4363,52,-1.825914624224774
1,cold,A,105,0.0914,17,-2.4864495808587357
1,cold,A,106,0.255,53,-2.1240792084092117
1,cold,A,107,0.0161,15,-3.617968895037969
1,cold,A,108,0.232,181,-2.485265538358704
1,cold,A,109,0.5656,33,-1.5779840889788994
1,cold,A,110,0.3847,25,-3.1389497105032205
1,cold,A,111,0.6566,16,-2.7640465521253645
1,cold,A,112,0.4781,18,-4.111328933077554
1,cold,A,113,0.5495,88,-2.449925026804439
1,cold,A,114,0.9155,32,-1.1816043704915842
1,cold,A,115,0.1316,35,-2.2482065473816224
1,cold,A,116,0.7342,29,-2.4151061125669693
1,cold,A,117,0.6646,36,-3.063925933920675
1,cold,A,118,0.5679,39,-2.046412989852121
1,cold,A,119,0.7187,29,-0.436979358005217
1,cold,A,120,0.3734,37,-1.1732828810034555
1,cold,A,121,0.1854,30,-3.3212131436060495
1,cold,A,122,0.4375,18,-0.057404103956085036
1,cold,A,123,0.7137,37,-2.6912690413536855
1,cold,A,124,0.1399,31,-1.6892330811327068
1,cold,A,125,0.141,21,-3.1474433647734776
1,cold,A,126,0.5481,15,-4.0578755672400195
1,cold,A,127,0.0358,42,-3.187552465844506
1,cold,A,128,0.1554,48,-2.0825507097809655
1,cold,A,129,0.7448,36,-2.2494733773378863
1,cold,A,130,0.2888,13,-2.247107071085618
1,cold,A,131,0.8218,63,-3.0506999400991295
1,cold,A,132,0.1131,81,-2.9658965997593363
1,cold,A,133,0.5149,16,-3.0615245753215277
1,cold,A,134,0.7967,15,-2.747213499325638
1,cold,A,135,0.8335,21,-2.660920963134794
1,cold,A,136,0.9399,30,-2.3692147524251292
1,cold,A,137,0.1543,55,-1.1517308791120409
1,cold,A,138,0.6915,13,-2.218318096254594
1,cold,A,139,0.6051,25,-1.2645555520895868
1,cold,A,140,0.279,14,-1.5685182916266578
1,cold,A,141,0.3468,20,-1.9834614778868853
1,cold,A,142,0.4816,31,-2.8513532238317683
1,cold,A,143,0.4874,38,-0.3296594998299904
1,cold,A,144,0.713,32,-3.850028556509642
1,cold,A,145,0.4223,20,-0.07352618450677255
1,cold,A,146,0.2807,23,-2.275906541830172
1,cold,A,147,0.1635,20,-1.1789019495248794
1,cold,A,148,0.3054,22,-0.5360429091623576
1,cold,A,149,0.6771,40,-0.7926088147533846
1,cold,A,150,0.7352,22,-2.182248016777025
1,cold,A,151,0.0665,26,-3.6489909613200533
1,cold,A,152,0.6177,25,-0.4649361836438038
1,cold,A,153,0.8911,33,-2.443293708489474
1,cold,A,154,0.0566,15,-2.879516359278932
1,cold,A,155,0.0851,32,-3.245337546133669
1,cold,A,156,0.7949,25,-1.5209289904986507
1,cold,A,157,0.0305,43,-1.0432767103428526
1,cold,A,158,0.3233,24,-3.1117529248197875
1,cold,A,159,0.3256,17,-2.793769525994054
1,cold,A,160,0.1013,12,-2.2652113251388073
1,cold,A,161,0.9017,14,-1.7317449034723853
1,cold,A,162,0.6349,17,-1.349350277631054
1,cold,A,163,0.584,46,-3.327041726802354
1,cold,A,164,0.4436,36,-0.6361905214030735
1,cold,A,165,0.0595,58,-2.4148086720655053
1,cold,A,166,0.8973,12,-1.7445907440657418
1,cold,A,167,0.7057,23,-2.12192305157204
1,cold,A,168,0.3037,20,-2.3760433444957014
1,cold,A,169,0.1645,19,-1.120408427754515
1,cold,A,170,0.9981,22,-2.054985513244736
1,cold,A,171,0.8147,75,-2.789306647600606
1,cold,A,172,0.8245,22,-2.8380672746253284
1,cold,A,173,0.2561,72,-2.306127658843656
1,cold,A,174,0.8425,41,-2.134244095011637
1,cold,A,175,0.8447,33,-1.6817787922786507
1,cold,A,176,0.2817,25,-2.6148628619639203
1,cold,A,177,0.8466,19,-1.8177785694447506
1,cold,A,178,0.8298,20,-3.3124524480837865
1,cold,A,179,0.2987,56,-2.628211656115517
1,cold,A,180,0.4411,23,-3.151054018084719
1,cold,A,181,0.1252,57,-1.5251836913124415
1,cold,A,182,0.5029,16,-2.0108647408196703
1,cold,A,183,0.2772,31,-3.4848842836330616
1,cold,A,184,0.9669,13,-2.434938634244295
1,cold,A,185,0.9291,11,-1.5921847815202042
1,cold,A,186,0.9556,30,-1.6439748275831032
1,cold,A,187,0.0861,50,-2.0357142328030022
1,cold,A,188,0.6138,20,-1.5491741178579104
1,cold,A,189,0.1287,33,-2.5484967409548434
1,cold,A,190,0.1669,55,-0.7715829108673378
1,cold,A,191,0.9451,20,-3.179470737616066
1,cold,A,192,0.6432,18,-1.099922890540054
1,cold,A,193,0.3149,15,-3.1473724017540614
1,cold,A,194,0.4127,44,-3.047310313760218
1,cold,A,195,0.3709,15,-2.9727799609303474
1,cold,A,196,0.9905,27,-2.0060669925339796
1,cold,A,197,0.1057,11,-1.1769540187987415
1,cold,A,198,0.0264,21,-2.2062367814221595
1,cold,A,199,0.2173,77,-3.4994267379236104
1,cold,B,0,0.0586,22,-0.0023872495178858862
1,cold,B,1,0.1493,13,-0.004147525337010358
1,cold,B,2,0.1877,19,-0.015760290192127668
1,cold,B,3,0.2361,48,-0.0013062395850435375
1,cold,B,4,0.3202,19,-0.036234015951202694
1,cold,B,5,0.361,16,-0.013079155925879604
1,cold,B,6,0.4412,22,-0.0022083453824796543
1,cold,B,7,0.4831,53,-0.0009499375557665326
1,cold,B,8,0.5996,23,-0.0011324046009458075
1,cold,B,9,0.6941,18,-0.006957464204687212
1,cold,B,10,0.7321,15,-0.02148548866874383
1,cold,B,11,0.7799,23,-0.002944151153750009
1,cold,B,12,0.827,33,-0.007144164784745733
1,cold,B,13,0.8964,39,-0.0045983263012786685
1,warm,A,0,0.6198,26,-2.936878575012088
1,warm,A,1,0.8828,33,-2.1716265574249327
1,warm,A,2,0.2089,19,-2.3795255899037184
1,warm,A,3,0.5277,40,-2.501502013517893
1,warm,A,4,0.0228,26,-1.569552520970599
1,warm,A,5,0.2601,32,-1.8107197714875838
1,warm,A,6,0.3445,35,-3.0169471514256396
1,warm,A,7,0.9054,15,-5.230620324114958
1,warm,A,8,0.3914,35,-3.0853925923284677
1,warm,A,9,0.9275,22,-3.1236330515451054
1,warm,A,10,0.2596,15,-2.8261570751667024
1,warm,A,11,0.2509,13,-3.754294612086736
1,warm,A,12,0.3721,20,-1.6835887255962008
1,warm,A,13,0.1272,21,-2.621716465268816
1,warm,A,14,0.8642,21,-3.0213775556711924
1,warm,A,15,0.5362,36,-2.130727474228479
1,warm,A,16,0.6116,35,-2.136520799099734
1,warm,A,17,0.4021,23,-2.7603716233178326
1,warm,A,18,0.7285,54,-2.4325184407072675
1,warm,A,19,0.3269,23,-2.647747244199981
1,warm,A,20,0.1999,32,-1.0207717297227248
1,warm,A,21,0.9197,20,-1.3471530702107883
1,warm,A,22,0.0647,30,-1.7221299364309137
1,warm,A,23,0.2744,17,-3.2205914349418463
1,warm,A,24,0.9811,22,-3.3127145245671272
1,warm,A,25,0.0452,17,-2.6888138396555887
1,warm,A,26,0.1233,18,-1.1247590000703995
1,warm,A,27,0.4545,42,-1.93784727408638
1,warm,A,28,0.8795,20,-1.741354949073866
1,warm,A,29,0.3836,21,-2.9733725887767615
1,warm,A,30,0.8493,17,-1.2942296260529582
1,warm,A,31,0.2751,16,-2.1866300211913767
1,warm,A,32,0.1581,39,-1.7649652139826242
1,warm,A,33,0.3876,29,-1.8550026199172236
1,warm,A,34,0.4094,27,-2.586171336384723
1,warm,A,35,0.6226,29,-3.0586216207513393
1,warm,A,36,0.5202,36,-2.035462708280635
1,warm,A,37,0.4755,17,-2.340361918469973
1,warm,A,38,0.0575,59,-2.613269021633965
1,warm,A,39,0.8771,16,-1.5049779407668211
1,warm,A,40,0.5783,21,-3.1321624606138183
1,warm,A,41,0.7733,19,-2.6811741602754124
1,warm,A,42,0.9911,22,-2.3250095632181247
1,warm,A,43,0.8238,21,-2.419923742046757
1,warm,A,44,0.4464,32,-1.462292206748657
1,warm,A,45,0.5409,32,-2.5732172659195385
1,warm,A,46,0.74,31,-2.9610983888738818
1,warm,A,47,0.3195,18,-4.003508931957185
1,warm,A,48,0.7075,42,-3.126473965898012
1,warm,A,49,0.801,29,-1.438865735990413
1,warm,A,50,0.4786,27,-2.7863553558234817
1,warm,A,51,0.488,29,-0.37872578543534346
1,warm,A,52,0.8076,32,-2.8465704202390043
1,warm,A,53,0.8956,22,-2.3330265379256825
1,warm,A,54,0.4598,36,-2.068584191978314
1,warm,A,55,0.2634,56,-2.57330205062213
1,warm,A,56,0.3536,156,-2.4077780719405077
1,warm,A,57,0.6828,29,-1.6209005059788288
1,warm,A,58,0.4213,15,-3.376218018696333
1,warm,A,59,0.9574,12,-3.1886038925343505
1,warm,A,60,0.6017,26,-2.2371181373914273
1,warm,A,61,0.2106,68,-2.390068473032443
1,warm,A,62,0.935,32,-0.6204446391716374
1,warm,A,63,0.2392,89,-2.2659249445436154
1,warm,A,64,0.5121,34,-2.0915400413986767
1,warm,A,65,0.6704,12,-3.7484209313988686
1,warm,A,66,0.7789,24,-2.0245573193872892
1,warm,A,67,0.7207,33,-1.1508702492027432
1,warm,A,68,0.0932,49,-2.6959764318986457
1,warm,A,69,0.2279,59,-2.0801393767987513
1,warm,A,70,0.8272,38,-2.659696535452416
1,warm,A,71,0.6372,35,-1.431571912641396
1,warm,A,72,0.921,26,-2.9399489302618
1,warm,A,73,0.5824,39,-1.0809557818918107
1,warm,A,74,0.6836,29,-1.438865735990413
1,warm,A,75,0.5193,33,-1.96160708420917
1,warm,A,76,0.4635,38,-2.2434380358134054
1,warm,A,77,0.7121,35,-3.175893176476737
1,warm,A,78,0.505,20,-0.9314447118664247
1,warm,A,79,0.793,25,-1.8999217559435055
1,warm,A,80,0.7389,19,-1.8183632267192527
1,warm,A,81,0.0643,24,-1.760882512588675
1,warm,A,82,0.6094,16,-2.2034697231574683
1,warm,A,83,0.5004,38,-1.3801057781330248
1,warm,A,84,0.0155,16,-2.17524390280596
1,warm,A,85,0.9663,20,-2.283771163140409
1,warm,A,86,0.311,15,-0.48649807608065504
1,warm,A,87,0.1732,22,-0.5385428523288944
1,warm,A,88,0.0082,30,-2.490438966305616
1,warm,A,89,0.6932,63,-2.6318883506524826
1,warm,A,90,0.0767,28,-1.9325544736488414
1,warm,A,91,0.3355,41,-2.6085910405374486
1,warm,A,92,0.5209,31,-2.9322313555786685
1,warm,A,93,0.7244,20,-2.1879991388414055
1,warm,A,94,0.0255,37,-1.2902969939311357
1,warm,A,95,0.949,34,-1.8351282934069304
1,warm,A,96,0.523,22,-1.7661780498667874
1,warm,A,97,0.1751,15,-0.922529071639292
1,warm,A,98,0.6071,25,-1.8190280272159725
1,warm,A,99,0.5115,20,-3.510103116184473
1,warm,A,100,0.9987,21,-3.8584162181331996
1,warm,A,101,0.7803,24,-2.3670926314468184
1,warm,A,102,0.3787,27,-2.183677606304021
1,warm,A,103,0.4395,17,-2.090128200565232
1,warm,A,104,0.4363,52,-1.8567815096746647
1,warm,A,105,0.0914,17,-2.307359167977291
1,warm,A,106,0.255,53,-2.215476877804525
1,warm,A,107,0.0161,15,-3.537318845589956
1,warm,A,108,0.232,181,-2.4779177850519623
1,warm,A,109,0.5656,33,-1.6800533108056919
1,warm,A,110,0.3847,25,-3.010424887984991
1,warm,A,111,0.6566,16,-2.6856930986978114
1,warm,A,112,0.4781,18,-3.8855619322405093
1,warm,A,113,0.5495,88,-2.432439473493849
1,warm,A,114,0.9155,32,-1.1758817595005837
1,warm,A,115,0.1316,35,-2.3494186193549207
1,warm,A,116,0.7342,29,-2.355795663831643
1,warm,A,117,0.6646,36,-3.0453036967664957
1,warm,A,118,0.5679,39,-2.200303424139677
1,warm,A,119,0.7187,29,-0.389928192938959
1,warm,A,120,0.3734,37,-1.1388364991070332
1,warm,A,121,0.1854,30,-3.3802721972422054
1,warm,A,122,0.4375,18,-0.06279029445755037
1,warm,A,123,0.7137,37,-2.6037503280802756
1,warm,A,124,0.1399,31,-1.6292189513064401
1,warm,A,125,0.141,21,-3.1682474176798547
1,warm,A,126,0.5481,15,-3.9149607510926825
1,warm,A,127,0.0358,42,-3.2039687790952267
1,warm,A,128,0.1554,48,-2.0576781212342516
1,warm,A,129,0.7448,36,-2.232712493640267
1,warm,A,130,0.2888,13,-2.2878489206330133
1,warm,A,131,0.8218,63,-3.059336001674334
1,warm,A,132,0.1131,81,-2.9886642252095044
1,warm,A,133,0.5149,16,-3.0848329056425428
1,warm,A,134,0.7967,15,-2.6471686463415
1,warm,A,135,0.8335,21,-2.6179720551285537
1,warm,A,136,0.9399,30,-2.406408272249003
1,warm,A,137,0.1543,55,-1.0960271545921305
1,warm,A,138,0.6915,13,-2.224732447917072
1,warm,A,139,0.6051,25,-1.2414457189571113
1,warm,A,140,0.279,14,-1.460047499941928
1,warm,A,141,0.3468,20,-1.8927724931389094
1,warm,A,142,0.4816,31,-2.751022676041635
1,warm,A,143,0.4874,38,-0.3311406617535077
1,warm,A,144,0.713,32,-3.961768751098134
1,warm,A,145,0.4223,20,-0.10129965270698449
1,warm,A,146,0.2807,23,-2.3186562789361114
1,warm,A,147,0.1635,20,-1.0837208011536859
1,warm,A,148,0.3054,22,-0.5385428523288944
1,warm,A,149,0.6771,40,-0.7758212219296183
1,warm,A,150,0.7352,22,-2.0194615976017136
1,warm,A,151,0.0665,26,-3.625197895125334
1,warm,A,152,0.6177,25,-0.46718409786924897
1,warm,A,153,0.8911,33,-2.447606350020082
1,warm,A,154,0.0566,15,-2.884077505394816
1,warm,A,155,0.0851,32,-3.1432375922013307
1,warm,A,156,0.7949,25,-1.6220387249509804
1,warm,A,157,0.0305,43,-0.9979613497165447
1,warm,A,158,0.3233,24,-3.2358281873942665
1,warm,A,159,0.3256,17,-2.8662780194598088
1,warm,A,160,0.1013,12,-2.284171764117976
1,warm,A,161,0.9017,14,-1.6300762971181288
1,warm,A,162,0.6349,17,-1.3204094975712104
1,warm,A,163,0.584,46,-3.37834061730815
1,warm,A,164,0.4436,36,-0.6835186123110665
1,warm,A,165,0.0595,58,-2.413713588238697
1,warm,A,166,0.8973,12,-1.5201721365253131
1,warm,A,167,0.7057,23,-1.948590129401292
1,warm,A,168,0.3037,20,-2.3649333564098924
1,warm,A,169,0.1645,19,-1.1840284937306453
1,warm,A,170,0.9981,22,-1.9773787868047377
1,warm,A,171,0.8147,75,-2.808638998994914
1,warm,A,172,0.8245,22,-2.8299296853894536
1,warm,A,173,0.2561,72,-2.289588389256096
1,warm,A,174,0.8425,41,-2.114613165107851
1,warm,A,175,0.8447,33,-1.6974493475616768
1,warm,A,176,0.2817,25,-2.607510436095181
1,warm,A,177,0.8466,19,-1.6689354464056363
1,warm,A,178,0.8298,20,-3.510873845347669
1,warm,A,179,0.2987,56,-2.5922102096847084
1,warm,A,180,0.4411,23,-3.199035227597367
1,warm,A,181,0.1252,57,-1.6327905888089542
1,warm,A,182,0.5029,16,-1.9159078056400176
1,warm,A,183,0.2772,31,-3.519812605524015
1,warm,A,184,0.9669,13,-2.5720341554484687
1,warm,A,185,0.9291,11,-1.6175044333900919
1,warm,A,186,0.9556,30,-1.705291107366793
1,warm,A,187,0.0861,50,-2.0802384230819007
1,warm,A,188,0.6138,20,-1.5495663731053355
1,warm,A,189,0.1287,33,-2.583013867169167
1,warm,A,190,0.1669,55,-0.7854999975494634
1,warm,A,191,0.9451,20,-3.1897753027100406
1,warm,A,192,0.6432,18,-1.1743490595920067
1,warm,A,193,0.3149,15,-3.0519735276699067
1,warm,A,194,0.4127,44,-3.066335730265233
1,warm,A,195,0.3709,15,-2.7419362895190718
1,warm,A,196,0.9905,27,-1.9459141489566751
1,warm,A,197,0.1057,11,-1.2249886068430813
1,warm,A,198,0.0264,21,-2.384134824631647
1,warm,A,199,0.2173,77,-3.575232834762337
1,warm,B,0,0.0586,22,-0.00745741580844336
1,warm,B,1,0.1493,13,-0.0346027971334374
1,warm,B,2,0.1877,19,-0.023798008813556454
1,warm,B,3,0.2361,48,-0.003279723082300734
1,warm,B,4,0.3202,19,-0.06887866368254579
1,warm,B,5,0.361,16,-0.022356727553415112
1,warm,B,6,0.4412,22,-0.0035018511291789105
1,warm,B,7,0.4831,53,-0.0017789516457683793
1,warm,B,8,0.5996,23,-0.0012463237995372924
1,warm,B,9,0.6941,18,-0.017117570772825275
1,warm,B,10,0.7321,15,-0.026579372169120083
1,warm,B,11,0.7799,23,-0.005625722760115699
1,warm,B,12,0.827,33,-0.007552739633838152
1,warm,B,13,0.8964,39,-0.012871785433920499
1,mismatched,A,0,0.6198,26,-2.8697498248746762
1,mismatched,A,1,0.8828,33,-2.208411787118001
1,mismatched,A,2,0.2089,19,-2.3771560731294907
1,mismatched,A,3,0.5277,40,-2.5088574698602315
1,mismatched,A,4,0.0228,26,-1.547802704646109
1,mismatched,A,5,0.2601,32,-1.8940623879775416
1,mismatched,A,6,0.3445,35,-3.04565340191288
1,mismatched,A,7,0.9054,15,-5.201886503398418
1,mismatched,A,8,0.3914,35,-3.0628507710061967
1,mismatched,A,9,0.9275,22,-3.142049476059831
1,mismatched,A,10,0.2596,15,-2.76149425804615
1,mismatched,A,11,0.2509,13,-3.767909051134036
1,mismatched,A,12,0.3721,20,-1.8432138885604217
1,mismatched,A,13,0.1272,21,-2.5929482671476545
1,mismatched,A,14,0.8642,21,-2.9966164887661026
1,mismatched,A,15,0.5362,36,-2.209420108617956
1,mismatched,A,16,0.6116,35,-2.0763226251350715
1,mismatched,A,17,0.4021,23,-2.677610401550065
1,mismatched,A,18,0.7285,54,-2.501147239480849
1,mismatched,A,19,0.3269,23,-2.6114388322052746
1,mismatched,A,20,0.1999,32,-1.0220401689030325
1,mismatched,A,21,0.9197,20,-1.3652492800283653
1,mismatched,A,22,0.0647,30,-1.694902523610896
1,mismatched,A,23,0.2744,17,-3.2058773174666224
1,mismatched,A,24,0.9811,22,-3.418167483400215
1,mismatched,A,25,0.0452,17,-2.654729174093946
1,mismatched,A,26,0.1233,18,-1.1450042737382722
1,mismatched,A,27,0.4545,42,-1.889257877994082
1,mismatched,A,28,0.8795,20,-1.728402219992131
1,mismatched,A,29,0.3836,21,-2.6761788523179435
1,mismatched,A,30,0.8493,17,-1.2565040044993272
1,mismatched,A,31,0.2751,16,-2.278826299450884
1,mismatched,A,32,0.1581,39,-1.807325229163372
1,mismatched,A,33,0.3876,29,-1.894168184556073
1,mismatched,A,34,0.4094,27,-2.5921489048735196
1,mismatched,A,35,0.6226,29,-3.0544316590008935
1,mismatched,A,36,0.5202,36,-2.004004665780144
1,mismatched,A,37,0.4755,17,-2.207139767708106
1,mismatched,A,38,0.0575,59,-2.630757714976395
1,mismatched,A,39,0.8771,16,-1.4765963994555023
1,mismatched,A,40,0.5783,21,-3.059871017932892
1,mismatched,A,41,0.7733,19,-2.7938680813990926
1,mismatched,A,42,0.9911,22,-2.3760797459293497
1,mismatched,A,43,0.8238,21,-2.4614562944736376
1,mismatched,A,44,0.4464,32,-1.4526878248452135
1,mismatched,A,45,0.5409,32,-2.497759289418127
1,mismatched,A,46,0.74,31,-2.9269687693468445
1,mismatched,A,47,0.3195,18,-3.9511039602673717
1,mismatched,A,48,0.7075,42,-3.1279276704971424
1,mismatched,A,49,0.801,29,-1.4816851834525708
1,mismatched,A,50,0.4786,27,-2.7815539740301944
1,mismatched,A,51,0.488,29,-0.37019661809483356
1,mismatched,A,52,0.8076,32,-2.7838861462369096
1,mismatched,A,53,0.8956,22,-2.302704919637604
1,mismatched,A,54,0.4598,36,-2.046122049621772
1,mismatched,A,55,0.2634,56,-2.5338219977669985
1,mismatched,A,56,0.3536,156,-2.399895512501807
1,mismatched,A,57,0.6828,29,-1.6434216868370202
1,mismatched,A,58,0.4213,15,-3.377750147227198
1,mismatched,A,59,0.9574,12,-3.2909725771751255
1,mismatched,A,60,0.6017,26,-2.255511027915278
1,mismatched,A,61,0.2106,68,-2.380905877886107
1,mismatched,A,62,0.935,32,-0.633371753630172
1,mismatched,A,63,0.2392,89,-2.265920274621054
1,mismatched,A,64,0.5121,34,-2.0906869309659775
1,mismatched,A,65,0.6704,12,-3.9442889938751855
1,mismatched,A,66,0.7789,24,-2.0312058957933914
1,mismatched,A,67,0.7207,33,-1.1598617959446555
1,mismatched,A,68,0.0932,49,-2.6410186525676442
1,mismatched,A,69,0.2279,59,-2.0580755630848433
1,mismatched,A,70,0.8272,38,-2.71895097879889
1,mismatched,A,71,0.6372,35,-1.4434944067491284
1,mismatched,A,72,0.921,26,-2.9977695175374928
1,mismatched,A,73,0.5824,39,-1.093702158642909
1,mismatched,A,74,0.6836,29,-1.4816851834525708
1,mismatched,A,75,0.5193,33,-1.8986894530854912
1,mismatched,A,76,0.4635,38,-2.2368838463781255
1,mismatched,A,77,0.7121,35,-3.1583380984499985
1,mismatched,A,78,0.505,20,-0.9214612833202409
1,mismatched,A,79,0.793,25,-1.9431842742624577
1,mismatched,A,80,0.7389,19,-1.8871260862812818
1,mismatched,A,81,0.0643,24,-1.7728952240625706
1,mismatched,A,82,0.6094,16,-2.2523109566100175
1,mismatched,A,83,0.5004,38,-1.3640887252174587
1,mismatched,A,84,0.0155,16,-2.1944286997131712
1,mismatched,A,85,0.9663,20,-2.3128509666741595
1,mismatched,A,86,0.311,15,-0.4673745408731823
1,mismatched,A,87,0.1732,22,-0.5345897008694671
1,mismatched,A,88,0.0082,30,-2.5261797850524697
1,mismatched,A,89,0.6932,63,-2.613216234211226
1,mismatched,A,90,0.0767,28,-2.004829541773298
1,mismatched,A,91,0.3355,41,-2.6074576290209333
1,mismatched,A,92,0.5209,31,-2.929836893848504
1,mismatched,A,93,0.7244,20,-2.213667141995393
1,mismatched,A,94,0.0255,37,-1.2684722327874232
1,mismatched,A,95,0.949,34,-1.837830664069556
1,mismatched,A,96,0.523,22,-1.8029475216647948
1,mismatched,A,97,0.1751,15,-0.861071968524872
1,mismatched,A,98,0.6071,25,-1.8171547351125628
1,mismatched,A,99,0.5115,20,-3.4658210512949155
1,mismatched,A,100,0.9987,21,-3.8251878200542357
1,mismatched,A,101,0.7803,24,-2.4023577897654227
1,mismatched,A,102,0.3787,27,-2.1735793131757184
1,mismatched,A,103,0.4395,17,-2.0538814992999987
1,mismatched,A,104,0.4363,52,-1.8332549109041234
1,mismatched,A,105,0.0914,17,-2.4077259293373894
1,mismatched,A,106,0.255,53,-2.104157181703793
1,mismatched,A,107,0.0161,15,-3.5549120545387267
1,mismatched,A,108,0.232,181,-2.451287902073563
1,mismatched,A,109,0.5656,33,-1.637076078471375
1,mismatched,A,110,0.3847,25,-3.0148593391478062
1,mismatched,A,111,0.6566,16,-2.6687944284640253
1,mismatched,A,112,0.4781,18,-3.988274803592099
1,mismatched,A,113,0.5495,88,-2.456163618040095
1,mismatched,A,114,0.9155,32,-1.1747387922812607
1,mismatched,A,115,0.1316,35,-2.318830452646528
1,mismatched,A,116,0.7342,29,-2.3525379865394167
1,mismatched,A,117,0.6646,36,-3.029365621507168
1,mismatched,A,118,0.5679,39,-2.138500550328433
1,mismatched,A,119,0.7187,29,-0.3857002434107989
1,mismatched,A,120,0.3734,37,-1.1794384062732175
1,mismatched,A,121,0.1854,30,-3.395771580779304
1,mismatched,A,122,0.4375,18,-0.056069818613953736
1,mismatched,A,123,0.7137,37,-2.610582470774298
1,mismatched,A,124,0.1399,31,-1.6087371672147128
1,mismatched,A,125,0.141,21,-3.1825311579519795
1,mismatched,A,126,0.5481,15,-3.968794417552029
1,mismatched,A,127,0.0358,42,-3.1982489290031872
1,mismatched,A,128,0.1554,48,-2.045932765266722
1,mismatched,A,129,0.7448,36,-2.226988257115914
1,mismatched,A,130,0.2888,13,-2.2785133150621104
1,mismatched,A,131,0.8218,63,-3.0380184302136066
1,mismatched,A,132,0.1131,81,-2.9996799061184083
1,mismatched,A,133,0.5149,16,-3.0903212780031026
1,mismatched,A,134,0.7967,15,-2.6776355018412383
1,mismatched,A,135,0.8335,21,-2.6256690535561313
1,mismatched,A,136,0.9399,30,-2.3866976544066953
1,mismatched,A,137,0.1543,55,-1.1260870400403458
1,mismatched,A,138,0.6915,13,-2.1992095004265697
1,mismatched,A,139,0.6051,25,-1.2493914262298496
1,mismatched,A,140,0.279,14,-1.4316519855388574
1,mismatched,A,141,0.3468,20,-1.905600676033646
1,mismatched,A,142,0.4816,31,-2.7642106058774516
1,mismatched,A,143,0.4874,38,-0.3119419700956075
1,mismatched,A,144,0.713,32,-3.966685269575464
1,mismatched,A,145,0.4223,20,-0.09766516342315298
1,mismatched,A,146,0.2807,23,-2.3099367884190185
1,mismatched,A,147,0.1635,20,-1.1202107390854508
1,mismatched,A,148,0.3054,22,-0.5345897008694671
1,mismatched,A,149,0.6771,40,-0.7880347942614208
1,mismatched,A,150,0.7352,22,-2.08084438724274
1,mismatched,A,151,0.0665,26,-3.7161410527433665
1,mismatched,A,152,0.6177,25,-0.4878076142871214
1,mismatched,A,153,0.8911,33,-2.502124714651004
1,mismatched,A,154,0.0566,15,-2.868822937194879
1,mismatched,A,155,0.0851,32,-3.1445509872719413
1,mismatched,A,156,0.7949,25,-1.5241240150947124
1,mismatched,A,157,0.0305,43,-1.0003071634883507
1,mismatched,A,158,0.3233,24,-3.2213753858425966
1,mismatched,A,159,0.3256,17,-2.7955559332142856
1,mismatched,A,160,0.1013,12,-2.2253071113179126
1,mismatched,A,161,0.9017,14,-1.6108208218772364
1,mismatched,A,162,0.6349,17,-1.3519118275298216
1,mismatched,A,163,0.584,46,-3.316279828062524
1,mismatched,A,164,0.4436,36,-0.6627232777456002
1,mismatched,A,165,0.0595,58,-2.373514341872892
1,mismatched,A,166,0.8973,12,-1.489943717295925
1,mismatched,A,167,0.7057,23,-1.9562140194618183
1,mismatched,A,168,0.3037,20,-2.365177468287584
1,mismatched,A,169,0.1645,19,-1.1949342468655424
1,mismatched,A,170,0.9981,22,-2.093395333264735
1,mismatched,A,171,0.8147,75,-2.8076270574261435
1,mismatched,A,172,0.8245,22,-2.8464040809564968
1,mismatched,A,173,0.2561,72,-2.2774725062336074
1,mismatched,A,174,0.8425,41,-2.1125759781159394
1,mismatched,A,175,0.8447,33,-1.6980043614387272
1,mismatched,A,176,0.2817,25,-2.6340222541603726
1,mismatched,A,177,0.8466,19,-1.6824125824813994
1,mismatched,A,178,0.8298,20,-3.5206854283518623
1,mismatched,A,179,0.2987,56,-2.577531372284284
1,mismatched,A,180,0.4411,23,-3.194451500165641
1,mismatched,A,181,0.1252,57,-1.6117041725875951
1,mismatched,A,182,0.5029,16,-1.91741170649766
1,mismatched,A,183,0.2772,31,-3.491466870997101
1,mismatched,A,184,0.9669,13,-2.571946925125443
1,mismatched,A,185,0.9291,11,-1.6610850317573005
1,mismatched,A,186,0.9556,30,-1.7471134408377111
1,mismatched,A,187,0.0861,50,-2.0358068320584426
1,mismatched,A,188,0.6138,20,-1.5913026565962354
1,mismatched,A,189,0.1287,33,-2.487390543644627
1,mismatched,A,190,0.1669,55,-0.7896977790288805
1,mismatched,A,191,0.9451,20,-3.237183433894097
1,mismatched,A,192,0.6432,18,-1.1756659113982297
1,mismatched,A,193,0.3149,15,-3.1159144967794417
1,mismatched,A,194,0.4127,44,-3.0020402822966306
1,mismatched,A,195,0.3709,15,-2.928912223378817
1,mismatched,A,196,0.9905,27,-2.0318773655841746
1,mismatched,A,197,0.1057,11,-1.2312404621731152
1,mismatched,A,198,0.0264,21,-2.196892615908014
1,mismatched,A,199,0.2173,77,-3.518793928418792
1,mismatched,B,0,0.0586,22,-0.0034685104024393095
1,mismatched,B,1,0.1493,13,-0.015801860570202456
1,mismatched,B,2,0.1877,19,-0.01602293553830685
1,mismatched,B,3,0.2361,48,-0.0018402281065164061
1,mismatched,B,4,0.3202,19,-0.07822050332374363
1,mismatched,B,5,0.361,16,-0.024229898965131724
1,mismatched,B,6,0.4412,22,-0.0031868293931025123
1,mismatched,B,7,0.4831,53,-0.0018838424081002573
1,mismatched,B,8,0.5996,23,-0.0014772660280236184
1,mismatched,B,9,0.6941,18,-0.016452564024802996
1,mismatched,B,10,0.7321,15,-0.021358719649651903
1,mismatched,B,11,0.7799,23,-0.0036460829012709005
1,mismatched,B,12,0.827,33,-0.006378622994540792
1,mismatched,B,13,0.8964,39,-0.011653336100211256
2,cold,A,0,0.879,29,-1.3700690919750145
2,cold,A,1,0.7134,18,-1.9391730490606278
2,cold,A,2,0.0801,52,-3.1106404212240215
2,cold,A,3,0.8034,64,-1.6492760601464624
2,cold,A,4,0.5085,15,-1.6810342165951928
2,cold,A,5,0.6488,30,-3.4596228539943694
2,cold,A,6,0.1175,37,-1.461541694936632
2,cold,A,7,0.8419,37,-2.1108973868178658
2,cold,A,8,0.4872,130,-1.9153325074129568
2,cold,A,9,0.6992,14,-1.5322282455329383
2,cold,A,10,0.5277,31,-3.0112446646014557
2,cold,A,11,0.8804,18,-3.6644436890880265
2,cold,A,12,0.4075,181,-1.8444198830660732
2,cold,A,13,0.7419,24,-1.73967792546091
2,cold,A,14,0.6164,38,-3.68781927031906
2,cold,A,15,0.0287,23,-4.329517661148439
2,cold,A,16,0.8988,13,-0.7023054612084076
2,cold,A,17,0.2212,25,-2.5602572868436253
2,cold,A,18,0.4362,69,-2.607077728440661
2,cold,A,19,0.9629,23,-2.589874042775077
2,cold,A,20,0.7803,16,-2.346156883519143
2,cold,A,21,0.1102,25,-1.0408702187630479
2,cold,A,22,0.7033,12,-3.2278996656338372
2,cold,A,23,0.1321,74,-1.104798742835457
2,cold,A,24,0.9791,55,-2.5024298547958925
2,cold,A,25,0.7111,16,-4.0559219100978225
2,cold,A,26,0.4645,29,-2.4681900295525274
2,cold,A,27,0.1116,22,-2.092601870879827
2,cold,A,28,0.8327,19,-2.6913688888675287
2,cold,A,29,0.2237,18,-0.8035159304942378
2,cold,A,30,0.5252,57,-3.013188723949593
2,cold,A,31,0.8065,20,-1.5087481843598654
2,cold,A,32,0.621,33,-1.0793378668701432
2,cold,A,33,0.5975,30,-1.0006234261905775
2,cold,A,34,0.681,25,-1.6644274545274675
2,cold,A,35,0.1257,21,-0.8379802381331545
2,cold,A,36,0.2077,28,-0.449954901313114
2,cold,A,37,0.5234,17,-2.3040888299617697
2,cold,A,38,0.6012,55,-2.1818930013732327
2,cold,A,39,0.8247,24,-3.3607198918859162
2,cold,A,40,0.8318,26,-2.741448576748903
2,cold,A,41,0.0214,32,-1.3574291451068348
2,cold,A,42,0.0403,19,-2.752163217255944
2,cold,A,43,0.9357,31,-1.0783058420338127
2,cold,A,44,0.3362,41,-2.295571808510165
2,cold,A,45,0.8817,14,-2.08707832600911
2,cold,A,46,0.4934,12,-3.470518476640185
2,cold,A,47,0.7525,15,-0.1278744274362301
2,cold,A,48,0.3565,26,-1.727202038737372
2,cold,A,49,0.2933,16,-1.8755816760931339
2,cold,A,50,0.0432,14,-1.5685421969808107
2,cold,A,51,0.2727,26,-2.7318438335026327
2,cold,A,52,0.3018,30,-2.192028260503624
2,cold,A,53,0.018,26,-2.85434616700961
2,cold,A,54,0.2927,18,-1.6944650163059123
2,cold,A,55,0.9674,45,-1.6809591854799186
2,cold,A,56,0.4261,33,-3.566298906776038
2,cold,A,57,0.4185,86,-2.5009943884404833
2,cold,A,58,0.0934,29,-2.343680481201616
2,cold,A,59,0.7779,22,-2.7201972293498162
2,cold,A,60,0.2832,18,-2.455264667669932
2,cold,A,61,0.9729,37,-3.0406748384286058
2,cold,A,62,0.0534,53,-2.5310732282913415
2,cold,A,63,0.1267,18,-1.69628688354472
2,cold,A,64,0.3403,43,-2.658284065806372
2,cold,A,65,0.6298,21,-3.368759423050852
2,cold,A,66,0.9122,32,-2.653257133817533
2,cold,A,67,0.7371,15,-1.4154785421987375
2,cold,A,68,0.1421,160,-2.6767743180000254
2,cold,A,69,0.4547,23,-1.944926759717814
2,cold,A,70,0.3511,22,-1.6163477540249005
2,cold,A,71,0.3966,18,-4.129997191743718
2,cold,A,72,0.0137,17,-0.8167407126906362
2,cold,A,73,0.9273,45,-1.350785596264177
2,cold,A,74,0.4356,15,-2.8736880416671435
2,cold,A,75,0.632,45,-0.845707727678948
2,cold,A,76,0.2431,21,-1.9364741621982484
2,cold,A,77,0.9666,26,-1.0744994780194213
2,cold,A,78,0.4435,67,-2.0319917873852344
2,cold,A,79,0.3343,32,-1.1953647567080452
2,cold,A,80,0.588,26,-1.7323575260463537
2,cold,A,81,0.7284,13,-3.7859592689917636
2,cold,A,82,0.9134,86,-1.0960244505705452
2,cold,A,83,0.5175,25,-1.3426752258045962
2,cold,A,84,0.5438,26,-2.435200755815738
2,cold,A,85,0.2649,31,-2.5058022336715142
2,cold,A,86,0.9378,17,-2.83463116691393
2,cold,A,87,0.628,15,-1.6967980606481432
2,cold,A,88,0.0464,16,-2.993597960565239
2,cold,A,89,0.0207,32,-1.6229079659917716
2,cold,A,90,0.3942,17,-1.9801594448577173
2,cold,A,91,0.2714,27,-1.038300734007121
2,cold,A,92,0.524,32,-2.261049203661969
2,cold,A,93,0.8558,18,-4.761249441239569
2,cold,A,94,0.3637,25,-1.9993074755184352
2,cold,A,95,0.8212,39,-1.0462000450471607
2,cold,A,96,0.4938,34,-2.5820245206808012
2,cold,A,97,0.37,35,-2.9461227286157996
2,cold,A,98,0.0362,19,-3.920246708942087
2,cold,A,99,0.9051,34,-1.3538127093317385
2,cold,A,100,0.4581,12,-0.787560804747045
2,cold,A,101,0.2633,31,-2.4304762001472313
2,cold,A,102,0.0411,13,-3.492706914360707
2,cold,A,103,0.8587,22,-2.213997483205193
2,cold,A,104,0.7709,162,-2.6348254605063968
2,cold,A,105,0.9903,29,-1.1819547281664764
2,cold,A,106,0.1639,47,-2.3453452209000814
2,cold,A,107,0.1835,21,-2.4455895569352877
2,cold,A,108,0.7663,14,-2.7586489553962434
2,cold,A,109,0.2787,26,-2.157150018387116
2,cold,A,110,0.1211,56,-1.36976055240705
2,cold,A,111,0.7452,43,-1.754674185984609
2,cold,A,112,0.3572,20,-2.9567351120058447
2,cold,A,113,0.4063,38,-1.7811785828671418
2,cold,A,114,0.5358,22,-2.694685497379396
2,cold,A,115,0.6574,22,-1.4814334824384952
2,cold,A,116,0.9245,26,-2.1119738405821127
2,cold,A,117,0.1894,17,-2.1839551809517777
2,cold,A,118,0.8262,19,-3.3906038278027584
2,cold,A,119,0.6555,23,-0.4247398761513266
2,cold,A,120,0.377,18,-4.193904600727062
2,cold,A,121,0.1514,27,-2.2829378687052264
2,cold,A,122,0.0219,29,-2.0974726970247315
2,cold,A,123,0.5012,16,-1.7551323169609532
2,cold,A,124,0.1202,25,-2.8216605908237398
2,cold,A,125,0.1867,35,-1.8794126199259023
2,cold,A,126,0.1727,36,-2.7605282929208546
2,cold,A,127,0.7704,12,-1.688179853061835
2,cold,A,128,0.0459,16,-2.097894406411797
2,cold,A,129,0.4675,16,-0.2467768141104898
2,cold,A,130,0.7896,21,-2.8395848443850853
2,cold,A,131,0.6905,99,-2.4642769921514573
2,cold,A,132,0.6099,31,-3.016768807637779
2,cold,A,133,0.9741,32,-2.937484000605764
2,cold,A,134,0.4469,30,-2.578294969225923
2,cold,A,135,0.4245,60,-1.9771161832647826
2,cold,A,136,0.7384,15,-1.4154785421987375
2,cold,A,137,0.3142,44,-2.340825438949237
2,cold,A,138,0.3325,13,-4.240384688744178
2,cold,A,139,0.4905,75,-2.2394720742237406
2,cold,A,140,0.8276,31,-1.1626620107788532
2,cold,A,141,0.59,22,-2.1317615012680604
2,cold,A,142,0.1046,40,-1.71820548686228
2,cold,A,143,0.9766,35,-3.1094574454905732
2,cold,A,144,0.4961,36,-2.4790265896647017
2,cold,A,145,0.5988,44,-2.911775329224342
2,cold,A,146,0.212,36,-2.704182804145805
2,cold,A,147,0.02,36,-1.7418226508371946
2,cold,A,148,0.7121,16,-1.8291937909671105
2,cold,A,149,0.6687,27,-2.5270890527301364
2,cold,A,150,0.5007,19,-4.994027274219613
2,cold,A,151,0.6136,18,-2.555008851741958
2,cold,A,152,0.9398,34,-0.5026724557152621
2,cold,A,153,0.0751,38,-1.638585939634236
2,cold,A,154,0.5624,63,-2.068674748774468
2,cold,A,155,0.2691,18,-1.4082033441712458
2,cold,A,156,0.1856,26,-2.741330109966489
2,cold,A,157,0.9935,37,-2.968490600021854
2,cold,A,158,0.8057,28,-3.452907006058792
2,cold,A,159,0.3286,43,-1.0771927537374892
2,cold,A,160,0.5455,43,-2.8156808605634196
2,cold,A,161,0.0606,21,-1.2675809194971364
2,cold,A,162,0.2754,17,-1.0955623496762092
2,cold,A,163,0.8094,20,-2.958219449268654
2,cold,A,164,0.0437,16,-1.619093156507006
2,cold,A,165,0.065,33,-2.4994136354758996
2,cold,A,166,0.3102,49,-1.4136395626190983
2,cold,A,167,0.5145,37,-2.6392640151536546
2,cold,A,168,0.1285,15,-3.433991235991319
2,cold,A,169,0.5111,39,-3.6050472309430823
2,cold,A,170,0.4923,14,-1.497407672560907
2,cold,A,171,0.2127,16,-3.5792910531163216
2,cold,A,172,0.8162,20,-2.331122674664948
2,cold,A,173,0.9577,17,-1.4949296786336859
2,cold,A,174,0.2281,25,-1.9140292791184037
2,cold,A,175,0.1573,13,-1.6686955580774407
2,cold,A,176,0.373,37,-2.8054752695575558
2,cold,A,177,0.3125,15,-2.1666479795550306
2,cold,A,178,0.8171,31,-1.8406537119900026
2,cold,A,179,0.4294,19,-2.1253230799675773
2,cold,A,180,0.8308,36,-1.379713414641022
2,cold,A,181,0.673,37,-2.475042774782491
2,cold,A,182,0.5023,14,-2.7836436357881342
2,cold,A,183,0.7258,23,-2.360477508896071
2,cold,A,184,0.5395,40,-1.3699984025111918
2,cold,A,185,0.611,52,-2.8595157189087193
2,cold,A,186,0.6204,22,-1.0574074342360043
2,cold,A,187,0.7987,31,-2.3672741758914086
2,cold,A,188,0.2744,24,-3.6987953279167414
2,cold,A,189,0.3937,21,-2.2862348355175484
2,cold,A,190,0.9847,14,-1.2909723020358277
2,cold,A,191,0.6546,37,-1.1099272430162543
2,cold,A,192,0.2837,26,-3.1621338693989505
2,cold,A,193,0.9484,31,-2.892335255717626
2,cold,A,194,0.7486,47,-1.3947498722056402
2,cold,A,195,0.2573,12,-3.332987204194069
2,cold,A,196,0.6625,17,-1.3808513439657606
2,cold,A,197,0.1624,30,-2.0694069475672827
2,cold,A,198,0.7928,25,-1.0686739718812168
2,cold,A,199,0.3223,37,-2.3624023622833192
2,cold,B,0,0.0,23,-0.0007617796877441477
2,cold,B,1,0.0329,36,-0.00555961366457167
2,cold,B,2,0.0769,17,-0.0030840420183855764
2,cold,B,3,0.0995,19,-0.011301740217277256
2,cold,B,4,0.1217,32,-0.0020441555542873857
2,cold,B,5,0.1719,35,-0.0010866130559796666
2,cold,B,6,0.2236,35,-0.002316202798413412
2,cold,B,7,0.2572,48,-0.0026295399934686734
2,cold,B,8,0.3118,18,-0.007470373147548849
2,cold,B,9,0.3653,16,-0.013837281538144452
2,cold,B,10,0.3869,31,-0.019107590363003715
2,cold,B,11,0.4207,53,-0.003537999435447657
2,cold,B,12,0.4701,87,-0.005904417582596893
2,cold,B,13,0.5602,143,-0.001410782417380077
2,cold,B,14,0.7074,58,-0.001947023944122238
2,cold,B,15,0.7617,63,-0.003669277647026724
2,cold,B,16,0.814,81,-0.0012356563478713297
2,cold,B,17,0.8835,65,-0.0011971539702174665
2,cold,B,18,0.9451,51,-0.007578835965165019
2,warm,A,0,0.879,29,-1.2660683705983282
2,warm,A,1,0.7134,18,-2.107080959766689
2,warm,A,2,0.0801,52,-3.13859093641024
2,warm,A,3,0.8034,64,-1.7640018415381746
2,warm,A,4,0.5085,15,-1.8197628088916342
2,warm,A,5,0.6488,30,-3.6011511951684954
2,warm,A,6,0.1175,37,-1.5236902076851677
2,warm,A,7,0.8419,37,-2.2163566850232765
2,warm,A,8,0.4872,130,-1.928997225276208
2,warm,A,9,0.6992,14,-1.5277286247749413
2,warm,A,10,0.5277,31,-3.026936770994179
2,warm,A,11,0.8804,18,-3.560740469644467
2,warm,A,12,0.4075,181,-1.8050322974607533
2,warm,A,13,0.7419,24,-1.6755081296254655
2,warm,A,14,0.6164,38,-3.551872984359139
2,warm,A,15,0.0287,23,-4.386289770188539
2,warm,A,16,0.8988,13,-0.7950384750102575
2,warm,A,17,0.2212,25,-2.4981407236515225
2,warm,A,18,0.4362,69,-2.575841956484246
2,warm,A,19,0.9629,23,-2.491605667873164
2,warm,A,20,0.7803,16,-2.2348512953612953
2,warm,A,21,0.1102,25,-1.0321176275091783
2,warm,A,22,0.7033,12,-3.2168634658058486
2,warm,A,23,0.1321,74,-1.0778653330910586
2,warm,A,24,0.9791,55,-2.5195749294959984
2,warm,A,25,0.7111,16,-4.003679591231048
2,warm,A,26,0.4645,29,-2.4276438754629988
2,warm,A,27,0.1116,22,-2.0917386570601426
2,warm,A,28,0.8327,19,-2.635027451538726
2,warm,A,29,0.2237,18,-0.9651112140839663
2,warm,A,30,0.5252,57,-2.974304433631723
2,warm,A,31,0.8065,20,-1.6204645446501673
2,warm,A,32,0.621,33,-1.029797582668173
2,warm,A,33,0.5975,30,-0.9835073367160779
2,warm,A,34,0.681,25,-1.748618586845696
2,warm,A,35,0.1257,21,-0.7667675794121654
2,warm,A,36,0.2077,28,-0.48719175117249897
2,warm,A,37,0.5234,17,-2.3119020516271975
2,warm,A,38,0.6012,55,-2.2522090147191194
2,warm,A,39,0.8247,24,-3.378521238376076
2,warm,A,40,0.8318,26,-2.7145595657975368
2,warm,A,41,0.0214,32,-1.4768173405836933
2,warm,A,42,0.0403,19,-2.6100981486471078
2,warm,A,43,0.9357,31,-1.137767485652735
2,warm,A,44,0.3362,41,-2.2549335259841983
2,warm,A,45,0.8817,14,-2.1235581858374126
2,warm,A,46,0.4934,12,-3.5249200661977134
2,warm,A,47,0.7525,15,-0.035800147380602235
2,warm,A,48,0.3565,26,-1.7228046193306978
2,warm,A,49,0.2933,16,-1.8466044985689223
2,warm,A,50,0.0432,14,-1.5453463245149968
2,warm,A,51,0.2727,26,-2.9113556228604955
2,warm,A,52,0.3018,30,-2.199859418693571
2,warm,A,53,0.018,26,-2.9229462935159414
2,warm,A,54,0.2927,18,-1.73008911419634
2,warm,A,55,0.9674,45,-1.7007161999764018
2,warm,A,56,0.4261,33,-3.5508090291510928
2,warm,A,57,0.4185,86,-2.5008383004893657
2,warm,A,58,0.0934,29,-2.3343455769314336
2,warm,A,59,0.7779,22,-2.6993481439474802
2,warm,A,60,0.2832,18,-2.4859254020783634
2,warm,A,61,0.9729,37,-3.0335489369062016
2,warm,A,62,0.0534,53,-2.4636587090460793
2,warm,A,63,0.1267,18,-1.6667313500640577
2,warm,A,64,0.3403,43,-2.596180184782201
2,warm,A,65,0.6298,21,-3.5615248199374903
2,warm,A,66,0.9122,32,-2.636818619823316
2,warm,A,67,0.7371,15,-1.496740103016297
2,warm,A,68,0.1421,160,-2.6792269806888727
2,warm,A,69,0.4547,23,-1.863374763512579
2,warm,A,70,0.3511,22,-1.6757982173638248
2,warm,A,71,0.3966,18,-4.282458894679116
2,warm,A,72,0.0137,17,-0.8427755999959224
2,warm,A,73,0.9273,45,-1.4679462821478308
2,warm,A,74,0.4356,15,-2.872243006527424
2,warm,A,75,0.632,45,-1.099235246811683
2,warm,A,76,0.2431,21,-1.9491565592941784
2,warm,A,77,0.9666,26,-1.1854101500237517
2,warm,A,78,0.4435,67,-2.0241416987568597
2,warm,A,79,0.3343,32,-1.1343480568267523
2,warm,A,80,0.588,26,-1.8453392688220798
2,warm,A,81,0.7284,13,-3.843122587754176
2,warm,A,82,0.9134,86,-1.054316244442097
2,warm,A,83,0.5175,25,-1.3281294695108228
2,warm,A,84,0.5438,26,-2.477312046998682
2,warm,A,85,0.2649,31,-2.410172311418254
2,warm,A,86,0.9378,17,-2.870422424200703
2,warm,A,87,0.628,15,-1.640530977336069
2,warm,A,88,0.0464,16,-3.0693799974396825
2,warm,A,89,0.0207,32,-1.5636793568367011
2,warm,A,90,0.3942,17,-2.0040410644724034
2,warm,A,91,0.2714,27,-1.0279643439487833
2,warm,A,92,0.524,32,-2.1543979599791783
2,warm,A,93,0.8558,18,-4.768923165069686
2,warm,A,94,0.3637,25,-2.0455856277747078
2,warm,A,95,0.8212,39,-0.975384184681715
2,warm,A,96,0.4938,34,-2.6241622677771375
2,warm,A,97,0.37,35,-2.877431803968336
2,warm,A,98,0.0362,19,-3.8751991143646207
2,warm,A,99,0.9051,34,-1.3384920149435535
2,warm,A,100,0.4581,12,-0.8653709407468947
2,warm,A,101,0.2633,31,-2.567455374985002
2,warm,A,102,0.0411,13,-3.5765697268339305
2,warm,A,103,0.8587,22,-2.355783996177541
2,warm,A,104,0.7709,162,-2.61240661726185
2,warm,A,105,0.9903,29,-1.471098308393266
2,warm,A,106,0.1639,47,-2.299223182440557
2,warm,A,107,0.1835,21,-2.4540190375631763
2,warm,A,108,0.7663,14,-2.716694719025067
2,warm,A,109,0.2787,26,-2.181878150655673
2,warm,A,110,0.1211,56,-1.5016225479051042
2,warm,A,111,0.7452,43,-1.7914516316087365
2,warm,A,112,0.3572,20,-2.8144362362334503
2,warm,A,113,0.4063,38,-1.6872056347331779
2,warm,A,114,0.5358,22,-2.766665773994067
2,warm,A,115,0.6574,22,-1.5488721611274576
2,warm,A,116,0.9245,26,-2.186460161044334
2,warm,A,117,0.1894,17,-2.262660795959699
2,warm,A,118,0.8262,19,-3.303565342567469
2,warm,A,119,0.6555,23,-0.421507986986873
2,warm,A,120,0.377,18,-4.605125450632638
2,warm,A,121,0.1514,27,-2.4718555142344147
2,warm,A,122,0.0219,29,-2.1223165064624605
2,warm,A,123,0.5012,16,-1.5816425271041226
2,warm,A,124,0.1202,25,-2.8644034330919386
2,warm,A,125,0.1867,35,-1.9115132319308552
2,warm,A,126,0.1727,36,-2.7293900822341026
2,warm,A,127,0.7704,12,-1.5848676307747762
2,warm,A,128,0.0459,16,-2.0966000482439995
2,warm,A,129,0.4675,16,-0.29982891314102744
2,warm,A,130,0.7896,21,-2.918670759505836
2,warm,A,131,0.6905,99,-2.4143919651631753
2,warm,A,132,0.6099,31,-2.9636604624759078
2,warm,A,133,0.9741,32,-3.0598549626301974
2,warm,A,134,0.4469,30,-2.711494382036229
2,warm,A,135,0.4245,60,-1.9677044665985401
2,warm,A,136,0.7384,15,-1.496740103016297
2,warm,A,137,0.3142,44,-2.42874853404514
2,warm,A,138,0.3325,13,-4.1705037859769964
2,warm,A,139,0.4905,75,-2.168141643269725
2,warm,A,140,0.8276,31,-1.1487490844231234
2,warm,A,141,0.59,22,-1.9972690537741238
2,warm,A,142,0.1046,40,-1.7664847381771325
2,warm,A,143,0.9766,35,-3.0516881466976233
2,warm,A,144,0.4961,36,-2.4753770688289984
2,warm,A,145,0.5988,44,-2.879204041605011
2,warm,A,146,0.212,36,-2.6321401212339373
2,warm,A,147,0.02,36,-1.7470554378038894
2,warm,A,148,0.7121,16,-1.8967935587279499
2,warm,A,149,0.6687,27,-2.6575251580129757
2,warm,A,150,0.5007,19,-4.8900038741136855
2,warm,A,151,0.6136,18,-2.4859347562629006
2,warm,A,152,0.9398,34,-0.5826062817680341
2,warm,A,153,0.0751,38,-1.5933238472927387
2,warm,A,154,0.5624,63,-2.013855336757395
2,warm,A,155,0.2691,18,-1.3331250840177138
2,warm,A,156,0.1856,26,-2.7841210529799216
2,warm,A,157,0.9935,37,-2.979933933339576
2,warm,A,158,0.8057,28,-3.4101683604437443
2,warm,A,159,0.3286,43,-1.1033276626934991
2,warm,A,160,0.5455,43,-2.7950258931188388
2,warm,A,161,0.0606,21,-1.3670758149563058
2,warm,A,162,0.2754,17,-1.087733160923509
2,warm,A,163,0.8094,20,-2.9161933012583177
2,warm,A,164,0.0437,16,-1.7480803454236593
2,warm,A,165,0.065,33,-2.425007787628353
2,warm,A,166,0.3102,49,-1.498142865052744
2,warm,A,167,0.5145,37,-2.667990750104592
2,warm,A,168,0.1285,15,-3.643425164744258
2,warm,A,169,0.5111,39,-3.6998855769660364
2,warm,A,170,0.4923,14,-1.5103129828348756
2,warm,A,171,0.2127,16,-3.5230989875271916
2,warm,A,172,0.8162,20,-2.276697216305183
2,warm,A,173,0.9577,17,-1.4628676306439208
2,warm,A,174,0.2281,25,-2.0252174352505246
2,warm,A,175,0.1573,13,-1.657662304077978
2,warm,A,176,0.373,37,-2.7559923466320173
2,warm,A,177,0.3125,15,-2.1258673535039025
2,warm,A,178,0.8171,31,-1.7865708797208724
2,warm,A,179,0.4294,19,-2.259960596792792
2,warm,A,180,0.8308,36,-1.4624295407114307
2,warm,A,181,0.673,37,-2.403377889277967
2,warm,A,182,0.5023,14,-2.797561359192644
2,warm,A,183,0.7258,23,-2.365746198222041
2,warm,A,184,0.5395,40,-1.3848909995722352
2,warm,A,185,0.611,52,-2.9096704689935415
2,warm,A,186,0.6204,22,-0.9566222184962085
2,warm,A,187,0.7987,31,-2.333863759468753
2,warm,A,188,0.2744,24,-3.8417055206373334
2,warm,A,189,0.3937,21,-2.280857766934094
2,warm,A,190,0.9847,14,-1.1644750870099025
2,warm,A,191,0.6546,37,-1.1235437942643232
2,warm,A,192,0.2837,26,-3.1796627781276094
2,warm,A,193,0.9484,31,-2.728318769695057
2,warm,A,194,0.7486,47,-1.4544664427290974
2,warm,A,195,0.2573,12,-3.2109371150533357
2,warm,A,196,0.6625,17,-1.28458405848976
2,warm,A,197,0.1624,30,-2.1487233334764215
2,warm,A,198,0.7928,25,-1.267176954562019
2,warm,A,199,0.3223,37,-2.32646716763643
2,warm,B,0,0.0,23,-0.0038457113939092897
2,warm,B,1,0.0329,36,-0.03665799286180674
2,warm,B,2,0.0769,17,-0.009182787703192682
2,warm,B,3,0.0995,19,-0.015709771706927934
2,warm,B,4,0.1217,32,-0.00785651931585818
2,warm,B,5,0.1719,35,-0.026859906745214955
2,warm,B,6,0.2236,35,-0.0030183831980658787
2,warm,B,7,0.2572,48,-0.002318546740805042
2,warm,B,8,0.3118,18,-0.01757757087762002
2,warm,B,9,0.3653,16,-0.011989713124876289
2,warm,B,10,0.3869,31,-0.10008428343117122
2,warm,B,11,0.4207,53,-0.0037333483051729417
2,warm,B,12,0.4701,87,-0.007284378405424884
2,warm,B,13,0.5602,143,-0.0019428209491395448
2,warm,B,14,0.7074,58,-0.0021796228704480543
2,warm,B,15,0.7617,63,-0.005406192402121619
2,warm,B,16,0.814,81,-0.002306471504681089
2,warm,B,17,0.8835,65,-0.0022161553427465083
2,warm,B,18,0.9451,51,-0.008178925027844825
2,mismatched,A,0,0.879,29,-1.2664926743299443
2,mismatched,A,1,0.7134,18,-2.111366868232532
2,mismatched,A,2,0.0801,52,-3.240570824264488
2,mismatched,A,3,0.8034,64,-1.7739354894492863
2,mismatched,A,4,0.5085,15,-1.7291261106108626
2,mismatched,A,5,0.6488,30,-3.9174545824527742
2,mismatched,A,6,0.1175,37,-1.5328738827736594
2,mismatched,A,7,0.8419,37,-2.2739139273164897
2,mismatched,A,8,0.4872,130,-1.9301064881010321
2,mismatched,A,9,0.6992,14,-1.5781819401308894
2,mismatched,A,10,0.5277,31,-3.03526300005427
2,mismatched,A,11,0.8804,18,-3.6514464407745333
2,mismatched,A,12,0.4075,181,-1.8201309654082478
2,mismatched,A,13,0.7419,24,-1.5386728908668676
2,mismatched,A,14,0.6164,38,-3.577620323355261
2,mismatched,A,15,0.0287,23,-4.4418054833684275
2,mismatched,A,16,0.8988,13,-0.7602977694298786
2,mismatched,A,17,0.2212,25,-2.559807619603598
2,mismatched,A,18,0.4362,69,-2.584242137855904
2,mismatched,A,19,0.9629,23,-2.6452093971336423
2,mismatched,A,20,0.7803,16,-2.243013753555715
2,mismatched,A,21,0.1102,25,-1.0463920435894396
2,mismatched,A,22,0.7033,12,-3.3919410382707915
2,mismatched,A,23,0.1321,74,-1.0921246830045208
2,mismatched,A,24,0.9791,55,-2.6012553475728386
2,mismatched,A,25,0.7111,16,-3.841462935321033
2,mismatched,A,26,0.4645,29,-2.577289703559002
2,mismatched,A,27,0.1116,22,-2.1095292314421386
2,mismatched,A,28,0.8327,19,-2.6908819706816423
2,mismatched,A,29,0.2237,18,-0.9936555786811773
2,mismatched,A,30,0.5252,57,-3.0798579588718304
2,mismatched,A,31,0.8065,20,-1.668317779060453
2,mismatched,A,32,0.621,33,-1.103757481591663
2,mismatched,A,33,0.5975,30,-1.0087161968177194
2,mismatched,A,34,0.681,25,-1.7844637366663665
2,mismatched,A,35,0.1257,21,-0.7501112269771207
2,mismatched,A,36,0.2077,28,-0.526628335211951
2,mismatched,A,37,0.5234,17,-2.325438952018671
2,mismatched,A,38,0.6012,55,-2.307723761389339
2,mismatched,A,39,0.8247,24,-3.4111971978175766
2,mismatched,A,40,0.8318,26,-2.743868746721406
2,mismatched,A,41,0.0214,32,-1.5524603454778116
2,mismatched,A,42,0.0403,19,-2.651279916888789
2,mismatched,A,43,0.9357,31,-1.2296909973280685
2,mismatched,A,44,0.3362,41,-2.407379192038916
2,mismatched,A,45,0.8817,14,-2.1928695382058714
2,mismatched,A,46,0.4934,12,-3.530981888373693
2,mismatched,A,47,0.7525,15,-0.03049045889444339
2,mismatched,A,48,0.3565,26,-2.0067079103945824
2,mismatched,A,49,0.2933,16,-1.897810460679466
2,mismatched,A,50,0.0432,14,-1.5925179802330345
2,mismatched,A,51,0.2727,26,-3.004240640864457
2,mismatched,A,52,0.3018,30,-2.379914812033773
2,mismatched,A,53,0.018,26,-3.1818936850445776
2,mismatched,A,54,0.2927,18,-1.7824073463044543
2,mismatched,A,55,0.9674,45,-1.6788362757334754
2,mismatched,A,56,0.4261,33,-3.582814953092373
2,mismatched,A,57,0.4185,86,-2.531348877193861
2,mismatched,A,58,0.0934,29,-2.365731429437111
2,mismatched,A,59,0.7779,22,-2.747426411602646
2,mismatched,A,60,0.2832,18,-2.595893205867873
2,mismatched,A,61,0.9729,37,-3.068957643458349
2,mismatched,A,62,0.0534,53,-2.4997647787523367
2,mismatched,A,63,0.1267,18,-1.7133736491660885
2,mismatched,A,64,0.3403,43,-2.7078706921229876
2,mismatched,A,65,0.6298,21,-3.468488409405663
2,mismatched,A,66,0.9122,32,-2.629841704881983
2,mismatched,A,67,0.7371,15,-1.3864287397513786
2,mismatched,A,68,0.1421,160,-2.688764034338237
2,mismatched,A,69,0.4547,23,-1.8609740460714144
2,mismatched,A,70,0.3511,22,-1.7093093627428806
2,mismatched,A,71,0.3966,18,-4.308859812328592
2,mismatched,A,72,0.0137,17,-0.9426615855807219
2,mismatched,A,73,0.9273,45,-1.563430162117907
2,mismatched,A,74,0.4356,15,-3.1266370768348377
2,mismatched,A,75,0.632,45,-1.348225342658245
2,mismatched,A,76,0.2431,21,-2.08169689171371
2,mismatched,A,77,0.9666,26,-1.2384389646283405
2,mismatched,A,78,0.4435,67,-2.0627048043673164
2,mismatched,A,79,0.3343,32,-1.1716886616674742
2,mismatched,A,80,0.588,26,-1.8836277028671107
2,mismatched,A,81,0.7284,13,-3.8395285170811873
2,mismatched,A,82,0.9134,86,-1.068098970694294
2,mismatched,A,83,0.5175,25,-1.3727904832240894
2,mismatched,A,84,0.5438,26,-2.561245511440435
2,mismatched,A,85,0.2649,31,-2.577912589485359
2,mismatched,A,86,0.9378,17,-3.2046022134668686
2,mismatched,A,87,0.628,15,-1.7033641912663977
2,mismatched,A,88,0.0464,16,-3.075355388224125
2,mismatched,A,89,0.0207,32,-1.6364238141200076
2,mismatched,A,90,0.3942,17,-2.029434290242053
2,mismatched,A,91,0.2714,27,-1.0629301877696113
2,mismatched,A,92,0.524,32,-2.2311589596865815
2,mismatched,A,93,0.8558,18,-4.560868984295262
2,mismatched,A,94,0.3637,25,-2.2875121063971893
2,mismatched,A,95,0.8212,39,-0.9760518229345624
2,mismatched,A,96,0.4938,34,-2.6479200860416956
2,mismatched,A,97,0.37,35,-2.9048118848087534
2,mismatched,A,98,0.0362,19,-3.8015383579278073
2,mismatched,A,99,0.9051,34,-1.3706032484658541
2,mismatched,A,100,0.4581,12,-0.8686743375146762
2,mismatched,A,101,0.2633,31,-2.7022243688378724
2,mismatched,A,102,0.0411,13,-3.4056199674422922
2,mismatched,A,103,0.8587,22,-2.403189022084751
2,mismatched,A,104,0.7709,162,-2.7278930494364353
2,mismatched,A,105,0.9903,29,-1.6789565877707933
2,mismatched,A,106,0.1639,47,-2.2664980225245213
2,mismatched,A,107,0.1835,21,-2.5723243529597917
2,mismatched,A,108,0.7663,14,-2.637952221291406
2,mismatched,A,109,0.2787,26,-2.20114116026805
2,mismatched,A,110,0.1211,56,-1.5291591851720503
2,mismatched,A,111,0.7452,43,-1.7440030404196414
2,mismatched,A,112,0.3572,20,-2.8556217955541796
2,mismatched,A,113,0.4063,38,-1.6792988944898273
2,mismatched,A,114,0.5358,22,-3.2175474809350404
2,mismatched,A,115,0.6574,22,-1.6335272983944213
2,mismatched,A,116,0.9245,26,-2.1451137349582634
2,mismatched,A,117,0.1894,17,-2.2916366061853135
2,mismatched,A,118,0.8262,19,-3.2959411003087697
2,mismatched,A,119,0.6555,23,-0.4217972142091046
2,mismatched,A,120,0.377,18,-4.445740982269247
2,mismatched,A,121,0.1514,27,-2.6484798256445816
2,mismatched,A,122,0.0219,29,-2.2178588500326692
2,mismatched,A,123,0.5012,16,-1.443728019890841
2,mismatched,A,124,0.1202,25,-2.89106882750988
2,mismatched,A,125,0.1867,35,-2.0185490546116074
2,mismatched,A,126,0.1727,36,-2.7457100500986495
2,mismatched,A,127,0.7704,12,-1.6169003403435152
2,mismatched,A,128,0.0459,16,-2.1866601067595184
2,mismatched,A,129,0.4675,16,-0.30643652169055713
2,mismatched,A,130,0.7896,21,-2.9507724971962963
2,mismatched,A,131,0.6905,99,-2.447078941218235
2,mismatched,A,132,0.6099,31,-2.8923380144837973
2,mismatched,A,133,0.9741,32,-3.073858716452378
2,mismatched,A,134,0.4469,30,-2.755463557628294
2,mismatched,A,135,0.4245,60,-2.0019354286254383
2,mismatched,A,136,0.7384,15,-1.3864287397513786
2,mismatched,A,137,0.3142,44,-2.4570649256374137
2,mismatched,A,138,0.3325,13,-4.259345999130836
2,mismatched,A,139,0.4905,75,-2.1777735006128207
2,mismatched,A,140,0.8276,31,-1.1319782734696469
2,mismatched,A,141,0.59,22,-2.0481890188741754
2,mismatched,A,142,0.1046,40,-1.7942442178533384
2,mismatched,A,143,0.9766,35,-3.0924452973263605
2,mismatched,A,144,0.4961,36,-2.495835344797039
2,mismatched,A,145,0.5988,44,-2.9415266323591243
2,mismatched,A,146,0.212,36,-2.6548817250042904
2,mismatched,A,147,0.02,36,-1.7511430079272639
2,mismatched,A,148,0.7121,16,-1.9661871204443742
2,mismatched,A,149,0.6687,27,-2.794952164166952
2,mismatched,A,150,0.5007,19,-4.967888794447246
2,mismatched,A,151,0.6136,18,-2.543805270058025
2,mismatched,A,152,0.9398,34,-0.5502751163339246
2,mismatched,A,153,0.0751,38,-1.597798256427938
2,mismatched,A,154,0.5624,63,-1.99987882295019
2,mismatched,A,155,0.2691,18,-1.3789638324330251
2,mismatched,A,156,0.1856,26,-2.790379563633066
2,mismatched,A,157,0.9935,37,-3.0473505199033015
2,mismatched,A,158,0.8057,28,-3.508518839975295
2,mismatched,A,159,0.3286,43,-1.1731407759835684
2,mismatched,A,160,0.5455,43,-2.867793137987339
2,mismatched,A,161,0.0606,21,-1.3766390644949362
2,mismatched,A,162,0.2754,17,-1.0951329293825172
2,mismatched,A,163,0.8094,20,-2.9917308332449464
2,mismatched,A,164,0.0437,16,-1.7771307351067662
2,mismatched,A,165,0.065,33,-2.476844471962205
2,mismatched,A,166,0.3102,49,-1.4498874012740774
2,mismatched,A,167,0.5145,37,-2.7187518709767104
2,mismatched,A,168,0.1285,15,-3.7711876310097674
2,mismatched,A,169,0.5111,39,-3.784740231361073
2,mismatched,A,170,0.4923,14,-1.5362375095885779
2,mismatched,A,171,0.2127,16,-3.56327486038208
2,mismatched,A,172,0.8162,20,-2.2638711290608624
2,mismatched,A,173,0.9577,17,-1.4391738971496713
2,mismatched,A,174,0.2281,25,-2.1073187937051987
2,mismatched,A,175,0.1573,13,-1.8195003394055396
2,mismatched,A,176,0.373,37,-2.8157447975355425
2,mismatched,A,177,0.3125,15,-2.2280617243920764
2,mismatched,A,178,0.8171,31,-1.9056268982108562
2,mismatched,A,179,0.4294,19,-2.3655541824961177
2,mismatched,A,180,0.8308,36,-1.5070826316258616
2,mismatched,A,181,0.673,37,-2.4314055866939395
2,mismatched,A,182,0.5023,14,-2.7358299552329948
2,mismatched,A,183,0.7258,23,-2.4233815723463246
2,mismatched,A,184,0.5395,40,-1.3867605354111219
2,mismatched,A,185,0.611,52,-2.9342641217229426
2,mismatched,A,186,0.6204,22,-1.0886645685955458
2,mismatched,A,187,0.7987,31,-2.445839211991575
2,mismatched,A,188,0.2744,24,-3.8519258623321853
2,mismatched,A,189,0.3937,21,-2.290532424779875
2,mismatched,A,190,0.9847,14,-1.1692334068606474
2,mismatched,A,191,0.6546,37,-1.1483688217557682
2,mismatched,A,192,0.2837,26,-3.538447345932162
2,mismatched,A,193,0.9484,31,-2.7868268979805326
2,mismatched,A,194,0.7486,47,-1.5600668174317454
2,mismatched,A,195,0.2573,12,-3.174166296919187
2,mismatched,A,196,0.6625,17,-1.4116220077472355
2,mismatched,A,197,0.1624,30,-2.1759632964385673
2,mismatched,A,198,0.7928,25,-1.425108961938531
2,mismatched,A,199,0.3223,37,-2.321868637450845
2,mismatched,B,0,0.0,23,-0.00878240828710066
2,mismatched,B,1,0.0329,36,-0.03965195835186503
2,mismatched,B,2,0.0769,17,-0.017755954130895108
2,mismatched,B,3,0.0995,19,-0.019151145701566986
2,mismatched,B,4,0.1217,32,-0.014664753655736718
2,mismatched,B,5,0.1719,35,-0.017897016492289756
2,mismatched,B,6,0.2236,35,-0.007190296348017
2,mismatched,B,7,0.2572,48,-0.006313253837381201
2,mismatched,B,8,0.3118,18,-0.018561453936854377
2,mismatched,B,9,0.3653,16,-0.010624401229506475
2,mismatched,B,10,0.3869,31,-0.0794165868078637
2,mismatched,B,11,0.4207,53,-0.007305295520708106
2,mismatched,B,12,0.4701,87,-0.006196831890175135
2,mismatched,B,13,0.5602,143,-0.0021564763210971524
2,mismatched,B,14,0.7074,58,-0.0022046716821148885
2,mismatched,B,15,0.7617,63,-0.003260727026491579
2,mismatched,B,16,0.814,81,-0.0017687013770441415
2,mismatched,B,17,0.8835,65,-0.0020719015610946093
2,mismatched,B,18,0.9451,51,-0.008333279291999882
3,cold,A,0,0.9927,86,-2.933293029649703
3,cold,A,1,0.4191,45,-2.693382447308654
3,cold,A,2,0.9293,30,-3.305535962556799
3,cold,A,3,0.1015,18,-1.112546786295651
3,cold,A,4,0.8047,29,-2.531227429911237
3,cold,A,5,0.0751,36,-1.690123504334123
3,cold,A,6,0.6583,24,-2.40451350947842
3,cold,A,7,0.1303,37,-2.7169582516905173
3,cold,A,8,0.0133,21,-2.801999273887348
3,cold,A,9,0.0426,67,-2.987379687433409
3,cold,A,10,0.329,18,-0.33711475182563944
3,cold,A,11,0.9791,13,-2.0642376702565413
3,cold,A,12,0.0351,27,-0.17762805495645065
3,cold,A,13,0.0092,50,-2.1514538858964807
3,cold,A,14,0.565,22,-1.8002736270427704
3,cold,A,15,0.6805,27,-2.023423488424332
3,cold,A,16,0.1748,27,-2.0114634135841496
3,cold,A,17,0.5026,12,-1.616539964704619
3,cold,A,18,0.3733,115,-2.1586765501903162
3,cold,A,19,0.16,15,-1.9340407836406182
3,cold,A,20,0.0991,25,-3.165463751591742
3,cold,A,21,0.591,38,-2.062916049357706
3,cold,A,22,0.9871,54,-3.3973211277345263
3,cold,A,23,0.0734,17,-3.814233023454161
3,cold,A,24,0.2385,20,-1.9150187341307174
3,cold,A,25,0.0277,26,-1.2911807880736887
3,cold,A,26,0.5118,13,-2.262986931663293
3,cold,A,27,0.0389,58,-2.026523018551635
3,cold,A,28,0.4442,15,-3.2586902107732993
3,cold,A,29,0.8221,49,-2.654448438246915
3,cold,A,30,0.324,21,-2.653840348834083
3,cold,A,31,0.0183,45,-2.514090462986173
3,cold,A,32,0.9737,45,-2.955265249874597
3,cold,A,33,0.5188,13,-2.4109829110854593
3,cold,A,34,0.5276,47,-2.7030118813780333
3,cold,A,35,0.2756,31,-2.4621101969781694
3,cold,A,36,0.5836,34,-0.8752241034827046
3,cold,A,37,0.1743,12,-2.3179922378233946
3,cold,A,38,0.328,14,-0.7866630284074095
3,cold,A,39,0.275,12,-1.690175338066183
3,cold,A,40,0.9583,25,-1.6710552194714545
3,cold,A,41,0.3429,42,-1.9854686312986207
3,cold,A,42,0.3682,29,-1.9817223482326694
3,cold,A,43,0.3543,29,-1.5307022351470518
3,cold,A,44,0.9729,39,-2.8360161518098606
3,cold,A,45,0.8161,32,-1.4186235264960487
3,cold,A,46,0.914,88,-2.7804133512234497
3,cold,A,47,0.8188,26,-2.915480170542231
3,cold,A,48,0.0372,39,-1.9801601746070305
3,cold,A,49,0.1647,25,-2.707407313678414
3,cold,A,50,0.2826,17,-3.1163952413069853
3,cold,A,51,0.5159,24,-1.3645579074339669
3,cold,A,52,0.8366,44,-3.909039979091507
3,cold,A,53,0.4457,24,-1.4505174192308914
3,cold,A,54,0.3934,36,-1.6159150595883855
3,cold,A,55,0.8857,16,-1.6705489712185226
3,cold,A,56,0.6029,86,-2.817437337096889
3,cold,A,57,0.1358,31,-0.7882620006519926
3,cold,A,58,0.4376,21,-2.0873089530837854
3,cold,A,59,0.6129,24,-1.7117446653234463
3,cold,A,60,0.5802,18,-1.8025953736311446
3,cold,A,61,0.203,37,-2.6709610336048
3,cold,A,62,0.2573,19,-2.3935243533005153
3,cold,A,63,0.6005,107,-2.743946063924128
3,cold,A,64,0.747,23,-1.7282989803921815
3,cold,A,65,0.2862,24,-1.0651894738260428
3,cold,A,66,0.6157,22,-2.291017495941064
3,cold,A,67,0.1754,22,-2.5971225463700565
3,cold,A,68,0.6749,42,-2.4813513857135105
3,cold,A,69,0.4146,43,-1.154626273351358
3,cold,A,70,0.5682,36,-3.784824162721634
3,cold,A,71,0.7041,14,-1.7367281140759587
3,cold,A,72,0.6356,18,-2.378246962021674
3,cold,A,73,0.8289,17,-3.146116217269617
3,cold,A,74,0.6241,21,-1.2382704041942598
3,cold,A,75,0.526,32,-2.3935252293667872
3,cold,A,76,0.4109,25,-2.9102495781425386
3,cold,A,77,0.3026,18,-2.289026975735194
3,cold,A,78,0.5565,40,-1.6039815878528316
3,cold,A,79,0.2067,39,-2.076067328762572
3,cold,A,80,0.1472,27,-2.98646418735303
3,cold,A,81,0.0199,23,-3.132283847414605
3,cold,A,82,0.2128,18,-2.704869679899679
3,cold,A,83,0.18,23,-2.9287228973015496
3,cold,A,84,0.2011,24,-1.1261487653270403
3,cold,A,85,0.7933,13,-2.7218188230807963
3,cold,A,86,0.3715,23,-1.8097674389693723
3,cold,A,87,0.4544,19,-1.9967885922393946
3,cold,A,88,0.3212,72,-2.712042910227966
3,cold,A,89,0.9635,28,-3.0015662593983246
3,cold,A,90,0.7156,75,-2.736970090114046
3,cold,A,91,0.8638,37,-3.3448739306548156
3,cold,A,92,0.7372,25,-2.3985423689102756
3,cold,A,93,0.4411,14,-1.1610097172004836
3,cold,A,94,0.3628,29,-3.0948660896512967
3,cold,A,95,0.9209,15,-2.5144123543029613
3,cold,A,96,0.8879,26,-1.7888353153584131
3,cold,A,97,0.9642,28,-1.7943126672887177
3,cold,A,98,0.1426,13,-1.7124302936449216
3,cold,A,99,0.725,36,-3.324484132540723
3,cold,A,100,0.1731,23,-0.18933143205867964
3,cold,A,101,0.0979,51,-2.4991246144088697
3,cold,A,102,0.4672,33,-3.2348791103048082
3,cold,A,103,0.0193,14,-2.1195707946483577
3,cold,A,104,0.8573,37,-2.704768934409839
3,cold,A,105,0.959,20,-2.034307772573084
3,cold,A,106,0.7047,25,-1.7012118287174962
3,cold,A,107,0.3126,26,-1.992037589780431
3,cold,A,108,0.8996,30,-1.4502321649556202
3,cold,A,109,0.2867,45,-2.764254410295851
3,cold,A,110,0.5106,31,-3.5350675399625495
3,cold,A,111,0.0127,19,-2.8243304460231324
3,cold,A,112,0.5422,11,-1.8991990699009462
3,cold,A,113,0.2553,39,-2.8508482314982055
3,cold,A,114,0.348,12,-1.8616824644753553
3,cold,A,115,0.7956,21,-2.1607856776210523
3,cold,A,116,0.9362,29,-2.987023156019859
3,cold,A,117,0.5987,78,-2.323433002998055
3,cold,A,118,0.6629,30,-1.47020079517982
3,cold,A,119,0.8488,24,-2.8749159541912377
3,cold,A,120,0.2735,13,-2.4511530307623057
3,cold,A,121,0.8425,34,-4.147444339359508
3,cold,A,122,0.8246,26,-3.1751088655577266
3,cold,A,123,0.0851,25,-2.1433232048898936
3,cold,A,124,0.6275,26,-1.863909167107732
3,cold,A,125,0.413,19,-2.2951706427787655
3,cold,A,126,0.4287,21,-2.766159990225874
3,cold,A,127,0.164,16,-1.8173818733048392
3,cold,A,128,0.6255,20,-1.779136479482986
3,cold,A,129,0.7179,16,-1.8137882292212453
3,cold,A,130,0.4212,18,-1.522153691906068
3,cold,A,131,0.5807,16,-1.765589086637192
3,cold,A,132,0.1838,34,-2.485405494842459
3,cold,A,133,0.0336,49,-2.052403019215081
3,cold,A,134,0.2536,47,-1.6789600671463438
3,cold,A,135,0.7098,21,-1.561324321127142
3,cold,A,136,0.479,11,-2.3783917030827566
3,cold,A,137,0.5031,21,-0.3659612915452315
3,cold,A,138,0.1299,13,-0.4332977372233962
3,cold,A,139,0.636,37,-1.1803502065524938
3,cold,A,140,0.204,39,-2.709507788107611
3,cold,A,141,0.7583,25,-2.5137075270467903
3,cold,A,142,0.33,26,-2.262932542411503
3,cold,A,143,0.4776,17,-1.3883022207369589
3,cold,A,144,0.9203,27,-0.8641606002530791
3,cold,A,145,0.6701,21,-2.8586190669309524
3,cold,A,146,0.44,23,-2.4767361026638155
3,cold,A,147,0.7941,22,-1.6889965942285594
3,cold,A,148,0.3144,30,-2.600144982947192
3,cold,A,149,0.8142,29,-1.8955534007400274
3,cold,A,150,0.605,75,-3.067875756326442
3,cold,A,151,0.0588,20,-2.376683359546587
3,cold,A,152,0.1885,17,-1.5948526997749202
3,cold,A,153,0.7602,36,-2.3249220793554235
3,cold,A,154,0.3166,24,-1.8005372189412203
3,cold,A,155,0.7105,28,-1.671235870549156
3,cold,A,156,0.8861,27,-2.560645323695132
3,cold,A,157,0.0019,38,-3.474052476525111
3,cold,A,158,0.6708,21,-1.446020755962222
3,cold,A,159,0.8819,19,-1.6757040537746721
3,cold,A,160,0.0973,20,-1.6271842440590263
3,cold,A,161,0.1365,32,-2.7965656941869383
3,cold,A,162,0.5849,21,-1.598001255299009
3,cold,A,163,0.938,63,-2.4276139125272276
3,cold,A,164,0.6656,31,-1.517451626604358
3,cold,A,165,0.1864,29,-2.4434268086795408
3,cold,A,166,0.8989,33,-2.121336555941856
3,cold,A,167,0.412,16,-4.727838096325286
3,cold,A,168,0.2923,67,-2.0152411379912434
3,cold,A,169,0.4471,14,-3.3091233855500053
3,cold,A,170,0.9754,15,-1.6374873377382755
3,cold,A,171,0.6489,50,-3.4183354261517525
3,cold,A,172,0.5236,51,-1.5923516729894533
3,cold,A,173,0.2341,56,-2.733486463434279
3,cold,A,174,0.6617,41,-2.2451214497403535
3,cold,A,175,0.7353,39,-1.9313269342733876
3,cold,A,176,0.5288,64,-3.157743194820796
3,cold,A,177,0.7754,38,-0.8844364146995136
3,cold,A,178,0.2608,21,-1.0611670220220861
3,cold,A,179,0.4369,21,-1.9124811132039343
3,cold,A,180,0.9606,12,-2.3241363700168827
3,cold,A,181,0.6104,33,-4.1231871727063805
3,cold,A,182,0.1569,17,-3.1362696123473786
3,cold,A,183,0.1623,32,-3.180173315888169
3,cold,A,184,0.8921,26,-4.062792716619487
3,cold,A,185,0.2083,31,-2.3582649584944106
3,cold,A,186,0.4514,28,-3.844902571899833
3,cold,A,187,0.7992,18,-0.22623856494707675
3,cold,A,188,0.9133,32,-2.6302117720479146
3,cold,A,189,0.9195,24,-3.6298274653963745
3,cold,A,190,0.2118,23,-2.7351600799466604
3,cold,A,191,0.7529,22,-3.247848227217963
3,cold,A,192,0.7781,31,-1.2223643885302027
3,cold,A,193,0.3605,34,-0.6714235284171884
3,cold,A,194,0.9067,42,-2.5541135048399504
3,cold,A,195,0.3998,50,-3.7761784179262032
3,cold,A,196,0.7545,33,-1.3299104189782431
3,cold,A,197,0.8195,35,-3.387704496514717
3,cold,A,198,0.4782,21,-2.879559069403469
3,cold,A,199,0.383,24,-2.09598830288625
3,cold,B,0,0.0261,18,-0.004310387160027555
3,cold,B,1,0.0679,21,-0.007705811991833062
3,cold,B,2,0.114,23,-0.014827418623494652
3,cold,B,3,0.1805,18,-0.005877690309716854
3,cold,B,4,0.223,15,-0.015513920603552833
3,cold,B,5,0.2728,34,-0.0008708167076881235
3,cold,B,6,0.3547,26,-0.011989475029762477
3,cold,B,7,0.4259,14,-0.0010390771016578323
3,cold,B,8,0.4654,25,-0.004523796183057129
3,cold,B,9,0.553,17,-0.004384112574317602
3,cold,B,10,0.6051,15,-0.026235180767253043
3,cold,B,11,0.6489,22,-0.000558536037053934
3,cold,B,12,0.773,27,-0.001603128631123346
3,cold,B,13,0.8465,20,-0.044870978310063946
3,cold,B,14,0.9154,20,-0.05602177283944911
3,cold,B,15,0.9529,17,-0.020876894836285773
3,warm,A,0,0.9927,86,-2.9259131041485382
3,warm,A,1,0.4191,45,-3.2214903207081886
3,warm,A,2,0.9293,30,-3.6159773404399553
3,warm,A,3,0.1015,18,-1.3108399466465117
3,warm,A,4,0.8047,29,-2.5988132901618193
3,warm,A,5,0.0751,36,-2.0847587407293355
3,warm,A,6,0.6583,24,-2.4610327953123488
3,warm,A,7,0.1303,37,-2.954602990497684
3,warm,A,8,0.0133,21,-3.625156718261895
3,warm,A,9,0.0426,67,-3.3279227049423574
3,warm,A,10,0.329,18,-0.5266723321312585
3,warm,A,11,0.9791,13,-2.3451088090928702
3,warm,A,12,0.0351,27,-0.35208226474006316
3,warm,A,13,0.0092,50,-2.6693119429890064
3,warm,A,14,0.565,22,-1.7569108751009812
3,warm,A,15,0.6805,27,-2.4894370320770474
3,warm,A,16,0.1748,27,-2.0561312546401664
3,warm,A,17,0.5026,12,-1.6166162834269926
3,warm,A,18,0.3733,115,-2.4712792689236305
3,warm,A,19,0.16,15,-2.1863585288325944
3,warm,A,20,0.0991,25,-3.3542390356212852
3,warm,A,21,0.591,38,-1.8710220615505118
3,warm,A,22,0.9871,54,-3.225078289328074
3,warm,A,23,0.0734,17,-4.316557226812138
3,warm,A,24,0.2385,20,-2.5603495693241713
3,warm,A,25,0.0277,26,-1.5222788126422808
3,warm,A,26,0.5118,13,-2.939532097142476
3,warm,A,27,0.0389,58,-2.008848791287666
3,warm,A,28,0.4442,15,-4.226058233777682
3,warm,A,29,0.8221,49,-2.922740803684621
3,warm,A,30,0.324,21,-3.2160349914005826
3,warm,A,31,0.0183,45,-2.7251050237566234
3,warm,A,32,0.9737,45,-3.8195103214242003
3,warm,A,33,0.5188,13,-3.183375580325866
3,warm,A,34,0.5276,47,-3.1449113157577813
3,warm,A,35,0.2756,31,-2.891637790625194
3,warm,A,36,0.5836,34,-1.2290168454057815
3,warm,A,37,0.1743,12,-2.255776093884682
3,warm,A,38,0.328,14,-0.9671878507527124
3,warm,A,39,0.275,12,-1.9399909517378546
3,warm,A,40,0.9583,25,-2.0713323813676836
3,warm,A,41,0.3429,42,-2.6775708133354783
3,warm,A,42,0.3682,29,-2.2435491982494193
3,warm,A,43,0.3543,29,-1.6114299489779333
3,warm,A,44,0.9729,39,-3.545687917428903
3,warm,A,45,0.8161,32,-1.585669965368652
3,warm,A,46,0.914,88,-3.1999991808545682
3,warm,A,47,0.8188,26,-3.0375207133877735
3,warm,A,48,0.0372,39,-2.5690428642824723
3,warm,A,49,0.1647,25,-2.917970051765442
3,warm,A,50,0.2826,17,-3.0882033953333603
3,warm,A,51,0.5159,24,-1.800068210461177
3,warm,A,52,0.8366,44,-4.397406042320654
3,warm,A,53,0.4457,24,-1.391460357728647
3,warm,A,54,0.3934,36,-1.8251394440093363
3,warm,A,55,0.8857,16,-2.0964741157367826
3,warm,A,56,0.6029,86,-3.0202896180237797
3,warm,A,57,0.1358,31,-0.9012432510437887
3,warm,A,58,0.4376,21,-2.604837828498733
3,warm,A,59,0.6129,24,-1.9477045101230033
3,warm,A,60,0.5802,18,-2.081086672583802
3,warm,A,61,0.203,37,-2.854197941644973
3,warm,A,62,0.2573,19,-2.85676038480903
3,warm,A,63,0.6005,107,-2.7880378806632815
3,warm,A,64,0.747,23,-2.2866525839933236
3,warm,A,65,0.2862,24,-1.267838765170988
3,warm,A,66,0.6157,22,-2.9510405934944917
3,warm,A,67,0.1754,22,-3.073979521593587
3,warm,A,68,0.6749,42,-2.874875110662764
3,warm,A,69,0.4146,43,-1.665228805591374
3,warm,A,70,0.5682,36,-4.232642744150427
3,warm,A,71,0.7041,14,-1.8137526755121403
3,warm,A,72,0.6356,18,-2.993108897780379
3,warm,A,73,0.8289,17,-3.225821972605498
3,warm,A,74,0.6241,21,-1.5394069609631384
3,warm,A,75,0.526,32,-2.73879451470566
3,warm,A,76,0.4109,25,-3.58834032015875
3,warm,A,77,0.3026,18,-2.3765249107446937
3,warm,A,78,0.5565,40,-2.0896106677828357
3,warm,A,79,0.2067,39,-2.6730148972143444
3,warm,A,80,0.1472,27,-3.436688852522315
3,warm,A,81,0.0199,23,-3.74938972974601
3,warm,A,82,0.2128,18,-2.753374948683712
3,warm,A,83,0.18,23,-3.2440502844426944
3,warm,A,84,0.2011,24,-1.3340219967455293
3,warm,A,85,0.7933,13,-2.328671294909257
3,warm,A,86,0.3715,23,-2.0235520934119173
3,warm,A,87,0.4544,19,-2.197074434278827
3,warm,A,88,0.3212,72,-3.105866660389842
3,warm,A,89,0.9635,28,-3.522176700270003
3,warm,A,90,0.7156,75,-3.375032039595147
3,warm,A,91,0.8638,37,-3.5646551157272346
3,warm,A,92,0.7372,25,-3.055586590099847
3,warm,A,93,0.4411,14,-1.1893554614590747
3,warm,A,94,0.3628,29,-3.4112435299260864
3,warm,A,95,0.9209,15,-3.006966819862525
3,warm,A,96,0.8879,26,-2.1684457899178735
3,warm,A,97,0.9642,28,-1.8921823655317505
3,warm,A,98,0.1426,13,-1.7172606019840504
3,warm,A,99,0.725,36,-3.6356456766111984
3,warm,A,100,0.1731,23,-0.29386853971490107
3,warm,A,101,0.0979,51,-2.7377000910905647
3,warm,A,102,0.4672,33,-3.4893173439936205
3,warm,A,103,0.0193,14,-2.6092696424041475
3,warm,A,104,0.8573,37,-2.9314065688868634
3,warm,A,105,0.959,20,-2.3574774307198822
3,warm,A,106,0.7047,25,-2.253208146430552
3,warm,A,107,0.3126,26,-2.242609743463198
3,warm,A,108,0.8996,30,-2.030516605777666
3,warm,A,109,0.2867,45,-3.252063523729642
3,warm,A,110,0.5106,31,-3.8202394396066666
3,warm,A,111,0.0127,19,-3.231136307098878
3,warm,A,112,0.5422,11,-2.2584995221007955
3,warm,A,113,0.2553,39,-3.03473123754315
3,warm,A,114,0.348,12,-2.173157798863637
3,warm,A,115,0.7956,21,-2.373749062374589
3,warm,A,116,0.9362,29,-3.471534071297481
3,warm,A,117,0.5987,78,-2.266345743284686
3,warm,A,118,0.6629,30,-1.5504603352766329
3,warm,A,119,0.8488,24,-3.321861474464337
3,warm,A,120,0.2735,13,-2.7706307975145488
3,warm,A,121,0.8425,34,-4.206161073902074
3,warm,A,122,0.8246,26,-3.367483401038603
3,warm,A,123,0.0851,25,-2.055330867618322
3,warm,A,124,0.6275,26,-1.9758956203653584
3,warm,A,125,0.413,19,-3.1310669778184477
3,warm,A,126,0.4287,21,-3.268238726825941
3,warm,A,127,0.164,16,-2.043335174676031
3,warm,A,128,0.6255,20,-2.0349562827497722
3,warm,A,129,0.7179,16,-1.8721432003658265
3,warm,A,130,0.4212,18,-1.5609032462169934
3,warm,A,131,0.5807,16,-1.723320328637783
3,warm,A,132,0.1838,34,-2.775378151652951
3,warm,A,133,0.0336,49,-2.528859705134409
3,warm,A,134,0.2536,47,-1.9220988950667348
3,warm,A,135,0.7098,21,-1.6450022927463233
3,warm,A,136,0.479,11,-2.635508154264905
3,warm,A,137,0.5031,21,-0.46448710213770117
3,warm,A,138,0.1299,13,-0.5179510999005288
3,warm,A,139,0.636,37,-1.3019901339304507
3,warm,A,140,0.204,39,-3.0520379498051717
3,warm,A,141,0.7583,25,-2.8734240447822956
3,warm,A,142,0.33,26,-2.369709696629658
3,warm,A,143,0.4776,17,-1.6244831244762548
3,warm,A,144,0.9203,27,-0.9897677035898798
3,warm,A,145,0.6701,21,-3.2940717545293627
3,warm,A,146,0.44,23,-2.9592495881294347
3,warm,A,147,0.7941,22,-1.8653912010082754
3,warm,A,148,0.3144,30,-3.9056359119713306
3,warm,A,149,0.8142,29,-2.4414715488152257
3,warm,A,150,0.605,75,-3.1096593977852414
3,warm,A,151,0.0588,20,-2.4065491809509694
3,warm,A,152,0.1885,17,-2.0997107481748305
3,warm,A,153,0.7602,36,-2.704298682292574
3,warm,A,154,0.3166,24,-1.8153850107919425
3,warm,A,155,0.7105,28,-1.8595162242750771
3,warm,A,156,0.8861,27,-2.9006953429844646
3,warm,A,157,0.0019,38,-3.7484744387237647
3,warm,A,158,0.6708,21,-1.711874600613512
3,warm,A,159,0.8819,19,-1.9984200924120255
3,warm,A,160,0.0973,20,-1.6328809035941958
3,warm,A,161,0.1365,32,-2.9008342565211933
3,warm,A,162,0.5849,21,-1.978292528539896
3,warm,A,163,0.938,63,-2.466159934924531
3,warm,A,164,0.6656,31,-2.1170968466490927
3,warm,A,165,0.1864,29,-2.8000243913607092
3,warm,A,166,0.8989,33,-2.6180176709630443
3,warm,A,167,0.412,16,-5.366063141729683
3,warm,A,168,0.2923,67,-2.392327996062935
3,warm,A,169,0.4471,14,-3.786342497623991
3,warm,A,170,0.9754,15,-1.6248187616467475
3,warm,A,171,0.6489,50,-3.9367304043099285
3,warm,A,172,0.5236,51,-1.8545687389308951
3,warm,A,173,0.2341,56,-2.993268686371656
3,warm,A,174,0.6617,41,-3.8876599234233544
3,warm,A,175,0.7353,39,-2.053049029571971
3,warm,A,176,0.5288,64,-3.73341829655692
3,warm,A,177,0.7754,38,-1.114773388216762
3,warm,A,178,0.2608,21,-1.2576664324650275
3,warm,A,179,0.4369,21,-1.9402156772003287
3,warm,A,180,0.9606,12,-2.8655091570690274
3,warm,A,181,0.6104,33,-4.116729856327628
3,warm,A,182,0.1569,17,-3.076553201850723
3,warm,A,183,0.1623,32,-3.64141551440116
3,warm,A,184,0.8921,26,-4.573808626486705
3,warm,A,185,0.2083,31,-2.5130076244860255
3,warm,A,186,0.4514,28,-4.793444998006245
3,warm,A,187,0.7992,18,-0.40881888858146137
3,warm,A,188,0.9133,32,-3.0160598820075393
3,warm,A,189,0.9195,24,-3.965363361329461
3,warm,A,190,0.2118,23,-2.794544483980407
3,warm,A,191,0.7529,22,-3.371091355670201
3,warm,A,192,0.7781,31,-2.076086288167825
3,warm,A,193,0.3605,34,-0.8767590080750752
3,warm,A,194,0.9067,42,-2.68072307340446
3,warm,A,195,0.3998,50,-3.768022035076283
3,warm,A,196,0.7545,33,-1.414767957588827
3,warm,A,197,0.8195,35,-3.3142602401369783
3,warm,A,198,0.4782,21,-2.9283200845211033
3,warm,A,199,0.383,24,-2.6814961592616178
3,warm,B,0,0.0261,18,-0.005138014532147079
3,warm,B,1,0.0679,21,-0.02523575312252866
3,warm,B,2,0.114,23,-0.018672444185738088
3,warm,B,3,0.1805,18,-0.005246435600484902
3,warm,B,4,0.223,15,-0.011722761027825376
3,warm,B,5,0.2728,34,-0.004500821817868307
3,warm,B,6,0.3547,26,-0.019267796875703007
3,warm,B,7,0.4259,14,-0.0026637649446326706
3,warm,B,8,0.4654,25,-0.012145451286341995
3,warm,B,9,0.553,17,-0.004715809971778928
3,warm,B,10,0.6051,15,-0.010805283326772042
3,warm,B,11,0.6489,22,-0.0009698167268652469
3,warm,B,12,0.773,27,-0.015388711568919933
3,warm,B,13,0.8465,20,-0.02578450885989696
3,warm,B,14,0.9154,20,-0.05440541963143915
3,warm,B,15,0.9529,17,-0.013821839718944188
3,mismatched,A,0,0.9927,86,-3.0168693272700144
3,mismatched,A,1,0.4191,45,-3.2214687057900138
3,mismatched,A,2,0.9293,30,-3.6697867564857005
3,mismatched,A,3,0.1015,18,-1.2306171951608524
3,mismatched,A,4,0.8047,29,-2.600511673998473
3,mismatched,A,5,0.0751,36,-2.087002001144962
3,mismatched,A,6,0.6583,24,-2.4862184557520473
3,mismatched,A,7,0.1303,37,-2.8061330469790846
3,mismatched,A,8,0.0133,21,-3.6357506352166333
3,mismatched,A,9,0.0426,67,-3.371327722111522
3,mismatched,A,10,0.329,18,-0.5222296115906728
3,mismatched,A,11,0.9791,13,-2.605444773243597
3,mismatched,A,12,0.0351,27,-0.38834625948813345
3,mismatched,A,13,0.0092,50,-2.6247678715852087
3,mismatched,A,14,0.565,22,-1.715971914543347
3,mismatched,A,15,0.6805,27,-2.4650393764453904
3,mismatched,A,16,0.1748,27,-2.0826533610967024
3,mismatched,A,17,0.5026,12,-1.5997019041290816
3,mismatched,A,18,0.3733,115,-2.467362955056698
3,mismatched,A,19,0.16,15,-2.2288825660943985
3,mismatched,A,20,0.0991,25,-3.281533661261201
3,mismatched,A,21,0.591,38,-1.9033828265673947
3,mismatched,A,22,0.9871,54,-3.312560517996274
3,mismatched,A,23,0.0734,17,-4.475433120832724
3,mismatched,A,24,0.2385,20,-2.598685740039218
3,mismatched,A,25,0.0277,26,-1.511904999613762
3,mismatched,A,26,0.5118,13,-2.909075865951868
3,mismatched,A,27,0.0389,58,-2.0890656621205412
3,mismatched,A,28,0.4442,15,-4.105503738919894
3,mismatched,A,29,0.8221,49,-2.9003172402937745
3,mismatched,A,30,0.324,21,-3.370720793803533
3,mismatched,A,31,0.0183,45,-2.7835408463970657
3,mismatched,A,32,0.9737,45,-3.8122772750713114
3,mismatched,A,33,0.5188,13,-3.3208758159397314
3,mismatched,A,34,0.5276,47,-3.223594387849555
3,mismatched,A,35,0.2756,31,-2.810278173017826
3,mismatched,A,36,0.5836,34,-1.1724287300753264
3,mismatched,A,37,0.1743,12,-2.224748709859947
3,mismatched,A,38,0.328,14,-1.0072272510899762
3,mismatched,A,39,0.275,12,-1.950067255529575
3,mismatched,A,40,0.9583,25,-2.112843850553036
3,mismatched,A,41,0.3429,42,-2.655557567974375
3,mismatched,A,42,0.3682,29,-2.21536321629738
3,mismatched,A,43,0.3543,29,-1.51314796285768
3,mismatched,A,44,0.9729,39,-3.5815542691315594
3,mismatched,A,45,0.8161,32,-1.6487589942134946
3,mismatched,A,46,0.914,88,-3.1800512445783666
3,mismatched,A,47,0.8188,26,-3.086109897838189
3,mismatched,A,48,0.0372,39,-2.581739885037025
3,mismatched,A,49,0.1647,25,-2.924659741893411
3,mismatched,A,50,0.2826,17,-3.1768573281519554
3,mismatched,A,51,0.5159,24,-1.6671322841818135
3,mismatched,A,52,0.8366,44,-4.5050077855359465
3,mismatched,A,53,0.4457,24,-1.3906360427596762
3,mismatched,A,54,0.3934,36,-1.8596221516143285
3,mismatched,A,55,0.8857,16,-2.015489154495299
3,mismatched,A,56,0.6029,86,-3.1008610218914963
3,mismatched,A,57,0.1358,31,-0.8916394337110461
3,mismatched,A,58,0.4376,21,-2.5122941639329794
3,mismatched,A,59,0.6129,24,-1.9339950010180473
3,mismatched,A,60,0.5802,18,-2.057387023905499
3,mismatched,A,61,0.203,37,-2.7959079621359706
3,mismatched,A,62,0.2573,19,-2.815974636150426
3,mismatched,A,63,0.6005,107,-2.822091313838419
3,mismatched,A,64,0.747,23,-2.300593356612017
3,mismatched,A,65,0.2862,24,-1.260492276759275
3,mismatched,A,66,0.6157,22,-3.035691597244956
3,mismatched,A,67,0.1754,22,-3.015506763011217
3,mismatched,A,68,0.6749,42,-2.8238276137659946
3,mismatched,A,69,0.4146,43,-1.5303574011466183
3,mismatched,A,70,0.5682,36,-4.153401436077224
3,mismatched,A,71,0.7041,14,-1.740141381617702
3,mismatched,A,72,0.6356,18,-2.9471351597975524
3,mismatched,A,73,0.8289,17,-3.2377517710385075
3,mismatched,A,74,0.6241,21,-1.5206510870761814
3,mismatched,A,75,0.526,32,-2.6605743267573416
3,mismatched,A,76,0.4109,25,-3.589288916122168
3,mismatched,A,77,0.3026,18,-2.237990584845344
3,mismatched,A,78,0.5565,40,-1.972783632692881
3,mismatched,A,79,0.2067,39,-2.6831366040069278
3,mismatched,A,80,0.1472,27,-3.576770501724375
3,mismatched,A,81,0.0199,23,-3.679877475551937
3,mismatched,A,82,0.2128,18,-2.708508468957411
3,mismatched,A,83,0.18,23,-3.2535686499398686
3,mismatched,A,84,0.2011,24,-1.3539396322642763
3,mismatched,A,85,0.7933,13,-2.618393979393519
3,mismatched,A,86,0.3715,23,-1.8074280765393507
3,mismatched,A,87,0.4544,19,-2.210818256202497
3,mismatched,A,88,0.3212,72,-3.124373825551528
3,mismatched,A,89,0.9635,28,-3.655188090234463
3,mismatched,A,90,0.7156,75,-3.468624473698437
3,mismatched,A,91,0.8638,37,-3.8255771183333285
3,mismatched,A,92,0.7372,25,-3.046415206071688
3,mismatched,A,93,0.4411,14,-1.1737926121069384
3,mismatched,A,94,0.3628,29,-3.3932648163674206
3,mismatched,A,95,0.9209,15,-2.9814870178699495
3,mismatched,A,96,0.8879,26,-2.219688062269527
3,mismatched,A,97,0.9642,28,-1.8921308723947732
3,mismatched,A,98,0.1426,13,-1.702409473928408
3,mismatched,A,99,0.725,36,-3.761924184858799
3,mismatched,A,100,0.1731,23,-0.2701914519291914
3,mismatched,A,101,0.0979,51,-2.72952352865033
3,mismatched,A,102,0.4672,33,-3.5000347109567937
3,mismatched,A,103,0.0193,14,-2.532545994967222
3,mismatched,A,104,0.8573,37,-2.9588684118478685
3,mismatched,A,105,0.959,20,-2.3018171694129705
3,mismatched,A,106,0.7047,25,-2.2471114357933404
3,mismatched,A,107,0.3126,26,-2.2648995117767927
3,mismatched,A,108,0.8996,30,-2.0846303032400706
3,mismatched,A,109,0.2867,45,-3.2621476026872793
3,mismatched,A,110,0.5106,31,-3.899231610759612
3,mismatched,A,111,0.0127,19,-3.2420081774471328
3,mismatched,A,112,0.5422,11,-2.3174364146861164
3,mismatched,A,113,0.2553,39,-2.997061391180465
3,mismatched,A,114,0.348,12,-2.1145896361946748
3,mismatched,A,115,0.7956,21,-2.343543934325377
3,mismatched,A,116,0.9362,29,-3.5839493487929475
3,mismatched,A,117,0.5987,78,-2.2549649801430625
3,mismatched,A,118,0.6629,30,-1.5679085168754683
3,mismatched,A,119,0.8488,24,-3.345714728658398
3,mismatched,A,120,0.2735,13,-2.8495120864648085
3,mismatched,A,121,0.8425,34,-4.370943144840353
3,mismatched,A,122,0.8246,26,-3.3657141692047636
3,mismatched,A,123,0.0851,25,-2.0408576656132937
3,mismatched,A,124,0.6275,26,-1.9727276336903183
3,mismatched,A,125,0.413,19,-3.2756667168026694
3,mismatched,A,126,0.4287,21,-3.246677065711646
3,mismatched,A,127,0.164,16,-1.9752615250472445
3,mismatched,A,128,0.6255,20,-2.1032298490405084
3,mismatched,A,129,0.7179,16,-1.9677138568949886
3,mismatched,A,130,0.4212,18,-1.4965869173562776
3,mismatched,A,131,0.5807,16,-1.7243974511366105
3,mismatched,A,132,0.1838,34,-2.721423101303277
3,mismatched,A,133,0.0336,49,-2.531884279755438
3,mismatched,A,134,0.2536,47,-1.9697274232030588
3,mismatched,A,135,0.7098,21,-1.6364052652968981
3,mismatched,A,136,0.479,11,-2.5881079140711916
3,mismatched,A,137,0.5031,21,-0.4451700596504712
3,mismatched,A,138,0.1299,13,-0.5404065768458307
3,mismatched,A,139,0.636,37,-1.275249883757194
3,mismatched,A,140,0.204,39,-2.975467863588188
3,mismatched,A,141,0.7583,25,-3.057699127565138
3,mismatched,A,142,0.33,26,-2.3269933783986536
3,mismatched,A,143,0.4776,17,-1.7585509577355183
3,mismatched,A,144,0.9203,27,-0.9815822386062117
3,mismatched,A,145,0.6701,21,-3.293540148507981
3,mismatched,A,146,0.44,23,-2.9017725011495794
3,mismatched,A,147,0.7941,22,-1.93572264719263
3,mismatched,A,148,0.3144,30,-3.671467677876353
3,mismatched,A,149,0.8142,29,-2.3749138815649626
3,mismatched,A,150,0.605,75,-3.246642752820626
3,mismatched,A,151,0.0588,20,-2.4208952471846716
3,mismatched,A,152,0.1885,17,-2.0590085597051417
3,mismatched,A,153,0.7602,36,-2.6774879012276265
3,mismatched,A,154,0.3166,24,-1.769139882720386
3,mismatched,A,155,0.7105,28,-1.9013746803726204
3,mismatched,A,156,0.8861,27,-2.7936864424436525
3,mismatched,A,157,0.0019,38,-3.7658221035411485
3,mismatched,A,158,0.6708,21,-1.6793811839486894
3,mismatched,A,159,0.8819,19,-1.9589476778729524
3,mismatched,A,160,0.0973,20,-1.5550963655114174
3,mismatched,A,161,0.1365,32,-2.859894179193361
3,mismatched,A,162,0.5849,21,-2.037757013480933
3,mismatched,A,163,0.938,63,-2.476955121944821
3,mismatched,A,164,0.6656,31,-2.1459406462419146
3,mismatched,A,165,0.1864,29,-2.7588478432454426
3,mismatched,A,166,0.8989,33,-2.5174517781195007
3,mismatched,A,167,0.412,16,-5.218656309414655
3,mismatched,A,168,0.2923,67,-2.4092582350721887
3,mismatched,A,169,0.4471,14,-3.728834664149742
3,mismatched,A,170,0.9754,15,-1.6455005819598834
3,mismatched,A,171,0.6489,50,-3.95649767100811
3,mismatched,A,172,0.5236,51,-1.8619450564500784
3,mismatched,A,173,0.2341,56,-3.0293492546438108
3,mismatched,A,174,0.6617,41,-4.08102921650904
3,mismatched,A,175,0.7353,39,-2.0802546169337197
3,mismatched,A,176,0.5288,64,-3.838681696972344
3,mismatched,A,177,0.7754,38,-1.0247966999457658
3,mismatched,A,178,0.2608,21,-1.2729853770939545
3,mismatched,A,179,0.4369,21,-1.9328431964275383
3,mismatched,A,180,0.9606,12,-3.013486626247565
3,mismatched,A,181,0.6104,33,-4.276627023027024
3,mismatched,A,182,0.1569,17,-3.157630157821319
3,mismatched,A,183,0.1623,32,-3.6361381704191444
3,mismatched,A,184,0.8921,26,-4.582284872921614
3,mismatched,A,185,0.2083,31,-2.475401170384665
3,mismatched,A,186,0.4514,28,-4.874102032954397
3,mismatched,A,187,0.7992,18,-0.3847692158483874
3,mismatched,A,188,0.9133,32,-3.1504951142705977
3,mismatched,A,189,0.9195,24,-3.9865689566358924
3,mismatched,A,190,0.2118,23,-2.7332402166465055
3,mismatched,A,191,0.7529,22,-3.3974342645325866
3,mismatched,A,192,0.7781,31,-1.9477463573998501
3,mismatched,A,193,0.3605,34,-0.8668878967698274
3,mismatched,A,194,0.9067,42,-2.691893540211909
3,mismatched,A,195,0.3998,50,-3.7407998080691325
3,mismatched,A,196,0.7545,33,-1.3950895622767734
3,mismatched,A,197,0.8195,35,-3.3659744041589357
3,mismatched,A,198,0.4782,21,-2.910468596299844
3,mismatched,A,199,0.383,24,-2.6905274130331236
3,mismatched,B,0,0.0261,18,-0.004594384644911366
3,mismatched,B,1,0.0679,21,-0.019667528364585622
3,mismatched,B,2,0.114,23,-0.0185365464418757
3,mismatched,B,3,0.1805,18,-0.004027603935861003
3,mismatched,B,4,0.223,15,-0.007367509615141899
3,mismatched,B,5,0.2728,34,-0.004311653551346406
3,mismatched,B,6,0.3547,26,-0.021240490281623073
3,mismatched,B,7,0.4259,14,-0.0015556061573858773
3,mismatched,B,8,0.4654,25,-0.009675017499248498
3,mismatched,B,9,0.553,17,-0.0030225448940387543
3,mismatched,B,10,0.6051,15,-0.009579802668304183
3,mismatched,B,11,0.6489,22,-0.0010717803131476765
3,mismatched,B,12,0.773,27,-0.018318736107142252
3,mismatched,B,13,0.8465,20,-0.03421986764496978
3,mismatched,B,14,0.9154,20,-0.046144512434511856
3,mismatched,B,15,0.9529,17,-0.009494416636110092
4,cold,A,0,0.6584,11,-1.9407437636770986
4,cold,A,1,0.8309,15,-3.695570190747579
4,cold,A,2,0.5327,17,-2.5223772180650164
4,cold,A,3,0.8867,27,-1.088941401955068
4,cold,A,4,0.6073,55,-2.10782187785649
4,cold,A,5,0.7416,34,-2.845772766173468
4,cold,A,6,0.7187,15,-1.7244881638636191
4,cold,A,7,0.4899,28,-2.5093575517780016
4,cold,A,8,0.0728,15,-2.5905339228299757
4,cold,A,9,0.4377,20,-2.0670375965704806
4,cold,A,10,0.3481,26,-2.63719440316065
4,cold,A,11,0.0626,108,-1.7053732559582353
4,cold,A,12,0.2061,27,-1.7263702385265518
4,cold,A,13,0.7283,39,-1.8186560792845483
4,cold,A,14,0.4497,22,-0.7603771721073413
4,cold,A,15,0.2133,13,-2.986025252021276
4,cold,A,16,0.8433,28,-2.529174772490348
4,cold,A,17,0.4777,29,-1.8956180133551745
4,cold,A,18,0.0925,13,-1.328691704503189
4,cold,A,19,0.1637,13,-0.5781129814209774
4,cold,A,20,0.9254,15,-1.6421119052606323
4,cold,A,21,0.3301,22,-2.325506122412414
4,cold,A,22,0.9953,19,-4.473612851218173
4,cold,A,23,0.9161,63,-1.8651265249469102
4,cold,A,24,0.5863,27,-2.782679170947867
4,cold,A,25,0.617,30,-2.031775240243102
4,cold,A,26,0.7705,29,-2.003405576749958
4,cold,A,27,0.0764,20,-2.082297844439745
4,cold,A,28,0.7317,40,-2.57200757326209
4,cold,A,29,0.4399,16,-1.6662771604023874
4,cold,A,30,0.5248,20,-3.4255832533352075
4,cold,A,31,0.0594,21,-3.03093657655076
4,cold,A,32,0.0943,15,-2.4607570830732586
4,cold,A,33,0.5727,23,-2.0494572858391935
4,cold,A,34,0.3363,32,-2.3678060260845086
4,cold,A,35,0.6577,26,-1.6748328167749815
4,cold,A,36,0.2414,51,-2.4066427415008564
4,cold,A,37,0.7041,23,-2.8486378714442253
4,cold,A,38,0.5968,19,-0.027769818840744465
4,cold,A,39,0.6787,23,-2.6427097356189853
4,cold,A,40,0.9843,15,-1.9336754227464552
4,cold,A,41,0.5095,23,-3.761199473605856
4,cold,A,42,0.7266,17,-1.3478420876404817
4,cold,A,43,0.7639,38,-0.9423705432257664
4,cold,A,44,0.3588,20,-2.02874732936034
4,cold,A,45,0.6117,48,-2.576969299667932
4,cold,A,46,0.5515,24,-2.0091690085828304
4,cold,A,47,0.4278,78,-0.9414394143330775
4,cold,A,48,0.0193,16,-0.6061455442340957
4,cold,A,49,0.5762,36,-2.632412943168068
4,cold,A,50,0.2718,33,-1.819552268051721
4,cold,A,51,0.9568,25,-2.4192608290631323
4,cold,A,52,0.7849,27,-2.1695043142996533
4,cold,A,53,0.8104,20,-1.9145561428973452
4,cold,A,54,0.6553,28,-0.9966003738271476
4,cold,A,55,0.046,39,-2.4334529459264536
4,cold,A,56,0.3352,13,-3.0528150496001425
4,cold,A,57,0.1733,18,-1.1788476439331943
4,cold,A,58,0.2183,41,-1.9267446756456614
4,cold,A,59,0.1629,20,-3.4961374700069427
4,cold,A,60,0.226,31,-1.8221359698762816
4,cold,A,61,0.5688,19,-3.526035574313841
4,cold,A,62,0.1805,20,-2.5123790139332414
4,cold,A,63,0.2606,35,-1.6978632960801145
4,cold,A,64,0.8407,16,-2.0986912364605814
4,cold,A,65,0.9621,22,-3.606472562892701
4,cold,A,66,0.2095,27,-1.6132219195359438
4,cold,A,67,0.3837,15,-2.822035319544375
4,cold,A,68,0.3805,20,-1.848344516637735
4,cold,A,69,0.896,39,-2.3813629816345965
4,cold,A,70,0.9576,46,-2.745595672079261
4,cold,A,71,0.5534,22,-2.540620400729081
4,cold,A,72,0.7833,14,-2.3554402468060807
4,cold,A,73,0.5801,32,-1.7762346307599728
4,cold,A,74,0.1059,63,-1.0346383039783207
4,cold,A,75,0.8238,11,-1.9395798688585109
4,cold,A,76,0.2692,55,-2.0140340113553976
4,cold,A,77,0.2393,23,-1.0137940993198478
4,cold,A,78,0.1951,17,-1.6613969428409987
4,cold,A,79,0.0324,24,-1.4219774158167031
4,cold,A,80,0.4476,20,-3.453800383396447
4,cold,A,81,0.8601,14,-2.636774791138513
4,cold,A,82,0.0677,19,-2.414058627756803
4,cold,A,83,0.1641,13,-2.0035939682275057
4,cold,A,84,0.2737,15,-2.9252103090286257
4,cold,A,85,0.4528,36,-0.7904853822870387
4,cold,A,86,0.6658,39,-1.9719851071131416
4,cold,A,87,0.0957,18,-3.5364576350483627
4,cold,A,88,0.324,21,-1.103248200527603
4,cold,A,89,0.3966,16,-1.884741390531417
4,cold,A,90,0.5352,21,-1.0642091934347437
4,cold,A,91,0.7622,93,-1.9821822198360697
4,cold,A,92,0.8114,23,-2.023966780270237
4,cold,A,93,0.6827,19,-3.918204737582097
4,cold,A,94,0.3042,55,-2.3494103735711014
4,cold,A,95,0.7899,31,-2.8599054741057297
4,cold,A,96,0.996,96,-2.8332728747585256
4,cold,A,97,0.362,13,-2.8777415867035208
4,cold,A,98,0.4074,12,-3.3046628069520616
4,cold,A,99,0.61,58,-2.544149893482019
4,cold,A,100,0.005,17,-2.752125008702826
4,cold,A,101,0.9414,27,-2.2357081383190773
4,cold,A,102,0.0031,30,-2.369858937895697
4,cold,A,103,0.637,19,-4.984487746891222
4,cold,A,104,0.1795,38,-1.925333809150432
4,cold,A,105,0.6608,72,-2.4476589649170313
4,cold,A,106,0.7157,34,-0.42383628796275896
4,cold,A,107,0.8987,41,-2.44879100731256
4,cold,A,108,0.6957,38,-2.472187241236641
4,cold,A,109,0.1541,16,-3.943203159724362
4,cold,A,110,0.8416,20,-0.9756078467466068
4,cold,A,111,0.7197,29,-1.157858624261531
4,cold,A,112,0.5388,18,-2.7931948887805143
4,cold,A,113,0.9868,16,-2.5766589164268225
4,cold,A,114,0.6596,21,-1.2982406169079088
4,cold,A,115,0.6768,11,-2.414007928010754
4,cold,A,116,0.3357,22,-2.554777379560454
4,cold,A,117,0.0312,43,-1.0772563493918887
4,cold,A,118,0.1725,41,-2.0954026010287814
4,cold,A,119,0.377,40,-1.7906067869858817
4,cold,A,120,0.2299,46,-2.921402555698043
4,cold,A,121,0.7453,87,-3.0421539112328735
4,cold,A,122,0.9087,23,-1.4746279596697802
4,cold,A,123,0.634,54,-1.7367586502502188
4,cold,A,124,0.8213,55,-0.8467081953817384
4,cold,A,125,0.2039,21,-3.008553456337679
4,cold,A,126,0.6629,75,-2.7253387732076226
4,cold,A,127,0.7663,17,-1.2906689545446117
4,cold,A,128,0.8426,22,-1.6570787617820315
4,cold,A,129,0.5454,12,-1.471612502510349
4,cold,A,130,0.4115,13,-3.094938941514836
4,cold,A,131,0.8468,27,-1.9419489733538486
4,cold,A,132,0.2359,20,-1.9623095720773562
4,cold,A,133,0.5498,15,-1.9287255376577377
4,cold,A,134,0.2656,11,-2.10080705574629
4,cold,A,135,0.1229,16,-0.7823073190320429
4,cold,A,136,0.3555,40,-1.844291604438331
4,cold,A,137,0.0148,31,-1.2224783245295723
4,cold,A,138,0.2082,17,-3.290886748191791
4,cold,A,139,0.9265,44,-1.2742284752909077
4,cold,A,140,0.9308,20,-3.429406954784645
4,cold,A,141,0.1178,14,-3.2578056884397353
4,cold,A,142,0.6839,84,-1.8531017187319125
4,cold,A,143,0.7232,22,-2.5352810317457295
4,cold,A,144,0.882,26,-3.052970547334273
4,cold,A,145,0.3207,31,-1.0065185824679512
4,cold,A,146,0.056,23,-3.1955076599007715
4,cold,A,147,0.1345,25,-2.8914221522212027
4,cold,A,148,0.8462,22,-2.296246774484065
4,cold,A,149,0.0386,17,-2.3899802077999888
4,cold,A,150,0.338,24,-2.910355946087899
4,cold,A,151,0.4551,15,-0.8420719409400287
4,cold,A,152,0.4836,11,-2.3638564951040526
4,cold,A,153,0.6822,13,-2.1639641789862742
4,cold,A,154,0.5638,60,-2.3525932850170648
4,cold,A,155,0.5608,23,-3.3976835857104994
4,cold,A,156,0.3087,41,-2.3256168263387957
4,cold,A,157,0.2938,48,-2.0150366942105697
4,cold,A,158,0.452,24,-1.5565406177192926
4,cold,A,159,0.1831,26,-2.885811195923732
4,cold,A,160,0.4304,20,-2.7860971493646502
4,cold,A,161,0.4125,14,-3.9095237233809064
4,cold,A,162,0.2874,20,-1.0723754609702154
4,cold,A,163,0.447,17,-3.158996309427654
4,cold,A,164,0.9148,22,-2.356965005270798
4,cold,A,165,0.992,22,-1.4139166554739198
4,cold,A,166,0.2794,15,-1.6861638312839204
4,cold,A,167,0.0821,15,-1.5168478295808503
4,cold,A,168,0.139,21,-1.0870562968332143
4,cold,A,169,0.5254,51,-2.8905202840573576
4,cold,A,170,0.8085,52,-2.997934498116732
4,cold,A,171,0.1872,119,-3.498121757021158
4,cold,A,172,0.5028,23,-3.413896020927021
4,cold,A,173,0.1546,74,-3.7564029698134274
4,cold,A,174,0.7338,37,-2.4811279169170537
4,cold,A,175,0.9261,15,-1.6645478456048295
4,cold,A,176,0.7813,43,-2.6216185466795183
4,cold,A,177,0.949,17,-1.7752509666058947
4,cold,A,178,0.4225,25,-2.43802546210587
4,cold,A,179,0.2014,74,-3.004896682356736
4,cold,A,180,0.8805,21,-2.11721771136148
4,cold,A,181,0.8332,17,-3.3470194677219673
4,cold,A,182,0.0896,34,-2.958311672326732
4,cold,A,183,0.9666,56,-1.5695073864756393
4,cold,A,184,0.6161,15,-2.6898868600527446
4,cold,A,185,0.1676,21,-1.9720476277344416
4,cold,A,186,0.3186,16,-2.5125740082119137
4,cold,A,187,0.0121,26,-2.0436376660856275
4,cold,A,188,0.7216,16,-2.340136874649943
4,cold,A,189,0.4079,17,-2.0623745591763187
4,cold,A,190,0.4787,18,-2.528949281614688
4,cold,A,191,0.9851,21,-2.3611414157563733
4,cold,A,192,0.1772,43,-3.3401495873187614
4,cold,A,193,0.8956,19,-2.2752913840997375
4,cold,A,194,0.4907,14,-2.9822638077395305
4,cold,A,195,0.9126,32,-2.564845474844333
4,cold,A,196,0.3793,26,-2.8990017170265046
4,cold,A,197,0.5474,26,-2.2544280838830253
4,cold,A,198,0.1618,46,-3.910221705977481
4,cold,A,199,0.3916,42,-1.1595498249329563
4,cold,B,0,0.0291,34,-0.007171314739560544
4,cold,B,1,0.0998,12,-0.0165887859063029
4,cold,B,2,0.132,14,-0.01642479924651395
4,cold,B,3,0.1965,25,-0.0031021242728456857
4,cold,B,4,0.2599,33,-0.008304277443654208
4,cold,B,5,0.3891,31,-0.0017134369550002439
4,cold,B,6,0.4723,27,-0.009224397587415835
4,cold,B,7,0.5225,51,-0.006350163088231342
4,cold,B,8,0.6736,42,-0.0033281942914116023
4,cold,B,9,0.737,29,-0.005538606199604993
4,cold,B,10,0.9085,16,-0.0035303433603814938
4,cold,B,11,0.9511,20,-0.03606494155828841
4,warm,A,0,0.6584,11,-2.1697849077172577
4,warm,A,1,0.8309,15,-3.777707068125407
4,warm,A,2,0.5327,17,-2.6930354099501583
4,warm,A,3,0.8867,27,-1.175154407298477
4,warm,A,4,0.6073,55,-2.4067119301053355
4,warm,A,5,0.7416,34,-3.493651200441972
4,warm,A,6,0.7187,15,-1.770437632749478
4,warm,A,7,0.4899,28,-2.799580616477345
4,warm,A,8,0.0728,15,-2.736137217624734
4,warm,A,9,0.4377,20,-2.7859383951872587
4,warm,A,10,0.3481,26,-3.2470477386735954
4,warm,A,11,0.0626,108,-2.0523681813458636
4,warm,A,12,0.2061,27,-2.616431600379723
4,warm,A,13,0.7283,39,-2.3432270964601627
4,warm,A,14,0.4497,22,-1.3113745167713866
4,warm,A,15,0.2133,13,-3.2962838743741694
4,warm,A,16,0.8433,28,-3.031099454632827
4,warm,A,17,0.4777,29,-2.090478644666166
4,warm,A,18,0.0925,13,-1.5837622911740954
4,warm,A,19,0.1637,13,-0.9364527485584124
4,warm,A,20,0.9254,15,-2.2224273711442946
4,warm,A,21,0.3301,22,-2.6448776336937128
4,warm,A,22,0.9953,19,-4.959353362259112
4,warm,A,23,0.9161,63,-2.1405894823246707
4,warm,A,24,0.5863,27,-3.3814463954487883
4,warm,A,25,0.617,30,-1.8854571459814906
4,warm,A,26,0.7705,29,-2.1850575021235272
4,warm,A,27,0.0764,20,-2.512083552032709
4,warm,A,28,0.7317,40,-2.765985282312613
4,warm,A,29,0.4399,16,-1.82822144520469
4,warm,A,30,0.5248,20,-4.005330663919449
4,warm,A,31,0.0594,21,-3.428215617006312
4,warm,A,32,0.0943,15,-2.911243317524592
4,warm,A,33,0.5727,23,-2.5009409677915517
4,warm,A,34,0.3363,32,-2.659044695115881
4,warm,A,35,0.6577,26,-2.092520703576156
4,warm,A,36,0.2414,51,-2.6119088218821322
4,warm,A,37,0.7041,23,-3.9286679191433866
4,warm,A,38,0.5968,19,-0.1142481859699872
4,warm,A,39,0.6787,23,-3.051197478952615
4,warm,A,40,0.9843,15,-1.7174579912486176
4,warm,A,41,0.5095,23,-4.226124511667244
4,warm,A,42,0.7266,17,-1.3901926165117937
4,warm,A,43,0.7639,38,-1.18108034782467
4,warm,A,44,0.3588,20,-2.783276691660285
4,warm,A,45,0.6117,48,-3.0367459441379956
4,warm,A,46,0.5515,24,-2.227229291883608
4,warm,A,47,0.4278,78,-1.1214414626286806
4,warm,A,48,0.0193,16,-0.7057578755375289
4,warm,A,49,0.5762,36,-3.236209883251124
4,warm,A,50,0.2718,33,-1.807404149513993
4,warm,A,51,0.9568,25,-2.860519397770986
4,warm,A,52,0.7849,27,-2.210284658752816
4,warm,A,53,0.8104,20,-2.1264314465457574
4,warm,A,54,0.6553,28,-1.299345110869451
4,warm,A,55,0.046,39,-2.7904353881275687
4,warm,A,56,0.3352,13,-3.9746357767054667
4,warm,A,57,0.1733,18,-1.9103743563302689
4,warm,A,58,0.2183,41,-2.1267050014327498
4,warm,A,59,0.1629,20,-3.743106038868427
4,warm,A,60,0.226,31,-2.1457381634672563
4,warm,A,61,0.5688,19,-4.217112415715268
4,warm,A,62,0.1805,20,-2.74564611017704
4,warm,A,63,0.2606,35,-2.021766047286136
4,warm,A,64,0.8407,16,-2.5972559999208897
4,warm,A,65,0.9621,22,-4.247665275904265
4,warm,A,66,0.2095,27,-1.4825443126578142
4,warm,A,67,0.3837,15,-3.174537841510028
4,warm,A,68,0.3805,20,-1.9049829838331789
4,warm,A,69,0.896,39,-2.613936074006443
4,warm,A,70,0.9576,46,-3.385677090322133
4,warm,A,71,0.5534,22,-2.935596402395855
4,warm,A,72,0.7833,14,-2.9471070735183145
4,warm,A,73,0.5801,32,-2.049874683696544
4,warm,A,74,0.1059,63,-1.405424604408576
4,warm,A,75,0.8238,11,-1.987833777611906
4,warm,A,76,0.2692,55,-2.070876179803798
4,warm,A,77,0.2393,23,-0.9475112466556628
4,warm,A,78,0.1951,17,-1.9627579152857995
4,warm,A,79,0.0324,24,-1.674492096606021
4,warm,A,80,0.4476,20,-4.704733075201512
4,warm,A,81,0.8601,14,-3.4585017082946643
4,warm,A,82,0.0677,19,-2.4139416022716382
4,warm,A,83,0.1641,13,-2.199751322086041
4,warm,A,84,0.2737,15,-3.3691993594169616
4,warm,A,85,0.4528,36,-0.8707041874852924
4,warm,A,86,0.6658,39,-2.6614468865729393
4,warm,A,87,0.0957,18,-3.9117743861344128
4,warm,A,88,0.324,21,-1.405482856534599
4,warm,A,89,0.3966,16,-2.213571563886944
4,warm,A,90,0.5352,21,-1.910044481002149
4,warm,A,91,0.7622,93,-2.37757180558808
4,warm,A,92,0.8114,23,-3.1273597124964
4,warm,A,93,0.6827,19,-3.906791307424244
4,warm,A,94,0.3042,55,-2.766522493780675
4,warm,A,95,0.7899,31,-3.4532975168718445
4,warm,A,96,0.996,96,-3.2288878529288922
4,warm,A,97,0.362,13,-2.8922240590819945
4,warm,A,98,0.4074,12,-4.127346818180134
4,warm,A,99,0.61,58,-3.0256201057566394
4,warm,A,100,0.005,17,-2.93673186631435
4,warm,A,101,0.9414,27,-2.734498353468047
4,warm,A,102,0.0031,30,-2.5140032136424755
4,warm,A,103,0.637,19,-5.592837004285109
4,warm,A,104,0.1795,38,-2.24544854178461
4,warm,A,105,0.6608,72,-2.6023126886187433
4,warm,A,106,0.7157,34,-0.5575608991656575
4,warm,A,107,0.8987,41,-2.6470350001359404
4,warm,A,108,0.6957,38,-2.9226808375678957
4,warm,A,109,0.1541,16,-4.256414537783712
4,warm,A,110,0.8416,20,-1.6842713498394004
4,warm,A,111,0.7197,29,-2.9730395546327504
4,warm,A,112,0.5388,18,-3.038767778004209
4,warm,A,113,0.9868,16,-2.439522782340646
4,warm,A,114,0.6596,21,-1.799488505537045
4,warm,A,115,0.6768,11,-2.5287341983692553
4,warm,A,116,0.3357,22,-3.987967845814472
4,warm,A,117,0.0312,43,-1.7092922684590355
4,warm,A,118,0.1725,41,-2.5516824162587888
4,warm,A,119,0.377,40,-1.9741632488556207
4,warm,A,120,0.2299,46,-3.054433940378342
4,warm,A,121,0.7453,87,-3.8383920261015496
4,warm,A,122,0.9087,23,-2.068625574020426
4,warm,A,123,0.634,54,-1.9425898973212397
4,warm,A,124,0.8213,55,-0.9941430565100745
4,warm,A,125,0.2039,21,-3.3183812271981012
4,warm,A,126,0.6629,75,-3.062904251695921
4,warm,A,127,0.7663,17,-1.5897767069169169
4,warm,A,128,0.8426,22,-1.780799528774382
4,warm,A,129,0.5454,12,-1.474056347894172
4,warm,A,130,0.4115,13,-3.306291728423765
4,warm,A,131,0.8468,27,-1.788065366403855
4,warm,A,132,0.2359,20,-2.627507645729929
4,warm,A,133,0.5498,15,-2.315983205040296
4,warm,A,134,0.2656,11,-3.2622949470850555
4,warm,A,135,0.1229,16,-1.2805906145367771
4,warm,A,136,0.3555,40,-2.1129342145111876
4,warm,A,137,0.0148,31,-1.34956807664205
4,warm,A,138,0.2082,17,-3.6472684807582376
4,warm,A,139,0.9265,44,-1.4558977751267692
4,warm,A,140,0.9308,20,-3.541017894586548
4,warm,A,141,0.1178,14,-4.682566638503756
4,warm,A,142,0.6839,84,-2.399170831594217
4,warm,A,143,0.7232,22,-2.4583434053876605
4,warm,A,144,0.882,26,-3.5219191471831155
4,warm,A,145,0.3207,31,-1.1349580685191247
4,warm,A,146,0.056,23,-3.4270752864363403
4,warm,A,147,0.1345,25,-3.54351183205843
4,warm,A,148,0.8462,22,-2.421768981439527
4,warm,A,149,0.0386,17,-2.545689704485566
4,warm,A,150,0.338,24,-2.920500136213377
4,warm,A,151,0.4551,15,-1.2951689527680477
4,warm,A,152,0.4836,11,-2.922206411307508
4,warm,A,153,0.6822,13,-2.2923643306757393
4,warm,A,154,0.5638,60,-2.7370715045622394
4,warm,A,155,0.5608,23,-3.7632675008929293
4,warm,A,156,0.3087,41,-2.627402148186797
4,warm,A,157,0.2938,48,-2.689584330500414
4,warm,A,158,0.452,24,-2.0873151507548755
4,warm,A,159,0.1831,26,-3.2480919799552512
4,warm,A,160,0.4304,20,-3.0552957892417907
4,warm,A,161,0.4125,14,-4.476655240569796
4,warm,A,162,0.2874,20,-1.1667097757337614
4,warm,A,163,0.447,17,-4.004541565390194
4,warm,A,164,0.9148,22,-2.3946129685606468
4,warm,A,165,0.992,22,-2.1625977284274995
4,warm,A,166,0.2794,15,-2.052286912407726
4,warm,A,167,0.0821,15,-2.134615919009472
4,warm,A,168,0.139,21,-1.4439236370048352
4,warm,A,169,0.5254,51,-3.4608360187278366
4,warm,A,170,0.8085,52,-3.14475725342233
4,warm,A,171,0.1872,119,-3.898255539666705
4,warm,A,172,0.5028,23,-3.89294125151861
4,warm,A,173,0.1546,74,-4.40287067952591
4,warm,A,174,0.7338,37,-2.5544718829663218
4,warm,A,175,0.9261,15,-1.6926680599649748
4,warm,A,176,0.7813,43,-3.1311714016984022
4,warm,A,177,0.949,17,-2.28468304741032
4,warm,A,178,0.4225,25,-2.8637177389860153
4,warm,A,179,0.2014,74,-3.211608075209566
4,warm,A,180,0.8805,21,-2.4420258497342555
4,warm,A,181,0.8332,17,-3.722705116824192
4,warm,A,182,0.0896,34,-3.5623342882865794
4,warm,A,183,0.9666,56,-1.8331513586682766
4,warm,A,184,0.6161,15,-3.212097973624865
4,warm,A,185,0.1676,21,-2.7213771077139035
4,warm,A,186,0.3186,16,-2.7191794169775676
4,warm,A,187,0.0121,26,-2.12935946757744
4,warm,A,188,0.7216,16,-3.1532258302831906
4,warm,A,189,0.4079,17,-2.41815657782204
4,warm,A,190,0.4787,18,-2.4571956607202687
4,warm,A,191,0.9851,21,-2.411269479431212
4,warm,A,192,0.1772,43,-4.093886013378302
4,warm,A,193,0.8956,19,-2.7022592428777563
4,warm,A,194,0.4907,14,-3.14814153952258
4,warm,A,195,0.9126,32,-2.9575280902790837
4,warm,A,196,0.3793,26,-3.644188784582254
4,warm,A,197,0.5474,26,-2.3936552272464793
4,warm,A,198,0.1618,46,-4.582643164969657
4,warm,A,199,0.3916,42,-1.3128874436180835
4,warm,B,0,0.0291,34,-0.012897824474374134
4,warm,B,1,0.0998,12,-0.0553563035937259
4,warm,B,2,0.132,14,-0.10151826700062624
4,warm,B,3,0.1965,25,-0.02372636354411952
4,warm,B,4,0.2599,33,-0.02341309341930107
4,warm,B,5,0.3891,31,-0.010786572237960965
4,warm,B,6,0.4723,27,-0.013142245044474732
4,warm,B,7,0.5225,51,-0.01413773242515448
4,warm,B,8,0.6736,42,-0.02365135216920559
4,warm,B,9,0.737,29,-0.02504661256434388
4,warm,B,10,0.9085,16,-0.0058729029951791745
4,warm,B,11,0.9511,20,-0.015460020027239807
4,mismatched,A,0,0.6584,11,-2.1573658710006964
4,mismatched,A,1,0.8309,15,-3.7536155303319294
4,mismatched,A,2,0.5327,17,-2.754243406960193
4,mismatched,A,3,0.8867,27,-1.1297703684324882
4,mismatched,A,4,0.6073,55,-2.487190439906077
4,mismatched,A,5,0.7416,34,-3.272349619607934
4,mismatched,A,6,0.7187,15,-1.7566001027822495
4,mismatched,A,7,0.4899,28,-2.75447369230512
4,mismatched,A,8,0.0728,15,-2.753016719284157
4,mismatched,A,9,0.4377,20,-2.846353740245104
4,mismatched,A,10,0.3481,26,-3.3230616810659948
4,mismatched,A,11,0.0626,108,-2.0336481981338927
4,mismatched,A,12,0.2061,27,-2.4523309324350624
4,mismatched,A,13,0.7283,39,-2.303522255146303
4,mismatched,A,14,0.4497,22,-1.3005835509816692
4,mismatched,A,15,0.2133,13,-3.3242343904880376
4,mismatched,A,16,0.8433,28,-3.079741444438696
4,mismatched,A,17,0.4777,29,-2.07634916608543
4,mismatched,A,18,0.0925,13,-1.5414828014774964
4,mismatched,A,19,0.1637,13,-0.9345720000296401
4,mismatched,A,20,0.9254,15,-2.213044353822867
4,mismatched,A,21,0.3301,22,-2.605763227223757
4,mismatched,A,22,0.9953,19,-5.1002239255528705
4,mismatched,A,23,0.9161,63,-2.092652778860943
4,mismatched,A,24,0.5863,27,-3.339242269905905
4,mismatched,A,25,0.617,30,-1.8756353280662248
4,mismatched,A,26,0.7705,29,-2.1704341080661957
4,mismatched,A,27,0.0764,20,-2.5154408283531664
4,mismatched,A,28,0.7317,40,-2.817461980209191
4,mismatched,A,29,0.4399,16,-1.8924881536513567
4,mismatched,A,30,0.5248,20,-3.790348648279905
4,mismatched,A,31,0.0594,21,-3.356040536636664
4,mismatched,A,32,0.0943,15,-2.8826604863007863
4,mismatched,A,33,0.5727,23,-2.5477226534099118
4,mismatched,A,34,0.3363,32,-2.664457089802454
4,mismatched,A,35,0.6577,26,-2.0117608977351873
4,mismatched,A,36,0.2414,51,-2.6590197039311567
4,mismatched,A,37,0.7041,23,-4.128827634388986
4,mismatched,A,38,0.5968,19,-0.10614022320307988
4,mismatched,A,39,0.6787,23,-3.0315199691964234
4,mismatched,A,40,0.9843,15,-1.7290696484269574
4,mismatched,A,41,0.5095,23,-4.29387118505395
4,mismatched,A,42,0.7266,17,-1.3488021685796625
4,mismatched,A,43,0.7639,38,-1.159350878655555
4,mismatched,A,44,0.3588,20,-2.7736318457871674
4,mismatched,A,45,0.6117,48,-3.0616927862089747
4,mismatched,A,46,0.5515,24,-2.275036695180461
4,mismatched,A,47,0.4278,78,-1.1328974947376618
4,mismatched,A,48,0.0193,16,-0.7186946407746291
4,mismatched,A,49,0.5762,36,-3.208806436508894
4,mismatched,A,50,0.2718,33,-1.791802797691079
4,mismatched,A,51,0.9568,25,-2.84725682400167
4,mismatched,A,52,0.7849,27,-2.2250112733034055
4,mismatched,A,53,0.8104,20,-2.1120888986159114
4,mismatched,A,54,0.6553,28,-1.2868068639041408
4,mismatched,A,55,0.046,39,-2.7674332208131465
4,mismatched,A,56,0.3352,13,-4.042722070589662
4,mismatched,A,57,0.1733,18,-1.8041299886794553
4,mismatched,A,58,0.2183,41,-2.142385664509564
4,mismatched,A,59,0.1629,20,-3.732932795584202
4,mismatched,A,60,0.226,31,-2.159976577363728
4,mismatched,A,61,0.5688,19,-4.225862553245143
4,mismatched,A,62,0.1805,20,-2.758765222132206
4,mismatched,A,63,0.2606,35,-2.0385654964683844
4,mismatched,A,64,0.8407,16,-2.5944185436237603
4,mismatched,A,65,0.9621,22,-4.451495790346102
4,mismatched,A,66,0.2095,27,-1.4260712588193538
4,mismatched,A,67,0.3837,15,-3.096362645830959
4,mismatched,A,68,0.3805,20,-1.9246225962415338
4,mismatched,A,69,0.896,39,-2.6623304777133923
4,mismatched,A,70,0.9576,46,-3.376525397204956
4,mismatched,A,71,0.5534,22,-2.8807661983777177
4,mismatched,A,72,0.7833,14,-2.8368859623026634
4,mismatched,A,73,0.5801,32,-2.030697460024385
4,mismatched,A,74,0.1059,63,-1.3600821892097075
4,mismatched,A,75,0.8238,11,-1.965364122255282
4,mismatched,A,76,0.2692,55,-2.047306427781851
4,mismatched,A,77,0.2393,23,-0.9970023527345367
4,mismatched,A,78,0.1951,17,-2.0569960461819874
4,mismatched,A,79,0.0324,24,-1.6367007279380534
4,mismatched,A,80,0.4476,20,-4.694262059405446
4,mismatched,A,81,0.8601,14,-3.3933866364615306
4,mismatched,A,82,0.0677,19,-2.3023097769014145
4,mismatched,A,83,0.1641,13,-2.052604314226371
4,mismatched,A,84,0.2737,15,-3.4761103530724844
4,mismatched,A,85,0.4528,36,-0.8741769770353535
4,mismatched,A,86,0.6658,39,-2.5990763388944265
4,mismatched,A,87,0.0957,18,-3.9730706235600843
4,mismatched,A,88,0.324,21,-1.4071039138583554
4,mismatched,A,89,0.3966,16,-2.395237238961272
4,mismatched,A,90,0.5352,21,-1.7989670375273341
4,mismatched,A,91,0.7622,93,-2.3871431903971825
4,mismatched,A,92,0.8114,23,-3.0852879961223705
4,mismatched,A,93,0.6827,19,-3.808547556400299
4,mismatched,A,94,0.3042,55,-2.773632219675082
4,mismatched,A,95,0.7899,31,-3.3276019357295046
4,mismatched,A,96,0.996,96,-3.2380485648779236
4,mismatched,A,97,0.362,13,-2.867684726531689
4,mismatched,A,98,0.4074,12,-4.179248241630073
4,mismatched,A,99,0.61,58,-2.9950669711969535
4,mismatched,A,100,0.005,17,-2.8940690638880957
4,mismatched,A,101,0.9414,27,-2.7374960297235735
4,mismatched,A,102,0.0031,30,-2.5692957917538783
4,mismatched,A,103,0.637,19,-5.560326874256134
4,mismatched,A,104,0.1795,38,-2.27266080475927
4,mismatched,A,105,0.6608,72,-2.6167435344153396
4,mismatched,A,106,0.7157,34,-0.5693064473861715
4,mismatched,A,107,0.8987,41,-2.79184910903469
4,mismatched,A,108,0.6957,38,-2.876015798125943
4,mismatched,A,109,0.1541,16,-4.312386529985815
4,mismatched,A,110,0.8416,20,-1.62577096412424
4,mismatched,A,111,0.7197,29,-3.0585668120324483
4,mismatched,A,112,0.5388,18,-3.188102170204123
4,mismatched,A,113,0.9868,16,-2.470419330522418
4,mismatched,A,114,0.6596,21,-1.7640832424374475
4,mismatched,A,115,0.6768,11,-2.5728892620060253
4,mismatched,A,116,0.3357,22,-3.8271619175476106
4,mismatched,A,117,0.0312,43,-1.690201960236029
4,mismatched,A,118,0.1725,41,-2.5726033673939726
4,mismatched,A,119,0.377,40,-1.9157879208680242
4,mismatched,A,120,0.2299,46,-3.0554812144609573
4,mismatched,A,121,0.7453,87,-3.7612094866384846
4,mismatched,A,122,0.9087,23,-1.8821892051188194
4,mismatched,A,123,0.634,54,-1.884965954362458
4,mismatched,A,124,0.8213,55,-0.9747578229226003
4,mismatched,A,125,0.2039,21,-3.358100523906095
4,mismatched,A,126,0.6629,75,-3.066908579810212
4,mismatched,A,127,0.7663,17,-1.577627071101554
4,mismatched,A,128,0.8426,22,-1.7616093633590604
4,mismatched,A,129,0.5454,12,-1.3953058688590925
4,mismatched,A,130,0.4115,13,-3.1928970978165476
4,mismatched,A,131,0.8468,27,-1.766458075508665
4,mismatched,A,132,0.2359,20,-2.751007397659123
4,mismatched,A,133,0.5498,15,-2.307489447792371
4,mismatched,A,134,0.2656,11,-3.054519597948952
4,mismatched,A,135,0.1229,16,-1.3133665940258652
4,mismatched,A,136,0.3555,40,-2.1306552526075393
4,mismatched,A,137,0.0148,31,-1.3446598373759058
4,mismatched,A,138,0.2082,17,-3.4061537325272666
4,mismatched,A,139,0.9265,44,-1.4452794824504631
4,mismatched,A,140,0.9308,20,-3.55804808344692
4,mismatched,A,141,0.1178,14,-4.804099900381906
4,mismatched,A,142,0.6839,84,-2.374159971317221
4,mismatched,A,143,0.7232,22,-2.4627545204209373
4,mismatched,A,144,0.882,26,-3.576965400125258
4,mismatched,A,145,0.3207,31,-1.144833380012818
4,mismatched,A,146,0.056,23,-3.5472478298065453
4,mismatched,A,147,0.1345,25,-3.5536820122599604
4,mismatched,A,148,0.8462,22,-2.3777761018718593
4,mismatched,A,149,0.0386,17,-2.624683135682169
4,mismatched,A,150,0.338,24,-2.9957818049006164
4,mismatched,A,151,0.4551,15,-1.338388762747248
4,mismatched,A,152,0.4836,11,-2.912518299100074
4,mismatched,A,153,0.6822,13,-2.1626848481022396
4,mismatched,A,154,0.5638,60,-2.7170430655319553
4,mismatched,A,155,0.5608,23,-3.6404605494893114
4,mismatched,A,156,0.3087,41,-2.550302309404332
4,mismatched,A,157,0.2938,48,-2.63102679210715
4,mismatched,A,158,0.452,24,-2.131208399271903
4,mismatched,A,159,0.1831,26,-3.3070870292587924
4,mismatched,A,160,0.4304,20,-2.9758233167231083
4,mismatched,A,161,0.4125,14,-4.319052255579403
4,mismatched,A,162,0.2874,20,-1.1292384109750855
4,mismatched,A,163,0.447,17,-4.016656042898402
4,mismatched,A,164,0.9148,22,-2.4294228882274846
4,mismatched,A,165,0.992,22,-2.212251728188924
4,mismatched,A,166,0.2794,15,-1.9085481869367262
4,mismatched,A,167,0.0821,15,-2.074298312375322
4,mismatched,A,168,0.139,21,-1.4818246524248804
4,mismatched,A,169,0.5254,51,-3.479291037418971
4,mismatched,A,170,0.8085,52,-3.1258116302152095
4,mismatched,A,171,0.1872,119,-3.789761293679476
4,mismatched,A,172,0.5028,23,-3.8977795484192344
4,mismatched,A,173,0.1546,74,-4.4016755236363085
4,mismatched,A,174,0.7338,37,-2.494366289770885
4,mismatched,A,175,0.9261,15,-1.674889224449483
4,mismatched,A,176,0.7813,43,-3.191102091455832
4,mismatched,A,177,0.949,17,-2.187933091293363
4,mismatched,A,178,0.4225,25,-2.8187691369652748
4,mismatched,A,179,0.2014,74,-3.2220306117087603
4,mismatched,A,180,0.8805,21,-2.384205182659484
4,mismatched,A,181,0.8332,17,-3.664860658785876
4,mismatched,A,182,0.0896,34,-3.4468831412429126
4,mismatched,A,183,0.9666,56,-1.8471940613796636
4,mismatched,A,184,0.6161,15,-3.257694473862648
4,mismatched,A,185,0.1676,21,-2.660954712402253
4,mismatched,A,186,0.3186,16,-2.712325672415318
4,mismatched,A,187,0.0121,26,-2.1730798702203455
4,mismatched,A,188,0.7216,16,-2.701074057389633
4,mismatched,A,189,0.4079,17,-2.4635131012867477
4,mismatched,A,190,0.4787,18,-2.44945419465916
4,mismatched,A,191,0.9851,21,-2.5342272379923436
4,mismatched,A,192,0.1772,43,-4.158193044951943
4,mismatched,A,193,0.8956,19,-2.8327852564030573
4,mismatched,A,194,0.4907,14,-3.259343981742859
4,mismatched,A,195,0.9126,32,-2.9504652619943954
4,mismatched,A,196,0.3793,26,-3.6103558213844034
4,mismatched,A,197,0.5474,26,-2.4957038821258513
4,mismatched,A,198,0.1618,46,-4.6460317646193765
4,mismatched,A,199,0.3916,42,-1.3112630885394279
4,mismatched,B,0,0.0291,34,-0.01676924526862636
4,mismatched,B,1,0.0998,12,-0.04557684530300321
4,mismatched,B,2,0.132,14,-0.1136480049462989
4,mismatched,B,3,0.1965,25,-0.010226575882406906
4,mismatched,B,4,0.2599,33,-0.018060288471381435
4,mismatched,B,5,0.3891,31,-0.012238047938632418
4,mismatched,B,6,0.4723,27,-0.010505091264214436
4,mismatched,B,7,0.5225,51,-0.01221476670809138
4,mismatched,B,8,0.6736,42,-0.014721720715724154
4,mismatched,B,9,0.737,29,-0.016331297357376977
4,mismatched,B,10,0.9085,16,-0.004598476293722342
4,mismatched,B,11,0.9511,20,-0.014673046358802821
5,cold,A,0,0.2168,34,-1.694466053871164
5,cold,A,1,0.6321,18,-2.109089452915618
5,cold,A,2,0.6372,25,-0.5951111510161717
5,cold,A,3,0.0696,28,-2.236552535972026
5,cold,A,4,0.6189,81,-1.849962372570852
5,cold,A,5,0.9423,24,-1.9210318025046338
5,cold,A,6,0.4893,19,-1.5827059171799767
5,cold,A,7,0.1549,18,-2.6056606646387888
5,cold,A,8,0.9057,34,-1.3269041076311945
5,cold,A,9,0.3463,11,-2.9619909172708336
5,cold,A,10,0.2683,19,-1.8320644498376886
5,cold,A,11,0.8755,40,-2.340941578737693
5,cold,A,12,0.7155,25,-4.043127041412517
5,cold,A,13,0.3116,35,-1.2923582925827108
5,cold,A,14,0.6028,33,-2.698417014352427
5,cold,A,15,0.0841,40,-2.9952325360616667
5,cold,A,16,0.3066,46,-2.5576817702752557
5,cold,A,17,0.9674,79,-2.614658093138869
5,cold,A,18,0.7128,23,-2.6119245048612356
5,cold,A,19,0.611,29,-2.0728076783416327
5,cold,A,20,0.6437,20,-2.4206606731349893
5,cold,A,21,0.3318,38,-2.2308950022622747
5,cold,A,22,0.882,51,-2.606014588060241
5,cold,A,23,0.9143,32,-1.8278460255176157
5,cold,A,24,0.2018,23,-2.0297242304988448
5,cold,A,25,0.1413,45,-1.9101342052130752
5,cold,A,26,0.8515,45,-2.714343937817547
5,cold,A,27,0.1803,25,-1.7399168410315178
5,cold,A,28,0.7352,25,-1.8577926912077236
5,cold,A,29,0.8979,37,-2.6409553624768236
5,cold,A,30,0.2329,27,-3.3823346637741283
5,cold,A,31,0.9995,17,-2.3158040649312386
5,cold,A,32,0.2671,46,-2.3994701163604115
5,cold,A,33,0.8084,19,-2.2186467115228115
5,cold,A,34,0.8214,15,-2.845963752269745
5,cold,A,35,0.175,21,-1.856911557443839
5,cold,A,36,0.8048,35,-1.5032118467464377
5,cold,A,37,0.9561,15,-2.9923972552021345
5,cold,A,38,0.4385,35,-1.8116142895937497
5,cold,A,39,0.7576,42,-2.55433455939194
5,cold,A,40,0.6389,22,-2.759201175035163
5,cold,A,41,0.7437,42,-1.6287232625862609
5,cold,A,42,0.0336,15,-1.8339425176382065
5,cold,A,43,0.2155,19,-2.5608707470941896
5,cold,A,44,0.3215,16,-0.8766114882964757
5,cold,A,45,0.5575,15,-1.1040953109661737
5,cold,A,46,0.4015,122,-2.5399319380655365
5,cold,A,47,0.3484,25,-1.5336363393068313
5,cold,A,48,0.5162,34,-2.9887951199882936
5,cold,A,49,0.4306,12,-1.3719185706577264
5,cold,A,50,0.9939,26,-1.8279938261951498
5,cold,A,51,0.2032,15,-1.7846361158415676
5,cold,A,52,0.4869,32,-1.4412097544718563
5,cold,A,53,0.8169,25,-2.1246117302030325
5,cold,A,54,0.9135,24,-1.41531976229453
5,cold,A,55,0.5233,28,-1.0893157870284216
5,cold,A,56,0.7032,37,-1.9442758554265507
5,cold,A,57,0.4129,26,-2.515377411278538
5,cold,A,58,0.9209,38,-2.954978428015908
5,cold,A,59,0.1488,25,-2.4391292637586592
5,cold,A,60,0.9289,16,-2.383020385168493
5,cold,A,61,0.5357,17,-2.2907567144960495
5,cold,A,62,0.1012,124,-3.003112021151596
5,cold,A,63,0.773,16,-2.889241936180042
5,cold,A,64,0.8807,53,-3.515727908148448
5,cold,A,65,0.0102,24,-2.2381757547209418
5,cold,A,66,0.1957,32,-0.9489820700100609
5,cold,A,67,0.7811,22,-2.1107852775603533
5,cold,A,68,0.7488,26,-3.135311751149577
5,cold,A,69,0.5115,26,-3.426588613065318
5,cold,A,70,0.5253,20,-2.113275158934994
5,cold,A,71,0.1041,44,-3.7096487535745837
5,cold,A,72,0.4929,21,-2.4681860449731
5,cold,A,73,0.6221,27,-2.2240749875443186
5,cold,A,74,0.5455,14,-2.394405967822032
5,cold,A,75,0.6277,30,-1.3854288502441099
5,cold,A,76,0.7113,13,-2.3204958542035174
5,cold,A,77,0.1515,19,-1.9179627426091381
5,cold,A,78,0.656,12,-2.0683454386889935
5,cold,A,79,0.1822,16,-1.8805852424384284
5,cold,A,80,0.1668,28,-2.2317232733978796
5,cold,A,81,0.0423,26,-3.613578326247919
5,cold,A,82,0.3348,12,-3.2131865868965783
5,cold,A,83,0.4084,16,-2.5663950638845563
5,cold,A,84,0.722,90,-1.8619025159023699
5,cold,A,85,0.2044,57,-2.4125793351411775
5,cold,A,86,0.3907,68,-2.5163159062931832
5,cold,A,87,0.1212,36,-0.783308122862056
5,cold,A,88,0.0235,23,-2.824879909987035
5,cold,A,89,0.4155,17,-1.886138003616532
5,cold,A,90,0.7909,36,-2.4534051071386784
5,cold,A,91,0.6506,21,-2.263042145541736
5,cold,A,92,0.0625,34,-2.132949084781745
5,cold,A,93,0.4515,37,-3.0031622323660634
5,cold,A,94,0.5532,19,-2.1024571451684766
5,cold,A,95,0.1784,27,-1.4054293923976797
5,cold,A,96,0.3098,17,-2.6317898967792965
5,cold,A,97,0.4684,13,-2.2345420898726354
5,cold,A,98,0.0586,21,-2.3786786911354976
5,cold,A,99,0.7363,23,-1.5607714362598453
5,cold,A,100,0.9389,16,-1.044027099152629
5,cold,A,101,0.4731,16,-2.8360348678543232
5,cold,A,102,0.8312,20,-3.049534743494587
5,cold,A,103,0.7052,67,-1.6232287192176194
5,cold,A,104,0.0807,18,-0.020322466179398663
5,cold,A,105,0.9248,56,-2.5124818557440967
5,cold,A,106,0.8159,11,-0.8864956715736877
5,cold,A,107,0.0736,41,-2.241270688135268
5,cold,A,108,0.7988,23,-1.8636975971040437
5,cold,A,109,0.8284,35,-2.7329624149499328
5,cold,A,110,0.2436,55,-2.010894900602712
5,cold,A,111,0.0716,40,-2.4925905164183293
5,cold,A,112,0.119,20,-3.4707233793247725
5,cold,A,113,0.0024,14,-1.6016961421285356
5,cold,A,114,0.3173,13,-2.3823326173811576
5,cold,A,115,0.6005,11,-3.0326459892517463
5,cold,A,116,0.6833,24,-0.5233125085975795
5,cold,A,117,0.5125,34,-2.524992290795233
5,cold,A,118,0.0679,18,-3.7639992417146764
5,cold,A,119,0.0415,11,-2.6688699586824938
5,cold,A,120,0.8197,21,-3.290892947553879
5,cold,A,121,0.0274,19,-2.0835768102521173
5,cold,A,122,0.8558,20,-2.764672295666969
5,cold,A,123,0.5877,44,-2.8799930325357392
5,cold,A,124,0.6084,25,-3.169100444316864
5,cold,A,125,0.7067,27,-2.2878392730032187
5,cold,A,126,0.4657,24,-3.5380074106603083
5,cold,A,127,0.9301,20,-2.958437775063794
5,cold,A,128,0.1258,20,-1.8630326459151092
5,cold,A,129,0.6998,21,-4.094459245158803
5,cold,A,130,0.3195,37,-2.783207869358562
5,cold,A,131,0.3251,25,-1.4595740742236376
5,cold,A,132,0.3153,22,-2.499111112474235
5,cold,A,133,0.7358,15,-1.8257339414907618
5,cold,A,134,0.4691,13,-1.032290591338936
5,cold,A,135,0.8852,37,-0.9824145369253725
5,cold,A,136,0.3534,19,-2.211411458196572
5,cold,A,137,0.6542,35,-1.7192865527833678
5,cold,A,138,0.8011,53,-1.2301013897215871
5,cold,A,139,0.8725,28,-3.072178697878761
5,cold,A,140,0.7118,42,-2.663629329561705
5,cold,A,141,0.229,26,-2.224527056768868
5,cold,A,142,0.4412,31,-2.765878993537157
5,cold,A,143,0.3947,42,-3.1981083345821215
5,cold,A,144,0.2182,16,-3.1572454414272215
5,cold,A,145,0.2819,22,-3.179533839225769
5,cold,A,146,0.7107,20,-2.2331353549932826
5,cold,A,147,0.3412,12,-2.9038979994753995
5,cold,A,148,0.1253,14,-1.7939252287947707
5,cold,A,149,0.2474,27,-2.927654218480543
5,cold,A,150,0.1983,21,-2.1685082188009153
5,cold,A,151,0.5184,15,-2.8003381371498106
5,cold,A,152,0.5997,14,-1.568851991167841
5,cold,A,153,0.8655,16,-2.0290717600510106
5,cold,A,154,0.9046,16,-3.7894499730318785
5,cold,A,155,0.0851,27,-2.54919510157089
5,cold,A,156,0.3086,18,-4.32133902143687
5,cold,A,157,0.9796,20,-2.3816167233511805
5,cold,A,158,0.545,18,-2.625655436474416
5,cold,A,159,0.8617,44,-1.9954633169849827
5,cold,A,160,0.2283,15,-2.486366424181809
5,cold,A,161,0.5016,25,-2.7928141576983037
5,cold,A,162,0.453,22,-3.009433290497823
5,cold,A,163,0.2907,104,-3.4459067524266382
5,cold,A,164,0.345,47,-1.6263509735346158
5,cold,A,165,0.4953,25,-2.283246691375971
5,cold,A,166,0.4523,22,-1.7197331505543512
5,cold,A,167,0.9709,85,-3.247133117352667
5,cold,A,168,0.6738,35,-2.460487436396735
5,cold,A,169,0.511,17,-2.0461184326743345
5,cold,A,170,0.9621,77,-2.6344710928376602
5,cold,A,171,0.1995,17,-2.368520237031215
5,cold,A,172,0.2963,18,-2.26391024235636
5,cold,A,173,0.7523,41,-2.0554806183648817
5,cold,A,174,0.8415,22,-2.2909974121139385
5,cold,A,175,0.026,43,-2.9092694109814716
5,cold,A,176,0.5773,35,-2.587255718233064
5,cold,A,177,0.655,14,-3.351818636059761
5,cold,A,178,0.6408,24,-2.4414450662443414
5,cold,A,179,0.0499,39,-2.6811797711296745
5,cold,A,180,0.4192,28,-1.4468280995778124
5,cold,A,181,0.6266,30,-1.074375386594329
5,cold,A,182,0.9327,44,-2.683594939391531
5,cold,A,183,0.9051,22,-2.763754783212128
5,cold,A,184,0.5278,11,-1.7709268036891113
5,cold,A,185,0.5692,16,-3.169556476001162
5,cold,A,186,0.0,67,-1.6893649804001278
5,cold,A,187,0.4099,31,-2.452652167288526
5,cold,A,188,0.1587,35,-2.187198012452739
5,cold,A,189,0.0116,52,-3.0245266586632797
5,cold,A,190,0.5714,18,-1.5178476037561066
5,cold,A,191,0.2844,14,-2.509090461901256
5,cold,A,192,0.3246,19,-1.6559343082186915
5,cold,A,193,0.1434,26,-2.7275870415435817
5,cold,A,194,0.2311,29,-2.1883610461292595
5,cold,A,195,0.275,13,-3.7438475298695266
5,cold,A,196,0.3575,29,-2.0065856255301884
5,cold,A,197,0.2298,14,-1.8400489518826362
5,cold,A,198,0.9919,18,-2.340869863724543
5,cold,A,199,0.5375,16,-2.9494397771777585
5,cold,B,0,0.0,30,-0.003601971774090392
5,cold,B,1,0.0625,21,-0.01397109397900446
5,cold,B,2,0.1549,60,-0.0026871350914296007
5,cold,B,3,0.2324,44,-0.009085268001895614
5,cold,B,4,0.3302,41,-0.0048220453230364575
5,cold,B,5,0.3967,45,-0.0027037430364038706
5,cold,B,6,0.4656,19,-0.004028965097907195
5,cold,B,7,0.5156,21,-0.011503492329557915
5,cold,B,8,0.5532,21,-0.0014703479676730542
5,cold,B,9,0.6026,36,-0.0036700158273611626
5,cold,B,10,0.6624,29,-0.0097681860470951
5,cold,B,11,0.7209,26,-0.0033706080270908736
5,cold,B,12,0.7686,15,-0.008077146390375371
5,cold,B,13,0.8025,29,-0.0034890522976074234
5,cold,B,14,0.8892,23,-0.008970856115806584
5,cold,B,15,0.9338,22,-0.011237531699324873
5,warm,A,0,0.2168,34,-2.0842518724727115
5,warm,A,1,0.6321,18,-2.41919649971856
5,warm,A,2,0.6372,25,-1.0249009138718248
5,warm,A,3,0.0696,28,-2.699056811547572
5,warm,A,4,0.6189,81,-1.959691346725765
5,warm,A,5,0.9423,24,-2.143586454602579
5,warm,A,6,0.4893,19,-1.6968668398790454
5,warm,A,7,0.1549,18,-3.1439135519580708
5,warm,A,8,0.9057,34,-1.864807402388097
5,warm,A,9,0.3463,11,-2.9445625868710605
5,warm,A,10,0.2683,19,-1.6955606374632273
5,warm,A,11,0.8755,40,-2.7084694490302352
5,warm,A,12,0.7155,25,-4.335661054630764
5,warm,A,13,0.3116,35,-1.6248808049197707
5,warm,A,14,0.6028,33,-3.100149589661283
5,warm,A,15,0.0841,40,-3.320134244021028
5,warm,A,16,0.3066,46,-3.124617801796969
5,warm,A,17,0.9674,79,-2.5279637767632694
5,warm,A,18,0.7128,23,-2.62069001397037
5,warm,A,19,0.611,29,-2.0063547561856403
5,warm,A,20,0.6437,20,-2.4654904684532086
5,warm,A,21,0.3318,38,-2.628924916253278
5,warm,A,22,0.882,51,-3.4036087693610027
5,warm,A,23,0.9143,32,-2.144597912367317
5,warm,A,24,0.2018,23,-2.64851746358972
5,warm,A,25,0.1413,45,-2.032102993896438
5,warm,A,26,0.8515,45,-3.2013878816945684
5,warm,A,27,0.1803,25,-2.024824777767062
5,warm,A,28,0.7352,25,-2.315934816971421
5,warm,A,29,0.8979,37,-3.139254904389885
5,warm,A,30,0.2329,27,-4.226931822796662
5,warm,A,31,0.9995,17,-2.251221551614649
5,warm,A,32,0.2671,46,-3.2924473709831745
5,warm,A,33,0.8084,19,-2.4697155529927266
5,warm,A,34,0.8214,15,-2.966921804348628
5,warm,A,35,0.175,21,-2.1580219904537357
5,warm,A,36,0.8048,35,-1.7474014299589076
5,warm,A,37,0.9561,15,-3.302110110719999
5,warm,A,38,0.4385,35,-2.198858807841316
5,warm,A,39,0.7576,42,-2.7694317305105782
5,warm,A,40,0.6389,22,-3.26534096295522
5,warm,A,41,0.7437,42,-1.8344100724009746
5,warm,A,42,0.0336,15,-1.9402088840802512
5,warm,A,43,0.2155,19,-2.759797228100452
5,warm,A,44,0.3215,16,-1.2071108044256107
5,warm,A,45,0.5575,15,-0.9476560855905215
5,warm,A,46,0.4015,122,-2.7547370076606996
5,warm,A,47,0.3484,25,-2.082827120423317
5,warm,A,48,0.5162,34,-3.1389755500644885
5,warm,A,49,0.4306,12,-1.1789454413810745
5,warm,A,50,0.9939,26,-2.61208421149506
5,warm,A,51,0.2032,15,-1.9618714379767577
5,warm,A,52,0.4869,32,-1.7826880727679963
5,warm,A,53,0.8169,25,-2.2764217352867124
5,warm,A,54,0.9135,24,-1.7642737973389255
5,warm,A,55,0.5233,28,-1.54315046650923
5,warm,A,56,0.7032,37,-2.347635630266489
5,warm,A,57,0.4129,26,-2.762177437257308
5,warm,A,58,0.9209,38,-3.2829669411631155
5,warm,A,59,0.1488,25,-3.1287548130750658
5,warm,A,60,0.9289,16,-2.191715132445097
5,warm,A,61,0.5357,17,-2.428198342951124
5,warm,A,62,0.1012,124,-3.3477965038112036
5,warm,A,63,0.773,16,-3.225928473402746
5,warm,A,64,0.8807,53,-4.223560788286498
5,warm,A,65,0.0102,24,-2.5229637675050376
5,warm,A,66,0.1957,32,-1.5667278022883693
5,warm,A,67,0.7811,22,-2.027311825447462
5,warm,A,68,0.7488,26,-3.6074567592183415
5,warm,A,69,0.5115,26,-4.2466577494319955
5,warm,A,70,0.5253,20,-2.2392690896987917
5,warm,A,71,0.1041,44,-3.8547173313246192
5,warm,A,72,0.4929,21,-2.6775353991376636
5,warm,A,73,0.6221,27,-2.2099093057285817
5,warm,A,74,0.5455,14,-2.179691555676982
5,warm,A,75,0.6277,30,-1.6606143761736651
5,warm,A,76,0.7113,13,-3.102793900224452
5,warm,A,77,0.1515,19,-2.8456297985425123
5,warm,A,78,0.656,12,-2.482590466737747
5,warm,A,79,0.1822,16,-2.08188786325627
5,warm,A,80,0.1668,28,-2.891073831124231
5,warm,A,81,0.0423,26,-3.8640139530627775
5,warm,A,82,0.3348,12,-3.894170773526033
5,warm,A,83,0.4084,16,-3.519324453547597
5,warm,A,84,0.722,90,-1.972624380501899
5,warm,A,85,0.2044,57,-2.712527525562205
5,warm,A,86,0.3907,68,-2.498772945951821
5,warm,A,87,0.1212,36,-0.8463318928439144
5,warm,A,88,0.0235,23,-3.759045941674191
5,warm,A,89,0.4155,17,-1.641006262075868
5,warm,A,90,0.7909,36,-2.761290197338288
5,warm,A,91,0.6506,21,-2.338462085950942
5,warm,A,92,0.0625,34,-2.2639278970549213
5,warm,A,93,0.4515,37,-3.1417283242115297
5,warm,A,94,0.5532,19,-2.015387258654779
5,warm,A,95,0.1784,27,-1.5810566303596176
5,warm,A,96,0.3098,17,-3.2878595643320723
5,warm,A,97,0.4684,13,-2.5302555967981997
5,warm,A,98,0.0586,21,-2.994911135174334
5,warm,A,99,0.7363,23,-2.4769831319369944
5,warm,A,100,0.9389,16,-1.1777477201831061
5,warm,A,101,0.4731,16,-3.5108327919151634
5,warm,A,102,0.8312,20,-3.690544788353145
5,warm,A,103,0.7052,67,-2.0344685085131715
5,warm,A,104,0.0807,18,-0.19512256483479481
5,warm,A,105,0.9248,56,-2.9596571169594035
5,warm,A,106,0.8159,11,-1.389936912296848
5,warm,A,107,0.0736,41,-2.652749805336409
5,warm,A,108,0.7988,23,-2.612383602268022
5,warm,A,109,0.8284,35,-2.9083594311560903
5,warm,A,110,0.2436,55,-2.3551544226536696
5,warm,A,111,0.0716,40,-2.5848760528722776
5,warm,A,112,0.119,20,-3.8900043804198505
5,warm,A,113,0.0024,14,-1.7869578839412756
5,warm,A,114,0.3173,13,-2.457976077360889
5,warm,A,115,0.6005,11,-3.4037724279544572
5,warm,A,116,0.6833,24,-1.1079252132355275
5,warm,A,117,0.5125,34,-3.2532158440992456
5,warm,A,118,0.0679,18,-4.839254705442323
5,warm,A,119,0.0415,11,-2.820023001594977
5,warm,A,120,0.8197,21,-3.6649122734864554
5,warm,A,121,0.0274,19,-2.5530102815675106
5,warm,A,122,0.8558,20,-3.829252029955387
5,warm,A,123,0.5877,44,-3.277002906606702
5,warm,A,124,0.6084,25,-3.0205883103609086
5,warm,A,125,0.7067,27,-2.4832949750038797
5,warm,A,126,0.4657,24,-3.4278542050160468
5,warm,A,127,0.9301,20,-2.8037772729527206
5,warm,A,128,0.1258,20,-1.8152906614646782
5,warm,A,129,0.6998,21,-4.309305465114968
5,warm,A,130,0.3195,37,-2.8891212505263253
5,warm,A,131,0.3251,25,-1.5847559863328933
5,warm,A,132,0.3153,22,-2.4338740545896473
5,warm,A,133,0.7358,15,-2.000399155022266
5,warm,A,134,0.4691,13,-1.1260913201751044
5,warm,A,135,0.8852,37,-1.1944139294225622
5,warm,A,136,0.3534,19,-2.13463887982193
5,warm,A,137,0.6542,35,-2.176895688903252
5,warm,A,138,0.8011,53,-1.8723959409261677
5,warm,A,139,0.8725,28,-3.403834693133831
5,warm,A,140,0.7118,42,-2.9513368116625185
5,warm,A,141,0.229,26,-2.8736807852983475
5,warm,A,142,0.4412,31,-3.2935425478123848
5,warm,A,143,0.3947,42,-3.303528804509413
5,warm,A,144,0.2182,16,-4.025259155780077
5,warm,A,145,0.2819,22,-3.411485333334316
5,warm,A,146,0.7107,20,-2.816719615110196
5,warm,A,147,0.3412,12,-3.119847864533464
5,warm,A,148,0.1253,14,-2.023173918149301
5,warm,A,149,0.2474,27,-3.1205864515569477
5,warm,A,150,0.1983,21,-2.4833668268152644
5,warm,A,151,0.5184,15,-3.2240431030591328
5,warm,A,152,0.5997,14,-1.7471579534306199
5,warm,A,153,0.8655,16,-2.3142684337799437
5,warm,A,154,0.9046,16,-4.494968071579933
5,warm,A,155,0.0851,27,-3.884673044499424
5,warm,A,156,0.3086,18,-5.060680226733287
5,warm,A,157,0.9796,20,-2.51981433108449
5,warm,A,158,0.545,18,-3.0120167401101856
5,warm,A,159,0.8617,44,-2.208340182551183
5,warm,A,160,0.2283,15,-2.7685055192559958
5,warm,A,161,0.5016,25,-3.071249764561653
5,warm,A,162,0.453,22,-3.277086148461835
5,warm,A,163,0.2907,104,-3.506835277202369
5,warm,A,164,0.345,47,-1.8246611214076922
5,warm,A,165,0.4953,25,-2.1568823182582855
5,warm,A,166,0.4523,22,-1.840118147448679
5,warm,A,167,0.9709,85,-3.267975385845913
5,warm,A,168,0.6738,35,-2.762674200747694
5,warm,A,169,0.511,17,-2.2483261284582756
5,warm,A,170,0.9621,77,-2.5704186948518233
5,warm,A,171,0.1995,17,-2.9249745284700217
5,warm,A,172,0.2963,18,-2.3067359985887177
5,warm,A,173,0.7523,41,-2.2366260231874326
5,warm,A,174,0.8415,22,-2.496919921218333
5,warm,A,175,0.026,43,-3.281608154069968
5,warm,A,176,0.5773,35,-3.0477351815572806
5,warm,A,177,0.655,14,-3.926990735743727
5,warm,A,178,0.6408,24,-3.543313923641108
5,warm,A,179,0.0499,39,-3.1350493668966615
5,warm,A,180,0.4192,28,-1.893517665735479
5,warm,A,181,0.6266,30,-1.2786889365224245
5,warm,A,182,0.9327,44,-2.9127760661279107
5,warm,A,183,0.9051,22,-2.9752308937406102
5,warm,A,184,0.5278,11,-2.116247395222837
5,warm,A,185,0.5692,16,-3.5194277667906135
5,warm,A,186,0.0,67,-1.9777001181373364
5,warm,A,187,0.4099,31,-2.907091323106039
5,warm,A,188,0.1587,35,-2.441444979707012
5,warm,A,189,0.0116,52,-3.410041884363566
5,warm,A,190,0.5714,18,-2.637041308813625
5,warm,A,191,0.2844,14,-2.6443605391042575
5,warm,A,192,0.3246,19,-1.648212705260927
5,warm,A,193,0.1434,26,-2.869659331000338
5,warm,A,194,0.2311,29,-2.3299736690482704
5,warm,A,195,0.275,13,-3.7633808129825272
5,warm,A,196,0.3575,29,-2.9325758220852705
5,warm,A,197,0.2298,14,-2.0789631714246104
5,warm,A,198,0.9919,18,-2.686240044525928
5,warm,A,199,0.5375,16,-2.9463444441207685
5,warm,B,0,0.0,30,-0.006569289021232786
5,warm,B,1,0.0625,21,-0.02853631072503049
5,warm,B,2,0.1549,60,-0.022359704427881866
5,warm,B,3,0.2324,44,-0.014453146254089172
5,warm,B,4,0.3302,41,-0.011702675011048729
5,warm,B,5,0.3967,45,-0.0025299591150340145
5,warm,B,6,0.4656,19,-0.0049003932520128345
5,warm,B,7,0.5156,21,-0.014142545988544867
5,warm,B,8,0.5532,21,-0.0021078741951246877
5,warm,B,9,0.6026,36,-0.0089553602668578
5,warm,B,10,0.6624,29,-0.03916888716249277
5,warm,B,11,0.7209,26,-0.024599557805161636
5,warm,B,12,0.7686,15,-0.012173863673039402
5,warm,B,13,0.8025,29,-0.0022684535261791538
5,warm,B,14,0.8892,23,-0.004425575221514167
5,warm,B,15,0.9338,22,-0.01205219943949487
5,mismatched,A,0,0.2168,34,-2.034011712657315
5,mismatched,A,1,0.6321,18,-2.3425553056101003
5,mismatched,A,2,0.6372,25,-0.9933358925732318
5,mismatched,A,3,0.0696,28,-2.6480965426723873
5,mismatched,A,4,0.6189,81,-1.9683745519623137
5,mismatched,A,5,0.9423,24,-2.1877887340572975
5,mismatched,A,6,0.4893,19,-1.7435101409393705
5,mismatched,A,7,0.1549,18,-3.087968034669757
5,mismatched,A,8,0.9057,34,-2.011177731974064
5,mismatched,A,9,0.3463,11,-2.954510450363159
5,mismatched,A,10,0.2683,19,-1.6825706471051824
5,mismatched,A,11,0.8755,40,-2.764900912856683
5,mismatched,A,12,0.7155,25,-4.219762211455963
5,mismatched,A,13,0.3116,35,-1.6304571820156915
5,mismatched,A,14,0.6028,33,-3.0685658332200325
5,mismatched,A,15,0.0841,40,-3.3915736662223934
5,mismatched,A,16,0.3066,46,-3.268095963209382
5,mismatched,A,17,0.9674,79,-2.5942874204399082
5,mismatched,A,18,0.7128,23,-2.8046881329754125
5,mismatched,A,19,0.611,29,-2.035255844395704
5,mismatched,A,20,0.6437,20,-2.467875703505706
5,mismatched,A,21,0.3318,38,-2.624711338871796
5,mismatched,A,22,0.882,51,-3.4855024322465646
5,mismatched,A,23,0.9143,32,-2.1963505430212535
5,mismatched,A,24,0.2018,23,-2.819817325932925
5,mismatched,A,25,0.1413,45,-2.0844458806121513
5,mismatched,A,26,0.8515,45,-3.2376600056886673
5,mismatched,A,27,0.1803,25,-1.9975190665666014
5,mismatched,A,28,0.7352,25,-2.343699758835137
5,mismatched,A,29,0.8979,37,-3.2239057917173044
5,mismatched,A,30,0.2329,27,-4.039317991584539
5,mismatched,A,31,0.9995,17,-2.278348672477638
5,mismatched,A,32,0.2671,46,-3.3124795940745138
5,mismatched,A,33,0.8084,19,-2.4115282332916794
5,mismatched,A,34,0.8214,15,-3.1823840061823527
5,mismatched,A,35,0.175,21,-2.0610214238542888
5,mismatched,A,36,0.8048,35,-1.7016443054590906
5,mismatched,A,37,0.9561,15,-3.26940991828839
5,mismatched,A,38,0.4385,35,-2.25292508604138
5,mismatched,A,39,0.7576,42,-2.7867777532942237
5,mismatched,A,40,0.6389,22,-3.3173006938939746
5,mismatched,A,41,0.7437,42,-1.845290379127532
5,mismatched,A,42,0.0336,15,-1.9601167738437653
5,mismatched,A,43,0.2155,19,-2.77233762316801
5,mismatched,A,44,0.3215,16,-1.222696388460463
5,mismatched,A,45,0.5575,15,-0.8916771166026592
5,mismatched,A,46,0.4015,122,-2.7251950312619573
5,mismatched,A,47,0.3484,25,-2.217821586728096
5,mismatched,A,48,0.5162,34,-3.102160951930701
5,mismatched,A,49,0.4306,12,-1.2665776348828028
5,mismatched,A,50,0.9939,26,-3.084488164848433
5,mismatched,A,51,0.2032,15,-2.0636073738336562
5,mismatched,A,52,0.4869,32,-1.859816138023234
5,mismatched,A,53,0.8169,25,-2.3163949653506277
5,mismatched,A,54,0.9135,24,-1.7856746041361475
5,mismatched,A,55,0.5233,28,-1.6081957799906377
5,mismatched,A,56,0.7032,37,-2.241556088666658
5,mismatched,A,57,0.4129,26,-2.837706715764048
5,mismatched,A,58,0.9209,38,-3.204506961742146
5,mismatched,A,59,0.1488,25,-3.0703758931159975
5,mismatched,A,60,0.9289,16,-2.1749049350619316
5,mismatched,A,61,0.5357,17,-2.3966169865144527
5,mismatched,A,62,0.1012,124,-3.353219901113921
5,mismatched,A,63,0.773,16,-3.212307263398543
5,mismatched,A,64,0.8807,53,-4.1714482250588265
5,mismatched,A,65,0.0102,24,-2.546557023410666
5,mismatched,A,66,0.1957,32,-1.4801559126208303
5,mismatched,A,67,0.7811,22,-2.043122214688496
5,mismatched,A,68,0.7488,26,-3.6229036322127706
5,mismatched,A,69,0.5115,26,-4.2370344297244
5,mismatched,A,70,0.5253,20,-2.214123359695077
5,mismatched,A,71,0.1041,44,-3.8934146082028747
5,mismatched,A,72,0.4929,21,-2.6712488157098138
5,mismatched,A,73,0.6221,27,-2.266387751228413
5,mismatched,A,74,0.5455,14,-2.2230298853745416
5,mismatched,A,75,0.6277,30,-1.655937585971939
5,mismatched,A,76,0.7113,13,-3.0335786927204866
5,mismatched,A,77,0.1515,19,-2.639537321428131
5,mismatched,A,78,0.656,12,-2.2693383833393455
5,mismatched,A,79,0.1822,16,-2.068676259001222
5,mismatched,A,80,0.1668,28,-3.047394470611055
5,mismatched,A,81,0.0423,26,-3.8979093312787323
5,mismatched,A,82,0.3348,12,-4.162998865048091
5,mismatched,A,83,0.4084,16,-3.4386888407170773
5,mismatched,A,84,0.722,90,-1.9795832680320018
5,mismatched,A,85,0.2044,57,-2.7144267487650118
5,mismatched,A,86,0.3907,68,-2.517202063006527
5,mismatched,A,87,0.1212,36,-0.8649818851069236
5,mismatched,A,88,0.0235,23,-3.639796978753546
5,mismatched,A,89,0.4155,17,-1.6921493689707645
5,mismatched,A,90,0.7909,36,-2.887506315096592
5,mismatched,A,91,0.6506,21,-2.5376058405353907
5,mismatched,A,92,0.0625,34,-2.192804358926985
5,mismatched,A,93,0.4515,37,-3.179418457722342
5,mismatched,A,94,0.5532,19,-2.0616572699264477
5,mismatched,A,95,0.1784,27,-1.6152348807685215
5,mismatched,A,96,0.3098,17,-3.3057443215922615
5,mismatched,A,97,0.4684,13,-2.5478392211863627
5,mismatched,A,98,0.0586,21,-3.0996482779848433
5,mismatched,A,99,0.7363,23,-2.613874807842481
5,mismatched,A,100,0.9389,16,-1.2029771711859212
5,mismatched,A,101,0.4731,16,-3.51643424667418
5,mismatched,A,102,0.8312,20,-3.6925827897153796
5,mismatched,A,103,0.7052,67,-2.027529576197336
5,mismatched,A,104,0.0807,18,-0.1997978402626662
5,mismatched,A,105,0.9248,56,-2.900758644898555
5,mismatched,A,106,0.8159,11,-1.4035037089647218
5,mismatched,A,107,0.0736,41,-2.596717663041157
5,mismatched,A,108,0.7988,23,-2.579545125203288
5,mismatched,A,109,0.8284,35,-3.0055712070316076
5,mismatched,A,110,0.2436,55,-2.249455626308918
5,mismatched,A,111,0.0716,40,-2.5812315493647473
5,mismatched,A,112,0.119,20,-3.789506819378585
5,mismatched,A,113,0.0024,14,-1.7847419732383318
5,mismatched,A,114,0.3173,13,-2.5207669003150213
5,mismatched,A,115,0.6005,11,-3.7080097680657427
5,mismatched,A,116,0.6833,24,-1.0764484470261475
5,mismatched,A,117,0.5125,34,-3.117458323605687
5,mismatched,A,118,0.0679,18,-4.9255178140269384
5,mismatched,A,119,0.0415,11,-3.0718089707873086
5,mismatched,A,120,0.8197,21,-3.611229983114061
5,mismatched,A,121,0.0274,19,-2.623506156041434
5,mismatched,A,122,0.8558,20,-3.6524377796798944
5,mismatched,A,123,0.5877,44,-3.2402291988361287
5,mismatched,A,124,0.6084,25,-3.086753889322281
5,mismatched,A,125,0.7067,27,-2.4691843401260023
5,mismatched,A,126,0.4657,24,-3.422627193542818
5,mismatched,A,127,0.9301,20,-2.918398249137681
5,mismatched,A,128,0.1258,20,-1.9525718567951116
5,mismatched,A,129,0.6998,21,-4.461344122531868
5,mismatched,A,130,0.3195,37,-2.870336787322083
5,mismatched,A,131,0.3251,25,-1.563236819100566
5,mismatched,A,132,0.3153,22,-2.4115914085996337
5,mismatched,A,133,0.7358,15,-1.9102192999174197
5,mismatched,A,134,0.4691,13,-1.1009672179531593
5,mismatched,A,135,0.8852,37,-1.1851466265349724
5,mismatched,A,136,0.3534,19,-2.1693882287639243
5,mismatched,A,137,0.6542,35,-2.0911891922986667
5,mismatched,A,138,0.8011,53,-1.8100593308187836
5,mismatched,A,139,0.8725,28,-3.4311091708285466
5,mismatched,A,140,0.7118,42,-2.9060719126802206
5,mismatched,A,141,0.229,26,-2.8149813462962183
5,mismatched,A,142,0.4412,31,-3.276096265702959
5,mismatched,A,143,0.3947,42,-3.268346368135618
5,mismatched,A,144,0.2182,16,-3.6648149858228862
5,mismatched,A,145,0.2819,22,-3.437745114619082
5,mismatched,A,146,0.7107,20,-2.8065602130722254
5,mismatched,A,147,0.3412,12,-3.176393917451302
5,mismatched,A,148,0.1253,14,-1.969722748867103
5,mismatched,A,149,0.2474,27,-3.1173102811530784
5,mismatched,A,150,0.1983,21,-2.7049227196368433
5,mismatched,A,151,0.5184,15,-3.1610747069120406
5,mismatched,A,152,0.5997,14,-1.731389400908873
5,mismatched,A,153,0.8655,16,-2.390682012337493
5,mismatched,A,154,0.9046,16,-4.554543074220419
5,mismatched,A,155,0.0851,27,-3.978691384955137
5,mismatched,A,156,0.3086,18,-4.982303777088721
5,mismatched,A,157,0.9796,20,-2.632189825922251
5,mismatched,A,158,0.545,18,-3.228508177730772
5,mismatched,A,159,0.8617,44,-2.296923534849405
5,mismatched,A,160,0.2283,15,-2.818164243797461
5,mismatched,A,161,0.5016,25,-3.076727819144726
5,mismatched,A,162,0.453,22,-3.3503274640322407
5,mismatched,A,163,0.2907,104,-3.5342688495606684
5,mismatched,A,164,0.345,47,-1.8248898302352903
5,mismatched,A,165,0.4953,25,-2.1407286025583745
5,mismatched,A,166,0.4523,22,-1.7680911642779724
5,mismatched,A,167,0.9709,85,-3.3125065088984282
5,mismatched,A,168,0.6738,35,-2.7157358273863794
5,mismatched,A,169,0.511,17,-2.212346918250927
5,mismatched,A,170,0.9621,77,-2.5949066987732885
5,mismatched,A,171,0.1995,17,-3.13548196030452
5,mismatched,A,172,0.2963,18,-2.353164241131809
5,mismatched,A,173,0.7523,41,-2.2661585123647323
5,mismatched,A,174,0.8415,22,-2.34216406958347
5,mismatched,A,175,0.026,43,-3.328520242015149
5,mismatched,A,176,0.5773,35,-2.980002171120473
5,mismatched,A,177,0.655,14,-4.321559917713914
5,mismatched,A,178,0.6408,24,-3.4892195933110393
5,mismatched,A,179,0.0499,39,-3.0871313435700123
5,mismatched,A,180,0.4192,28,-1.9424685410631355
5,mismatched,A,181,0.6266,30,-1.2323437814217566
5,mismatched,A,182,0.9327,44,-2.978987664730415
5,mismatched,A,183,0.9051,22,-3.0939858329190675
5,mismatched,A,184,0.5278,11,-2.064569919624112
5,mismatched,A,185,0.5692,16,-3.374438345665112
5,mismatched,A,186,0.0,67,-2.035048121034772
5,mismatched,A,187,0.4099,31,-2.914436608372677
5,mismatched,A,188,0.1587,35,-2.466737593770293
5,mismatched,A,189,0.0116,52,-3.3513964138513144
5,mismatched,A,190,0.5714,18,-2.6332118718160524
5,mismatched,A,191,0.2844,14,-2.7360081853611127
5,mismatched,A,192,0.3246,19,-1.6615700599198278
5,mismatched,A,193,0.1434,26,-2.991876912374909
5,mismatched,A,194,0.2311,29,-2.3069539506245276
5,mismatched,A,195,0.275,13,-3.690668223712307
5,mismatched,A,196,0.3575,29,-2.8467097068526623
5,mismatched,A,197,0.2298,14,-2.1467006908995763
5,mismatched,A,198,0.9919,18,-2.8801806894027524
5,mismatched,A,199,0.5375,16,-2.992513011151459
5,mismatched,B,0,0.0,30,-0.003667793945593682
5,mismatched,B,1,0.0625,21,-0.0236324138237424
5,mismatched,B,2,0.1549,60,-0.01497377948365397
5,mismatched,B,3,0.2324,44,-0.008080162049075378
5,mismatched,B,4,0.3302,41,-0.010532345865546475
5,mismatched,B,5,0.3967,45,-0.0023418237781394663
5,mismatched,B,6,0.4656,19,-0.003399716113275836
5,mismatched,B,7,0.5156,21,-0.01014323859514358
5,mismatched,B,8,0.5532,21,-0.0019819885459409783
5,mismatched,B,9,0.6026,36,-0.007186263345627392
5,mismatched,B,10,0.6624,29,-0.03282825800726704
5,mismatched,B,11,0.7209,26,-0.03717609528505888
5,mismatched,B,12,0.7686,15,-0.011749345535645262
5,mismatched,B,13,0.8025,29,-0.002374539156742936
5,mismatched,B,14,0.8892,23,-0.005117263318464646
5,mismatched,B,15,0.9338,22,-0.008864107265253551
6,cold,A,0,0.5733,25,-3.159011840764433
6,cold,A,1,0.5387,18,-1.9689895660719938
6,cold,A,2,0.0501,19,-1.7608699758282838
6,cold,A,3,0.8365,16,-1.9556592005392304
6,cold,A,4,0.0139,40,-1.2997872439722413
6,cold,A,5,0.9593,40,-1.8440738460753892
6,cold,A,6,0.8734,78,-2.1515338774554085
6,cold,A,7,0.7865,28,-2.0227066751223384
6,cold,A,8,0.4338,17,-1.8734457358608352
6,cold,A,9,0.5326,31,-2.127251650987854
6,cold,A,10,0.0543,30,-4.149466260274251
6,cold,A,11,0.8014,57,-2.465400062882804
6,cold,A,12,0.304,34,-1.421491516704116
6,cold,A,13,0.6963,25,-2.1519127185201796
6,cold,A,14,0.6547,31,-2.4110375098403423
6,cold,A,15,0.8467,43,-2.4851620981556386
6,cold,A,16,0.5363,38,-2.5058447582782
6,cold,A,17,0.6835,14,-1.1491826348033751
6,cold,A,18,0.8926,16,-2.933078519301489
6,cold,A,19,0.9942,28,-2.2796572051655466
6,cold,A,20,0.3641,13,-2.64535221319574
6,cold,A,21,0.507,25,-1.9767215003934688
6,cold,A,22,0.3062,58,-2.565040267407814
6,cold,A,23,0.0291,20,-0.7675579198170908
6,cold,A,24,0.7106,24,-2.5894795736142746
6,cold,A,25,0.5128,19,-2.5305217185890987
6,cold,A,26,0.6048,53,-2.7546312427192152
6,cold,A,27,0.8146,35,-2.688546423966597
6,cold,A,28,0.5334,31,-3.4002550138581182
6,cold,A,29,0.4478,27,-1.9505601721746777
6,cold,A,30,0.2531,13,-1.4377442396317537
6,cold,A,31,0.2216,40,-1.556657144788187
6,cold,A,32,0.6848,13,-1.2317495623675103
6,cold,A,33,0.7022,32,-2.6879021630156785
6,cold,A,34,0.0296,17,-1.6807354498277538
6,cold,A,35,0.3936,14,-1.7481957567589623
6,cold,A,36,0.3578,11,-2.0903462767601013
6,cold,A,37,0.1455,111,-3.0724827513685184
6,cold,A,38,0.6781,15,-0.43798360565754896
6,cold,A,39,0.4053,20,-2.1442117891660017
6,cold,A,40,0.3942,31,-1.067046484606239
6,cold,A,41,0.9772,12,-2.7958094011992216
6,cold,A,42,0.5798,56,-1.8209726090915086
6,cold,A,43,0.4895,30,-1.1950495910782288
6,cold,A,44,0.9401,18,-1.771599019483094
6,cold,A,45,0.4176,23,-2.2917626092777303
6,cold,A,46,0.1484,33,-3.2201914908082196
6,cold,A,47,0.9856,19,-2.45062411197456
6,cold,A,48,0.4032,34,-2.9330136368379875
6,cold,A,49,0.1222,15,-0.8822027500718832
6,cold,A,50,0.6807,14,-3.385673453831779
6,cold,A,51,0.2705,26,-2.995189903303981
6,cold,A,52,0.3795,14,-2.4877422702764824
6,cold,A,53,0.4225,37,-1.4980124144333515
6,cold,A,54,0.2137,12,-2.7522665632447265
6,cold,A,55,0.3243,12,-1.6332073242714007
6,cold,A,56,0.8235,26,-1.1151926123318565
6,cold,A,57,0.8423,18,-2.4375222790776103
6,cold,A,58,0.7358,36,-0.8198977310974997
6,cold,A,59,0.6436,49,-2.541725930929474
6,cold,A,60,0.3302,17,-2.6146216527284944
6,cold,A,61,0.2272,90,-1.520172718602938
6,cold,A,62,0.0387,77,-2.627632105200666
6,cold,A,63,0.393,18,-1.9426253348744165
6,cold,A,64,0.7751,65,-2.195112499698567
6,cold,A,65,0.8116,34,-3.8568002715268555
6,cold,A,66,0.586,19,-1.6155138597578595
6,cold,A,67,0.015,20,-3.8277447506785394
6,cold,A,68,0.794,15,-2.24826709527988
6,cold,A,69,0.2435,19,-2.107417900507387
6,cold,A,70,0.8269,16,-1.5047626969462726
6,cold,A,71,0.0823,16,-1.9970408166991547
6,cold,A,72,0.1712,31,-1.8778499242701312
6,cold,A,73,0.7688,16,-1.957325357140462
6,cold,A,74,0.2803,27,-1.2952831975869938
6,cold,A,75,0.7693,20,-1.6379202280193568
6,cold,A,76,0.645,18,-0.2579124095031552
6,cold,A,77,0.5865,41,-2.452016874829807
6,cold,A,78,0.6395,20,-2.382059412833769
6,cold,A,79,0.9472,15,-2.5965185185273487
6,cold,A,80,0.7173,19,-2.0399684777680944
6,cold,A,81,0.0614,20,-3.2235994122500413
6,cold,A,82,0.8549,14,-3.4991979085742577
6,cold,A,83,0.292,25,-2.9563968116848263
6,cold,A,84,0.1522,34,-0.8056030637179741
6,cold,A,85,0.3198,26,-2.219919512727546
6,cold,A,86,0.3384,11,-2.249950634484941
6,cold,A,87,0.9747,13,-3.4753625753980417
6,cold,A,88,0.6034,53,-3.1519489453090705
6,cold,A,89,0.9728,23,-2.0386269364971668
6,cold,A,90,0.1192,12,-1.8697653965985712
6,cold,A,91,0.3079,56,-2.214560894199167
6,cold,A,92,0.9234,16,-1.7467947070508671
6,cold,A,93,0.6131,18,-0.0728398413153223
6,cold,A,94,0.5993,54,-1.6750470444266856
6,cold,A,95,0.4388,12,-3.8879201151430607
6,cold,A,96,0.687,14,-2.8770691745615165
6,cold,A,97,0.0787,29,-1.0578284988130628
6,cold,A,98,0.5379,45,-0.9882764797201768
6,cold,A,99,0.0861,26,-2.639945071179122
6,cold,A,100,0.1741,36,-3.24596284531031
6,cold,A,101,0.5145,23,-3.2083906663440005
6,cold,A,102,0.6106,38,-3.0114590508716277
6,cold,A,103,0.1506,15,-3.3079097154239814
6,cold,A,104,0.6744,32,-1.091198986435984
6,cold,A,105,0.4589,185,-2.361224879336712
6,cold,A,106,0.3237,24,-0.928743303285349
6,cold,A,107,0.7167,17,-1.796260961535261
6,cold,A,108,0.1397,26,-2.5439288786684093
6,cold,A,109,0.2286,76,-1.9667774925979564
6,cold,A,110,0.2202,25,-1.318815319428686
6,cold,A,111,0.241,20,-1.765657510200981
6,cold,A,112,0.3217,32,-1.3291223691604728
6,cold,A,113,0.0459,68,-2.9566355769570425
6,cold,A,114,0.9602,78,-2.0874284967678998
6,cold,A,115,0.1606,35,-2.8949041139866623
6,cold,A,116,0.8989,27,-1.996520585695247
6,cold,A,117,0.7012,29,-1.535768299324414
6,cold,A,118,0.0607,21,-2.1149942785878446
6,cold,A,119,0.9777,22,-2.0746812636286696
6,cold,A,120,0.1939,27,-2.05300834798308
6,cold,A,121,0.7662,20,-2.0547335859388114
6,cold,A,122,0.8415,18,-1.8353274793545198
6,cold,A,123,0.9978,41,-2.716779332539839
6,cold,A,124,0.2378,49,-2.9520128879052283
6,cold,A,125,0.4632,41,-2.159151695180321
6,cold,A,126,0.9239,15,-1.8843924383923878
6,cold,A,127,0.5454,69,-2.2259558482941086
6,cold,A,128,0.4167,39,-1.564733362776072
6,cold,A,129,0.3048,20,-2.0267129154410215
6,cold,A,130,0.5317,39,-1.856602867606293
6,cold,A,131,0.1954,18,-3.013415938579581
6,cold,A,132,0.4543,15,-3.091741936932279
6,cold,A,133,0.0022,12,-2.157014810892482
6,cold,A,134,0.0908,43,-2.4809200726990954
6,cold,A,135,0.0634,130,-2.2771937287379003
6,cold,A,136,0.0206,21,-1.817355578618368
6,cold,A,137,0.2331,100,-2.9465514048389014
6,cold,A,138,0.2746,24,-2.7584233669331297
6,cold,A,139,0.6191,53,-2.4352121599647876
6,cold,A,140,0.4843,29,-2.3073288292688288
6,cold,A,141,0.8275,37,-2.509067861917051
6,cold,A,142,0.8,22,-2.6516856863097265
6,cold,A,143,0.5747,29,-1.0411170100550375
6,cold,A,144,0.7032,21,-1.466230548798194
6,cold,A,145,0.1391,28,-0.9886775199619089
6,cold,A,146,0.8227,16,-1.8473134782857414
6,cold,A,147,0.2818,29,-1.6826698040408543
6,cold,A,148,0.7285,96,-2.4641754837809153
6,cold,A,149,0.4383,18,-3.199410129985255
6,cold,A,150,0.5293,17,-2.0228497874101294
6,cold,A,151,0.3424,34,-2.419575896388029
6,cold,A,152,0.7181,15,-2.8706078495209417
6,cold,A,153,0.4813,27,-2.941570256571544
6,cold,A,154,0.4957,20,-1.5677124065063253
6,cold,A,155,0.333,30,-2.204545415254931
6,cold,A,156,0.3681,17,-0.2829570678521871
6,cold,A,157,0.6379,19,-2.101580721215884
6,cold,A,158,0.2043,41,-1.9558707146458867
6,cold,A,159,0.5409,14,-1.5479266103092024
6,cold,A,160,0.7451,37,-2.5176340247718834
6,cold,A,161,0.1666,28,-2.151276206714101
6,cold,A,162,0.7648,26,-2.2056760738974286
6,cold,A,163,0.7392,22,-2.3960461099632084
6,cold,A,164,0.2452,48,-1.9532358258147724
6,cold,A,165,0.2142,17,-1.965441250899697
6,cold,A,166,0.8105,15,-2.7346661500632763
6,cold,A,167,0.8875,75,-2.263984846052602
6,cold,A,168,0.9271,23,-3.723372668999693
6,cold,A,169,0.9114,18,-2.0961769271153674
6,cold,A,170,0.4927,22,-0.9747294724941391
6,cold,A,171,0.1836,46,-2.240662595548676
6,cold,A,172,0.8378,25,-1.5468602005392313
6,cold,A,173,0.1517,20,-3.5207341914996504
6,cold,A,174,0.9851,16,-1.0494213777601544
6,cold,A,175,0.6332,33,-3.0130686480834177
6,cold,A,176,0.0264,16,-1.9900734410348377
6,cold,A,177,0.4643,94,-2.397847337370857
6,cold,A,178,0.1541,28,-2.2840309476845766
6,cold,A,179,0.0967,34,-2.3569728518504074
6,cold,A,180,0.3801,22,-2.0925364278426226
6,cold,A,181,0.8298,49,-2.9626845609270775
6,cold,A,182,0.6317,19,-0.07411711866619666
6,cold,A,183,0.2718,11,-4.694044411182404
6,cold,A,184,0.5181,36,-0.6841292894414437
6,cold,A,185,0.1656,56,-3.001429227263673
6,cold,A,186,0.2484,19,-1.9384411143040612
6,cold,A,187,0.9922,47,-2.880108829657052
6,cold,A,188,0.416,23,-1.815502984267052
6,cold,A,189,0.4853,108,-1.6849865085969213
6,cold,A,190,0.1904,18,-0.43020103647561175
6,cold,A,191,0.0177,15,-2.5285026762013634
6,cold,A,192,0.7316,18,-2.6833608903495283
6,cold,A,193,0.9582,16,-2.014344057184644
6,cold,A,194,0.6638,14,-1.6805202774703503
6,cold,A,195,0.1974,19,-2.8412872304723256
6,cold,A,196,0.531,30,-2.2426686654410637
6,cold,A,197,0.9221,18,-2.185750223650959
6,cold,A,198,0.9576,18,-0.23581226882601591
6,cold,A,199,0.7407,18,-2.626727489124783
6,cold,B,0,0.0,43,-0.001700944827282297
6,cold,B,1,0.1196,55,-0.0013254545981743087
6,cold,B,2,0.2792,20,-0.0023578068714414256
6,cold,B,3,0.4547,19,-0.0021267959692570578
6,cold,B,4,0.4972,27,-0.008295601733455745
6,cold,B,5,0.5485,25,-0.000839199814508902
6,cold,B,6,0.6037,21,-0.0024458257300596286
6,cold,B,7,0.6529,25,-0.0033136512266355566
6,cold,B,8,0.7286,28,-0.004247778321529593
6,cold,B,9,0.788,36,-0.001543069514563437
6,cold,B,10,0.8602,47,-0.005014076467814641
6,cold,B,11,0.9522,19,-0.014407035223006173
6,warm,A,0,0.5733,25,-3.6143581563676705
6,warm,A,1,0.5387,18,-2.254739805849062
6,warm,A,2,0.0501,19,-1.7490817161681327
6,warm,A,3,0.8365,16,-2.2437305300700245
6,warm,A,4,0.0139,40,-1.6656612065577066
6,warm,A,5,0.9593,40,-2.160685551073402
6,warm,A,6,0.8734,78,-2.187783647142052
6,warm,A,7,0.7865,28,-2.7084954998988127
6,warm,A,8,0.4338,17,-2.076563791700584
6,warm,A,9,0.5326,31,-2.429575160205845
6,warm,A,10,0.0543,30,-4.517801291247209
6,warm,A,11,0.8014,57,-2.6974255588649068
6,warm,A,12,0.304,34,-1.7389681833051327
6,warm,A,13,0.6963,25,-2.691399563960731
6,warm,A,14,0.6547,31,-2.66322541705543
6,warm,A,15,0.8467,43,-2.5076051137929913
6,warm,A,16,0.5363,38,-3.4187466106974935
6,warm,A,17,0.6835,14,-1.65382910556426
6,warm,A,18,0.8926,16,-3.4231449775397778
6,warm,A,19,0.9942,28,-2.446336401609837
6,warm,A,20,0.3641,13,-3.11791478520116
6,warm,A,21,0.507,25,-2.725141962133348
6,warm,A,22,0.3062,58,-2.9881030937560418
6,warm,A,23,0.0291,20,-0.9541741941386135
6,warm,A,24,0.7106,24,-2.792931485998755
6,warm,A,25,0.5128,19,-2.688484776863142
6,warm,A,26,0.6048,53,-3.615483386406921
6,warm,A,27,0.8146,35,-3.3168783570772837
6,warm,A,28,0.5334,31,-3.3892876799068143
6,warm,A,29,0.4478,27,-2.3178880107071667
6,warm,A,30,0.2531,13,-1.5853236184383814
6,warm,A,31,0.2216,40,-1.6695176330162211
6,warm,A,32,0.6848,13,-1.738081921894963
6,warm,A,33,0.7022,32,-2.984031544008758
6,warm,A,34,0.0296,17,-1.9786180176717394
6,warm,A,35,0.3936,14,-2.066852504121406
6,warm,A,36,0.3578,11,-1.9436828710816123
6,warm,A,37,0.1455,111,-3.3413157883679143
6,warm,A,38,0.6781,15,-0.7183738425839692
6,warm,A,39,0.4053,20,-2.695337151570129
6,warm,A,40,0.3942,31,-1.1153680521360179
6,warm,A,41,0.9772,12,-3.3359138319889703
6,warm,A,42,0.5798,56,-2.4081886547875393
6,warm,A,43,0.4895,30,-1.296945154593171
6,warm,A,44,0.9401,18,-1.9494100840270727
6,warm,A,45,0.4176,23,-2.915574002525081
6,warm,A,46,0.1484,33,-3.1469474845763408
6,warm,A,47,0.9856,19,-3.1759792517037377
6,warm,A,48,0.4032,34,-3.0445966481724205
6,warm,A,49,0.1222,15,-1.1188491384188335
6,warm,A,50,0.6807,14,-3.7183545641601086
6,warm,A,51,0.2705,26,-3.3024199748984895
6,warm,A,52,0.3795,14,-2.9057510227763226
6,warm,A,53,0.4225,37,-2.162130924898225
6,warm,A,54,0.2137,12,-3.587520278446997
6,warm,A,55,0.3243,12,-1.6585505393644173
6,warm,A,56,0.8235,26,-1.0431451422717566
6,warm,A,57,0.8423,18,-3.648910641670227
6,warm,A,58,0.7358,36,-0.9091794416250801
6,warm,A,59,0.6436,49,-3.0127301874275947
6,warm,A,60,0.3302,17,-2.86514296119704
6,warm,A,61,0.2272,90,-2.8967797722150053
6,warm,A,62,0.0387,77,-2.5268704817334022
6,warm,A,63,0.393,18,-3.0474286924840674
6,warm,A,64,0.7751,65,-2.325497258409786
6,warm,A,65,0.8116,34,-4.356279148555854
6,warm,A,66,0.586,19,-2.0306180641545275
6,warm,A,67,0.015,20,-3.6935141360387207
6,warm,A,68,0.794,15,-2.5924245063836375
6,warm,A,69,0.2435,19,-2.5570972030492207
6,warm,A,70,0.8269,16,-1.6556686812546104
6,warm,A,71,0.0823,16,-1.8578161104596802
6,warm,A,72,0.1712,31,-2.0302237308332547
6,warm,A,73,0.7688,16,-1.645581170152127
6,warm,A,74,0.2803,27,-2.036549025128975
6,warm,A,75,0.7693,20,-1.81333280056715
6,warm,A,76,0.645,18,-0.31766842011388186
6,warm,A,77,0.5865,41,-2.8489856379242933
6,warm,A,78,0.6395,20,-2.9354283535154537
6,warm,A,79,0.9472,15,-3.1181064824263256
6,warm,A,80,0.7173,19,-2.097386425781894
6,warm,A,81,0.0614,20,-3.392112302780151
6,warm,A,82,0.8549,14,-4.442555699081693
6,warm,A,83,0.292,25,-3.1663967718556525
6,warm,A,84,0.1522,34,-1.1714929478047826
6,warm,A,85,0.3198,26,-2.809063888083284
6,warm,A,86,0.3384,11,-3.0191782890734347
6,warm,A,87,0.9747,13,-3.815022486906785
6,warm,A,88,0.6034,53,-3.660581495208701
6,warm,A,89,0.9728,23,-2.181545328875275
6,warm,A,90,0.1192,12,-2.008902869381321
6,warm,A,91,0.3079,56,-2.8360340342457806
6,warm,A,92,0.9234,16,-2.2610120051031117
6,warm,A,93,0.6131,18,-0.3158574630409324
6,warm,A,94,0.5993,54,-1.7967300557583157
6,warm,A,95,0.4388,12,-5.120373719061415
6,warm,A,96,0.687,14,-2.8924943237133056
6,warm,A,97,0.0787,29,-2.0523697454482317
6,warm,A,98,0.5379,45,-1.23121066155533
6,warm,A,99,0.0861,26,-3.4496261569505666
6,warm,A,100,0.1741,36,-3.919112400048309
6,warm,A,101,0.5145,23,-4.020124092536128
6,warm,A,102,0.6106,38,-3.4159087509676618
6,warm,A,103,0.1506,15,-4.423369109133879
6,warm,A,104,0.6744,32,-1.778597065975191
6,warm,A,105,0.4589,185,-2.530883869453651
6,warm,A,106,0.3237,24,-0.9199708407759317
6,warm,A,107,0.7167,17,-2.1404244742315153
6,warm,A,108,0.1397,26,-2.52191862779168
6,warm,A,109,0.2286,76,-2.2889205499783487
6,warm,A,110,0.2202,25,-1.4966160159930586
6,warm,A,111,0.241,20,-2.2001404496782926
6,warm,A,112,0.3217,32,-2.6953422921242236
6,warm,A,113,0.0459,68,-3.481220169992679
6,warm,A,114,0.9602,78,-2.2806637745648355
6,warm,A,115,0.1606,35,-3.3206934642578876
6,warm,A,116,0.8989,27,-2.468065724949594
6,warm,A,117,0.7012,29,-1.4089475323100864
6,warm,A,118,0.0607,21,-2.4745309009615863
6,warm,A,119,0.9777,22,-2.7395789849106222
6,warm,A,120,0.1939,27,-2.6107561319583543
6,warm,A,121,0.7662,20,-2.682394985854626
6,warm,A,122,0.8415,18,-1.8554474887334638
6,warm,A,123,0.9978,41,-2.985159755752581
6,warm,A,124,0.2378,49,-3.4282672876035987
6,warm,A,125,0.4632,41,-2.334424550940351
6,warm,A,126,0.9239,15,-2.7426858178960782
6,warm,A,127,0.5454,69,-2.8300981503941687
6,warm,A,128,0.4167,39,-1.8699720128370712
6,warm,A,129,0.3048,20,-2.0884398109512405
6,warm,A,130,0.5317,39,-2.72168740459482
6,warm,A,131,0.1954,18,-3.245986772908105
6,warm,A,132,0.4543,15,-3.151927194620172
6,warm,A,133,0.0022,12,-2.2840578460600227
6,warm,A,134,0.0908,43,-3.1445477981726793
6,warm,A,135,0.0634,130,-2.581113218198208
6,warm,A,136,0.0206,21,-2.4062444288893383
6,warm,A,137,0.2331,100,-3.2402807895001025
6,warm,A,138,0.2746,24,-3.36282194169083
6,warm,A,139,0.6191,53,-3.0419567805135026
6,warm,A,140,0.4843,29,-2.646596904257955
6,warm,A,141,0.8275,37,-2.99445799889194
6,warm,A,142,0.8,22,-3.3144820231722076
6,warm,A,143,0.5747,29,-2.1429088917271844
6,warm,A,144,0.7032,21,-1.5244077631671513
6,warm,A,145,0.1391,28,-1.417355233957226
6,warm,A,146,0.8227,16,-2.2670624653765117
6,warm,A,147,0.2818,29,-1.8182656156734145
6,warm,A,148,0.7285,96,-3.3259088208627268
6,warm,A,149,0.4383,18,-3.7993479968152113
6,warm,A,150,0.5293,17,-2.1917449476964332
6,warm,A,151,0.3424,34,-2.622719698530786
6,warm,A,152,0.7181,15,-3.1369269703825315
6,warm,A,153,0.4813,27,-3.5791145097809256
6,warm,A,154,0.4957,20,-1.714161529694684
6,warm,A,155,0.333,30,-2.532203137129545
6,warm,A,156,0.3681,17,-0.5599683065614526
6,warm,A,157,0.6379,19,-2.1893094700614086
6,warm,A,158,0.2043,41,-2.2479926768978546
6,warm,A,159,0.5409,14,-1.9132621328878616
6,warm,A,160,0.7451,37,-3.083170694052053
6,warm,A,161,0.1666,28,-2.419075465628079
6,warm,A,162,0.7648,26,-3.2852053784433966
6,warm,A,163,0.7392,22,-2.399592357433655
6,warm,A,164,0.2452,48,-2.6283433161249072
6,warm,A,165,0.2142,17,-2.6180967640898682
6,warm,A,166,0.8105,15,-3.3318412880102795
6,warm,A,167,0.8875,75,-2.925855403766036
6,warm,A,168,0.9271,23,-4.684469847575478
6,warm,A,169,0.9114,18,-2.5613115209335877
6,warm,A,170,0.4927,22,-1.9100801290478557
6,warm,A,171,0.1836,46,-2.4711345804288336
6,warm,A,172,0.8378,25,-2.1288974422961475
6,warm,A,173,0.1517,20,-4.722081364691258
6,warm,A,174,0.9851,16,-1.065706318244338
6,warm,A,175,0.6332,33,-3.4845052286982536
6,warm,A,176,0.0264,16,-2.372883892734535
6,warm,A,177,0.4643,94,-2.822134426108839
6,warm,A,178,0.1541,28,-2.612618458058153
6,warm,A,179,0.0967,34,-2.5410182877539604
6,warm,A,180,0.3801,22,-2.407502038658343
6,warm,A,181,0.8298,49,-3.452726150829611
6,warm,A,182,0.6317,19,-0.18451143387937918
6,warm,A,183,0.2718,11,-5.2488331469622524
6,warm,A,184,0.5181,36,-0.8311695533815914
6,warm,A,185,0.1656,56,-3.354641051842399
6,warm,A,186,0.2484,19,-2.4892101202368444
6,warm,A,187,0.9922,47,-2.939215904180991
6,warm,A,188,0.416,23,-1.8924193904208748
6,warm,A,189,0.4853,108,-2.209464600811501
6,warm,A,190,0.1904,18,-0.64556569109037
6,warm,A,191,0.0177,15,-3.6779083436975877
6,warm,A,192,0.7316,18,-2.9866413861099215
6,warm,A,193,0.9582,16,-2.628308900631964
6,warm,A,194,0.6638,14,-1.6118872913398914
6,warm,A,195,0.1974,19,-2.8667395046519997
6,warm,A,196,0.531,30,-2.39918396792685
6,warm,A,197,0.9221,18,-2.656098726722929
6,warm,A,198,0.9576,18,-0.23660768172703683
6,warm,A,199,0.7407,18,-3.5267693584060504
6,warm,B,0,0.0,43,-0.004835830011817834
6,warm,B,1,0.1196,55,-0.0038887222268633856
6,warm,B,2,0.2792,20,-0.022442087119270582
6,warm,B,3,0.4547,19,-0.006741781211626642
6,warm,B,4,0.4972,27,-0.010166030923115884
6,warm,B,5,0.5485,25,-0.015772301827091724
6,warm,B,6,0.6037,21,-0.009543629511470152
6,warm,B,7,0.6529,25,-0.0030945195119420534
6,warm,B,8,0.7286,28,-0.008369653707437206
6,warm,B,9,0.788,36,-0.009402698342253442
6,warm,B,10,0.8602,47,-0.03316788126077417
6,warm,B,11,0.9522,19,-0.014777678310086853
6,mismatched,A,0,0.5733,25,-3.5431036968389527
6,mismatched,A,1,0.5387,18,-2.291185655320684
6,mismatched,A,2,0.0501,19,-1.7682542410636273
6,mismatched,A,3,0.8365,16,-2.344115463209164
6,mismatched,A,4,0.0139,40,-1.6627644399632118
6,mismatched,A,5,0.9593,40,-2.1865151820558824
6,mismatched,A,6,0.8734,78,-2.1959400928574793
6,mismatched,A,7,0.7865,28,-2.8557938785691346
6,mismatched,A,8,0.4338,17,-2.0639307338963535
6,mismatched,A,9,0.5326,31,-2.5261212256887267
6,mismatched,A,10,0.0543,30,-4.554642508178949
6,mismatched,A,11,0.8014,57,-2.663959545242649
6,mismatched,A,12,0.304,34,-1.7250622658166455
6,mismatched,A,13,0.6963,25,-2.617442676896462
6,mismatched,A,14,0.6547,31,-2.772030550836315
6,mismatched,A,15,0.8467,43,-2.5869997109957907
6,mismatched,A,16,0.5363,38,-3.4858569090122873
6,mismatched,A,17,0.6835,14,-1.7436646537722222
6,mismatched,A,18,0.8926,16,-3.383100425824523
6,mismatched,A,19,0.9942,28,-2.5741908031964806
6,mismatched,A,20,0.3641,13,-2.9526728235471706
6,mismatched,A,21,0.507,25,-2.671864806767553
6,mismatched,A,22,0.3062,58,-3.0002394257241796
6,mismatched,A,23,0.0291,20,-0.9229257127532037
6,mismatched,A,24,0.7106,24,-2.7567746328616827
6,mismatched,A,25,0.5128,19,-2.6634785664316856
6,mismatched,A,26,0.6048,53,-3.5380904043515056
6,mismatched,A,27,0.8146,35,-3.308786443501179
6,mismatched,A,28,0.5334,31,-3.400936124786254
6,mismatched,A,29,0.4478,27,-2.277017600454942
6,mismatched,A,30,0.2531,13,-1.5743422781905303
6,mismatched,A,31,0.2216,40,-1.7127842169837095
6,mismatched,A,32,0.6848,13,-1.7785102606106262
6,mismatched,A,33,0.7022,32,-3.0508285490213893
6,mismatched,A,34,0.0296,17,-2.044576155295705
6,mismatched,A,35,0.3936,14,-2.1707178375550678
6,mismatched,A,36,0.3578,11,-1.8004029176451943
6,mismatched,A,37,0.1455,111,-3.3508658595325485
6,mismatched,A,38,0.6781,15,-0.6853820071633284
6,mismatched,A,39,0.4053,20,-2.810149605400511
6,mismatched,A,40,0.3942,31,-1.1390637596843824
6,mismatched,A,41,0.9772,12,-3.4322220385074615
6,mismatched,A,42,0.5798,56,-2.4072476854822265
6,mismatched,A,43,0.4895,30,-1.2781113120921266
6,mismatched,A,44,0.9401,18,-1.8693943877329326
6,mismatched,A,45,0.4176,23,-3.005282909973808
6,mismatched,A,46,0.1484,33,-3.143150795815569
6,mismatched,A,47,0.9856,19,-3.1223507635050307
6,mismatched,A,48,0.4032,34,-3.0305101008099666
6,mismatched,A,49,0.1222,15,-1.0302819152673086
6,mismatched,A,50,0.6807,14,-3.7260241226426194
6,mismatched,A,51,0.2705,26,-3.3668241376200547
6,mismatched,A,52,0.3795,14,-2.9070080194090093
6,mismatched,A,53,0.4225,37,-2.057716642883984
6,mismatched,A,54,0.2137,12,-3.632381274442499
6,mismatched,A,55,0.3243,12,-1.7511426825076342
6,mismatched,A,56,0.8235,26,-1.057008395696847
6,mismatched,A,57,0.8423,18,-3.6874085784786277
6,mismatched,A,58,0.7358,36,-0.9295509460619845
6,mismatched,A,59,0.6436,49,-3.056510294089094
6,mismatched,A,60,0.3302,17,-2.764767720418818
6,mismatched,A,61,0.2272,90,-2.9063853044942434
6,mismatched,A,62,0.0387,77,-2.5362270547639483
6,mismatched,A,63,0.393,18,-3.058432897501108
6,mismatched,A,64,0.7751,65,-2.343531196677269
6,mismatched,A,65,0.8116,34,-4.3211770842180535
6,mismatched,A,66,0.586,19,-2.0442342535641633
6,mismatched,A,67,0.015,20,-3.7472728678956626
6,mismatched,A,68,0.794,15,-2.659577221175035
6,mismatched,A,69,0.2435,19,-2.550355586762491
6,mismatched,A,70,0.8269,16,-1.6917245627846569
6,mismatched,A,71,0.0823,16,-1.804453542776173
6,mismatched,A,72,0.1712,31,-1.9539847711191303
6,mismatched,A,73,0.7688,16,-1.7171181375065316
6,mismatched,A,74,0.2803,27,-2.0103784687127226
6,mismatched,A,75,0.7693,20,-1.7674954199697823
6,mismatched,A,76,0.645,18,-0.3270528814820055
6,mismatched,A,77,0.5865,41,-2.870670931186618
6,mismatched,A,78,0.6395,20,-2.891579578269739
6,mismatched,A,79,0.9472,15,-3.1799303755164146
6,mismatched,A,80,0.7173,19,-2.162760537897013
6,mismatched,A,81,0.0614,20,-3.4255651891231538
6,mismatched,A,82,0.8549,14,-4.45217165395817
6,mismatched,A,83,0.292,25,-3.160948067996651
6,mismatched,A,84,0.1522,34,-1.1314718554066905
6,mismatched,A,85,0.3198,26,-2.9330705316029846
6,mismatched,A,86,0.3384,11,-2.9249792488461193
6,mismatched,A,87,0.9747,13,-3.7950486540794373
6,mismatched,A,88,0.6034,53,-3.5923014983077937
6,mismatched,A,89,0.9728,23,-2.1488581159982183
6,mismatched,A,90,0.1192,12,-2.194862827930289
6,mismatched,A,91,0.3079,56,-2.918536792542519
6,mismatched,A,92,0.9234,16,-2.2586991340685927
6,mismatched,A,93,0.6131,18,-0.31335423578922117
6,mismatched,A,94,0.5993,54,-1.8237280427538618
6,mismatched,A,95,0.4388,12,-4.975137340525786
6,mismatched,A,96,0.687,14,-2.913277447830686
6,mismatched,A,97,0.0787,29,-2.1181251191501986
6,mismatched,A,98,0.5379,45,-1.2909905697374293
6,mismatched,A,99,0.0861,26,-3.454494037715799
6,mismatched,A,100,0.1741,36,-3.8660827045225434
6,mismatched,A,101,0.5145,23,-4.008327954651221
6,mismatched,A,102,0.6106,38,-3.388765918666889
6,mismatched,A,103,0.1506,15,-4.411556192735831
6,mismatched,A,104,0.6744,32,-1.881770403808332
6,mismatched,A,105,0.4589,185,-2.546229832514419
6,mismatched,A,106,0.3237,24,-0.974454035104524
6,mismatched,A,107,0.7167,17,-2.2637998867225284
6,mismatched,A,108,0.1397,26,-2.497058453468176
6,mismatched,A,109,0.2286,76,-2.2744103336858403
6,mismatched,A,110,0.2202,25,-1.4406866567581893
6,mismatched,A,111,0.241,20,-2.212449293641839
6,mismatched,A,112,0.3217,32,-2.6917404297182657
6,mismatched,A,113,0.0459,68,-3.4409186326391885
6,mismatched,A,114,0.9602,78,-2.3405704057274703
6,mismatched,A,115,0.1606,35,-3.4039664453693796
6,mismatched,A,116,0.8989,27,-2.3746562177936235
6,mismatched,A,117,0.7012,29,-1.4212236133452247
6,mismatched,A,118,0.0607,21,-2.4392664741192545
6,mismatched,A,119,0.9777,22,-2.8728503284404394
6,mismatched,A,120,0.1939,27,-2.613865903199271
6,mismatched,A,121,0.7662,20,-2.6150781124830247
6,mismatched,A,122,0.8415,18,-1.8626027622053192
6,mismatched,A,123,0.9978,41,-3.0061639729523804
6,mismatched,A,124,0.2378,49,-3.4272501752949416
6,mismatched,A,125,0.4632,41,-2.3207463749525385
6,mismatched,A,126,0.9239,15,-2.712635906878859
6,mismatched,A,127,0.5454,69,-2.800802762949151
6,mismatched,A,128,0.4167,39,-1.7940515118251101
6,mismatched,A,129,0.3048,20,-2.062239670800045
6,mismatched,A,130,0.5317,39,-2.788435981842504
6,mismatched,A,131,0.1954,18,-3.2404180974182157
6,mismatched,A,132,0.4543,15,-3.1338891548415027
6,mismatched,A,133,0.0022,12,-2.3982900978686907
6,mismatched,A,134,0.0908,43,-3.1544904948190546
6,mismatched,A,135,0.0634,130,-2.5767388094476282
6,mismatched,A,136,0.0206,21,-2.3882181041463766
6,mismatched,A,137,0.2331,100,-3.207307555844309
6,mismatched,A,138,0.2746,24,-3.373922807552541
6,mismatched,A,139,0.6191,53,-3.076341908776535
6,mismatched,A,140,0.4843,29,-2.6431767432549007
6,mismatched,A,141,0.8275,37,-2.923404529791426
6,mismatched,A,142,0.8,22,-3.352566892275883
6,mismatched,A,143,0.5747,29,-2.1494425757595432
6,mismatched,A,144,0.7032,21,-1.5659385515221704
6,mismatched,A,145,0.1391,28,-1.4610909544052058
6,mismatched,A,146,0.8227,16,-2.2894202929637686
6,mismatched,A,147,0.2818,29,-1.8436774610228643
6,mismatched,A,148,0.7285,96,-3.426742947398452
6,mismatched,A,149,0.4383,18,-3.808114740997553
6,mismatched,A,150,0.5293,17,-2.161052825696328
6,mismatched,A,151,0.3424,34,-2.61226755775073
6,mismatched,A,152,0.7181,15,-3.136396852818628
6,mismatched,A,153,0.4813,27,-3.5648293086776026
6,mismatched,A,154,0.4957,20,-1.7804300647694618
6,mismatched,A,155,0.333,30,-2.558612632130583
6,mismatched,A,156,0.3681,17,-0.5224822875084904
6,mismatched,A,157,0.6379,19,-2.1795651042147686
6,mismatched,A,158,0.2043,41,-2.27655754719929
6,mismatched,A,159,0.5409,14,-2.0499421107981886
6,mismatched,A,160,0.7451,37,-3.1771193150489125
6,mismatched,A,161,0.1666,28,-2.38820892944932
6,mismatched,A,162,0.7648,26,-3.371668437871939
6,mismatched,A,163,0.7392,22,-2.4062455332922665
6,mismatched,A,164,0.2452,48,-2.685119900115145
6,mismatched,A,165,0.2142,17,-2.5448563155334663
6,mismatched,A,166,0.8105,15,-3.4668859908978145
6,mismatched,A,167,0.8875,75,-2.9242551141728956
6,mismatched,A,168,0.9271,23,-4.419194265552189
6,mismatched,A,169,0.9114,18,-2.5286852970134026
6,mismatched,A,170,0.4927,22,-1.902981046206233
6,mismatched,A,171,0.1836,46,-2.4209531795147443
6,mismatched,A,172,0.8378,25,-2.1535614866204558
6,mismatched,A,173,0.1517,20,-4.878054572641849
6,mismatched,A,174,0.9851,16,-1.0452919468807522
6,mismatched,A,175,0.6332,33,-3.505885349417275
6,mismatched,A,176,0.0264,16,-2.3979060766723705
6,mismatched,A,177,0.4643,94,-2.8282682986018504
6,mismatched,A,178,0.1541,28,-2.6232641372563585
6,mismatched,A,179,0.0967,34,-2.587703882908339
6,mismatched,A,180,0.3801,22,-2.382311206226322
6,mismatched,A,181,0.8298,49,-3.5172218165398403
6,mismatched,A,182,0.6317,19,-0.18196175247813748
6,mismatched,A,183,0.2718,11,-4.990144209428267
6,mismatched,A,184,0.5181,36,-0.8184032545100813
6,mismatched,A,185,0.1656,56,-3.349823330703657
6,mismatched,A,186,0.2484,19,-2.525626930944303
6,mismatched,A,187,0.9922,47,-2.9744710652752127
6,mismatched,A,188,0.416,23,-1.9770612284622116
6,mismatched,A,189,0.4853,108,-2.188339264019979
6,mismatched,A,190,0.1904,18,-0.6634674621681269
6,mismatched,A,191,0.0177,15,-3.474835897485415
6,mismatched,A,192,0.7316,18,-2.946160656904491
6,mismatched,A,193,0.9582,16,-2.673915758728981
6,mismatched,A,194,0.6638,14,-1.5872125473937817
6,mismatched,A,195,0.1974,19,-2.9096215457385894
6,mismatched,A,196,0.531,30,-2.3047745217569173
6,mismatched,A,197,0.9221,18,-2.730474531650543
6,mismatched,A,198,0.9576,18,-0.23433586520453295
6,mismatched,A,199,0.7407,18,-3.3356034063941076
6,mismatched,B,0,0.0,43,-0.005471477581649683
6,mismatched,B,1,0.1196,55,-0.004578857413583715
6,mismatched,B,2,0.2792,20,-0.026287579469499178
6,mismatched,B,3,0.4547,19,-0.01225756125993365
6,mismatched,B,4,0.4972,27,-0.015454709364955002
6,mismatched,B,5,0.5485,25,-0.013256094192620367
6,mismatched,B,6,0.6037,21,-0.014463025477847882
6,mismatched,B,7,0.6529,25,-0.0041333062015473845
6,mismatched,B,8,0.7286,28,-0.02674155281046556
6,mismatched,B,9,0.788,36,-0.008464268786560246
6,mismatched,B,10,0.8602,47,-0.02704943524167902
6,mismatched,B,11,0.9522,19,-0.017076034301058633
7,cold,A,0,0.086,20,-2.482802013657056
7,cold,A,1,0.7117,13,-2.1130997395286193
7,cold,A,2,0.6869,20,-1.9207697190809996
7,cold,A,3,0.5488,16,-0.9506405949141481
7,cold,A,4,0.9702,18,-2.922509909917911
7,cold,A,5,0.2177,33,-1.5282685607962776
7,cold,A,6,0.7106,17,-2.388822143733063
7,cold,A,7,0.9493,25,-2.7450635426980443
7,cold,A,8,0.0148,27,-1.5880266275877755
7,cold,A,9,0.1983,18,-0.6860983733039979
7,cold,A,10,0.3762,54,-2.9868291283448882
7,cold,A,11,0.4355,15,-3.0325607399145764
7,cold,A,12,0.7138,123,-2.2206919114347934
7,cold,A,13,0.6785,21,-3.558673967562971
7,cold,A,14,0.3483,19,-0.9649950960669421
7,cold,A,15,0.0201,21,-1.0705474956193939
7,cold,A,16,0.306,27,-1.5741709319667683
7,cold,A,17,0.1248,23,-2.5012522473141714
7,cold,A,18,0.6341,18,-3.2306337555249534
7,cold,A,19,0.602,12,-2.4113301631684103
7,cold,A,20,0.0234,47,-2.6920515678753643
7,cold,A,21,0.5729,32,-2.6822355797339696
7,cold,A,22,0.977,72,-2.729831589735113
7,cold,A,23,0.2833,45,-1.6795024232563769
7,cold,A,24,0.6704,32,-1.2790012414511693
7,cold,A,25,0.4057,34,-1.787361650782473
7,cold,A,26,0.4927,35,-2.2103389401439926
7,cold,A,27,0.0555,26,-2.9283926812573693
7,cold,A,28,0.0758,23,-3.406597829707291
7,cold,A,29,0.6212,24,-2.718845517898444
7,cold,A,30,0.2933,45,-2.7614009703579034
7,cold,A,31,0.9927,17,-3.7568733516861412
7,cold,A,32,0.461,19,-3.3442295311803094
7,cold,A,33,0.5362,14,-3.455030071564709
7,cold,A,34,0.7249,38,-2.3423561642289554
7,cold,A,35,0.4019,22,-2.697804854537191
7,cold,A,36,0.3469,24,-1.578243202136946
7,cold,A,37,0.1243,16,-2.2349780969707354
7,cold,A,38,0.952,25,-2.173070991486311
7,cold,A,39,0.756,24,-1.851770733424928
7,cold,A,40,0.9328,44,-3.7083073385557244
7,cold,A,41,0.5999,21,-2.140154454169706
7,cold,A,42,0.8276,25,-1.3157845696606818
7,cold,A,43,0.8895,13,-1.3417328403179103
7,cold,A,44,0.336,18,-1.6919196971381705
7,cold,A,45,0.2614,15,-0.9734248655615374
7,cold,A,46,0.4106,16,-0.6338995926580537
7,cold,A,47,0.9339,25,-0.7571510755305644
7,cold,A,48,0.7717,24,-1.8284337314932297
7,cold,A,49,0.9145,18,-2.2643382783151336
7,cold,A,50,0.2359,16,-1.8560440856963396
7,cold,A,51,0.0432,23,-1.601484817608371
7,cold,A,52,0.9208,54,-3.336382795771998
7,cold,A,53,0.0351,15,-3.8771548164387544
7,cold,A,54,0.8532,46,-1.2169850347335855
7,cold,A,55,0.5684,24,-1.9260757804941022
7,cold,A,56,0.7086,35,-2.6854408708542388
7,cold,A,57,0.7169,16,-2.3732989503769204
7,cold,A,58,0.5257,31,-3.0720888132439748
7,cold,A,59,0.1718,31,-1.705056285085213
7,cold,A,60,0.1872,18,-1.9167822584341694
7,cold,A,61,0.7269,43,-2.1332452370552346
7,cold,A,62,0.2801,39,-2.7313683414473555
7,cold,A,63,0.8485,46,-2.079958607235154
7,cold,A,64,0.5604,31,-3.0364788373061007
7,cold,A,65,0.9353,36,-0.7946573339124572
7,cold,A,66,0.3724,27,-1.6600722583906544
7,cold,A,67,0.718,18,-1.669132092450228
7,cold,A,68,0.217,31,-2.6638990140448686
7,cold,A,69,0.4336,55,-1.4823656147155402
7,cold,A,70,0.0477,21,-3.6407500088569664
7,cold,A,71,0.7629,18,-0.9695642558266021
7,cold,A,72,0.4506,18,-0.4391922867087285
7,cold,A,73,0.3897,19,-2.617069419436647
7,cold,A,74,0.7535,13,-3.0211773159412236
7,cold,A,75,0.0088,40,-1.4238963664332005
7,cold,A,76,0.8586,26,-1.8787710611359216
7,cold,A,77,0.1773,24,-3.1675308492655554
7,cold,A,78,0.2305,21,-1.4684089116774321
7,cold,A,79,0.1596,45,-3.409421660337183
7,cold,A,80,0.8249,20,-3.119506083615124
7,cold,A,81,0.8341,22,-2.4126647253393787
7,cold,A,82,0.7064,20,-1.2706766216550023
7,cold,A,83,0.9714,41,-2.4275571100425157
7,cold,A,84,0.6713,46,-2.6819640668513984
7,cold,A,85,0.456,22,-2.832564988067712
7,cold,A,86,0.3015,63,-2.4956477387914053
7,cold,A,87,0.8124,27,-2.5716447088273493
7,cold,A,88,0.183,20,-0.13568863600753503
7,cold,A,89,0.4657,13,-2.275315584686513
7,cold,A,90,0.445,17,-2.9979645846521152
7,cold,A,91,0.5894,19,-2.6875312612330737
7,cold,A,92,0.3718,20,-3.01549180210568
7,cold,A,93,0.3877,45,-2.027578461465439
7,cold,A,94,0.3336,36,-2.3121857798638907
7,cold,A,95,0.5303,22,-2.6790028393945913
7,cold,A,96,0.0702,31,-2.4698759554697562
7,cold,A,97,0.123,18,-3.1581839157475367
7,cold,A,98,0.2535,83,-2.1882921971004814
7,cold,A,99,0.6255,19,-3.588334928413755
7,cold,A,100,0.1527,26,-1.7535297906254947
7,cold,A,101,0.3455,19,-2.4003958747183023
7,cold,A,102,0.0581,22,-2.3721359496663683
7,cold,A,103,0.3272,29,-3.2797020626222264
7,cold,A,104,0.1001,91,-1.366131165900567
7,cold,A,105,0.3237,21,-3.271793094419298
7,cold,A,106,0.2112,38,-2.2597513130347484
7,cold,A,107,0.6057,26,-2.1166479950770736
7,cold,A,108,0.1425,23,-1.8468811292525218
7,cold,A,109,0.8845,27,-2.9095846619882786
7,cold,A,110,0.6796,19,-1.5077556711376499
7,cold,A,111,0.4322,16,-0.06263584998669103
7,cold,A,112,0.3092,40,-4.370407677511684
7,cold,A,113,0.5345,37,-2.4736973131838984
7,cold,A,114,0.9827,32,-4.018730368981778
7,cold,A,115,0.21,24,-2.1894257501577763
7,cold,A,116,0.7526,53,-2.5079735982679887
7,cold,A,117,0.5103,68,-3.0283243637091157
7,cold,A,118,0.5422,22,-1.8401255925736306
7,cold,A,119,0.2044,26,-2.1614448998409967
7,cold,A,120,0.2644,34,-1.9932177226360448
7,cold,A,121,0.3709,35,-0.9010116502881699
7,cold,A,122,0.8143,13,-2.67962876191506
7,cold,A,123,0.5578,23,-1.6489919089185803
7,cold,A,124,0.8624,21,-0.73728561969862
7,cold,A,125,0.9286,49,-2.6559122021414567
7,cold,A,126,0.8227,21,-2.3143887686504363
7,cold,A,127,0.6566,13,-3.0136944204568863
7,cold,A,128,0.5795,23,-1.9759244868562191
7,cold,A,129,0.6357,52,-1.8177056535720253
7,cold,A,130,0.1559,46,-3.3490468051446523
7,cold,A,131,0.444,19,-3.5942546456660094
7,cold,A,132,0.1181,20,-1.3986335150548257
7,cold,A,133,0.0615,15,-1.6464852895939355
7,cold,A,134,0.3646,17,-1.32638170724899
7,cold,A,135,0.1809,23,-1.85440844197507
7,cold,A,136,0.4769,24,-2.217852493748069
7,cold,A,137,0.2188,19,-1.6879179779636233
7,cold,A,138,0.2234,46,-4.114728516048712
7,cold,A,139,0.428,34,-2.399796907831093
7,cold,A,140,0.8194,22,-2.854213118807159
7,cold,A,141,0.1313,30,-2.0231242054879357
7,cold,A,142,0.2256,21,-3.2576069427388057
7,cold,A,143,0.6632,21,-1.083012063277974
7,cold,A,144,0.2795,17,-3.120187143630841
7,cold,A,145,0.7094,19,-1.983950150786768
7,cold,A,146,0.5059,18,-3.041163887414667
7,cold,A,147,0.4243,12,-1.7360227378861357
7,cold,A,148,0.7306,12,-3.665233184893926
7,cold,A,149,0.4268,21,-2.2338366464135193
7,cold,A,150,0.9463,18,-2.0782872864510833
7,cold,A,151,0.0487,16,-2.5161633156822063
7,cold,A,152,0.2162,31,-1.9524166226732516
7,cold,A,153,0.0452,58,-2.60779690504042
7,cold,A,154,0.0528,62,-1.8378300904040727
7,cold,A,155,0.0922,33,-3.3214091779452493
7,cold,A,156,0.5227,11,-1.7346349304372615
7,cold,A,157,0.2199,47,-3.4384644401675843
7,cold,A,158,0.8721,13,-3.43322731376751
7,cold,A,159,0.5147,24,-1.5174394271258886
7,cold,A,160,0.99,63,-0.8961710820617915
7,cold,A,161,0.6119,39,-2.725742511310949
7,cold,A,162,0.414,27,-1.7597650395257882
7,cold,A,163,0.6898,20,-3.0573894154280423
7,cold,A,164,0.8782,33,-0.715771459677247
7,cold,A,165,0.6766,15,-0.47372942240908744
7,cold,A,166,0.8837,34,-1.4484054198103824
7,cold,A,167,0.5869,40,-2.4221789470364454
7,cold,A,168,0.3132,31,-2.7582377578477346
7,cold,A,169,0.7489,11,-2.556492641568184
7,cold,A,170,0.777,37,-1.0756465311923593
7,cold,A,171,0.1175,20,-1.4864017067477107
7,cold,A,172,0.1254,25,-1.9452315619925502
7,cold,A,173,0.8021,28,-1.618457651915378
7,cold,A,174,0.7031,32,-4.406461580249015
7,cold,A,175,0.373,55,-2.8644743743102397
7,cold,A,176,0.9893,26,-0.6863786333930105
7,cold,A,177,0.9733,20,-0.4695454198420066
7,cold,A,178,0.1209,28,-3.2613170394407853
7,cold,A,179,0.5915,36,-1.7394812930789258
7,cold,A,180,0.6877,27,-2.159081059999557
7,cold,A,181,0.4026,43,-1.3988489927507417
7,cold,A,182,0.6669,23,-2.0882817069941666
7,cold,A,183,0.0604,19,-2.2882444985504997
7,cold,A,184,0.8974,18,-0.4895499113675517
7,cold,A,185,0.8928,20,-1.4369999278336762
7,cold,A,186,0.0514,11,-2.1228505190123212
7,cold,A,187,0.5936,29,-0.7178000476819605
7,cold,A,188,0.165,14,-2.9577707277078713
7,cold,A,189,0.6497,15,-2.354430729150772
7,cold,A,190,0.6579,17,-3.1178968127625173
7,cold,A,191,0.9878,13,-2.3291916021933923
7,cold,A,192,0.9988,27,-1.5247027185331616
7,cold,A,193,0.0808,31,-2.747598682920779
7,cold,A,194,0.9379,35,-1.8246546843155687
7,cold,A,195,0.4006,79,-3.017424751031861
7,cold,A,196,0.3665,22,-1.8301662243161858
7,cold,A,197,0.836,24,-1.8918767154827947
7,cold,A,198,0.7291,23,-2.360949178939969
7,cold,A,199,0.2872,32,-1.7369353232360254
7,cold,B,0,0.0,29,-0.0052746737642807824
7,cold,B,1,0.0441,25,-0.006711348467797506
7,cold,B,2,0.0829,14,-0.0034345765598118305
7,cold,B,3,0.1804,24,-0.003809118666140421
7,cold,B,4,0.2435,22,-0.004550296192808839
7,cold,B,5,0.3054,20,-0.01012149646776379
7,cold,B,6,0.3354,33,-0.01345633917927361
7,cold,B,7,0.4087,22,-0.0031976903499691452
7,cold,B,8,0.4485,23,-0.004817349442695875
7,cold,B,9,0.491,20,-0.008702303418613156
7,cold,B,10,0.5283,39,-0.0027436002505381997
7,cold,B,11,0.5942,24,-0.009869141348644916
7,cold,B,12,0.6301,51,-0.00523779759019175
7,cold,B,13,0.7251,20,-0.005018646206190169
7,cold,B,14,0.7622,14,-0.010757914612310873
7,cold,B,15,0.7902,25,-0.0065899514571356125
7,cold,B,16,0.8416,19,-0.004553359172572719
7,cold,B,17,0.8818,31,-0.003110773446913358
7,cold,B,18,0.9355,20,-0.007359406075556763
7,warm,A,0,0.086,20,-2.492194401146844
7,warm,A,1,0.7117,13,-1.9359665656319032
7,warm,A,2,0.6869,20,-2.4782215654850006
7,warm,A,3,0.5488,16,-1.299178573070094
7,warm,A,4,0.9702,18,-3.6937353453702397
7,warm,A,5,0.2177,33,-1.6467542447834134
7,warm,A,6,0.7106,17,-2.8049561584039644
7,warm,A,7,0.9493,25,-3.0619028059579434
7,warm,A,8,0.0148,27,-1.7510253953988906
7,warm,A,9,0.1983,18,-0.7334717672848556
7,warm,A,10,0.3762,54,-3.4645522835285023
7,warm,A,11,0.4355,15,-3.4912384043137235
7,warm,A,12,0.7138,123,-2.606549634714611
7,warm,A,13,0.6785,21,-4.195297113486698
7,warm,A,14,0.3483,19,-1.1873058240269434
7,warm,A,15,0.0201,21,-1.3370842923454584
7,warm,A,16,0.306,27,-2.168108371948754
7,warm,A,17,0.1248,23,-2.598345677651789
7,warm,A,18,0.6341,18,-3.562414096461402
7,warm,A,19,0.602,12,-2.4566480753322444
7,warm,A,20,0.0234,47,-3.0829988529687706
7,warm,A,21,0.5729,32,-3.1420252992538735
7,warm,A,22,0.977,72,-3.012281881283141
7,warm,A,23,0.2833,45,-1.9077631875924352
7,warm,A,24,0.6704,32,-1.9071876766793139
7,warm,A,25,0.4057,34,-2.2897644378689996
7,warm,A,26,0.4927,35,-2.5830302371510436
7,warm,A,27,0.0555,26,-3.1571781523167513
7,warm,A,28,0.0758,23,-3.8893509610839514
7,warm,A,29,0.6212,24,-2.726221612188965
7,warm,A,30,0.2933,45,-2.955897998608028
7,warm,A,31,0.9927,17,-4.084330418530633
7,warm,A,32,0.461,19,-3.1942326577478335
7,warm,A,33,0.5362,14,-4.262400375878705
7,warm,A,34,0.7249,38,-2.708018101898855
7,warm,A,35,0.4019,22,-2.74776029586792
7,warm,A,36,0.3469,24,-1.4456716602823387
7,warm,A,37,0.1243,16,-2.590572595159756
7,warm,A,38,0.952,25,-2.1072701424360276
7,warm,A,39,0.756,24,-1.7698838237362604
7,warm,A,40,0.9328,44,-3.8023328078402714
7,warm,A,41,0.5999,21,-2.649365727590131
7,warm,A,42,0.8276,25,-1.6819309850188437
7,warm,A,43,0.8895,13,-1.5693186489292061
7,warm,A,44,0.336,18,-2.226266407097379
7,warm,A,45,0.2614,15,-1.3745548117905855
7,warm,A,46,0.4106,16,-0.7845317347819218
7,warm,A,47,0.9339,25,-0.561017861990258
7,warm,A,48,0.7717,24,-1.8209652980828348
7,warm,A,49,0.9145,18,-2.00610827592512
7,warm,A,50,0.2359,16,-2.050473367329687
7,warm,A,51,0.0432,23,-2.2043991019321685
7,warm,A,52,0.9208,54,-3.337712240991769
7,warm,A,53,0.0351,15,-3.7385910054047904
7,warm,A,54,0.8532,46,-1.593652186307894
7,warm,A,55,0.5684,24,-2.3455510825879173
7,warm,A,56,0.7086,35,-3.09819304103065
7,warm,A,57,0.7169,16,-3.1251531718298793
7,warm,A,58,0.5257,31,-3.20650706470253
7,warm,A,59,0.1718,31,-2.280839253367195
7,warm,A,60,0.1872,18,-2.540860808406756
7,warm,A,61,0.7269,43,-2.8963284376892937
7,warm,A,62,0.2801,39,-2.998996428315504
7,warm,A,63,0.8485,46,-2.402535572867276
7,warm,A,64,0.5604,31,-3.3476372945212547
7,warm,A,65,0.9353,36,-0.804111160933745
7,warm,A,66,0.3724,27,-1.79048091535353
7,warm,A,67,0.718,18,-2.418796598083443
7,warm,A,68,0.217,31,-3.4258106559995682
7,warm,A,69,0.4336,55,-1.7158352233596486
7,warm,A,70,0.0477,21,-3.8764012454166297
7,warm,A,71,0.7629,18,-1.2330205175223656
7,warm,A,72,0.4506,18,-0.9459769578857554
7,warm,A,73,0.3897,19,-2.722442764347713
7,warm,A,74,0.7535,13,-3.2994323808413286
7,warm,A,75,0.0088,40,-1.6817729756730841
7,warm,A,76,0.8586,26,-1.9224571810694984
7,warm,A,77,0.1773,24,-3.5485348058864474
7,warm,A,78,0.2305,21,-1.7046928266063333
7,warm,A,79,0.1596,45,-3.711285536136064
7,warm,A,80,0.8249,20,-3.591898849979043
7,warm,A,81,0.8341,22,-2.3920837511223825
7,warm,A,82,0.7064,20,-1.5788774508982897
7,warm,A,83,0.9714,41,-2.826375144557948
7,warm,A,84,0.6713,46,-3.758808884921524
7,warm,A,85,0.456,22,-3.633799357847734
7,warm,A,86,0.3015,63,-3.0020740920796043
7,warm,A,87,0.8124,27,-3.1656648753452354
7,warm,A,88,0.183,20,-0.13449665396037744
7,warm,A,89,0.4657,13,-2.8444498400562086
7,warm,A,90,0.445,17,-3.5411948631791508
7,warm,A,91,0.5894,19,-2.82034175833197
7,warm,A,92,0.3718,20,-2.907742551341653
7,warm,A,93,0.3877,45,-2.221879308961151
7,warm,A,94,0.3336,36,-2.68352823118524
7,warm,A,95,0.5303,22,-3.463609970428727
7,warm,A,96,0.0702,31,-2.7307150770211592
7,warm,A,97,0.123,18,-3.3255763062172465
7,warm,A,98,0.2535,83,-2.442041945481022
7,warm,A,99,0.6255,19,-3.9593120708197698
7,warm,A,100,0.1527,26,-2.2316787589717513
7,warm,A,101,0.3455,19,-2.7322656907337275
7,warm,A,102,0.0581,22,-2.4640620212197644
7,warm,A,103,0.3272,29,-3.7023889761546562
7,warm,A,104,0.1001,91,-1.6182219964838434
7,warm,A,105,0.3237,21,-3.788402416876384
7,warm,A,106,0.2112,38,-2.4719776348195555
7,warm,A,107,0.6057,26,-2.4111616210295606
7,warm,A,108,0.1425,23,-2.051425343460363
7,warm,A,109,0.8845,27,-3.1015730471591705
7,warm,A,110,0.6796,19,-2.0416397951837433
7,warm,A,111,0.4322,16,-0.1344088986152201
7,warm,A,112,0.3092,40,-5.251809255871922
7,warm,A,113,0.5345,37,-3.1373363587678083
7,warm,A,114,0.9827,32,-4.405701258452609
7,warm,A,115,0.21,24,-2.436834268058495
7,warm,A,116,0.7526,53,-2.708881173177429
7,warm,A,117,0.5103,68,-4.322986454908353
7,warm,A,118,0.5422,22,-1.9599104805965908
7,warm,A,119,0.2044,26,-2.5505864050131866
7,warm,A,120,0.2644,34,-2.2358049543999026
7,warm,A,121,0.3709,35,-2.348889263878976
7,warm,A,122,0.8143,13,-2.778523775247427
7,warm,A,123,0.5578,23,-1.7030348616244737
7,warm,A,124,0.8624,21,-0.8966661332247202
7,warm,A,125,0.9286,49,-2.8576888485754632
7,warm,A,126,0.8227,21,-3.295988402684175
7,warm,A,127,0.6566,13,-3.033965941805106
7,warm,A,128,0.5795,23,-2.548521319647198
7,warm,A,129,0.6357,52,-2.215944815427065
7,warm,A,130,0.1559,46,-3.633583663193428
7,warm,A,131,0.444,19,-3.8478860276702203
7,warm,A,132,0.1181,20,-1.4528817006917962
7,warm,A,133,0.0615,15,-1.5700199331957265
7,warm,A,134,0.3646,17,-1.609061438453329
7,warm,A,135,0.1809,23,-2.177165598099869
7,warm,A,136,0.4769,24,-2.6479908411080637
7,warm,A,137,0.2188,19,-1.9282898973477514
7,warm,A,138,0.2234,46,-4.980123359548009
7,warm,A,139,0.428,34,-2.8896130856729165
7,warm,A,140,0.8194,22,-3.09902204640887
7,warm,A,141,0.1313,30,-2.381724951695651
7,warm,A,142,0.2256,21,-3.475300474890641
7,warm,A,143,0.6632,21,-1.2275322795058379
7,warm,A,144,0.2795,17,-3.527444774613661
7,warm,A,145,0.7094,19,-2.348650267329312
7,warm,A,146,0.5059,18,-3.0943328816857605
7,warm,A,147,0.4243,12,-1.979986434026311
7,warm,A,148,0.7306,12,-4.479602696994941
7,warm,A,149,0.4268,21,-2.3884781343430013
7,warm,A,150,0.9463,18,-2.699730619477729
7,warm,A,151,0.0487,16,-2.6711668666685
7,warm,A,152,0.2162,31,-2.1840126700398903
7,warm,A,153,0.0452,58,-2.9239969323549806
7,warm,A,154,0.0528,62,-2.5119644865925723
7,warm,A,155,0.0922,33,-3.5984586041533584
7,warm,A,156,0.5227,11,-1.6019471219994805
7,warm,A,157,0.2199,47,-3.6169017264025007
7,warm,A,158,0.8721,13,-4.2398974150419235
7,warm,A,159,0.5147,24,-1.88595654303208
7,warm,A,160,0.99,63,-1.0372020453323785
7,warm,A,161,0.6119,39,-3.132115800315753
7,warm,A,162,0.414,27,-2.415458815034341
7,warm,A,163,0.6898,20,-3.540384943783283
7,warm,A,164,0.8782,33,-0.88414388803027
7,warm,A,165,0.6766,15,-0.7581316286387543
7,warm,A,166,0.8837,34,-1.6091796374677656
7,warm,A,167,0.5869,40,-2.450241586128686
7,warm,A,168,0.3132,31,-2.7644447335793125
7,warm,A,169,0.7489,11,-2.732550276274031
7,warm,A,170,0.777,37,-1.3361999606650725
7,warm,A,171,0.1175,20,-1.7006008403608575
7,warm,A,172,0.1254,25,-2.5451339887268842
7,warm,A,173,0.8021,28,-1.7140845594533078
7,warm,A,174,0.7031,32,-4.641750835464336
7,warm,A,175,0.373,55,-3.047870168182867
7,warm,A,176,0.9893,26,-1.0676086413933752
7,warm,A,177,0.9733,20,-0.6673617215827108
7,warm,A,178,0.1209,28,-3.2851473593286107
7,warm,A,179,0.5915,36,-1.8278173695240791
7,warm,A,180,0.6877,27,-2.4933945062673755
7,warm,A,181,0.4026,43,-1.2941050073673386
7,warm,A,182,0.6669,23,-2.2394907171635525
7,warm,A,183,0.0604,19,-2.6027501664173447
7,warm,A,184,0.8974,18,-0.5860880337277194
7,warm,A,185,0.8928,20,-2.5201971512287855
7,warm,A,186,0.0514,11,-2.174026633528146
7,warm,A,187,0.5936,29,-1.1648978250470525
7,warm,A,188,0.165,14,-2.9168447442685386
7,warm,A,189,0.6497,15,-2.4786622410019237
7,warm,A,190,0.6579,17,-3.570347286979942
7,warm,A,191,0.9878,13,-2.404035048989149
7,warm,A,192,0.9988,27,-1.7661286936727938
7,warm,A,193,0.0808,31,-3.7965529283148145
7,warm,A,194,0.9379,35,-2.04798353202641
7,warm,A,195,0.4006,79,-3.344754391730044
7,warm,A,196,0.3665,22,-2.1412892287427727
7,warm,A,197,0.836,24,-2.273767484965598
7,warm,A,198,0.7291,23,-2.5806192741121934
7,warm,A,199,0.2872,32,-2.2595520513799556
7,warm,B,0,0.0,29,-0.005221648588366375
7,warm,B,1,0.0441,25,-0.06227438398433151
7,warm,B,2,0.0829,14,-0.008736730917007662
7,warm,B,3,0.1804,24,-0.013485228109251087
7,warm,B,4,0.2435,22,-0.005209329454373801
7,warm,B,5,0.3054,20,-0.01358161298039704
7,warm,B,6,0.3354,33,-0.040438805966087704
7,warm,B,7,0.4087,22,-0.0024828383209089884
7,warm,B,8,0.4485,23,-0.0036673118719709632
7,warm,B,9,0.491,20,-0.009759413509141269
7,warm,B,10,0.5283,39,-0.004852033341590775
7,warm,B,11,0.5942,24,-0.03791894596133716
7,warm,B,12,0.6301,51,-0.007272402724386969
7,warm,B,13,0.7251,20,-0.004847741510093329
7,warm,B,14,0.7622,14,-0.005717925203498453
7,warm,B,15,0.7902,25,-0.013911431301385163
7,warm,B,16,0.8416,19,-0.005100280371391962
7,warm,B,17,0.8818,31,-0.004071905864909622
7,warm,B,18,0.9355,20,-0.00619506725561223
7,mismatched,A,0,0.086,20,-2.5456790532218294
7,mismatched,A,1,0.7117,13,-1.8738602938560338
7,mismatched,A,2,0.6869,20,-2.532158211059868
7,mismatched,A,3,0.5488,16,-1.3359931141603738
7,mismatched,A,4,0.9702,18,-3.659360916043321
7,mismatched,A,5,0.2177,33,-1.6429094928898849
7,mismatched,A,6,0.7106,17,-2.832832914503182
7,mismatched,A,7,0.9493,25,-3.113955547073856
7,mismatched,A,8,0.0148,27,-1.7357913224992376
7,mismatched,A,9,0.1983,18,-0.7650791820390926
7,mismatched,A,10,0.3762,54,-3.48938742733595
7,mismatched,A,11,0.4355,15,-3.282323577006658
7,mismatched,A,12,0.7138,123,-2.532098386508159
7,mismatched,A,13,0.6785,21,-4.313702990611394
7,mismatched,A,14,0.3483,19,-1.1860291781524306
7,mismatched,A,15,0.0201,21,-1.2947335638150217
7,mismatched,A,16,0.306,27,-2.104681850238531
7,mismatched,A,17,0.1248,23,-2.4741880004496677
7,mismatched,A,18,0.6341,18,-3.357636435992188
7,mismatched,A,19,0.602,12,-2.5189576546351113
7,mismatched,A,20,0.0234,47,-3.0731544151872474
7,mismatched,A,21,0.5729,32,-3.020075661712326
7,mismatched,A,22,0.977,72,-3.2034094803449182
7,mismatched,A,23,0.2833,45,-1.9006623856160634
7,mismatched,A,24,0.6704,32,-2.0121433124550094
7,mismatched,A,25,0.4057,34,-2.288652494734646
7,mismatched,A,26,0.4927,35,-2.6501513606735636
7,mismatched,A,27,0.0555,26,-3.267878310754895
7,mismatched,A,28,0.0758,23,-3.767136915222458
7,mismatched,A,29,0.6212,24,-2.773845112261673
7,mismatched,A,30,0.2933,45,-2.9496069006207914
7,mismatched,A,31,0.9927,17,-4.1817108813454125
7,mismatched,A,32,0.461,19,-3.1283941231177828
7,mismatched,A,33,0.5362,14,-4.237753814917856
7,mismatched,A,34,0.7249,38,-2.7888598491584786
7,mismatched,A,35,0.4019,22,-2.7677348727910696
7,mismatched,A,36,0.3469,24,-1.4742089678669192
7,mismatched,A,37,0.1243,16,-2.513405484263785
7,mismatched,A,38,0.952,25,-2.0930863612890245
7,mismatched,A,39,0.756,24,-1.7703354774663846
7,mismatched,A,40,0.9328,44,-3.843001808844168
7,mismatched,A,41,0.5999,21,-2.7326384670588943
7,mismatched,A,42,0.8276,25,-1.6120989567833022
7,mismatched,A,43,0.8895,13,-1.6489387668060282
7,mismatched,A,44,0.336,18,-2.3373829080826707
7,mismatched,A,45,0.2614,15,-1.3960906433562437
7,mismatched,A,46,0.4106,16,-0.7697236167841766
7,mismatched,A,47,0.9339,25,-0.5798515576357022
7,mismatched,A,48,0.7717,24,-1.868602919508703
7,mismatched,A,49,0.9145,18,-1.992493720104297
7,mismatched,A,50,0.2359,16,-2.068787310272455
7,mismatched,A,51,0.0432,23,-2.236644030007048
7,mismatched,A,52,0.9208,54,-3.3380422779807337
7,mismatched,A,53,0.0351,15,-4.010315016408762
7,mismatched,A,54,0.8532,46,-1.612923773711689
7,mismatched,A,55,0.5684,24,-2.4968104203799157
7,mismatched,A,56,0.7086,35,-3.12858643535957
7,mismatched,A,57,0.7169,16,-2.9539133477956057
7,mismatched,A,58,0.5257,31,-3.137924242871738
7,mismatched,A,59,0.1718,31,-2.309344743551206
7,mismatched,A,60,0.1872,18,-2.65190703443659
7,mismatched,A,61,0.7269,43,-2.9734478453742774
7,mismatched,A,62,0.2801,39,-2.93456800098125
7,mismatched,A,63,0.8485,46,-2.398636585477304
7,mismatched,A,64,0.5604,31,-3.434571453640538
7,mismatched,A,65,0.9353,36,-0.7750040864905006
7,mismatched,A,66,0.3724,27,-1.8548953825202599
7,mismatched,A,67,0.718,18,-2.4770013292630515
7,mismatched,A,68,0.217,31,-3.501292567219465
7,mismatched,A,69,0.4336,55,-1.6749232070012525
7,mismatched,A,70,0.0477,21,-3.842555022576735
7,mismatched,A,71,0.7629,18,-1.3399669209546927
7,mismatched,A,72,0.4506,18,-0.9061400443832908
7,mismatched,A,73,0.3897,19,-2.734283180760318
7,mismatched,A,74,0.7535,13,-3.367684985582645
7,mismatched,A,75,0.0088,40,-1.674624024759396
7,mismatched,A,76,0.8586,26,-1.9335288921507667
7,mismatched,A,77,0.1773,24,-3.5286906187733016
7,mismatched,A,78,0.2305,21,-1.6708286585774095
7,mismatched,A,79,0.1596,45,-3.717314306087792
7,mismatched,A,80,0.8249,20,-3.7707801043987272
7,mismatched,A,81,0.8341,22,-2.3869290571575137
7,mismatched,A,82,0.7064,20,-1.5462019767612218
7,mismatched,A,83,0.9714,41,-2.841337375204425
7,mismatched,A,84,0.6713,46,-3.9508353191954284
7,mismatched,A,85,0.456,22,-3.48976737565615
7,mismatched,A,86,0.3015,63,-2.946191987795164
7,mismatched,A,87,0.8124,27,-3.313192877728768
7,mismatched,A,88,0.183,20,-0.1324190823652316
7,mismatched,A,89,0.4657,13,-3.0647277548336067
7,mismatched,A,90,0.445,17,-3.5824002308004044
7,mismatched,A,91,0.5894,19,-2.817754227962149
7,mismatched,A,92,0.3718,20,-2.8381038412451742
7,mismatched,A,93,0.3877,45,-2.164301609703883
7,mismatched,A,94,0.3336,36,-2.846709262993601
7,mismatched,A,95,0.5303,22,-3.5499862974340264
7,mismatched,A,96,0.0702,31,-2.7974139980205726
7,mismatched,A,97,0.123,18,-3.397138981562522
7,mismatched,A,98,0.2535,83,-2.456071289581617
7,mismatched,A,99,0.6255,19,-3.9531869936112534
7,mismatched,A,100,0.1527,26,-2.234941399727876
7,mismatched,A,101,0.3455,19,-2.7657235792200816
7,mismatched,A,102,0.0581,22,-2.5941313150846823
7,mismatched,A,103,0.3272,29,-3.7354191207680207
7,mismatched,A,104,0.1001,91,-1.6028092522980073
7,mismatched,A,105,0.3237,21,-3.589988139413652
7,mismatched,A,106,0.2112,38,-2.5079429066988124
7,mismatched,A,107,0.6057,26,-2.4027509348323712
7,mismatched,A,108,0.1425,23,-2.1647595848240284
7,mismatched,A,109,0.8845,27,-3.1064701658777065
7,mismatched,A,110,0.6796,19,-1.8791642306176455
7,mismatched,A,111,0.4322,16,-0.15987156037226669
7,mismatched,A,112,0.3092,40,-5.3143875217065215
7,mismatched,A,113,0.5345,37,-3.2803726228916816
7,mismatched,A,114,0.9827,32,-4.601219895877875
7,mismatched,A,115,0.21,24,-2.5519916212797398
7,mismatched,A,116,0.7526,53,-2.69941113381383
7,mismatched,A,117,0.5103,68,-4.3466863101622195
7,mismatched,A,118,0.5422,22,-2.00665055117464
7,mismatched,A,119,0.2044,26,-2.544410683340035
7,mismatched,A,120,0.2644,34,-2.283319724685177
7,mismatched,A,121,0.3709,35,-2.3659095893414426
7,mismatched,A,122,0.8143,13,-2.7286931574344635
7,mismatched,A,123,0.5578,23,-1.6984792076128423
7,mismatched,A,124,0.8624,21,-1.000940207436326
7,mismatched,A,125,0.9286,49,-2.931329624717865
7,mismatched,A,126,0.8227,21,-3.4002755590315377
7,mismatched,A,127,0.6566,13,-3.1076773680173435
7,mismatched,A,128,0.5795,23,-2.5122854643217893
7,mismatched,A,129,0.6357,52,-2.279141621807447
7,mismatched,A,130,0.1559,46,-3.678791768524958
7,mismatched,A,131,0.444,19,-3.7978172380673256
7,mismatched,A,132,0.1181,20,-1.4107192221842524
7,mismatched,A,133,0.0615,15,-1.4822074114053976
7,mismatched,A,134,0.3646,17,-1.5772420909009217
7,mismatched,A,135,0.1809,23,-2.171607724466847
7,mismatched,A,136,0.4769,24,-2.6310259255891046
7,mismatched,A,137,0.2188,19,-1.9858401253035194
7,mismatched,A,138,0.2234,46,-4.870903756307519
7,mismatched,A,139,0.428,34,-2.916526394211413
7,mismatched,A,140,0.8194,22,-3.072163688865575
7,mismatched,A,141,0.1313,30,-2.395778531720862
7,mismatched,A,142,0.2256,21,-3.533989241790204
7,mismatched,A,143,0.6632,21,-1.2270591144195004
7,mismatched,A,144,0.2795,17,-3.4103424303671894
7,mismatched,A,145,0.7094,19,-2.373580075241319
7,mismatched,A,146,0.5059,18,-3.0769765281842814
7,mismatched,A,147,0.4243,12,-1.9533463249293466
7,mismatched,A,148,0.7306,12,-4.5232406084736185
7,mismatched,A,149,0.4268,21,-2.4391252339063656
7,mismatched,A,150,0.9463,18,-2.7526925353126392
7,mismatched,A,151,0.0487,16,-2.6117709402460605
7,mismatched,A,152,0.2162,31,-2.149958153811073
7,mismatched,A,153,0.0452,58,-2.8773841587344893
7,mismatched,A,154,0.0528,62,-2.490120504513353
7,mismatched,A,155,0.0922,33,-3.574098922425147
7,mismatched,A,156,0.5227,11,-1.6800381527705626
7,mismatched,A,157,0.2199,47,-3.552186677668323
7,mismatched,A,158,0.8721,13,-4.28432027135904
7,mismatched,A,159,0.5147,24,-1.824459167420476
7,mismatched,A,160,0.99,63,-1.045968389634846
7,mismatched,A,161,0.6119,39,-3.217839148134375
7,mismatched,A,162,0.414,27,-2.408876839162851
7,mismatched,A,163,0.6898,20,-3.519655054807663
7,mismatched,A,164,0.8782,33,-0.9214839317944346
7,mismatched,A,165,0.6766,15,-0.803396586018304
7,mismatched,A,166,0.8837,34,-1.6685866432697045
7,mismatched,A,167,0.5869,40,-2.4289912315165565
7,mismatched,A,168,0.3132,31,-2.9504049872198412
7,mismatched,A,169,0.7489,11,-2.793303594839844
7,mismatched,A,170,0.777,37,-1.346388137740448
7,mismatched,A,171,0.1175,20,-1.6635892521357163
7,mismatched,A,172,0.1254,25,-2.572517105713487
7,mismatched,A,173,0.8021,28,-1.7084179972579088
7,mismatched,A,174,0.7031,32,-4.81046033592429
7,mismatched,A,175,0.373,55,-3.058167716259579
7,mismatched,A,176,0.9893,26,-1.01201060134022
7,mismatched,A,177,0.9733,20,-0.6949927419511368
7,mismatched,A,178,0.1209,28,-3.323469121807388
7,mismatched,A,179,0.5915,36,-1.8684254690953013
7,mismatched,A,180,0.6877,27,-2.5612937609354653
7,mismatched,A,181,0.4026,43,-1.3589999758378537
7,mismatched,A,182,0.6669,23,-2.183241006958744
7,mismatched,A,183,0.0604,19,-2.6265508905543307
7,mismatched,A,184,0.8974,18,-0.5763553023603486
7,mismatched,A,185,0.8928,20,-2.463399674836546
7,mismatched,A,186,0.0514,11,-2.335901040922512
7,mismatched,A,187,0.5936,29,-1.1465405603902865
7,mismatched,A,188,0.165,14,-2.8820870521345308
7,mismatched,A,189,0.6497,15,-2.647318258881569
7,mismatched,A,190,0.6579,17,-3.5436296956065823
7,mismatched,A,191,0.9878,13,-2.399405972315715
7,mismatched,A,192,0.9988,27,-1.8586165406051334
7,mismatched,A,193,0.0808,31,-3.878987583752361
7,mismatched,A,194,0.9379,35,-2.017754487939445
7,mismatched,A,195,0.4006,79,-3.3780890863942856
7,mismatched,A,196,0.3665,22,-2.1548475033010948
7,mismatched,A,197,0.836,24,-2.2661688556351387
7,mismatched,A,198,0.7291,23,-2.5446297166281906
7,mismatched,A,199,0.2872,32,-2.285488579420644
7,mismatched,B,0,0.0,29,-0.006410322387025723
7,mismatched,B,1,0.0441,25,-0.06815957187616732
7,mismatched,B,2,0.0829,14,-0.006413394248478913
7,mismatched,B,3,0.1804,24,-0.017460944414475914
7,mismatched,B,4,0.2435,22,-0.007164568159086312
7,mismatched,B,5,0.3054,20,-0.0035467956362026597
7,mismatched,B,6,0.3354,33,-0.06046187154733519
7,mismatched,B,7,0.4087,22,-0.006688269522948593
7,mismatched,B,8,0.4485,23,-0.014254389962171326
7,mismatched,B,9,0.491,20,-0.01246658170593946
7,mismatched,B,10,0.5283,39,-0.005161779637954822
7,mismatched,B,11,0.5942,24,-0.03560838317768381
7,mismatched,B,12,0.6301,51,-0.009706583409484559
7,mismatched,B,13,0.7251,20,-0.006486123022295942
7,mismatched,B,14,0.7622,14,-0.005284220230740695
7,mismatched,B,15,0.7902,25,-0.010442622042028234
7,mismatched,B,16,0.8416,19,-0.0025617843500042093
7,mismatched,B,17,0.8818,31,-0.005654980560892352
7,mismatched,B,18,0.9355,20,-0.011286240017216186
